{"phase": "train", "episodes": 1, "rows": 25}
{"phase": "train", "episodes": 25, "rows": 656}
{"phase": "train", "episodes": 49, "rows": 1183}
{"phase": "train", "episodes": 73, "rows": 1835}
{"phase": "train", "episodes": 97, "rows": 2392}
{"phase": "train", "episodes": 121, "rows": 3037}
{"phase": "train", "episodes": 145, "rows": 3432}
{"phase": "train", "episodes": 169, "rows": 4075}
{"phase": "train", "episodes": 193, "rows": 4644}
{"phase": "train", "episodes": 217, "rows": 5226}
{"phase": "train", "episodes": 241, "rows": 5647}
{"phase": "train", "episodes": 265, "rows": 6454}
{"phase": "train", "episodes": 289, "rows": 7009}
{"phase": "train", "episodes": 313, "rows": 7566}
{"phase": "train", "episodes": 337, "rows": 8134}
{"phase": "train", "episodes": 361, "rows": 8797}
{"phase": "validation", "episodes": 1, "rows": 49}
{"phase": "validation", "episodes": 25, "rows": 665}
{"phase": "validation", "episodes": 49, "rows": 1196}
{"phase": "validation", "episodes": 73, "rows": 1862}
{"phase": "fit", "family": "dct16_neutral", "seed": 7901, "epoch": 5, "training_ce": 1.2031383894991952, "validation_ce": 1.289172153199542, "validation_argmax_agreement": 0.47678643520387565}
{"phase": "fit", "family": "dct16_neutral", "seed": 7901, "epoch": 10, "training_ce": 1.1516571886002434, "validation_ce": 1.3008438995229077, "validation_argmax_agreement": 0.49091643116673395}
{"phase": "fit", "family": "dct16_neutral", "seed": 7901, "epoch": 15, "training_ce": 1.121255637797749, "validation_ce": 1.3078364576718766, "validation_argmax_agreement": 0.5098909971740008}
{"phase": "fit", "family": "dct16_neutral", "seed": 7901, "epoch": 20, "training_ce": 1.096993826315115, "validation_ce": 1.315961777020906, "validation_argmax_agreement": 0.5215987081146548}
{"phase": "fit", "family": "dct16_neutral", "seed": 7901, "epoch": 25, "training_ce": 1.078881453352213, "validation_ce": 1.3168569429415486, "validation_argmax_agreement": 0.5187727089220832}
{"phase": "fit", "family": "dct16_neutral", "seed": 7901, "epoch": 30, "training_ce": 1.0602405260384926, "validation_ce": 1.318922539487884, "validation_argmax_agreement": 0.5244247073072265}
{"phase": "fit", "family": "dct16_neutral", "seed": 7901, "epoch": 35, "training_ce": 1.0457150488346005, "validation_ce": 1.3267039059509806, "validation_argmax_agreement": 0.526039563988696}
{"phase": "fit", "family": "dct16_neutral", "seed": 7901, "epoch": 40, "training_ce": 1.031364694694959, "validation_ce": 1.3424675926163065, "validation_argmax_agreement": 0.5264432781590633}
{"phase": "fit", "family": "dct16_nearest", "seed": 7901, "epoch": 5, "training_ce": 1.2013396344584402, "validation_ce": 1.2821982488018109, "validation_argmax_agreement": 0.47557529269277354}
{"phase": "fit", "family": "dct16_nearest", "seed": 7901, "epoch": 10, "training_ce": 1.1510169030792436, "validation_ce": 1.292421370275472, "validation_argmax_agreement": 0.48930157448526446}
{"phase": "fit", "family": "dct16_nearest", "seed": 7901, "epoch": 15, "training_ce": 1.1191618349399088, "validation_ce": 1.2985445487917937, "validation_argmax_agreement": 0.5086798546628987}
{"phase": "fit", "family": "dct16_nearest", "seed": 7901, "epoch": 20, "training_ce": 1.0933888025460228, "validation_ce": 1.3075925704448224, "validation_argmax_agreement": 0.5228098506257569}
{"phase": "fit", "family": "dct16_nearest", "seed": 7901, "epoch": 25, "training_ce": 1.0736597268962755, "validation_ce": 1.3077308768267395, "validation_argmax_agreement": 0.5244247073072265}
{"phase": "fit", "family": "dct16_nearest", "seed": 7901, "epoch": 30, "training_ce": 1.0537248112820696, "validation_ce": 1.3109195769964133, "validation_argmax_agreement": 0.5215987081146548}
{"phase": "fit", "family": "dct16_nearest", "seed": 7901, "epoch": 35, "training_ce": 1.038440729951703, "validation_ce": 1.3170371902629066, "validation_argmax_agreement": 0.5337101332256762}
{"phase": "fit", "family": "dct16_nearest", "seed": 7901, "epoch": 40, "training_ce": 1.0234155877240982, "validation_ce": 1.3312485762117945, "validation_argmax_agreement": 0.5337101332256762}
{"phase": "fit", "family": "recent32_hard", "seed": 7901, "epoch": 5, "training_ce": 1.2021427019636053, "validation_ce": 1.308276723710866, "validation_argmax_agreement": 0.511102139685103}
{"phase": "fit", "family": "recent32_hard", "seed": 7901, "epoch": 10, "training_ce": 1.1380510585222463, "validation_ce": 1.3226161958904674, "validation_argmax_agreement": 0.5086798546628987}
{"phase": "fit", "family": "recent32_hard", "seed": 7901, "epoch": 15, "training_ce": 1.1059417898948096, "validation_ce": 1.3318518360728548, "validation_argmax_agreement": 0.5046427129592249}
{"phase": "fit", "family": "recent32_hard", "seed": 7901, "epoch": 20, "training_ce": 1.0872870124592744, "validation_ce": 1.3353548478493058, "validation_argmax_agreement": 0.5163504238998788}
{"phase": "fit", "family": "recent32_hard", "seed": 7901, "epoch": 25, "training_ce": 1.0718042621934245, "validation_ce": 1.329982673262799, "validation_argmax_agreement": 0.5421881308033912}
{"phase": "fit", "family": "recent32_hard", "seed": 7901, "epoch": 30, "training_ce": 1.060762607908612, "validation_ce": 1.3298402928420503, "validation_argmax_agreement": 0.5357287040775132}
{"phase": "fit", "family": "recent32_hard", "seed": 7901, "epoch": 35, "training_ce": 1.0506010819311629, "validation_ce": 1.3332649189159185, "validation_argmax_agreement": 0.5563181267662495}
{"phase": "fit", "family": "recent32_hard", "seed": 7901, "epoch": 40, "training_ce": 1.0455112301096952, "validation_ce": 1.3337789368114503, "validation_argmax_agreement": 0.5442067016552281}
{"phase": "fit", "family": "full_bayes", "seed": 7901, "epoch": 5, "training_ce": 1.1557452218187516, "validation_ce": 1.2216788180229594, "validation_argmax_agreement": 0.5191764230924505}
{"phase": "fit", "family": "full_bayes", "seed": 7901, "epoch": 10, "training_ce": 1.08852947583266, "validation_ce": 1.209839566754005, "validation_argmax_agreement": 0.5349212757367784}
{"phase": "fit", "family": "full_bayes", "seed": 7901, "epoch": 15, "training_ce": 1.0423794917624456, "validation_ce": 1.201348215594232, "validation_argmax_agreement": 0.5752926927735164}
{"phase": "fit", "family": "full_bayes", "seed": 7901, "epoch": 20, "training_ce": 1.01489235091391, "validation_ce": 1.1979873206377702, "validation_argmax_agreement": 0.5660072668550666}
{"phase": "fit", "family": "full_bayes", "seed": 7901, "epoch": 25, "training_ce": 0.9906034810888106, "validation_ce": 1.2183545188385005, "validation_argmax_agreement": 0.5882115462252725}
{"phase": "fit", "family": "full_bayes", "seed": 7901, "epoch": 30, "training_ce": 0.9683273391702878, "validation_ce": 1.2300265241424837, "validation_argmax_agreement": 0.5954784012918853}
{"phase": "fit", "family": "full_bayes", "seed": 7901, "epoch": 35, "training_ce": 0.9519151056811651, "validation_ce": 1.2521686650929935, "validation_argmax_agreement": 0.5914412595882116}
{"phase": "fit", "family": "full_bayes", "seed": 7901, "epoch": 40, "training_ce": 0.9369239850843303, "validation_ce": 1.261364661292487, "validation_argmax_agreement": 0.5752926927735164}
{"phase": "fit", "family": "dct16_neutral", "seed": 7902, "epoch": 5, "training_ce": 1.1986520074526814, "validation_ce": 1.2801137786023213, "validation_argmax_agreement": 0.48041986273718207}
{"phase": "fit", "family": "dct16_neutral", "seed": 7902, "epoch": 10, "training_ce": 1.1483940624957245, "validation_ce": 1.2984793960663115, "validation_argmax_agreement": 0.4925312878482035}
{"phase": "fit", "family": "dct16_neutral", "seed": 7902, "epoch": 15, "training_ce": 1.118926387383188, "validation_ce": 1.304676215615925, "validation_argmax_agreement": 0.5119095680258378}
{"phase": "fit", "family": "dct16_neutral", "seed": 7902, "epoch": 20, "training_ce": 1.096595210219623, "validation_ce": 1.315330871240622, "validation_argmax_agreement": 0.5280581348405329}
{"phase": "fit", "family": "dct16_neutral", "seed": 7902, "epoch": 25, "training_ce": 1.0782812219449562, "validation_ce": 1.311109985429816, "validation_argmax_agreement": 0.5155429955591442}
{"phase": "fit", "family": "dct16_neutral", "seed": 7902, "epoch": 30, "training_ce": 1.0611038563689936, "validation_ce": 1.3169190087504188, "validation_argmax_agreement": 0.5187727089220832}
{"phase": "fit", "family": "dct16_neutral", "seed": 7902, "epoch": 35, "training_ce": 1.0465479977372163, "validation_ce": 1.3268105505597558, "validation_argmax_agreement": 0.5276544206701655}
{"phase": "fit", "family": "dct16_neutral", "seed": 7902, "epoch": 40, "training_ce": 1.0344528414608993, "validation_ce": 1.3346555208818154, "validation_argmax_agreement": 0.546225272507065}
{"phase": "fit", "family": "dct16_nearest", "seed": 7902, "epoch": 5, "training_ce": 1.1969328449651906, "validation_ce": 1.2744479174088412, "validation_argmax_agreement": 0.4759790068631409}
{"phase": "fit", "family": "dct16_nearest", "seed": 7902, "epoch": 10, "training_ce": 1.1476079451246541, "validation_ce": 1.2912433041792797, "validation_argmax_agreement": 0.4921275736778361}
{"phase": "fit", "family": "dct16_nearest", "seed": 7902, "epoch": 15, "training_ce": 1.1166908777836746, "validation_ce": 1.2966038705626948, "validation_argmax_agreement": 0.5115058538554703}
{"phase": "fit", "family": "dct16_nearest", "seed": 7902, "epoch": 20, "training_ce": 1.0926594910346645, "validation_ce": 1.3081542886357467, "validation_argmax_agreement": 0.5276544206701655}
{"phase": "fit", "family": "dct16_nearest", "seed": 7902, "epoch": 25, "training_ce": 1.0726465449110079, "validation_ce": 1.3029785577717643, "validation_argmax_agreement": 0.5086798546628987}
{"phase": "fit", "family": "dct16_nearest", "seed": 7902, "epoch": 30, "training_ce": 1.0543505285198722, "validation_ce": 1.3090885962913437, "validation_argmax_agreement": 0.5187727089220832}
{"phase": "fit", "family": "dct16_nearest", "seed": 7902, "epoch": 35, "training_ce": 1.0392963238717163, "validation_ce": 1.3181994396758552, "validation_argmax_agreement": 0.5244247073072265}
{"phase": "fit", "family": "dct16_nearest", "seed": 7902, "epoch": 40, "training_ce": 1.0264328189721175, "validation_ce": 1.3267187636299003, "validation_argmax_agreement": 0.5438029874848607}
{"phase": "fit", "family": "recent32_hard", "seed": 7902, "epoch": 5, "training_ce": 1.1969840829857545, "validation_ce": 1.3156846974663163, "validation_argmax_agreement": 0.4937424303593056}
{"phase": "fit", "family": "recent32_hard", "seed": 7902, "epoch": 10, "training_ce": 1.1358267134239937, "validation_ce": 1.3272567913206923, "validation_argmax_agreement": 0.5070649979814291}
{"phase": "fit", "family": "recent32_hard", "seed": 7902, "epoch": 15, "training_ce": 1.1034794001636359, "validation_ce": 1.3332777869860204, "validation_argmax_agreement": 0.505853855470327}
{"phase": "fit", "family": "recent32_hard", "seed": 7902, "epoch": 20, "training_ce": 1.0821479537671228, "validation_ce": 1.3271132660792824, "validation_argmax_agreement": 0.5094872830036334}
{"phase": "fit", "family": "recent32_hard", "seed": 7902, "epoch": 25, "training_ce": 1.0703964924267508, "validation_ce": 1.3293867445444454, "validation_argmax_agreement": 0.5203875656035527}
{"phase": "fit", "family": "recent32_hard", "seed": 7902, "epoch": 30, "training_ce": 1.061161056851666, "validation_ce": 1.3345942174445058, "validation_argmax_agreement": 0.5288655631812677}
{"phase": "fit", "family": "recent32_hard", "seed": 7902, "epoch": 35, "training_ce": 1.0540920215540275, "validation_ce": 1.3353442129441024, "validation_argmax_agreement": 0.5337101332256762}
{"phase": "fit", "family": "recent32_hard", "seed": 7902, "epoch": 40, "training_ce": 1.0464391477738424, "validation_ce": 1.3369779620961793, "validation_argmax_agreement": 0.5478401291885345}
{"phase": "fit", "family": "full_bayes", "seed": 7902, "epoch": 5, "training_ce": 1.156633980645189, "validation_ce": 1.2186396735591372, "validation_argmax_agreement": 0.5361324182478805}
{"phase": "fit", "family": "full_bayes", "seed": 7902, "epoch": 10, "training_ce": 1.0843445758954484, "validation_ce": 1.2129138426695036, "validation_argmax_agreement": 0.5236172789664917}
{"phase": "fit", "family": "full_bayes", "seed": 7902, "epoch": 15, "training_ce": 1.0420189771610713, "validation_ce": 1.1895812343915817, "validation_argmax_agreement": 0.5470327008477998}
{"phase": "fit", "family": "full_bayes", "seed": 7902, "epoch": 20, "training_ce": 1.0134691595901473, "validation_ce": 1.1940879086525054, "validation_argmax_agreement": 0.5680258377069035}
{"phase": "fit", "family": "full_bayes", "seed": 7902, "epoch": 25, "training_ce": 0.9867215199102126, "validation_ce": 1.1996473244206771, "validation_argmax_agreement": 0.5841744045215987}
{"phase": "fit", "family": "full_bayes", "seed": 7902, "epoch": 30, "training_ce": 0.9697109930403733, "validation_ce": 1.2176968158494574, "validation_argmax_agreement": 0.6055712555510698}
{"phase": "fit", "family": "full_bayes", "seed": 7902, "epoch": 35, "training_ce": 0.9514882813340562, "validation_ce": 1.2301936740470019, "validation_argmax_agreement": 0.5692369802180056}
{"phase": "fit", "family": "full_bayes", "seed": 7902, "epoch": 40, "training_ce": 0.935842943904968, "validation_ce": 1.2393624492239268, "validation_argmax_agreement": 0.5813484053290271}
{"phase": "fit", "family": "dct16_neutral", "seed": 7903, "epoch": 5, "training_ce": 1.2013420153753802, "validation_ce": 1.2857024514198687, "validation_argmax_agreement": 0.48284214775938633}
{"phase": "fit", "family": "dct16_neutral", "seed": 7903, "epoch": 10, "training_ce": 1.1498307974216597, "validation_ce": 1.3007944815573693, "validation_argmax_agreement": 0.4880904319741623}
{"phase": "fit", "family": "dct16_neutral", "seed": 7903, "epoch": 15, "training_ce": 1.1186015845382824, "validation_ce": 1.3060871801960598, "validation_argmax_agreement": 0.509083568833266}
{"phase": "fit", "family": "dct16_neutral", "seed": 7903, "epoch": 20, "training_ce": 1.0968512513302875, "validation_ce": 1.312526467758944, "validation_argmax_agreement": 0.5341138473960436}
{"phase": "fit", "family": "dct16_neutral", "seed": 7903, "epoch": 25, "training_ce": 1.078843970760557, "validation_ce": 1.3206435918302655, "validation_argmax_agreement": 0.5240209931368591}
{"phase": "fit", "family": "dct16_neutral", "seed": 7903, "epoch": 30, "training_ce": 1.0617772504995386, "validation_ce": 1.3253676513293409, "validation_argmax_agreement": 0.5316915623738393}
{"phase": "fit", "family": "dct16_neutral", "seed": 7903, "epoch": 35, "training_ce": 1.0460923747995603, "validation_ce": 1.3260638484393679, "validation_argmax_agreement": 0.5389584174404521}
{"phase": "fit", "family": "dct16_neutral", "seed": 7903, "epoch": 40, "training_ce": 1.031715248043571, "validation_ce": 1.3311207488052874, "validation_argmax_agreement": 0.5393621316108196}
{"phase": "fit", "family": "dct16_nearest", "seed": 7903, "epoch": 5, "training_ce": 1.1994293863028775, "validation_ce": 1.2798336383119244, "validation_argmax_agreement": 0.4816310052482842}
{"phase": "fit", "family": "dct16_nearest", "seed": 7903, "epoch": 10, "training_ce": 1.1490972181917922, "validation_ce": 1.2939050630258369, "validation_argmax_agreement": 0.4876867178037949}
{"phase": "fit", "family": "dct16_nearest", "seed": 7903, "epoch": 15, "training_ce": 1.11674340417258, "validation_ce": 1.298515935915345, "validation_argmax_agreement": 0.5123132821962051}
{"phase": "fit", "family": "dct16_nearest", "seed": 7903, "epoch": 20, "training_ce": 1.0934671237237825, "validation_ce": 1.3061923852215191, "validation_argmax_agreement": 0.5329027048849415}
{"phase": "fit", "family": "dct16_nearest", "seed": 7903, "epoch": 25, "training_ce": 1.0734838429161462, "validation_ce": 1.3151923241781813, "validation_argmax_agreement": 0.5300767056923698}
{"phase": "fit", "family": "dct16_nearest", "seed": 7903, "epoch": 30, "training_ce": 1.0553136829453014, "validation_ce": 1.3199768333387896, "validation_argmax_agreement": 0.5341138473960436}
{"phase": "fit", "family": "dct16_nearest", "seed": 7903, "epoch": 35, "training_ce": 1.0388803539649707, "validation_ce": 1.321388672389087, "validation_argmax_agreement": 0.5413807024626565}
{"phase": "fit", "family": "dct16_nearest", "seed": 7903, "epoch": 40, "training_ce": 1.024168201655117, "validation_ce": 1.326198479017039, "validation_argmax_agreement": 0.5425918449737586}
{"phase": "fit", "family": "recent32_hard", "seed": 7903, "epoch": 5, "training_ce": 1.1996603790123392, "validation_ce": 1.3115227490025854, "validation_argmax_agreement": 0.5119095680258378}
{"phase": "fit", "family": "recent32_hard", "seed": 7903, "epoch": 10, "training_ce": 1.138470256393441, "validation_ce": 1.3167677890595093, "validation_argmax_agreement": 0.5042389987888575}
{"phase": "fit", "family": "recent32_hard", "seed": 7903, "epoch": 15, "training_ce": 1.1034526398443942, "validation_ce": 1.3199890203590494, "validation_argmax_agreement": 0.5086798546628987}
{"phase": "fit", "family": "recent32_hard", "seed": 7903, "epoch": 20, "training_ce": 1.0846316558881475, "validation_ce": 1.3211604587532215, "validation_argmax_agreement": 0.5046427129592249}
{"phase": "fit", "family": "recent32_hard", "seed": 7903, "epoch": 25, "training_ce": 1.072044233736198, "validation_ce": 1.3246578978563346, "validation_argmax_agreement": 0.5147355672184094}
{"phase": "fit", "family": "recent32_hard", "seed": 7903, "epoch": 30, "training_ce": 1.0621490283162862, "validation_ce": 1.3277785033288385, "validation_argmax_agreement": 0.5163504238998788}
{"phase": "fit", "family": "recent32_hard", "seed": 7903, "epoch": 35, "training_ce": 1.054040497171736, "validation_ce": 1.3191472649405838, "validation_argmax_agreement": 0.5320952765442067}
{"phase": "fit", "family": "recent32_hard", "seed": 7903, "epoch": 40, "training_ce": 1.0463935834668796, "validation_ce": 1.3269977665231456, "validation_argmax_agreement": 0.5421881308033912}
{"phase": "fit", "family": "full_bayes", "seed": 7903, "epoch": 5, "training_ce": 1.1592831693873442, "validation_ce": 1.2176452787787768, "validation_argmax_agreement": 0.542995559144126}
{"phase": "fit", "family": "full_bayes", "seed": 7903, "epoch": 10, "training_ce": 1.0860070168647724, "validation_ce": 1.2164979604255974, "validation_argmax_agreement": 0.5272507064997981}
{"phase": "fit", "family": "full_bayes", "seed": 7903, "epoch": 15, "training_ce": 1.0441174583933168, "validation_ce": 1.1980246495926241, "validation_argmax_agreement": 0.5752926927735164}
{"phase": "fit", "family": "full_bayes", "seed": 7903, "epoch": 20, "training_ce": 1.0145272375580017, "validation_ce": 1.2052749042122124, "validation_argmax_agreement": 0.5861929753734356}
{"phase": "fit", "family": "full_bayes", "seed": 7903, "epoch": 25, "training_ce": 0.9900115118971068, "validation_ce": 1.2365178547898847, "validation_argmax_agreement": 0.5942672587807832}
{"phase": "fit", "family": "full_bayes", "seed": 7903, "epoch": 30, "training_ce": 0.9681656193032747, "validation_ce": 1.22906312328411, "validation_argmax_agreement": 0.5756964069438837}
{"phase": "fit", "family": "full_bayes", "seed": 7903, "epoch": 35, "training_ce": 0.9531045563981115, "validation_ce": 1.230664678155582, "validation_argmax_agreement": 0.6088009689140089}
{"phase": "fit", "family": "full_bayes", "seed": 7903, "epoch": 40, "training_ce": 0.9354895234886269, "validation_ce": 1.2641924663951043, "validation_argmax_agreement": 0.5878078320549052}
{"phase": "evaluation", "episodes": 1, "arm": "dct16_neutral@7901", "steps": 2188, "found": false}
{"phase": "evaluation", "episodes": 2, "arm": "dct16_nearest@7901", "steps": 2188, "found": false}
{"phase": "evaluation", "episodes": 3, "arm": "recent32_hard@7901", "steps": 2188, "found": false}
{"phase": "evaluation", "episodes": 4, "arm": "full_bayes@7901", "steps": 2188, "found": false}
{"phase": "evaluation", "episodes": 5, "arm": "dct16_neutral@7902", "steps": 2188, "found": false}
{"phase": "evaluation", "episodes": 6, "arm": "dct16_nearest@7902", "steps": 2188, "found": false}
{"phase": "evaluation", "episodes": 7, "arm": "recent32_hard@7902", "steps": 603, "found": true}
{"phase": "evaluation", "episodes": 8, "arm": "full_bayes@7902", "steps": 2188, "found": false}
{"phase": "evaluation", "episodes": 9, "arm": "dct16_neutral@7903", "steps": 2188, "found": false}
{"phase": "evaluation", "episodes": 10, "arm": "dct16_nearest@7903", "steps": 35, "found": true}
{"phase": "evaluation", "episodes": 11, "arm": "recent32_hard@7903", "steps": 307, "found": true}
{"phase": "evaluation", "episodes": 12, "arm": "full_bayes@7903", "steps": 2188, "found": false}
{"phase": "evaluation", "episodes": 13, "arm": "full_bayes@planner", "steps": 39, "found": true}
{"phase": "evaluation", "episodes": 14, "arm": "dct16_neutral@planner", "steps": 13, "found": true}
{"phase": "evaluation", "episodes": 15, "arm": "dct16_nearest@planner", "steps": 17, "found": true}
{"phase": "evaluation", "episodes": 16, "arm": "recent32_hard@planner", "steps": 39, "found": true}
{"phase": "evaluation", "episodes": 17, "arm": "dct16_nearest@7901", "steps": 2188, "found": false}
{"phase": "evaluation", "episodes": 18, "arm": "recent32_hard@7901", "steps": 2188, "found": false}
{"phase": "evaluation", "episodes": 19, "arm": "full_bayes@7901", "steps": 2188, "found": false}
{"phase": "evaluation", "episodes": 20, "arm": "dct16_neutral@7902", "steps": 2188, "found": false}
{"phase": "evaluation", "episodes": 21, "arm": "dct16_nearest@7902", "steps": 2188, "found": false}
{"phase": "evaluation", "episodes": 22, "arm": "recent32_hard@7902", "steps": 2188, "found": false}
{"phase": "evaluation", "episodes": 23, "arm": "full_bayes@7902", "steps": 2188, "found": false}
{"phase": "evaluation", "episodes": 24, "arm": "dct16_neutral@7903", "steps": 2188, "found": false}
{"phase": "evaluation", "episodes": 25, "arm": "dct16_nearest@7903", "steps": 2188, "found": false}
{"phase": "evaluation", "episodes": 26, "arm": "recent32_hard@7903", "steps": 2188, "found": false}
{"phase": "evaluation", "episodes": 27, "arm": "full_bayes@7903", "steps": 2188, "found": false}
{"phase": "evaluation", "episodes": 28, "arm": "full_bayes@planner", "steps": 62, "found": true}
{"phase": "evaluation", "episodes": 29, "arm": "dct16_neutral@planner", "steps": 62, "found": true}
{"phase": "evaluation", "episodes": 30, "arm": "dct16_nearest@planner", "steps": 102, "found": true}
{"phase": "evaluation", "episodes": 31, "arm": "recent32_hard@planner", "steps": 68, "found": true}
{"phase": "evaluation", "episodes": 32, "arm": "dct16_neutral@7901", "steps": 2188, "found": false}
{"phase": "evaluation", "episodes": 33, "arm": "recent32_hard@7901", "steps": 2188, "found": false}
{"phase": "evaluation", "episodes": 34, "arm": "full_bayes@7901", "steps": 44, "found": true}
{"phase": "evaluation", "episodes": 35, "arm": "dct16_neutral@7902", "steps": 14, "found": true}
{"phase": "evaluation", "episodes": 36, "arm": "dct16_nearest@7902", "steps": 2188, "found": false}
{"phase": "evaluation", "episodes": 37, "arm": "recent32_hard@7902", "steps": 2188, "found": false}
{"phase": "evaluation", "episodes": 38, "arm": "full_bayes@7902", "steps": 2188, "found": false}
{"phase": "evaluation", "episodes": 39, "arm": "dct16_neutral@7903", "steps": 2188, "found": false}
{"phase": "evaluation", "episodes": 40, "arm": "dct16_nearest@7903", "steps": 2188, "found": false}
{"phase": "evaluation", "episodes": 41, "arm": "recent32_hard@7903", "steps": 2188, "found": false}
{"phase": "evaluation", "episodes": 42, "arm": "full_bayes@7903", "steps": 2188, "found": false}
{"phase": "evaluation", "episodes": 43, "arm": "full_bayes@planner", "steps": 10, "found": true}
{"phase": "evaluation", "episodes": 44, "arm": "dct16_neutral@planner", "steps": 10, "found": true}
{"phase": "evaluation", "episodes": 45, "arm": "dct16_nearest@planner", "steps": 10, "found": true}
{"phase": "evaluation", "episodes": 46, "arm": "recent32_hard@planner", "steps": 10, "found": true}
{"phase": "evaluation", "episodes": 47, "arm": "dct16_neutral@7901", "steps": 14, "found": true}
{"phase": "evaluation", "episodes": 48, "arm": "dct16_nearest@7901", "steps": 14, "found": true}
{"phase": "evaluation", "episodes": 49, "arm": "full_bayes@7901", "steps": 2188, "found": false}
{"phase": "evaluation", "episodes": 50, "arm": "dct16_neutral@7902", "steps": 83, "found": true}
{"phase": "evaluation", "episodes": 51, "arm": "dct16_nearest@7902", "steps": 2188, "found": false}
{"phase": "evaluation", "episodes": 52, "arm": "recent32_hard@7902", "steps": 659, "found": true}
{"phase": "evaluation", "episodes": 53, "arm": "full_bayes@7902", "steps": 2188, "found": false}
{"phase": "evaluation", "episodes": 54, "arm": "dct16_neutral@7903", "steps": 2188, "found": false}
{"phase": "evaluation", "episodes": 55, "arm": "dct16_nearest@7903", "steps": 2188, "found": false}
{"phase": "evaluation", "episodes": 56, "arm": "recent32_hard@7903", "steps": 43, "found": true}
{"phase": "evaluation", "episodes": 57, "arm": "full_bayes@7903", "steps": 2188, "found": false}
{"phase": "evaluation", "episodes": 58, "arm": "full_bayes@planner", "steps": 47, "found": true}
{"phase": "evaluation", "episodes": 59, "arm": "dct16_neutral@planner", "steps": 47, "found": true}
{"phase": "evaluation", "episodes": 60, "arm": "dct16_nearest@planner", "steps": 47, "found": true}
{"phase": "evaluation", "episodes": 61, "arm": "recent32_hard@planner", "steps": 55, "found": true}
{"phase": "evaluation", "episodes": 62, "arm": "dct16_neutral@7901", "steps": 2188, "found": false}
{"phase": "evaluation", "episodes": 63, "arm": "dct16_nearest@7901", "steps": 2188, "found": false}
{"phase": "evaluation", "episodes": 64, "arm": "recent32_hard@7901", "steps": 2188, "found": false}
{"phase": "evaluation", "episodes": 65, "arm": "dct16_neutral@7902", "steps": 2188, "found": false}
{"phase": "evaluation", "episodes": 66, "arm": "dct16_nearest@7902", "steps": 2188, "found": false}
{"phase": "evaluation", "episodes": 67, "arm": "recent32_hard@7902", "steps": 174, "found": true}
{"phase": "evaluation", "episodes": 68, "arm": "full_bayes@7902", "steps": 2188, "found": false}
{"phase": "evaluation", "episodes": 69, "arm": "dct16_neutral@7903", "steps": 2188, "found": false}
{"phase": "evaluation", "episodes": 70, "arm": "dct16_nearest@7903", "steps": 2188, "found": false}
{"phase": "evaluation", "episodes": 71, "arm": "recent32_hard@7903", "steps": 2188, "found": false}
{"phase": "evaluation", "episodes": 72, "arm": "full_bayes@7903", "steps": 2188, "found": false}
{"phase": "evaluation", "episodes": 73, "arm": "full_bayes@planner", "steps": 6, "found": true}
{"phase": "evaluation", "episodes": 74, "arm": "dct16_neutral@planner", "steps": 10, "found": true}
{"phase": "evaluation", "episodes": 75, "arm": "dct16_nearest@planner", "steps": 10, "found": true}
{"phase": "evaluation", "episodes": 76, "arm": "recent32_hard@planner", "steps": 6, "found": true}
{"phase": "evaluation", "episodes": 77, "arm": "dct16_neutral@7901", "steps": 2188, "found": false}
{"phase": "evaluation", "episodes": 78, "arm": "dct16_nearest@7901", "steps": 2188, "found": false}
{"phase": "evaluation", "episodes": 79, "arm": "recent32_hard@7901", "steps": 6, "found": true}
{"phase": "evaluation", "episodes": 80, "arm": "full_bayes@7901", "steps": 2188, "found": false}
{"phase": "evaluation", "episodes": 81, "arm": "dct16_nearest@7902", "steps": 2188, "found": false}
{"phase": "evaluation", "episodes": 82, "arm": "recent32_hard@7902", "steps": 131, "found": true}
{"phase": "evaluation", "episodes": 83, "arm": "full_bayes@7902", "steps": 2188, "found": false}
{"phase": "evaluation", "episodes": 84, "arm": "dct16_neutral@7903", "steps": 17, "found": true}
{"phase": "evaluation", "episodes": 85, "arm": "dct16_nearest@7903", "steps": 15, "found": true}
{"phase": "evaluation", "episodes": 86, "arm": "recent32_hard@7903", "steps": 217, "found": true}
{"phase": "evaluation", "episodes": 87, "arm": "full_bayes@7903", "steps": 17, "found": true}
{"phase": "evaluation", "episodes": 88, "arm": "full_bayes@planner", "steps": 19, "found": true}
{"phase": "evaluation", "episodes": 89, "arm": "dct16_neutral@planner", "steps": 23, "found": true}
{"phase": "evaluation", "episodes": 90, "arm": "dct16_nearest@planner", "steps": 23, "found": true}
{"phase": "evaluation", "episodes": 91, "arm": "recent32_hard@planner", "steps": 19, "found": true}
{"phase": "evaluation", "episodes": 92, "arm": "dct16_neutral@7901", "steps": 35, "found": true}
{"phase": "evaluation", "episodes": 93, "arm": "dct16_nearest@7901", "steps": 2188, "found": false}
{"phase": "evaluation", "episodes": 94, "arm": "recent32_hard@7901", "steps": 11, "found": true}
{"phase": "evaluation", "episodes": 95, "arm": "full_bayes@7901", "steps": 81, "found": true}
{"phase": "evaluation", "episodes": 96, "arm": "dct16_neutral@7902", "steps": 13, "found": true}
{"phase": "evaluation", "episodes": 97, "arm": "recent32_hard@7902", "steps": 359, "found": true}
{"phase": "evaluation", "episodes": 98, "arm": "full_bayes@7902", "steps": 21, "found": true}
{"phase": "evaluation", "episodes": 99, "arm": "dct16_neutral@7903", "steps": 15, "found": true}
{"phase": "evaluation", "episodes": 100, "arm": "dct16_nearest@7903", "steps": 15, "found": true}
{"phase": "evaluation", "episodes": 101, "arm": "recent32_hard@7903", "steps": 225, "found": true}
{"phase": "evaluation", "episodes": 102, "arm": "full_bayes@7903", "steps": 2188, "found": false}
{"phase": "evaluation", "episodes": 103, "arm": "full_bayes@planner", "steps": 27, "found": true}
{"phase": "evaluation", "episodes": 104, "arm": "dct16_neutral@planner", "steps": 19, "found": true}
{"phase": "evaluation", "episodes": 105, "arm": "dct16_nearest@planner", "steps": 19, "found": true}
{"phase": "evaluation", "episodes": 106, "arm": "recent32_hard@planner", "steps": 27, "found": true}
{"phase": "evaluation", "episodes": 107, "arm": "dct16_neutral@7901", "steps": 17, "found": true}
{"phase": "evaluation", "episodes": 108, "arm": "dct16_nearest@7901", "steps": 17, "found": true}
{"phase": "evaluation", "episodes": 109, "arm": "recent32_hard@7901", "steps": 2188, "found": false}
{"phase": "evaluation", "episodes": 110, "arm": "full_bayes@7901", "steps": 2188, "found": false}
{"phase": "evaluation", "episodes": 111, "arm": "dct16_neutral@7902", "steps": 17, "found": true}
{"phase": "evaluation", "episodes": 112, "arm": "dct16_nearest@7902", "steps": 17, "found": true}
{"phase": "evaluation", "episodes": 113, "arm": "full_bayes@7902", "steps": 2188, "found": false}
{"phase": "evaluation", "episodes": 114, "arm": "dct16_neutral@7903", "steps": 2188, "found": false}
{"phase": "evaluation", "episodes": 115, "arm": "dct16_nearest@7903", "steps": 2188, "found": false}
{"phase": "evaluation", "episodes": 116, "arm": "recent32_hard@7903", "steps": 208, "found": true}
{"phase": "evaluation", "episodes": 117, "arm": "full_bayes@7903", "steps": 2188, "found": false}
{"phase": "evaluation", "episodes": 118, "arm": "full_bayes@planner", "steps": 12, "found": true}
{"phase": "evaluation", "episodes": 119, "arm": "dct16_neutral@planner", "steps": 46, "found": true}
{"phase": "evaluation", "episodes": 120, "arm": "dct16_nearest@planner", "steps": 28, "found": true}
{"phase": "evaluation", "episodes": 121, "arm": "recent32_hard@planner", "steps": 12, "found": true}
{"phase": "evaluation", "episodes": 122, "arm": "dct16_neutral@7901", "steps": 28, "found": true}
{"phase": "evaluation", "episodes": 123, "arm": "dct16_nearest@7901", "steps": 28, "found": true}
{"phase": "evaluation", "episodes": 124, "arm": "recent32_hard@7901", "steps": 92, "found": true}
{"phase": "evaluation", "episodes": 125, "arm": "full_bayes@7901", "steps": 2188, "found": false}
{"phase": "evaluation", "episodes": 126, "arm": "dct16_neutral@7902", "steps": 30, "found": true}
{"phase": "evaluation", "episodes": 127, "arm": "dct16_nearest@7902", "steps": 2188, "found": false}
{"phase": "evaluation", "episodes": 128, "arm": "recent32_hard@7902", "steps": 398, "found": true}
{"phase": "evaluation", "episodes": 129, "arm": "dct16_neutral@7903", "steps": 2188, "found": false}
{"phase": "evaluation", "episodes": 130, "arm": "dct16_nearest@7903", "steps": 19, "found": true}
{"phase": "evaluation", "episodes": 131, "arm": "recent32_hard@7903", "steps": 167, "found": true}
{"phase": "evaluation", "episodes": 132, "arm": "full_bayes@7903", "steps": 2188, "found": false}
{"phase": "evaluation", "episodes": 133, "arm": "full_bayes@planner", "steps": 19, "found": true}
{"phase": "evaluation", "episodes": 134, "arm": "dct16_neutral@planner", "steps": 27, "found": true}
{"phase": "evaluation", "episodes": 135, "arm": "dct16_nearest@planner", "steps": 29, "found": true}
{"phase": "evaluation", "episodes": 136, "arm": "recent32_hard@planner", "steps": 19, "found": true}
{"phase": "evaluation", "episodes": 137, "arm": "dct16_neutral@7901", "steps": 85, "found": true}
{"phase": "evaluation", "episodes": 138, "arm": "dct16_nearest@7901", "steps": 431, "found": true}
{"phase": "evaluation", "episodes": 139, "arm": "recent32_hard@7901", "steps": 121, "found": true}
{"phase": "evaluation", "episodes": 140, "arm": "full_bayes@7901", "steps": 53, "found": true}
{"phase": "evaluation", "episodes": 141, "arm": "dct16_neutral@7902", "steps": 29, "found": true}
{"phase": "evaluation", "episodes": 142, "arm": "dct16_nearest@7902", "steps": 29, "found": true}
{"phase": "evaluation", "episodes": 143, "arm": "recent32_hard@7902", "steps": 2188, "found": false}
{"phase": "evaluation", "episodes": 144, "arm": "full_bayes@7902", "steps": 43, "found": true}
{"phase": "evaluation", "episodes": 145, "arm": "dct16_nearest@7903", "steps": 2188, "found": false}
{"phase": "evaluation", "episodes": 146, "arm": "recent32_hard@7903", "steps": 120, "found": true}
{"phase": "evaluation", "episodes": 147, "arm": "full_bayes@7903", "steps": 2188, "found": false}
{"phase": "evaluation", "episodes": 148, "arm": "full_bayes@planner", "steps": 40, "found": true}
{"phase": "evaluation", "episodes": 149, "arm": "dct16_neutral@planner", "steps": 40, "found": true}
{"phase": "evaluation", "episodes": 150, "arm": "dct16_nearest@planner", "steps": 40, "found": true}
{"phase": "evaluation", "episodes": 151, "arm": "recent32_hard@planner", "steps": 42, "found": true}
{"phase": "evaluation", "episodes": 152, "arm": "dct16_neutral@7901", "steps": 26, "found": true}
{"phase": "evaluation", "episodes": 153, "arm": "dct16_nearest@7901", "steps": 2188, "found": false}
{"phase": "evaluation", "episodes": 154, "arm": "recent32_hard@7901", "steps": 2188, "found": false}
{"phase": "evaluation", "episodes": 155, "arm": "full_bayes@7901", "steps": 24, "found": true}
{"phase": "evaluation", "episodes": 156, "arm": "dct16_neutral@7902", "steps": 38, "found": true}
{"phase": "evaluation", "episodes": 157, "arm": "dct16_nearest@7902", "steps": 668, "found": true}
{"phase": "evaluation", "episodes": 158, "arm": "recent32_hard@7902", "steps": 188, "found": true}
{"phase": "evaluation", "episodes": 159, "arm": "full_bayes@7902", "steps": 2188, "found": false}
{"phase": "evaluation", "episodes": 160, "arm": "dct16_neutral@7903", "steps": 2188, "found": false}
{"phase": "evaluation", "episodes": 161, "arm": "recent32_hard@7903", "steps": 97, "found": true}
{"phase": "evaluation", "episodes": 162, "arm": "full_bayes@7903", "steps": 3, "found": true}
{"phase": "evaluation", "episodes": 163, "arm": "full_bayes@planner", "steps": 1, "found": true}
{"phase": "evaluation", "episodes": 164, "arm": "dct16_neutral@planner", "steps": 1, "found": true}
{"phase": "evaluation", "episodes": 165, "arm": "dct16_nearest@planner", "steps": 1, "found": true}
{"phase": "evaluation", "episodes": 166, "arm": "recent32_hard@planner", "steps": 1, "found": true}
{"phase": "evaluation", "episodes": 167, "arm": "dct16_neutral@7901", "steps": 2188, "found": false}
{"phase": "evaluation", "episodes": 168, "arm": "dct16_nearest@7901", "steps": 35, "found": true}
{"phase": "evaluation", "episodes": 169, "arm": "recent32_hard@7901", "steps": 505, "found": true}
{"phase": "evaluation", "episodes": 170, "arm": "full_bayes@7901", "steps": 7, "found": true}
{"phase": "evaluation", "episodes": 171, "arm": "dct16_neutral@7902", "steps": 2188, "found": false}
{"phase": "evaluation", "episodes": 172, "arm": "dct16_nearest@7902", "steps": 2188, "found": false}
{"phase": "evaluation", "episodes": 173, "arm": "recent32_hard@7902", "steps": 2188, "found": false}
{"phase": "evaluation", "episodes": 174, "arm": "full_bayes@7902", "steps": 7, "found": true}
{"phase": "evaluation", "episodes": 175, "arm": "dct16_neutral@7903", "steps": 9, "found": true}
{"phase": "evaluation", "episodes": 176, "arm": "dct16_nearest@7903", "steps": 5, "found": true}
{"phase": "evaluation", "episodes": 177, "arm": "full_bayes@7903", "steps": 3, "found": true}
{"phase": "evaluation", "episodes": 178, "arm": "full_bayes@planner", "steps": 1, "found": true}
{"phase": "evaluation", "episodes": 179, "arm": "dct16_neutral@planner", "steps": 1, "found": true}
{"phase": "evaluation", "episodes": 180, "arm": "dct16_nearest@planner", "steps": 1, "found": true}
{"phase": "evaluation", "episodes": 181, "arm": "recent32_hard@planner", "steps": 1, "found": true}
{"phase": "evaluation", "episodes": 182, "arm": "dct16_neutral@7901", "steps": 2188, "found": false}
{"phase": "evaluation", "episodes": 183, "arm": "dct16_nearest@7901", "steps": 57, "found": true}
{"phase": "evaluation", "episodes": 184, "arm": "recent32_hard@7901", "steps": 37, "found": true}
{"phase": "evaluation", "episodes": 185, "arm": "full_bayes@7901", "steps": 3, "found": true}
{"phase": "evaluation", "episodes": 186, "arm": "dct16_neutral@7902", "steps": 2188, "found": false}
{"phase": "evaluation", "episodes": 187, "arm": "dct16_nearest@7902", "steps": 2188, "found": false}
{"phase": "evaluation", "episodes": 188, "arm": "recent32_hard@7902", "steps": 2188, "found": false}
{"phase": "evaluation", "episodes": 189, "arm": "full_bayes@7902", "steps": 3, "found": true}
{"phase": "evaluation", "episodes": 190, "arm": "dct16_neutral@7903", "steps": 25, "found": true}
{"phase": "evaluation", "episodes": 191, "arm": "dct16_nearest@7903", "steps": 2188, "found": false}
{"phase": "evaluation", "episodes": 192, "arm": "recent32_hard@7903", "steps": 611, "found": true}
{"phase": "evaluation", "episodes": 193, "arm": "full_bayes@planner", "steps": 14, "found": true}
{"phase": "evaluation", "episodes": 194, "arm": "dct16_neutral@planner", "steps": 10, "found": true}
{"phase": "evaluation", "episodes": 195, "arm": "dct16_nearest@planner", "steps": 14, "found": true}
{"phase": "evaluation", "episodes": 196, "arm": "recent32_hard@planner", "steps": 14, "found": true}
{"phase": "evaluation", "episodes": 197, "arm": "dct16_neutral@7901", "steps": 2188, "found": false}
{"phase": "evaluation", "episodes": 198, "arm": "dct16_nearest@7901", "steps": 2188, "found": false}
{"phase": "evaluation", "episodes": 199, "arm": "recent32_hard@7901", "steps": 6, "found": true}
{"phase": "evaluation", "episodes": 200, "arm": "full_bayes@7901", "steps": 2188, "found": false}
{"phase": "evaluation", "episodes": 201, "arm": "dct16_neutral@7902", "steps": 2188, "found": false}
{"phase": "evaluation", "episodes": 202, "arm": "dct16_nearest@7902", "steps": 2188, "found": false}
{"phase": "evaluation", "episodes": 203, "arm": "recent32_hard@7902", "steps": 6, "found": true}
{"phase": "evaluation", "episodes": 204, "arm": "full_bayes@7902", "steps": 2188, "found": false}
{"phase": "evaluation", "episodes": 205, "arm": "dct16_neutral@7903", "steps": 2188, "found": false}
{"phase": "evaluation", "episodes": 206, "arm": "dct16_nearest@7903", "steps": 2188, "found": false}
{"phase": "evaluation", "episodes": 207, "arm": "recent32_hard@7903", "steps": 6, "found": true}
{"phase": "evaluation", "episodes": 208, "arm": "full_bayes@7903", "steps": 2188, "found": false}
{"phase": "evaluation", "episodes": 209, "arm": "dct16_neutral@planner", "steps": 23, "found": true}
{"phase": "evaluation", "episodes": 210, "arm": "dct16_nearest@planner", "steps": 9, "found": true}
{"phase": "evaluation", "episodes": 211, "arm": "recent32_hard@planner", "steps": 23, "found": true}
{"phase": "evaluation", "episodes": 212, "arm": "dct16_neutral@7901", "steps": 2188, "found": false}
{"phase": "evaluation", "episodes": 213, "arm": "dct16_nearest@7901", "steps": 2188, "found": false}
{"phase": "evaluation", "episodes": 214, "arm": "recent32_hard@7901", "steps": 2188, "found": false}
{"phase": "evaluation", "episodes": 215, "arm": "full_bayes@7901", "steps": 2188, "found": false}
{"phase": "evaluation", "episodes": 216, "arm": "dct16_neutral@7902", "steps": 2188, "found": false}
{"phase": "evaluation", "episodes": 217, "arm": "dct16_nearest@7902", "steps": 2188, "found": false}
{"phase": "evaluation", "episodes": 218, "arm": "recent32_hard@7902", "steps": 2188, "found": false}
{"phase": "evaluation", "episodes": 219, "arm": "full_bayes@7902", "steps": 2188, "found": false}
{"phase": "evaluation", "episodes": 220, "arm": "dct16_neutral@7903", "steps": 2188, "found": false}
{"phase": "evaluation", "episodes": 221, "arm": "dct16_nearest@7903", "steps": 2188, "found": false}
{"phase": "evaluation", "episodes": 222, "arm": "recent32_hard@7903", "steps": 2188, "found": false}
{"phase": "evaluation", "episodes": 223, "arm": "full_bayes@7903", "steps": 37, "found": true}
{"phase": "evaluation", "episodes": 224, "arm": "full_bayes@planner", "steps": 23, "found": true}
{"phase": "evaluation", "episodes": 225, "arm": "dct16_nearest@planner", "steps": 11, "found": true}
{"phase": "evaluation", "episodes": 226, "arm": "recent32_hard@planner", "steps": 11, "found": true}
{"phase": "evaluation", "episodes": 227, "arm": "dct16_neutral@7901", "steps": 17, "found": true}
{"phase": "evaluation", "episodes": 228, "arm": "dct16_nearest@7901", "steps": 17, "found": true}
{"phase": "evaluation", "episodes": 229, "arm": "recent32_hard@7901", "steps": 2188, "found": false}
{"phase": "evaluation", "episodes": 230, "arm": "full_bayes@7901", "steps": 11, "found": true}
{"phase": "evaluation", "episodes": 231, "arm": "dct16_neutral@7902", "steps": 2188, "found": false}
{"phase": "evaluation", "episodes": 232, "arm": "dct16_nearest@7902", "steps": 2188, "found": false}
{"phase": "evaluation", "episodes": 233, "arm": "recent32_hard@7902", "steps": 947, "found": true}
{"phase": "evaluation", "episodes": 234, "arm": "full_bayes@7902", "steps": 15, "found": true}
{"phase": "evaluation", "episodes": 235, "arm": "dct16_neutral@7903", "steps": 29, "found": true}
{"phase": "evaluation", "episodes": 236, "arm": "dct16_nearest@7903", "steps": 2188, "found": false}
{"phase": "evaluation", "episodes": 237, "arm": "recent32_hard@7903", "steps": 2188, "found": false}
{"phase": "evaluation", "episodes": 238, "arm": "full_bayes@7903", "steps": 5, "found": true}
{"phase": "evaluation", "episodes": 239, "arm": "full_bayes@planner", "steps": 11, "found": true}
{"phase": "evaluation", "episodes": 240, "arm": "dct16_neutral@planner", "steps": 11, "found": true}
{"phase": "evaluation", "episodes": 241, "arm": "recent32_hard@planner", "steps": 9, "found": true}
{"phase": "evaluation", "episodes": 242, "arm": "dct16_neutral@7901", "steps": 2188, "found": false}
{"phase": "evaluation", "episodes": 243, "arm": "dct16_nearest@7901", "steps": 23, "found": true}
{"phase": "evaluation", "episodes": 244, "arm": "recent32_hard@7901", "steps": 2188, "found": false}
{"phase": "evaluation", "episodes": 245, "arm": "full_bayes@7901", "steps": 2188, "found": false}
{"phase": "evaluation", "episodes": 246, "arm": "dct16_neutral@7902", "steps": 2188, "found": false}
{"phase": "evaluation", "episodes": 247, "arm": "dct16_nearest@7902", "steps": 81, "found": true}
{"phase": "evaluation", "episodes": 248, "arm": "recent32_hard@7902", "steps": 89, "found": true}
{"phase": "evaluation", "episodes": 249, "arm": "full_bayes@7902", "steps": 2188, "found": false}
{"phase": "evaluation", "episodes": 250, "arm": "dct16_neutral@7903", "steps": 13, "found": true}
{"phase": "evaluation", "episodes": 251, "arm": "dct16_nearest@7903", "steps": 13, "found": true}
{"phase": "evaluation", "episodes": 252, "arm": "recent32_hard@7903", "steps": 213, "found": true}
{"phase": "evaluation", "episodes": 253, "arm": "full_bayes@7903", "steps": 109, "found": true}
{"phase": "evaluation", "episodes": 254, "arm": "full_bayes@planner", "steps": 9, "found": true}
{"phase": "evaluation", "episodes": 255, "arm": "dct16_neutral@planner", "steps": 9, "found": true}
{"phase": "evaluation", "episodes": 256, "arm": "dct16_nearest@planner", "steps": 9, "found": true}
{"phase": "evaluation", "episodes": 257, "arm": "dct16_neutral@7901", "steps": 2188, "found": false}
{"phase": "evaluation", "episodes": 258, "arm": "dct16_nearest@7901", "steps": 2188, "found": false}
{"phase": "evaluation", "episodes": 259, "arm": "recent32_hard@7901", "steps": 285, "found": true}
{"phase": "evaluation", "episodes": 260, "arm": "full_bayes@7901", "steps": 13, "found": true}
{"phase": "evaluation", "episodes": 261, "arm": "dct16_neutral@7902", "steps": 2188, "found": false}
{"phase": "evaluation", "episodes": 262, "arm": "dct16_nearest@7902", "steps": 2188, "found": false}
{"phase": "evaluation", "episodes": 263, "arm": "recent32_hard@7902", "steps": 9, "found": true}
{"phase": "evaluation", "episodes": 264, "arm": "full_bayes@7902", "steps": 2188, "found": false}
{"phase": "evaluation", "episodes": 265, "arm": "dct16_neutral@7903", "steps": 2188, "found": false}
{"phase": "evaluation", "episodes": 266, "arm": "dct16_nearest@7903", "steps": 2188, "found": false}
{"phase": "evaluation", "episodes": 267, "arm": "recent32_hard@7903", "steps": 9, "found": true}
{"phase": "evaluation", "episodes": 268, "arm": "full_bayes@7903", "steps": 45, "found": true}
{"phase": "evaluation", "episodes": 269, "arm": "full_bayes@planner", "steps": 15, "found": true}
{"phase": "evaluation", "episodes": 270, "arm": "dct16_neutral@planner", "steps": 11, "found": true}
{"phase": "evaluation", "episodes": 271, "arm": "dct16_nearest@planner", "steps": 11, "found": true}
{"phase": "evaluation", "episodes": 272, "arm": "recent32_hard@planner", "steps": 15, "found": true}
{"phase": "evaluation", "episodes": 273, "arm": "dct16_nearest@7901", "steps": 2188, "found": false}
{"phase": "evaluation", "episodes": 274, "arm": "recent32_hard@7901", "steps": 2188, "found": false}
{"phase": "evaluation", "episodes": 275, "arm": "full_bayes@7901", "steps": 2188, "found": false}
{"phase": "evaluation", "episodes": 276, "arm": "dct16_neutral@7902", "steps": 22, "found": true}
{"phase": "evaluation", "episodes": 277, "arm": "dct16_nearest@7902", "steps": 2188, "found": false}
{"phase": "evaluation", "episodes": 278, "arm": "recent32_hard@7902", "steps": 2188, "found": false}
{"phase": "evaluation", "episodes": 279, "arm": "full_bayes@7902", "steps": 24, "found": true}
{"phase": "evaluation", "episodes": 280, "arm": "dct16_neutral@7903", "steps": 36, "found": true}
{"phase": "evaluation", "episodes": 281, "arm": "dct16_nearest@7903", "steps": 38, "found": true}
{"phase": "evaluation", "episodes": 282, "arm": "recent32_hard@7903", "steps": 2188, "found": false}
{"phase": "evaluation", "episodes": 283, "arm": "full_bayes@7903", "steps": 2188, "found": false}
{"phase": "evaluation", "episodes": 284, "arm": "full_bayes@planner", "steps": 12, "found": true}
{"phase": "evaluation", "episodes": 285, "arm": "dct16_neutral@planner", "steps": 12, "found": true}
{"phase": "evaluation", "episodes": 286, "arm": "dct16_nearest@planner", "steps": 12, "found": true}
{"phase": "evaluation", "episodes": 287, "arm": "recent32_hard@planner", "steps": 12, "found": true}
{"phase": "evaluation", "episodes": 288, "arm": "dct16_neutral@7901", "steps": 2188, "found": false}
{"phase": "evaluation", "episodes": 289, "arm": "recent32_hard@7901", "steps": 68, "found": true}
{"phase": "evaluation", "episodes": 290, "arm": "full_bayes@7901", "steps": 2188, "found": false}
{"phase": "evaluation", "episodes": 291, "arm": "dct16_neutral@7902", "steps": 2188, "found": false}
{"phase": "evaluation", "episodes": 292, "arm": "dct16_nearest@7902", "steps": 2188, "found": false}
{"phase": "evaluation", "episodes": 293, "arm": "recent32_hard@7902", "steps": 218, "found": true}
{"phase": "evaluation", "episodes": 294, "arm": "full_bayes@7902", "steps": 2188, "found": false}
{"phase": "evaluation", "episodes": 295, "arm": "dct16_neutral@7903", "steps": 2188, "found": false}
{"phase": "evaluation", "episodes": 296, "arm": "dct16_nearest@7903", "steps": 2188, "found": false}
{"phase": "evaluation", "episodes": 297, "arm": "recent32_hard@7903", "steps": 600, "found": true}
{"phase": "evaluation", "episodes": 298, "arm": "full_bayes@7903", "steps": 2188, "found": false}
{"phase": "evaluation", "episodes": 299, "arm": "full_bayes@planner", "steps": 14, "found": true}
{"phase": "evaluation", "episodes": 300, "arm": "dct16_neutral@planner", "steps": 20, "found": true}
{"phase": "evaluation", "episodes": 301, "arm": "dct16_nearest@planner", "steps": 20, "found": true}
{"phase": "evaluation", "episodes": 302, "arm": "recent32_hard@planner", "steps": 14, "found": true}
{"phase": "evaluation", "episodes": 303, "arm": "dct16_neutral@7901", "steps": 2188, "found": false}
{"phase": "evaluation", "episodes": 304, "arm": "dct16_nearest@7901", "steps": 48, "found": true}
{"phase": "evaluation", "episodes": 305, "arm": "full_bayes@7901", "steps": 2188, "found": false}
{"phase": "evaluation", "episodes": 306, "arm": "dct16_neutral@7902", "steps": 2188, "found": false}
{"phase": "evaluation", "episodes": 307, "arm": "dct16_nearest@7902", "steps": 2188, "found": false}
{"phase": "evaluation", "episodes": 308, "arm": "recent32_hard@7902", "steps": 2188, "found": false}
{"phase": "evaluation", "episodes": 309, "arm": "full_bayes@7902", "steps": 2188, "found": false}
{"phase": "evaluation", "episodes": 310, "arm": "dct16_neutral@7903", "steps": 2188, "found": false}
{"phase": "evaluation", "episodes": 311, "arm": "dct16_nearest@7903", "steps": 52, "found": true}
{"phase": "evaluation", "episodes": 312, "arm": "recent32_hard@7903", "steps": 1798, "found": true}
{"phase": "evaluation", "episodes": 313, "arm": "full_bayes@7903", "steps": 2188, "found": false}
{"phase": "evaluation", "episodes": 314, "arm": "full_bayes@planner", "steps": 22, "found": true}
{"phase": "evaluation", "episodes": 315, "arm": "dct16_neutral@planner", "steps": 20, "found": true}
{"phase": "evaluation", "episodes": 316, "arm": "dct16_nearest@planner", "steps": 26, "found": true}
{"phase": "evaluation", "episodes": 317, "arm": "recent32_hard@planner", "steps": 22, "found": true}
{"phase": "evaluation", "episodes": 318, "arm": "dct16_neutral@7901", "steps": 2188, "found": false}
{"phase": "evaluation", "episodes": 319, "arm": "dct16_nearest@7901", "steps": 2188, "found": false}
{"phase": "evaluation", "episodes": 320, "arm": "recent32_hard@7901", "steps": 222, "found": true}
{"phase": "evaluation", "episodes": 321, "arm": "dct16_neutral@7902", "steps": 2188, "found": false}
{"phase": "evaluation", "episodes": 322, "arm": "dct16_nearest@7902", "steps": 2188, "found": false}
{"phase": "evaluation", "episodes": 323, "arm": "recent32_hard@7902", "steps": 151, "found": true}
{"phase": "evaluation", "episodes": 324, "arm": "full_bayes@7902", "steps": 2188, "found": false}
{"phase": "evaluation", "episodes": 325, "arm": "dct16_neutral@7903", "steps": 2188, "found": false}
{"phase": "evaluation", "episodes": 326, "arm": "dct16_nearest@7903", "steps": 2188, "found": false}
{"phase": "evaluation", "episodes": 327, "arm": "recent32_hard@7903", "steps": 265, "found": true}
{"phase": "evaluation", "episodes": 328, "arm": "full_bayes@7903", "steps": 2188, "found": false}
{"phase": "evaluation", "episodes": 329, "arm": "full_bayes@planner", "steps": 23, "found": true}
{"phase": "evaluation", "episodes": 330, "arm": "dct16_neutral@planner", "steps": 25, "found": true}
{"phase": "evaluation", "episodes": 331, "arm": "dct16_nearest@planner", "steps": 25, "found": true}
{"phase": "evaluation", "episodes": 332, "arm": "recent32_hard@planner", "steps": 23, "found": true}
{"phase": "evaluation", "episodes": 333, "arm": "dct16_neutral@7901", "steps": 2188, "found": false}
{"phase": "evaluation", "episodes": 334, "arm": "dct16_nearest@7901", "steps": 2188, "found": false}
{"phase": "evaluation", "episodes": 335, "arm": "recent32_hard@7901", "steps": 289, "found": true}
{"phase": "evaluation", "episodes": 336, "arm": "full_bayes@7901", "steps": 9, "found": true}
{"phase": "evaluation", "episodes": 337, "arm": "dct16_nearest@7902", "steps": 2188, "found": false}
{"phase": "evaluation", "episodes": 338, "arm": "recent32_hard@7902", "steps": 5, "found": true}
{"phase": "evaluation", "episodes": 339, "arm": "full_bayes@7902", "steps": 7, "found": true}
{"phase": "evaluation", "episodes": 340, "arm": "dct16_neutral@7903", "steps": 2188, "found": false}
{"phase": "evaluation", "episodes": 341, "arm": "dct16_nearest@7903", "steps": 2188, "found": false}
{"phase": "evaluation", "episodes": 342, "arm": "recent32_hard@7903", "steps": 5, "found": true}
{"phase": "evaluation", "episodes": 343, "arm": "full_bayes@7903", "steps": 5, "found": true}
{"phase": "evaluation", "episodes": 344, "arm": "full_bayes@planner", "steps": 9, "found": true}
{"phase": "evaluation", "episodes": 345, "arm": "dct16_neutral@planner", "steps": 7, "found": true}
{"phase": "evaluation", "episodes": 346, "arm": "dct16_nearest@planner", "steps": 7, "found": true}
{"phase": "evaluation", "episodes": 347, "arm": "recent32_hard@planner", "steps": 9, "found": true}
{"phase": "evaluation", "episodes": 348, "arm": "dct16_neutral@7901", "steps": 2188, "found": false}
{"phase": "evaluation", "episodes": 349, "arm": "dct16_nearest@7901", "steps": 2188, "found": false}
{"phase": "evaluation", "episodes": 350, "arm": "recent32_hard@7901", "steps": 5, "found": true}
{"phase": "evaluation", "episodes": 351, "arm": "full_bayes@7901", "steps": 7, "found": true}
{"phase": "evaluation", "episodes": 352, "arm": "dct16_neutral@7902", "steps": 47, "found": true}
{"phase": "evaluation", "episodes": 353, "arm": "recent32_hard@7902", "steps": 4, "found": true}
{"phase": "evaluation", "episodes": 354, "arm": "full_bayes@7902", "steps": 2188, "found": false}
{"phase": "evaluation", "episodes": 355, "arm": "dct16_neutral@7903", "steps": 20, "found": true}
{"phase": "evaluation", "episodes": 356, "arm": "dct16_nearest@7903", "steps": 2188, "found": false}
{"phase": "evaluation", "episodes": 357, "arm": "recent32_hard@7903", "steps": 4, "found": true}
{"phase": "evaluation", "episodes": 358, "arm": "full_bayes@7903", "steps": 6, "found": true}
{"phase": "evaluation", "episodes": 359, "arm": "full_bayes@planner", "steps": 4, "found": true}
{"phase": "evaluation", "episodes": 360, "arm": "dct16_neutral@planner", "steps": 4, "found": true}
{"phase": "evaluation", "episodes": 361, "arm": "dct16_nearest@planner", "steps": 4, "found": true}
{"phase": "evaluation", "episodes": 362, "arm": "recent32_hard@planner", "steps": 4, "found": true}
{"phase": "evaluation", "episodes": 363, "arm": "dct16_neutral@7901", "steps": 2188, "found": false}
{"phase": "evaluation", "episodes": 364, "arm": "dct16_nearest@7901", "steps": 2188, "found": false}
{"phase": "evaluation", "episodes": 365, "arm": "recent32_hard@7901", "steps": 4, "found": true}
{"phase": "evaluation", "episodes": 366, "arm": "full_bayes@7901", "steps": 6, "found": true}
{"phase": "evaluation", "episodes": 367, "arm": "dct16_neutral@7902", "steps": 2188, "found": false}
{"phase": "evaluation", "episodes": 368, "arm": "dct16_nearest@7902", "steps": 104, "found": true}
{"phase": "evaluation", "episodes": 369, "arm": "full_bayes@7902", "steps": 2188, "found": false}
{"phase": "evaluation", "episodes": 370, "arm": "dct16_neutral@7903", "steps": 2188, "found": false}
{"phase": "evaluation", "episodes": 371, "arm": "dct16_nearest@7903", "steps": 2188, "found": false}
{"phase": "evaluation", "episodes": 372, "arm": "recent32_hard@7903", "steps": 5, "found": true}
{"phase": "evaluation", "episodes": 373, "arm": "full_bayes@7903", "steps": 1, "found": true}
{"phase": "evaluation", "episodes": 374, "arm": "full_bayes@planner", "steps": 5, "found": true}
{"phase": "evaluation", "episodes": 375, "arm": "dct16_neutral@planner", "steps": 5, "found": true}
{"phase": "evaluation", "episodes": 376, "arm": "dct16_nearest@planner", "steps": 5, "found": true}
{"phase": "evaluation", "episodes": 377, "arm": "recent32_hard@planner", "steps": 5, "found": true}
{"phase": "evaluation", "episodes": 378, "arm": "dct16_neutral@7901", "steps": 2188, "found": false}
{"phase": "evaluation", "episodes": 379, "arm": "dct16_nearest@7901", "steps": 2188, "found": false}
{"phase": "evaluation", "episodes": 380, "arm": "recent32_hard@7901", "steps": 261, "found": true}
{"phase": "evaluation", "episodes": 381, "arm": "full_bayes@7901", "steps": 2188, "found": false}
{"phase": "evaluation", "episodes": 382, "arm": "dct16_neutral@7902", "steps": 2188, "found": false}
{"phase": "evaluation", "episodes": 383, "arm": "dct16_nearest@7902", "steps": 2188, "found": false}
{"phase": "evaluation", "episodes": 384, "arm": "recent32_hard@7902", "steps": 5, "found": true}
{"phase": "evaluation", "episodes": 385, "arm": "dct16_neutral@7903", "steps": 16, "found": true}
{"phase": "evaluation", "episodes": 386, "arm": "dct16_nearest@7903", "steps": 2188, "found": false}
{"phase": "evaluation", "episodes": 387, "arm": "recent32_hard@7903", "steps": 8, "found": true}
{"phase": "evaluation", "episodes": 388, "arm": "full_bayes@7903", "steps": 2188, "found": false}
{"phase": "evaluation", "episodes": 389, "arm": "full_bayes@planner", "steps": 12, "found": true}
{"phase": "evaluation", "episodes": 390, "arm": "dct16_neutral@planner", "steps": 10, "found": true}
{"phase": "evaluation", "episodes": 391, "arm": "dct16_nearest@planner", "steps": 20, "found": true}
{"phase": "evaluation", "episodes": 392, "arm": "recent32_hard@planner", "steps": 12, "found": true}
{"phase": "evaluation", "episodes": 393, "arm": "dct16_neutral@7901", "steps": 2188, "found": false}
{"phase": "evaluation", "episodes": 394, "arm": "dct16_nearest@7901", "steps": 2188, "found": false}
{"phase": "evaluation", "episodes": 395, "arm": "recent32_hard@7901", "steps": 8, "found": true}
{"phase": "evaluation", "episodes": 396, "arm": "full_bayes@7901", "steps": 20, "found": true}
{"phase": "evaluation", "episodes": 397, "arm": "dct16_neutral@7902", "steps": 2188, "found": false}
{"phase": "evaluation", "episodes": 398, "arm": "dct16_nearest@7902", "steps": 2188, "found": false}
{"phase": "evaluation", "episodes": 399, "arm": "recent32_hard@7902", "steps": 8, "found": true}
{"phase": "evaluation", "episodes": 400, "arm": "full_bayes@7902", "steps": 2188, "found": false}
{"phase": "evaluation", "episodes": 401, "arm": "dct16_nearest@7903", "steps": 55, "found": true}
{"phase": "evaluation", "episodes": 402, "arm": "recent32_hard@7903", "steps": 129, "found": true}
{"phase": "evaluation", "episodes": 403, "arm": "full_bayes@7903", "steps": 2188, "found": false}
{"phase": "evaluation", "episodes": 404, "arm": "full_bayes@planner", "steps": 3, "found": true}
{"phase": "evaluation", "episodes": 405, "arm": "dct16_neutral@planner", "steps": 3, "found": true}
{"phase": "evaluation", "episodes": 406, "arm": "dct16_nearest@planner", "steps": 3, "found": true}
{"phase": "evaluation", "episodes": 407, "arm": "recent32_hard@planner", "steps": 3, "found": true}
{"phase": "evaluation", "episodes": 408, "arm": "dct16_neutral@7901", "steps": 2188, "found": false}
{"phase": "evaluation", "episodes": 409, "arm": "dct16_nearest@7901", "steps": 2188, "found": false}
{"phase": "evaluation", "episodes": 410, "arm": "recent32_hard@7901", "steps": 175, "found": true}
{"phase": "evaluation", "episodes": 411, "arm": "full_bayes@7901", "steps": 2188, "found": false}
{"phase": "evaluation", "episodes": 412, "arm": "dct16_neutral@7902", "steps": 2188, "found": false}
{"phase": "evaluation", "episodes": 413, "arm": "dct16_nearest@7902", "steps": 2188, "found": false}
{"phase": "evaluation", "episodes": 414, "arm": "recent32_hard@7902", "steps": 2188, "found": false}
{"phase": "evaluation", "episodes": 415, "arm": "full_bayes@7902", "steps": 2188, "found": false}
{"phase": "evaluation", "episodes": 416, "arm": "dct16_neutral@7903", "steps": 2188, "found": false}
{"phase": "evaluation", "episodes": 417, "arm": "recent32_hard@7903", "steps": 8, "found": true}
{"phase": "evaluation", "episodes": 418, "arm": "full_bayes@7903", "steps": 2188, "found": false}
{"phase": "evaluation", "episodes": 419, "arm": "full_bayes@planner", "steps": 22, "found": true}
{"phase": "evaluation", "episodes": 420, "arm": "dct16_neutral@planner", "steps": 14, "found": true}
{"phase": "evaluation", "episodes": 421, "arm": "dct16_nearest@planner", "steps": 22, "found": true}
{"phase": "evaluation", "episodes": 422, "arm": "recent32_hard@planner", "steps": 22, "found": true}
{"phase": "evaluation", "episodes": 423, "arm": "dct16_neutral@7901", "steps": 2188, "found": false}
{"phase": "evaluation", "episodes": 424, "arm": "dct16_nearest@7901", "steps": 2188, "found": false}
{"phase": "evaluation", "episodes": 425, "arm": "recent32_hard@7901", "steps": 8, "found": true}
{"phase": "evaluation", "episodes": 426, "arm": "full_bayes@7901", "steps": 2188, "found": false}
{"phase": "evaluation", "episodes": 427, "arm": "dct16_neutral@7902", "steps": 2188, "found": false}
{"phase": "evaluation", "episodes": 428, "arm": "dct16_nearest@7902", "steps": 2188, "found": false}
{"phase": "evaluation", "episodes": 429, "arm": "recent32_hard@7902", "steps": 502, "found": true}
{"phase": "evaluation", "episodes": 430, "arm": "full_bayes@7902", "steps": 2188, "found": false}
{"phase": "evaluation", "episodes": 431, "arm": "dct16_neutral@7903", "steps": 2188, "found": false}
{"phase": "evaluation", "episodes": 432, "arm": "dct16_nearest@7903", "steps": 2188, "found": false}
{"phase": "evaluation", "episodes": 433, "arm": "full_bayes@7903", "steps": 2188, "found": false}
{"phase": "evaluation", "episodes": 434, "arm": "full_bayes@planner", "steps": 16, "found": true}
{"phase": "evaluation", "episodes": 435, "arm": "dct16_neutral@planner", "steps": 16, "found": true}
{"phase": "evaluation", "episodes": 436, "arm": "dct16_nearest@planner", "steps": 18, "found": true}
{"phase": "evaluation", "episodes": 437, "arm": "recent32_hard@planner", "steps": 16, "found": true}
{"phase": "evaluation", "episodes": 438, "arm": "dct16_neutral@7901", "steps": 2188, "found": false}
{"phase": "evaluation", "episodes": 439, "arm": "dct16_nearest@7901", "steps": 24, "found": true}
{"phase": "evaluation", "episodes": 440, "arm": "recent32_hard@7901", "steps": 2188, "found": false}
{"phase": "evaluation", "episodes": 441, "arm": "full_bayes@7901", "steps": 2188, "found": false}
{"phase": "evaluation", "episodes": 442, "arm": "dct16_neutral@7902", "steps": 2188, "found": false}
{"phase": "evaluation", "episodes": 443, "arm": "dct16_nearest@7902", "steps": 28, "found": true}
{"phase": "evaluation", "episodes": 444, "arm": "recent32_hard@7902", "steps": 192, "found": true}
{"phase": "evaluation", "episodes": 445, "arm": "full_bayes@7902", "steps": 2188, "found": false}
{"phase": "evaluation", "episodes": 446, "arm": "dct16_neutral@7903", "steps": 18, "found": true}
{"phase": "evaluation", "episodes": 447, "arm": "dct16_nearest@7903", "steps": 2188, "found": false}
{"phase": "evaluation", "episodes": 448, "arm": "recent32_hard@7903", "steps": 1318, "found": true}
{"phase": "evaluation", "episodes": 449, "arm": "full_bayes@planner", "steps": 31, "found": true}
{"phase": "evaluation", "episodes": 450, "arm": "dct16_neutral@planner", "steps": 31, "found": true}
{"phase": "evaluation", "episodes": 451, "arm": "dct16_nearest@planner", "steps": 29, "found": true}
{"phase": "evaluation", "episodes": 452, "arm": "recent32_hard@planner", "steps": 31, "found": true}
{"phase": "evaluation", "episodes": 453, "arm": "dct16_neutral@7901", "steps": 2188, "found": false}
{"phase": "evaluation", "episodes": 454, "arm": "dct16_nearest@7901", "steps": 57, "found": true}
{"phase": "evaluation", "episodes": 455, "arm": "recent32_hard@7901", "steps": 39, "found": true}
{"phase": "evaluation", "episodes": 456, "arm": "full_bayes@7901", "steps": 17, "found": true}
{"phase": "evaluation", "episodes": 457, "arm": "dct16_neutral@7902", "steps": 125, "found": true}
{"phase": "evaluation", "episodes": 458, "arm": "dct16_nearest@7902", "steps": 2188, "found": false}
{"phase": "evaluation", "episodes": 459, "arm": "recent32_hard@7902", "steps": 2188, "found": false}
{"phase": "evaluation", "episodes": 460, "arm": "full_bayes@7902", "steps": 17, "found": true}
{"phase": "evaluation", "episodes": 461, "arm": "dct16_neutral@7903", "steps": 2188, "found": false}
{"phase": "evaluation", "episodes": 462, "arm": "dct16_nearest@7903", "steps": 2188, "found": false}
{"phase": "evaluation", "episodes": 463, "arm": "recent32_hard@7903", "steps": 129, "found": true}
{"phase": "evaluation", "episodes": 464, "arm": "full_bayes@7903", "steps": 2188, "found": false}
{"phase": "evaluation", "episodes": 465, "arm": "dct16_neutral@planner", "steps": 10, "found": true}
{"phase": "evaluation", "episodes": 466, "arm": "dct16_nearest@planner", "steps": 10, "found": true}
{"phase": "evaluation", "episodes": 467, "arm": "recent32_hard@planner", "steps": 10, "found": true}
{"phase": "evaluation", "episodes": 468, "arm": "dct16_neutral@7901", "steps": 2188, "found": false}
{"phase": "evaluation", "episodes": 469, "arm": "dct16_nearest@7901", "steps": 2188, "found": false}
{"phase": "evaluation", "episodes": 470, "arm": "recent32_hard@7901", "steps": 134, "found": true}
{"phase": "evaluation", "episodes": 471, "arm": "full_bayes@7901", "steps": 2188, "found": false}
{"phase": "evaluation", "episodes": 472, "arm": "dct16_neutral@7902", "steps": 2188, "found": false}
{"phase": "evaluation", "episodes": 473, "arm": "dct16_nearest@7902", "steps": 2188, "found": false}
{"phase": "evaluation", "episodes": 474, "arm": "recent32_hard@7902", "steps": 178, "found": true}
{"phase": "evaluation", "episodes": 475, "arm": "full_bayes@7902", "steps": 2188, "found": false}
{"phase": "evaluation", "episodes": 476, "arm": "dct16_neutral@7903", "steps": 2188, "found": false}
{"phase": "evaluation", "episodes": 477, "arm": "dct16_nearest@7903", "steps": 2188, "found": false}
{"phase": "evaluation", "episodes": 478, "arm": "recent32_hard@7903", "steps": 2188, "found": false}
{"phase": "evaluation", "episodes": 479, "arm": "full_bayes@7903", "steps": 2188, "found": false}
{"phase": "evaluation", "episodes": 480, "arm": "full_bayes@planner", "steps": 10, "found": true}
{"phase": "evaluation", "episodes": 481, "arm": "dct16_nearest@planner", "steps": 29, "found": true}
{"phase": "evaluation", "episodes": 482, "arm": "recent32_hard@planner", "steps": 29, "found": true}
{"phase": "evaluation", "episodes": 483, "arm": "dct16_neutral@7901", "steps": 2188, "found": false}
{"phase": "evaluation", "episodes": 484, "arm": "dct16_nearest@7901", "steps": 51, "found": true}
{"phase": "evaluation", "episodes": 485, "arm": "recent32_hard@7901", "steps": 401, "found": true}
{"phase": "evaluation", "episodes": 486, "arm": "full_bayes@7901", "steps": 2188, "found": false}
{"phase": "evaluation", "episodes": 487, "arm": "dct16_neutral@7902", "steps": 2188, "found": false}
{"phase": "evaluation", "episodes": 488, "arm": "dct16_nearest@7902", "steps": 31, "found": true}
{"phase": "evaluation", "episodes": 489, "arm": "recent32_hard@7902", "steps": 2188, "found": false}
{"phase": "evaluation", "episodes": 490, "arm": "full_bayes@7902", "steps": 2188, "found": false}
{"phase": "evaluation", "episodes": 491, "arm": "dct16_neutral@7903", "steps": 13, "found": true}
{"phase": "evaluation", "episodes": 492, "arm": "dct16_nearest@7903", "steps": 2188, "found": false}
{"phase": "evaluation", "episodes": 493, "arm": "recent32_hard@7903", "steps": 51, "found": true}
{"phase": "evaluation", "episodes": 494, "arm": "full_bayes@7903", "steps": 13, "found": true}
{"phase": "evaluation", "episodes": 495, "arm": "full_bayes@planner", "steps": 29, "found": true}
{"phase": "evaluation", "episodes": 496, "arm": "dct16_neutral@planner", "steps": 25, "found": true}
{"phase": "evaluation", "episodes": 497, "arm": "recent32_hard@planner", "steps": 34, "found": true}
{"phase": "evaluation", "episodes": 498, "arm": "dct16_neutral@7901", "steps": 64, "found": true}
{"phase": "evaluation", "episodes": 499, "arm": "dct16_nearest@7901", "steps": 2188, "found": false}
{"phase": "evaluation", "episodes": 500, "arm": "recent32_hard@7901", "steps": 742, "found": true}
{"phase": "evaluation", "episodes": 501, "arm": "full_bayes@7901", "steps": 204, "found": true}
{"phase": "evaluation", "episodes": 502, "arm": "dct16_neutral@7902", "steps": 2188, "found": false}
{"phase": "evaluation", "episodes": 503, "arm": "dct16_nearest@7902", "steps": 2188, "found": false}
{"phase": "evaluation", "episodes": 504, "arm": "recent32_hard@7902", "steps": 2188, "found": false}
{"phase": "evaluation", "episodes": 505, "arm": "full_bayes@7902", "steps": 2188, "found": false}
{"phase": "evaluation", "episodes": 506, "arm": "dct16_neutral@7903", "steps": 2188, "found": false}
{"phase": "evaluation", "episodes": 507, "arm": "dct16_nearest@7903", "steps": 2188, "found": false}
{"phase": "evaluation", "episodes": 508, "arm": "recent32_hard@7903", "steps": 2188, "found": false}
{"phase": "evaluation", "episodes": 509, "arm": "full_bayes@7903", "steps": 2188, "found": false}
{"phase": "evaluation", "episodes": 510, "arm": "full_bayes@planner", "steps": 34, "found": true}
{"phase": "evaluation", "episodes": 511, "arm": "dct16_neutral@planner", "steps": 72, "found": true}
{"phase": "evaluation", "episodes": 512, "arm": "dct16_nearest@planner", "steps": 26, "found": true}
{"phase": "evaluation", "episodes": 513, "arm": "dct16_neutral@7901", "steps": 2188, "found": false}
{"phase": "evaluation", "episodes": 514, "arm": "dct16_nearest@7901", "steps": 2188, "found": false}
{"phase": "evaluation", "episodes": 515, "arm": "recent32_hard@7901", "steps": 1347, "found": true}
{"phase": "evaluation", "episodes": 516, "arm": "full_bayes@7901", "steps": 3, "found": true}
{"phase": "evaluation", "episodes": 517, "arm": "dct16_neutral@7902", "steps": 2188, "found": false}
{"phase": "evaluation", "episodes": 518, "arm": "dct16_nearest@7902", "steps": 2188, "found": false}
{"phase": "evaluation", "episodes": 519, "arm": "recent32_hard@7902", "steps": 515, "found": true}
{"phase": "evaluation", "episodes": 520, "arm": "full_bayes@7902", "steps": 3, "found": true}
{"phase": "evaluation", "episodes": 521, "arm": "dct16_neutral@7903", "steps": 2188, "found": false}
{"phase": "evaluation", "episodes": 522, "arm": "dct16_nearest@7903", "steps": 2188, "found": false}
{"phase": "evaluation", "episodes": 523, "arm": "recent32_hard@7903", "steps": 145, "found": true}
{"phase": "evaluation", "episodes": 524, "arm": "full_bayes@7903", "steps": 2188, "found": false}
{"phase": "evaluation", "episodes": 525, "arm": "full_bayes@planner", "steps": 27, "found": true}
{"phase": "evaluation", "episodes": 526, "arm": "dct16_neutral@planner", "steps": 27, "found": true}
{"phase": "evaluation", "episodes": 527, "arm": "dct16_nearest@planner", "steps": 27, "found": true}
{"phase": "evaluation", "episodes": 528, "arm": "recent32_hard@planner", "steps": 27, "found": true}
{"phase": "evaluation", "episodes": 529, "arm": "dct16_nearest@7901", "steps": 2188, "found": false}
{"phase": "evaluation", "episodes": 530, "arm": "recent32_hard@7901", "steps": 59, "found": true}
{"phase": "evaluation", "episodes": 531, "arm": "full_bayes@7901", "steps": 2188, "found": false}
{"phase": "evaluation", "episodes": 532, "arm": "dct16_neutral@7902", "steps": 2188, "found": false}
{"phase": "evaluation", "episodes": 533, "arm": "dct16_nearest@7902", "steps": 2188, "found": false}
{"phase": "evaluation", "episodes": 534, "arm": "recent32_hard@7902", "steps": 293, "found": true}
{"phase": "evaluation", "episodes": 535, "arm": "full_bayes@7902", "steps": 2188, "found": false}
{"phase": "evaluation", "episodes": 536, "arm": "dct16_neutral@7903", "steps": 2188, "found": false}
{"phase": "evaluation", "episodes": 537, "arm": "dct16_nearest@7903", "steps": 51, "found": true}
{"phase": "evaluation", "episodes": 538, "arm": "recent32_hard@7903", "steps": 1849, "found": true}
{"phase": "evaluation", "episodes": 539, "arm": "full_bayes@7903", "steps": 21, "found": true}
{"phase": "evaluation", "episodes": 540, "arm": "full_bayes@planner", "steps": 21, "found": true}
{"phase": "evaluation", "episodes": 541, "arm": "dct16_neutral@planner", "steps": 17, "found": true}
{"phase": "evaluation", "episodes": 542, "arm": "dct16_nearest@planner", "steps": 17, "found": true}
{"phase": "evaluation", "episodes": 543, "arm": "recent32_hard@planner", "steps": 21, "found": true}
{"phase": "evaluation", "episodes": 544, "arm": "dct16_neutral@7901", "steps": 2188, "found": false}
{"phase": "evaluation", "episodes": 545, "arm": "recent32_hard@7901", "steps": 2188, "found": false}
{"phase": "evaluation", "episodes": 546, "arm": "full_bayes@7901", "steps": 22, "found": true}
{"phase": "evaluation", "episodes": 547, "arm": "dct16_neutral@7902", "steps": 2188, "found": false}
{"phase": "evaluation", "episodes": 548, "arm": "dct16_nearest@7902", "steps": 2188, "found": false}
{"phase": "evaluation", "episodes": 549, "arm": "recent32_hard@7902", "steps": 900, "found": true}
{"phase": "evaluation", "episodes": 550, "arm": "full_bayes@7902", "steps": 2188, "found": false}
{"phase": "evaluation", "episodes": 551, "arm": "dct16_neutral@7903", "steps": 2188, "found": false}
{"phase": "evaluation", "episodes": 552, "arm": "dct16_nearest@7903", "steps": 14, "found": true}
{"phase": "evaluation", "episodes": 553, "arm": "recent32_hard@7903", "steps": 986, "found": true}
{"phase": "evaluation", "episodes": 554, "arm": "full_bayes@7903", "steps": 2188, "found": false}
{"phase": "evaluation", "episodes": 555, "arm": "full_bayes@planner", "steps": 18, "found": true}
{"phase": "evaluation", "episodes": 556, "arm": "dct16_neutral@planner", "steps": 18, "found": true}
{"phase": "evaluation", "episodes": 557, "arm": "dct16_nearest@planner", "steps": 18, "found": true}
{"phase": "evaluation", "episodes": 558, "arm": "recent32_hard@planner", "steps": 18, "found": true}
{"phase": "evaluation", "episodes": 559, "arm": "dct16_neutral@7901", "steps": 2188, "found": false}
{"phase": "evaluation", "episodes": 560, "arm": "dct16_nearest@7901", "steps": 2188, "found": false}
{"phase": "evaluation", "episodes": 561, "arm": "full_bayes@7901", "steps": 2188, "found": false}
{"phase": "evaluation", "episodes": 562, "arm": "dct16_neutral@7902", "steps": 46, "found": true}
{"phase": "evaluation", "episodes": 563, "arm": "dct16_nearest@7902", "steps": 2188, "found": false}
{"phase": "evaluation", "episodes": 564, "arm": "recent32_hard@7902", "steps": 806, "found": true}
{"phase": "evaluation", "episodes": 565, "arm": "full_bayes@7902", "steps": 40, "found": true}
{"phase": "evaluation", "episodes": 566, "arm": "dct16_neutral@7903", "steps": 2188, "found": false}
{"phase": "evaluation", "episodes": 567, "arm": "dct16_nearest@7903", "steps": 2188, "found": false}
{"phase": "evaluation", "episodes": 568, "arm": "recent32_hard@7903", "steps": 402, "found": true}
{"phase": "evaluation", "episodes": 569, "arm": "full_bayes@7903", "steps": 2188, "found": false}
{"phase": "evaluation", "episodes": 570, "arm": "full_bayes@planner", "steps": 16, "found": true}
{"phase": "evaluation", "episodes": 571, "arm": "dct16_neutral@planner", "steps": 18, "found": true}
{"phase": "evaluation", "episodes": 572, "arm": "dct16_nearest@planner", "steps": 18, "found": true}
{"phase": "evaluation", "episodes": 573, "arm": "recent32_hard@planner", "steps": 16, "found": true}
{"phase": "evaluation", "episodes": 574, "arm": "dct16_neutral@7901", "steps": 2188, "found": false}
{"phase": "evaluation", "episodes": 575, "arm": "dct16_nearest@7901", "steps": 50, "found": true}
{"phase": "evaluation", "episodes": 576, "arm": "recent32_hard@7901", "steps": 300, "found": true}
{"phase": "evaluation", "episodes": 577, "arm": "dct16_neutral@7902", "steps": 31, "found": true}
{"phase": "evaluation", "episodes": 578, "arm": "dct16_nearest@7902", "steps": 2188, "found": false}
{"phase": "evaluation", "episodes": 579, "arm": "recent32_hard@7902", "steps": 2188, "found": false}
{"phase": "evaluation", "episodes": 580, "arm": "full_bayes@7902", "steps": 2188, "found": false}
{"phase": "evaluation", "episodes": 581, "arm": "dct16_neutral@7903", "steps": 2188, "found": false}
{"phase": "evaluation", "episodes": 582, "arm": "dct16_nearest@7903", "steps": 2188, "found": false}
{"phase": "evaluation", "episodes": 583, "arm": "recent32_hard@7903", "steps": 257, "found": true}
{"phase": "evaluation", "episodes": 584, "arm": "full_bayes@7903", "steps": 5, "found": true}
{"phase": "evaluation", "episodes": 585, "arm": "full_bayes@planner", "steps": 17, "found": true}
{"phase": "evaluation", "episodes": 586, "arm": "dct16_neutral@planner", "steps": 15, "found": true}
{"phase": "evaluation", "episodes": 587, "arm": "dct16_nearest@planner", "steps": 15, "found": true}
{"phase": "evaluation", "episodes": 588, "arm": "recent32_hard@planner", "steps": 17, "found": true}
{"phase": "evaluation", "episodes": 589, "arm": "dct16_neutral@7901", "steps": 17, "found": true}
{"phase": "evaluation", "episodes": 590, "arm": "dct16_nearest@7901", "steps": 17, "found": true}
{"phase": "evaluation", "episodes": 591, "arm": "recent32_hard@7901", "steps": 2188, "found": false}
{"phase": "evaluation", "episodes": 592, "arm": "full_bayes@7901", "steps": 2188, "found": false}
{"phase": "evaluation", "episodes": 593, "arm": "dct16_nearest@7902", "steps": 2188, "found": false}
{"phase": "evaluation", "episodes": 594, "arm": "recent32_hard@7902", "steps": 245, "found": true}
{"phase": "evaluation", "episodes": 595, "arm": "full_bayes@7902", "steps": 2188, "found": false}
{"phase": "evaluation", "episodes": 596, "arm": "dct16_neutral@7903", "steps": 2188, "found": false}
{"phase": "evaluation", "episodes": 597, "arm": "dct16_nearest@7903", "steps": 2188, "found": false}
{"phase": "evaluation", "episodes": 598, "arm": "recent32_hard@7903", "steps": 305, "found": true}
{"phase": "evaluation", "episodes": 599, "arm": "full_bayes@7903", "steps": 2188, "found": false}
{"phase": "evaluation", "episodes": 600, "arm": "full_bayes@planner", "steps": 31, "found": true}
{"phase": "evaluation", "episodes": 601, "arm": "dct16_neutral@planner", "steps": 41, "found": true}
{"phase": "evaluation", "episodes": 602, "arm": "dct16_nearest@planner", "steps": 49, "found": true}
{"phase": "evaluation", "episodes": 603, "arm": "recent32_hard@planner", "steps": 31, "found": true}
{"phase": "evaluation", "episodes": 604, "arm": "dct16_neutral@7901", "steps": 2188, "found": false}
{"phase": "evaluation", "episodes": 605, "arm": "dct16_nearest@7901", "steps": 2188, "found": false}
{"phase": "evaluation", "episodes": 606, "arm": "recent32_hard@7901", "steps": 301, "found": true}
{"phase": "evaluation", "episodes": 607, "arm": "full_bayes@7901", "steps": 2188, "found": false}
{"phase": "evaluation", "episodes": 608, "arm": "dct16_neutral@7902", "steps": 2188, "found": false}
{"phase": "evaluation", "episodes": 609, "arm": "recent32_hard@7902", "steps": 2188, "found": false}
{"phase": "evaluation", "episodes": 610, "arm": "full_bayes@7902", "steps": 2188, "found": false}
{"phase": "evaluation", "episodes": 611, "arm": "dct16_neutral@7903", "steps": 2188, "found": false}
{"phase": "evaluation", "episodes": 612, "arm": "dct16_nearest@7903", "steps": 2188, "found": false}
{"phase": "evaluation", "episodes": 613, "arm": "recent32_hard@7903", "steps": 55, "found": true}
{"phase": "evaluation", "episodes": 614, "arm": "full_bayes@7903", "steps": 2188, "found": false}
{"phase": "evaluation", "episodes": 615, "arm": "full_bayes@planner", "steps": 31, "found": true}
{"phase": "evaluation", "episodes": 616, "arm": "dct16_neutral@planner", "steps": 39, "found": true}
{"phase": "evaluation", "episodes": 617, "arm": "dct16_nearest@planner", "steps": 31, "found": true}
{"phase": "evaluation", "episodes": 618, "arm": "recent32_hard@planner", "steps": 31, "found": true}
{"phase": "evaluation", "episodes": 619, "arm": "dct16_neutral@7901", "steps": 2188, "found": false}
{"phase": "evaluation", "episodes": 620, "arm": "dct16_nearest@7901", "steps": 2188, "found": false}
{"phase": "evaluation", "episodes": 621, "arm": "recent32_hard@7901", "steps": 2188, "found": false}
{"phase": "evaluation", "episodes": 622, "arm": "full_bayes@7901", "steps": 33, "found": true}
{"phase": "evaluation", "episodes": 623, "arm": "dct16_neutral@7902", "steps": 45, "found": true}
{"phase": "evaluation", "episodes": 624, "arm": "dct16_nearest@7902", "steps": 2188, "found": false}
{"phase": "evaluation", "episodes": 625, "arm": "full_bayes@7902", "steps": 2188, "found": false}
{"phase": "evaluation", "episodes": 626, "arm": "dct16_neutral@7903", "steps": 2188, "found": false}
{"phase": "evaluation", "episodes": 627, "arm": "dct16_nearest@7903", "steps": 2188, "found": false}
{"phase": "evaluation", "episodes": 628, "arm": "recent32_hard@7903", "steps": 11, "found": true}
{"phase": "evaluation", "episodes": 629, "arm": "full_bayes@7903", "steps": 2188, "found": false}
{"phase": "evaluation", "episodes": 630, "arm": "full_bayes@planner", "steps": 9, "found": true}
{"phase": "evaluation", "episodes": 631, "arm": "dct16_neutral@planner", "steps": 9, "found": true}
{"phase": "evaluation", "episodes": 632, "arm": "dct16_nearest@planner", "steps": 9, "found": true}
{"phase": "evaluation", "episodes": 633, "arm": "recent32_hard@planner", "steps": 9, "found": true}
{"phase": "evaluation", "episodes": 634, "arm": "dct16_neutral@7901", "steps": 2188, "found": false}
{"phase": "evaluation", "episodes": 635, "arm": "dct16_nearest@7901", "steps": 2188, "found": false}
{"phase": "evaluation", "episodes": 636, "arm": "recent32_hard@7901", "steps": 11, "found": true}
{"phase": "evaluation", "episodes": 637, "arm": "full_bayes@7901", "steps": 2188, "found": false}
{"phase": "evaluation", "episodes": 638, "arm": "dct16_neutral@7902", "steps": 2188, "found": false}
{"phase": "evaluation", "episodes": 639, "arm": "dct16_nearest@7902", "steps": 2188, "found": false}
{"phase": "evaluation", "episodes": 640, "arm": "recent32_hard@7902", "steps": 11, "found": true}
{"phase": "evaluation", "episodes": 641, "arm": "dct16_neutral@7903", "steps": 2188, "found": false}
{"phase": "evaluation", "episodes": 642, "arm": "dct16_nearest@7903", "steps": 21, "found": true}
{"phase": "evaluation", "episodes": 643, "arm": "recent32_hard@7903", "steps": 51, "found": true}
{"phase": "evaluation", "episodes": 644, "arm": "full_bayes@7903", "steps": 11, "found": true}
{"phase": "evaluation", "episodes": 645, "arm": "full_bayes@planner", "steps": 7, "found": true}
{"phase": "evaluation", "episodes": 646, "arm": "dct16_neutral@planner", "steps": 17, "found": true}
{"phase": "evaluation", "episodes": 647, "arm": "dct16_nearest@planner", "steps": 7, "found": true}
{"phase": "evaluation", "episodes": 648, "arm": "recent32_hard@planner", "steps": 7, "found": true}
{"phase": "evaluation", "episodes": 649, "arm": "dct16_neutral@7901", "steps": 2188, "found": false}
{"phase": "evaluation", "episodes": 650, "arm": "dct16_nearest@7901", "steps": 11, "found": true}
{"phase": "evaluation", "episodes": 651, "arm": "recent32_hard@7901", "steps": 9, "found": true}
{"phase": "evaluation", "episodes": 652, "arm": "full_bayes@7901", "steps": 2188, "found": false}
{"phase": "evaluation", "episodes": 653, "arm": "dct16_neutral@7902", "steps": 2188, "found": false}
{"phase": "evaluation", "episodes": 654, "arm": "dct16_nearest@7902", "steps": 2188, "found": false}
{"phase": "evaluation", "episodes": 655, "arm": "recent32_hard@7902", "steps": 179, "found": true}
{"phase": "evaluation", "episodes": 656, "arm": "full_bayes@7902", "steps": 2188, "found": false}
{"phase": "evaluation", "episodes": 657, "arm": "dct16_nearest@7903", "steps": 2188, "found": false}
{"phase": "evaluation", "episodes": 658, "arm": "recent32_hard@7903", "steps": 2188, "found": false}
{"phase": "evaluation", "episodes": 659, "arm": "full_bayes@7903", "steps": 5, "found": true}
{"phase": "evaluation", "episodes": 660, "arm": "full_bayes@planner", "steps": 9, "found": true}
{"phase": "evaluation", "episodes": 661, "arm": "dct16_neutral@planner", "steps": 25, "found": true}
{"phase": "evaluation", "episodes": 662, "arm": "dct16_nearest@planner", "steps": 25, "found": true}
{"phase": "evaluation", "episodes": 663, "arm": "recent32_hard@planner", "steps": 9, "found": true}
{"phase": "evaluation", "episodes": 664, "arm": "dct16_neutral@7901", "steps": 2188, "found": false}
{"phase": "evaluation", "episodes": 665, "arm": "dct16_nearest@7901", "steps": 2188, "found": false}
{"phase": "evaluation", "episodes": 666, "arm": "recent32_hard@7901", "steps": 9, "found": true}
{"phase": "evaluation", "episodes": 667, "arm": "full_bayes@7901", "steps": 31, "found": true}
{"phase": "evaluation", "episodes": 668, "arm": "dct16_neutral@7902", "steps": 11, "found": true}
{"phase": "evaluation", "episodes": 669, "arm": "dct16_nearest@7902", "steps": 2188, "found": false}
{"phase": "evaluation", "episodes": 670, "arm": "recent32_hard@7902", "steps": 315, "found": true}
{"phase": "evaluation", "episodes": 671, "arm": "full_bayes@7902", "steps": 11, "found": true}
{"phase": "evaluation", "episodes": 672, "arm": "dct16_neutral@7903", "steps": 2188, "found": false}
{"phase": "evaluation", "episodes": 673, "arm": "recent32_hard@7903", "steps": 2188, "found": false}
{"phase": "evaluation", "episodes": 674, "arm": "full_bayes@7903", "steps": 2188, "found": false}
{"phase": "evaluation", "episodes": 675, "arm": "full_bayes@planner", "steps": 14, "found": true}
{"phase": "evaluation", "episodes": 676, "arm": "dct16_neutral@planner", "steps": 14, "found": true}
{"phase": "evaluation", "episodes": 677, "arm": "dct16_nearest@planner", "steps": 22, "found": true}
{"phase": "evaluation", "episodes": 678, "arm": "recent32_hard@planner", "steps": 14, "found": true}
{"phase": "evaluation", "episodes": 679, "arm": "dct16_neutral@7901", "steps": 2188, "found": false}
{"phase": "evaluation", "episodes": 680, "arm": "dct16_nearest@7901", "steps": 2188, "found": false}
{"phase": "evaluation", "episodes": 681, "arm": "recent32_hard@7901", "steps": 2188, "found": false}
{"phase": "evaluation", "episodes": 682, "arm": "full_bayes@7901", "steps": 84, "found": true}
{"phase": "evaluation", "episodes": 683, "arm": "dct16_neutral@7902", "steps": 16, "found": true}
{"phase": "evaluation", "episodes": 684, "arm": "dct16_nearest@7902", "steps": 2188, "found": false}
{"phase": "evaluation", "episodes": 685, "arm": "recent32_hard@7902", "steps": 2188, "found": false}
{"phase": "evaluation", "episodes": 686, "arm": "full_bayes@7902", "steps": 2188, "found": false}
{"phase": "evaluation", "episodes": 687, "arm": "dct16_neutral@7903", "steps": 2188, "found": false}
{"phase": "evaluation", "episodes": 688, "arm": "dct16_nearest@7903", "steps": 2188, "found": false}
{"phase": "evaluation", "episodes": 689, "arm": "full_bayes@7903", "steps": 11, "found": true}
{"phase": "evaluation", "episodes": 690, "arm": "full_bayes@planner", "steps": 3, "found": true}
{"phase": "evaluation", "episodes": 691, "arm": "dct16_neutral@planner", "steps": 3, "found": true}
{"phase": "evaluation", "episodes": 692, "arm": "dct16_nearest@planner", "steps": 3, "found": true}
{"phase": "evaluation", "episodes": 693, "arm": "recent32_hard@planner", "steps": 3, "found": true}
{"phase": "evaluation", "episodes": 694, "arm": "dct16_neutral@7901", "steps": 2188, "found": false}
{"phase": "evaluation", "episodes": 695, "arm": "dct16_nearest@7901", "steps": 13, "found": true}
{"phase": "evaluation", "episodes": 696, "arm": "recent32_hard@7901", "steps": 143, "found": true}
{"phase": "evaluation", "episodes": 697, "arm": "full_bayes@7901", "steps": 3, "found": true}
{"phase": "evaluation", "episodes": 698, "arm": "dct16_neutral@7902", "steps": 2188, "found": false}
{"phase": "evaluation", "episodes": 699, "arm": "dct16_nearest@7902", "steps": 2188, "found": false}
{"phase": "evaluation", "episodes": 700, "arm": "recent32_hard@7902", "steps": 67, "found": true}
{"phase": "evaluation", "episodes": 701, "arm": "full_bayes@7902", "steps": 3, "found": true}
{"phase": "evaluation", "episodes": 702, "arm": "dct16_neutral@7903", "steps": 2188, "found": false}
{"phase": "evaluation", "episodes": 703, "arm": "dct16_nearest@7903", "steps": 2188, "found": false}
{"phase": "evaluation", "episodes": 704, "arm": "recent32_hard@7903", "steps": 2188, "found": false}
{"phase": "evaluation", "episodes": 705, "arm": "full_bayes@planner", "steps": 17, "found": true}
{"phase": "evaluation", "episodes": 706, "arm": "dct16_neutral@planner", "steps": 17, "found": true}
{"phase": "evaluation", "episodes": 707, "arm": "dct16_nearest@planner", "steps": 19, "found": true}
{"phase": "evaluation", "episodes": 708, "arm": "recent32_hard@planner", "steps": 17, "found": true}
{"phase": "evaluation", "episodes": 709, "arm": "dct16_neutral@7901", "steps": 2188, "found": false}
{"phase": "evaluation", "episodes": 710, "arm": "dct16_nearest@7901", "steps": 2188, "found": false}
{"phase": "evaluation", "episodes": 711, "arm": "recent32_hard@7901", "steps": 15, "found": true}
{"phase": "evaluation", "episodes": 712, "arm": "full_bayes@7901", "steps": 17, "found": true}
{"phase": "evaluation", "episodes": 713, "arm": "dct16_neutral@7902", "steps": 2188, "found": false}
{"phase": "evaluation", "episodes": 714, "arm": "dct16_nearest@7902", "steps": 2188, "found": false}
{"phase": "evaluation", "episodes": 715, "arm": "recent32_hard@7902", "steps": 2188, "found": false}
{"phase": "evaluation", "episodes": 716, "arm": "full_bayes@7902", "steps": 17, "found": true}
{"phase": "evaluation", "episodes": 717, "arm": "dct16_neutral@7903", "steps": 2188, "found": false}
{"phase": "evaluation", "episodes": 718, "arm": "dct16_nearest@7903", "steps": 2188, "found": false}
{"phase": "evaluation", "episodes": 719, "arm": "recent32_hard@7903", "steps": 15, "found": true}
{"phase": "evaluation", "episodes": 720, "arm": "full_bayes@7903", "steps": 2188, "found": false}
{"phase": "evaluation", "episodes": 721, "arm": "dct16_neutral@planner", "steps": 5, "found": true}
{"phase": "evaluation", "episodes": 722, "arm": "dct16_nearest@planner", "steps": 5, "found": true}
{"phase": "evaluation", "episodes": 723, "arm": "recent32_hard@planner", "steps": 5, "found": true}
{"phase": "evaluation", "episodes": 724, "arm": "dct16_neutral@7901", "steps": 2188, "found": false}
{"phase": "evaluation", "episodes": 725, "arm": "dct16_nearest@7901", "steps": 2188, "found": false}
{"phase": "evaluation", "episodes": 726, "arm": "recent32_hard@7901", "steps": 3, "found": true}
{"phase": "evaluation", "episodes": 727, "arm": "full_bayes@7901", "steps": 31, "found": true}
{"phase": "evaluation", "episodes": 728, "arm": "dct16_neutral@7902", "steps": 2188, "found": false}
{"phase": "evaluation", "episodes": 729, "arm": "dct16_nearest@7902", "steps": 1639, "found": true}
{"phase": "evaluation", "episodes": 730, "arm": "recent32_hard@7902", "steps": 3, "found": true}
{"phase": "evaluation", "episodes": 731, "arm": "full_bayes@7902", "steps": 2188, "found": false}
{"phase": "evaluation", "episodes": 732, "arm": "dct16_neutral@7903", "steps": 2188, "found": false}
{"phase": "evaluation", "episodes": 733, "arm": "dct16_nearest@7903", "steps": 51, "found": true}
{"phase": "evaluation", "episodes": 734, "arm": "recent32_hard@7903", "steps": 3, "found": true}
{"phase": "evaluation", "episodes": 735, "arm": "full_bayes@7903", "steps": 2188, "found": false}
{"phase": "evaluation", "episodes": 736, "arm": "full_bayes@planner", "steps": 5, "found": true}
{"phase": "evaluation", "episodes": 737, "arm": "dct16_nearest@planner", "steps": 5, "found": true}
{"phase": "evaluation", "episodes": 738, "arm": "recent32_hard@planner", "steps": 5, "found": true}
{"phase": "evaluation", "episodes": 739, "arm": "dct16_neutral@7901", "steps": 2188, "found": false}
{"phase": "evaluation", "episodes": 740, "arm": "dct16_nearest@7901", "steps": 2188, "found": false}
{"phase": "evaluation", "episodes": 741, "arm": "recent32_hard@7901", "steps": 5, "found": true}
{"phase": "evaluation", "episodes": 742, "arm": "full_bayes@7901", "steps": 2188, "found": false}
{"phase": "evaluation", "episodes": 743, "arm": "dct16_neutral@7902", "steps": 2188, "found": false}
{"phase": "evaluation", "episodes": 744, "arm": "dct16_nearest@7902", "steps": 2188, "found": false}
{"phase": "evaluation", "episodes": 745, "arm": "recent32_hard@7902", "steps": 5, "found": true}
{"phase": "evaluation", "episodes": 746, "arm": "full_bayes@7902", "steps": 13, "found": true}
{"phase": "evaluation", "episodes": 747, "arm": "dct16_neutral@7903", "steps": 2188, "found": false}
{"phase": "evaluation", "episodes": 748, "arm": "dct16_nearest@7903", "steps": 2188, "found": false}
{"phase": "evaluation", "episodes": 749, "arm": "recent32_hard@7903", "steps": 5, "found": true}
{"phase": "evaluation", "episodes": 750, "arm": "full_bayes@7903", "steps": 1, "found": true}
{"phase": "evaluation", "episodes": 751, "arm": "full_bayes@planner", "steps": 5, "found": true}
{"phase": "evaluation", "episodes": 752, "arm": "dct16_neutral@planner", "steps": 5, "found": true}
{"phase": "evaluation", "episodes": 753, "arm": "recent32_hard@planner", "steps": 31, "found": true}
{"phase": "evaluation", "episodes": 754, "arm": "dct16_neutral@7901", "steps": 2188, "found": false}
{"phase": "evaluation", "episodes": 755, "arm": "dct16_nearest@7901", "steps": 2188, "found": false}
{"phase": "evaluation", "episodes": 756, "arm": "recent32_hard@7901", "steps": 2188, "found": false}
{"phase": "evaluation", "episodes": 757, "arm": "full_bayes@7901", "steps": 41, "found": true}
{"phase": "evaluation", "episodes": 758, "arm": "dct16_neutral@7902", "steps": 67, "found": true}
{"phase": "evaluation", "episodes": 759, "arm": "dct16_nearest@7902", "steps": 69, "found": true}
{"phase": "evaluation", "episodes": 760, "arm": "recent32_hard@7902", "steps": 993, "found": true}
{"phase": "evaluation", "episodes": 761, "arm": "full_bayes@7902", "steps": 2188, "found": false}
{"phase": "evaluation", "episodes": 762, "arm": "dct16_neutral@7903", "steps": 2188, "found": false}
{"phase": "evaluation", "episodes": 763, "arm": "dct16_nearest@7903", "steps": 2188, "found": false}
{"phase": "evaluation", "episodes": 764, "arm": "recent32_hard@7903", "steps": 173, "found": true}
{"phase": "evaluation", "episodes": 765, "arm": "full_bayes@7903", "steps": 43, "found": true}
{"phase": "evaluation", "episodes": 766, "arm": "full_bayes@planner", "steps": 31, "found": true}
{"phase": "evaluation", "episodes": 767, "arm": "dct16_neutral@planner", "steps": 21, "found": true}
{"phase": "evaluation", "episodes": 768, "arm": "dct16_nearest@planner", "steps": 37, "found": true}
{"phase": "evaluation", "episodes": 769, "arm": "dct16_neutral@7901", "steps": 93, "found": true}
{"phase": "evaluation", "episodes": 770, "arm": "dct16_nearest@7901", "steps": 2188, "found": false}
{"phase": "evaluation", "episodes": 771, "arm": "recent32_hard@7901", "steps": 2188, "found": false}
{"phase": "evaluation", "episodes": 772, "arm": "full_bayes@7901", "steps": 2188, "found": false}
{"phase": "evaluation", "episodes": 773, "arm": "dct16_neutral@7902", "steps": 103, "found": true}
{"phase": "evaluation", "episodes": 774, "arm": "dct16_nearest@7902", "steps": 2188, "found": false}
{"phase": "evaluation", "episodes": 775, "arm": "recent32_hard@7902", "steps": 1145, "found": true}
{"phase": "evaluation", "episodes": 776, "arm": "full_bayes@7902", "steps": 2188, "found": false}
{"phase": "evaluation", "episodes": 777, "arm": "dct16_neutral@7903", "steps": 2188, "found": false}
{"phase": "evaluation", "episodes": 778, "arm": "dct16_nearest@7903", "steps": 2188, "found": false}
{"phase": "evaluation", "episodes": 779, "arm": "recent32_hard@7903", "steps": 2188, "found": false}
{"phase": "evaluation", "episodes": 780, "arm": "full_bayes@7903", "steps": 81, "found": true}
{"phase": "evaluation", "episodes": 781, "arm": "full_bayes@planner", "steps": 75, "found": true}
{"phase": "evaluation", "episodes": 782, "arm": "dct16_neutral@planner", "steps": 75, "found": true}
{"phase": "evaluation", "episodes": 783, "arm": "dct16_nearest@planner", "steps": 75, "found": true}
{"phase": "evaluation", "episodes": 784, "arm": "recent32_hard@planner", "steps": 73, "found": true}
{"phase": "evaluation", "episodes": 785, "arm": "dct16_nearest@7901", "steps": 108, "found": true}
{"phase": "evaluation", "episodes": 786, "arm": "recent32_hard@7901", "steps": 2188, "found": false}
{"phase": "evaluation", "episodes": 787, "arm": "full_bayes@7901", "steps": 2188, "found": false}
{"phase": "evaluation", "episodes": 788, "arm": "dct16_neutral@7902", "steps": 20, "found": true}
{"phase": "evaluation", "episodes": 789, "arm": "dct16_nearest@7902", "steps": 2188, "found": false}
{"phase": "evaluation", "episodes": 790, "arm": "recent32_hard@7902", "steps": 178, "found": true}
{"phase": "evaluation", "episodes": 791, "arm": "full_bayes@7902", "steps": 2188, "found": false}
{"phase": "evaluation", "episodes": 792, "arm": "dct16_neutral@7903", "steps": 2188, "found": false}
{"phase": "evaluation", "episodes": 793, "arm": "dct16_nearest@7903", "steps": 2188, "found": false}
{"phase": "evaluation", "episodes": 794, "arm": "recent32_hard@7903", "steps": 932, "found": true}
{"phase": "evaluation", "episodes": 795, "arm": "full_bayes@7903", "steps": 2188, "found": false}
{"phase": "evaluation", "episodes": 796, "arm": "full_bayes@planner", "steps": 30, "found": true}
{"phase": "evaluation", "episodes": 797, "arm": "dct16_neutral@planner", "steps": 28, "found": true}
{"phase": "evaluation", "episodes": 798, "arm": "dct16_nearest@planner", "steps": 22, "found": true}
{"phase": "evaluation", "episodes": 799, "arm": "recent32_hard@planner", "steps": 30, "found": true}
{"phase": "evaluation", "episodes": 800, "arm": "dct16_neutral@7901", "steps": 20, "found": true}
{"phase": "evaluation", "episodes": 801, "arm": "recent32_hard@7901", "steps": 1, "found": true}
{"phase": "evaluation", "episodes": 802, "arm": "full_bayes@7901", "steps": 3, "found": true}
{"phase": "evaluation", "episodes": 803, "arm": "dct16_neutral@7902", "steps": 3, "found": true}
{"phase": "evaluation", "episodes": 804, "arm": "dct16_nearest@7902", "steps": 3, "found": true}
{"phase": "evaluation", "episodes": 805, "arm": "recent32_hard@7902", "steps": 1, "found": true}
{"phase": "evaluation", "episodes": 806, "arm": "full_bayes@7902", "steps": 5, "found": true}
{"phase": "evaluation", "episodes": 807, "arm": "dct16_neutral@7903", "steps": 1, "found": true}
{"phase": "evaluation", "episodes": 808, "arm": "dct16_nearest@7903", "steps": 1, "found": true}
{"phase": "evaluation", "episodes": 809, "arm": "recent32_hard@7903", "steps": 3, "found": true}
{"phase": "evaluation", "episodes": 810, "arm": "full_bayes@7903", "steps": 1, "found": true}
{"phase": "evaluation", "episodes": 811, "arm": "full_bayes@planner", "steps": 3, "found": true}
{"phase": "evaluation", "episodes": 812, "arm": "dct16_neutral@planner", "steps": 3, "found": true}
{"phase": "evaluation", "episodes": 813, "arm": "dct16_nearest@planner", "steps": 3, "found": true}
{"phase": "evaluation", "episodes": 814, "arm": "recent32_hard@planner", "steps": 3, "found": true}
{"phase": "evaluation", "episodes": 815, "arm": "dct16_neutral@7901", "steps": 3, "found": true}
{"phase": "evaluation", "episodes": 816, "arm": "dct16_nearest@7901", "steps": 3, "found": true}
{"phase": "evaluation", "episodes": 817, "arm": "full_bayes@7901", "steps": 30, "found": true}
{"phase": "evaluation", "episodes": 818, "arm": "dct16_neutral@7902", "steps": 18, "found": true}
{"phase": "evaluation", "episodes": 819, "arm": "dct16_nearest@7902", "steps": 44, "found": true}
{"phase": "evaluation", "episodes": 820, "arm": "recent32_hard@7902", "steps": 84, "found": true}
{"phase": "evaluation", "episodes": 821, "arm": "full_bayes@7902", "steps": 2188, "found": false}
{"phase": "evaluation", "episodes": 822, "arm": "dct16_neutral@7903", "steps": 2188, "found": false}
{"phase": "evaluation", "episodes": 823, "arm": "dct16_nearest@7903", "steps": 2188, "found": false}
{"phase": "evaluation", "episodes": 824, "arm": "recent32_hard@7903", "steps": 466, "found": true}
{"phase": "evaluation", "episodes": 825, "arm": "full_bayes@7903", "steps": 2188, "found": false}
{"phase": "evaluation", "episodes": 826, "arm": "full_bayes@planner", "steps": 44, "found": true}
{"phase": "evaluation", "episodes": 827, "arm": "dct16_neutral@planner", "steps": 22, "found": true}
{"phase": "evaluation", "episodes": 828, "arm": "dct16_nearest@planner", "steps": 24, "found": true}
{"phase": "evaluation", "episodes": 829, "arm": "recent32_hard@planner", "steps": 62, "found": true}
{"phase": "evaluation", "episodes": 830, "arm": "dct16_neutral@7901", "steps": 2188, "found": false}
{"phase": "evaluation", "episodes": 831, "arm": "dct16_nearest@7901", "steps": 2188, "found": false}
{"phase": "evaluation", "episodes": 832, "arm": "recent32_hard@7901", "steps": 2188, "found": false}
{"phase": "evaluation", "episodes": 833, "arm": "dct16_neutral@7902", "steps": 10, "found": true}
{"phase": "evaluation", "episodes": 834, "arm": "dct16_nearest@7902", "steps": 2188, "found": false}
{"phase": "evaluation", "episodes": 835, "arm": "recent32_hard@7902", "steps": 214, "found": true}
{"phase": "evaluation", "episodes": 836, "arm": "full_bayes@7902", "steps": 2188, "found": false}
{"phase": "evaluation", "episodes": 837, "arm": "dct16_neutral@7903", "steps": 10, "found": true}
{"phase": "evaluation", "episodes": 838, "arm": "dct16_nearest@7903", "steps": 8, "found": true}
{"phase": "evaluation", "episodes": 839, "arm": "recent32_hard@7903", "steps": 600, "found": true}
{"phase": "evaluation", "episodes": 840, "arm": "full_bayes@7903", "steps": 2, "found": true}
{"phase": "evaluation", "episodes": 841, "arm": "full_bayes@planner", "steps": 4, "found": true}
{"phase": "evaluation", "episodes": 842, "arm": "dct16_neutral@planner", "steps": 4, "found": true}
{"phase": "evaluation", "episodes": 843, "arm": "dct16_nearest@planner", "steps": 4, "found": true}
{"phase": "evaluation", "episodes": 844, "arm": "recent32_hard@planner", "steps": 4, "found": true}
{"phase": "evaluation", "episodes": 845, "arm": "dct16_neutral@7901", "steps": 8, "found": true}
{"phase": "evaluation", "episodes": 846, "arm": "dct16_nearest@7901", "steps": 8, "found": true}
{"phase": "evaluation", "episodes": 847, "arm": "recent32_hard@7901", "steps": 120, "found": true}
{"phase": "evaluation", "episodes": 848, "arm": "full_bayes@7901", "steps": 10, "found": true}
{"phase": "evaluation", "episodes": 849, "arm": "dct16_nearest@7902", "steps": 2188, "found": false}
{"phase": "evaluation", "episodes": 850, "arm": "recent32_hard@7902", "steps": 529, "found": true}
{"phase": "evaluation", "episodes": 851, "arm": "full_bayes@7902", "steps": 5, "found": true}
{"phase": "evaluation", "episodes": 852, "arm": "dct16_neutral@7903", "steps": 2188, "found": false}
{"phase": "evaluation", "episodes": 853, "arm": "dct16_nearest@7903", "steps": 2188, "found": false}
{"phase": "evaluation", "episodes": 854, "arm": "recent32_hard@7903", "steps": 2188, "found": false}
{"phase": "evaluation", "episodes": 855, "arm": "full_bayes@7903", "steps": 5, "found": true}
{"phase": "evaluation", "episodes": 856, "arm": "full_bayes@planner", "steps": 1, "found": true}
{"phase": "evaluation", "episodes": 857, "arm": "dct16_neutral@planner", "steps": 1, "found": true}
{"phase": "evaluation", "episodes": 858, "arm": "dct16_nearest@planner", "steps": 1, "found": true}
{"phase": "evaluation", "episodes": 859, "arm": "recent32_hard@planner", "steps": 1, "found": true}
{"phase": "evaluation", "episodes": 860, "arm": "dct16_neutral@7901", "steps": 2188, "found": false}
{"phase": "evaluation", "episodes": 861, "arm": "dct16_nearest@7901", "steps": 2188, "found": false}
{"phase": "evaluation", "episodes": 862, "arm": "recent32_hard@7901", "steps": 49, "found": true}
{"phase": "evaluation", "episodes": 863, "arm": "full_bayes@7901", "steps": 5, "found": true}
{"phase": "evaluation", "episodes": 864, "arm": "dct16_neutral@7902", "steps": 2188, "found": false}
{"phase": "evaluation", "episodes": 865, "arm": "recent32_hard@7902", "steps": 5, "found": true}
{"phase": "evaluation", "episodes": 866, "arm": "full_bayes@7902", "steps": 11, "found": true}
{"phase": "evaluation", "episodes": 867, "arm": "dct16_neutral@7903", "steps": 2188, "found": false}
{"phase": "evaluation", "episodes": 868, "arm": "dct16_nearest@7903", "steps": 2188, "found": false}
{"phase": "evaluation", "episodes": 869, "arm": "recent32_hard@7903", "steps": 5, "found": true}
{"phase": "evaluation", "episodes": 870, "arm": "full_bayes@7903", "steps": 2188, "found": false}
{"phase": "evaluation", "episodes": 871, "arm": "full_bayes@planner", "steps": 11, "found": true}
{"phase": "evaluation", "episodes": 872, "arm": "dct16_neutral@planner", "steps": 23, "found": true}
{"phase": "evaluation", "episodes": 873, "arm": "dct16_nearest@planner", "steps": 13, "found": true}
{"phase": "evaluation", "episodes": 874, "arm": "recent32_hard@planner", "steps": 11, "found": true}
{"phase": "evaluation", "episodes": 875, "arm": "dct16_neutral@7901", "steps": 2188, "found": false}
{"phase": "evaluation", "episodes": 876, "arm": "dct16_nearest@7901", "steps": 2188, "found": false}
{"phase": "evaluation", "episodes": 877, "arm": "recent32_hard@7901", "steps": 5, "found": true}
{"phase": "evaluation", "episodes": 878, "arm": "full_bayes@7901", "steps": 2188, "found": false}
{"phase": "evaluation", "episodes": 879, "arm": "dct16_neutral@7902", "steps": 2188, "found": false}
{"phase": "evaluation", "episodes": 880, "arm": "dct16_nearest@7902", "steps": 183, "found": true}
{"phase": "evaluation", "episodes": 881, "arm": "full_bayes@7902", "steps": 2188, "found": false}
{"phase": "evaluation", "episodes": 882, "arm": "dct16_neutral@7903", "steps": 2188, "found": false}
{"phase": "evaluation", "episodes": 883, "arm": "dct16_nearest@7903", "steps": 2188, "found": false}
{"phase": "evaluation", "episodes": 884, "arm": "recent32_hard@7903", "steps": 2188, "found": false}
{"phase": "evaluation", "episodes": 885, "arm": "full_bayes@7903", "steps": 2188, "found": false}
{"phase": "evaluation", "episodes": 886, "arm": "full_bayes@planner", "steps": 99, "found": true}
{"phase": "evaluation", "episodes": 887, "arm": "dct16_neutral@planner", "steps": 117, "found": true}
{"phase": "evaluation", "episodes": 888, "arm": "dct16_nearest@planner", "steps": 99, "found": true}
{"phase": "evaluation", "episodes": 889, "arm": "recent32_hard@planner", "steps": 789, "found": true}
{"phase": "evaluation", "episodes": 890, "arm": "dct16_neutral@7901", "steps": 347, "found": true}
{"phase": "evaluation", "episodes": 891, "arm": "dct16_nearest@7901", "steps": 2188, "found": false}
{"phase": "evaluation", "episodes": 892, "arm": "recent32_hard@7901", "steps": 2188, "found": false}
{"phase": "evaluation", "episodes": 893, "arm": "full_bayes@7901", "steps": 2188, "found": false}
{"phase": "evaluation", "episodes": 894, "arm": "dct16_neutral@7902", "steps": 2188, "found": false}
{"phase": "evaluation", "episodes": 895, "arm": "dct16_nearest@7902", "steps": 2188, "found": false}
{"phase": "evaluation", "episodes": 896, "arm": "recent32_hard@7902", "steps": 2188, "found": false}
{"phase": "evaluation", "episodes": 897, "arm": "dct16_neutral@7903", "steps": 2188, "found": false}
{"phase": "evaluation", "episodes": 898, "arm": "dct16_nearest@7903", "steps": 37, "found": true}
{"phase": "evaluation", "episodes": 899, "arm": "recent32_hard@7903", "steps": 147, "found": true}
{"phase": "evaluation", "episodes": 900, "arm": "full_bayes@7903", "steps": 2188, "found": false}
{"phase": "evaluation", "episodes": 901, "arm": "full_bayes@planner", "steps": 27, "found": true}
{"phase": "evaluation", "episodes": 902, "arm": "dct16_neutral@planner", "steps": 35, "found": true}
{"phase": "evaluation", "episodes": 903, "arm": "dct16_nearest@planner", "steps": 35, "found": true}
{"phase": "evaluation", "episodes": 904, "arm": "recent32_hard@planner", "steps": 27, "found": true}
{"phase": "evaluation", "episodes": 905, "arm": "dct16_neutral@7901", "steps": 189, "found": true}
{"phase": "evaluation", "episodes": 906, "arm": "dct16_nearest@7901", "steps": 2188, "found": false}
{"phase": "evaluation", "episodes": 907, "arm": "recent32_hard@7901", "steps": 55, "found": true}
{"phase": "evaluation", "episodes": 908, "arm": "full_bayes@7901", "steps": 2188, "found": false}
{"phase": "evaluation", "episodes": 909, "arm": "dct16_neutral@7902", "steps": 2188, "found": false}
{"phase": "evaluation", "episodes": 910, "arm": "dct16_nearest@7902", "steps": 2188, "found": false}
{"phase": "evaluation", "episodes": 911, "arm": "recent32_hard@7902", "steps": 225, "found": true}
{"phase": "evaluation", "episodes": 912, "arm": "full_bayes@7902", "steps": 2188, "found": false}
{"phase": "evaluation", "episodes": 913, "arm": "dct16_nearest@7903", "steps": 2188, "found": false}
{"phase": "evaluation", "episodes": 914, "arm": "recent32_hard@7903", "steps": 334, "found": true}
{"phase": "evaluation", "episodes": 915, "arm": "full_bayes@7903", "steps": 2188, "found": false}
{"phase": "evaluation", "episodes": 916, "arm": "full_bayes@planner", "steps": 10, "found": true}
{"phase": "evaluation", "episodes": 917, "arm": "dct16_neutral@planner", "steps": 10, "found": true}
{"phase": "evaluation", "episodes": 918, "arm": "dct16_nearest@planner", "steps": 22, "found": true}
{"phase": "evaluation", "episodes": 919, "arm": "recent32_hard@planner", "steps": 10, "found": true}
{"phase": "evaluation", "episodes": 920, "arm": "dct16_neutral@7901", "steps": 2188, "found": false}
{"phase": "evaluation", "episodes": 921, "arm": "dct16_nearest@7901", "steps": 2188, "found": false}
{"phase": "evaluation", "episodes": 922, "arm": "recent32_hard@7901", "steps": 6, "found": true}
{"phase": "evaluation", "episodes": 923, "arm": "full_bayes@7901", "steps": 2188, "found": false}
{"phase": "evaluation", "episodes": 924, "arm": "dct16_neutral@7902", "steps": 2188, "found": false}
{"phase": "evaluation", "episodes": 925, "arm": "dct16_nearest@7902", "steps": 2188, "found": false}
{"phase": "evaluation", "episodes": 926, "arm": "recent32_hard@7902", "steps": 6, "found": true}
{"phase": "evaluation", "episodes": 927, "arm": "full_bayes@7902", "steps": 2188, "found": false}
{"phase": "evaluation", "episodes": 928, "arm": "dct16_neutral@7903", "steps": 2188, "found": false}
{"phase": "evaluation", "episodes": 929, "arm": "recent32_hard@7903", "steps": 2188, "found": false}
{"phase": "evaluation", "episodes": 930, "arm": "full_bayes@7903", "steps": 1, "found": true}
{"phase": "evaluation", "episodes": 931, "arm": "full_bayes@planner", "steps": 5, "found": true}
{"phase": "evaluation", "episodes": 932, "arm": "dct16_neutral@planner", "steps": 5, "found": true}
{"phase": "evaluation", "episodes": 933, "arm": "dct16_nearest@planner", "steps": 5, "found": true}
{"phase": "evaluation", "episodes": 934, "arm": "recent32_hard@planner", "steps": 5, "found": true}
{"phase": "evaluation", "episodes": 935, "arm": "dct16_neutral@7901", "steps": 2188, "found": false}
{"phase": "evaluation", "episodes": 936, "arm": "dct16_nearest@7901", "steps": 2188, "found": false}
{"phase": "evaluation", "episodes": 937, "arm": "recent32_hard@7901", "steps": 3, "found": true}
{"phase": "evaluation", "episodes": 938, "arm": "full_bayes@7901", "steps": 1, "found": true}
{"phase": "evaluation", "episodes": 939, "arm": "dct16_neutral@7902", "steps": 2188, "found": false}
{"phase": "evaluation", "episodes": 940, "arm": "dct16_nearest@7902", "steps": 2188, "found": false}
{"phase": "evaluation", "episodes": 941, "arm": "recent32_hard@7902", "steps": 3, "found": true}
{"phase": "evaluation", "episodes": 942, "arm": "full_bayes@7902", "steps": 1, "found": true}
{"phase": "evaluation", "episodes": 943, "arm": "dct16_neutral@7903", "steps": 2188, "found": false}
{"phase": "evaluation", "episodes": 944, "arm": "dct16_nearest@7903", "steps": 2188, "found": false}
{"phase": "evaluation", "episodes": 945, "arm": "full_bayes@7903", "steps": 2188, "found": false}
{"phase": "evaluation", "episodes": 946, "arm": "full_bayes@planner", "steps": 23, "found": true}
{"phase": "evaluation", "episodes": 947, "arm": "dct16_neutral@planner", "steps": 27, "found": true}
{"phase": "evaluation", "episodes": 948, "arm": "dct16_nearest@planner", "steps": 15, "found": true}
{"phase": "evaluation", "episodes": 949, "arm": "recent32_hard@planner", "steps": 23, "found": true}
{"phase": "evaluation", "episodes": 950, "arm": "dct16_neutral@7901", "steps": 19, "found": true}
{"phase": "evaluation", "episodes": 951, "arm": "dct16_nearest@7901", "steps": 19, "found": true}
{"phase": "evaluation", "episodes": 952, "arm": "recent32_hard@7901", "steps": 485, "found": true}
{"phase": "evaluation", "episodes": 953, "arm": "full_bayes@7901", "steps": 67, "found": true}
{"phase": "evaluation", "episodes": 954, "arm": "dct16_neutral@7902", "steps": 2188, "found": false}
{"phase": "evaluation", "episodes": 955, "arm": "dct16_nearest@7902", "steps": 2188, "found": false}
{"phase": "evaluation", "episodes": 956, "arm": "recent32_hard@7902", "steps": 131, "found": true}
{"phase": "evaluation", "episodes": 957, "arm": "full_bayes@7902", "steps": 33, "found": true}
{"phase": "evaluation", "episodes": 958, "arm": "dct16_neutral@7903", "steps": 2188, "found": false}
{"phase": "evaluation", "episodes": 959, "arm": "dct16_nearest@7903", "steps": 2188, "found": false}
{"phase": "evaluation", "episodes": 960, "arm": "recent32_hard@7903", "steps": 127, "found": true}
{"phase": "evaluation", "episodes": 961, "arm": "full_bayes@planner", "steps": 42, "found": true}
{"phase": "evaluation", "episodes": 962, "arm": "dct16_neutral@planner", "steps": 40, "found": true}
{"phase": "evaluation", "episodes": 963, "arm": "dct16_nearest@planner", "steps": 36, "found": true}
{"phase": "evaluation", "episodes": 964, "arm": "recent32_hard@planner", "steps": 42, "found": true}
{"phase": "evaluation", "episodes": 965, "arm": "dct16_neutral@7901", "steps": 72, "found": true}
{"phase": "evaluation", "episodes": 966, "arm": "dct16_nearest@7901", "steps": 2188, "found": false}
{"phase": "evaluation", "episodes": 967, "arm": "recent32_hard@7901", "steps": 2188, "found": false}
{"phase": "evaluation", "episodes": 968, "arm": "full_bayes@7901", "steps": 2188, "found": false}
{"phase": "evaluation", "episodes": 969, "arm": "dct16_neutral@7902", "steps": 2188, "found": false}
{"phase": "evaluation", "episodes": 970, "arm": "dct16_nearest@7902", "steps": 2188, "found": false}
{"phase": "evaluation", "episodes": 971, "arm": "recent32_hard@7902", "steps": 2188, "found": false}
{"phase": "evaluation", "episodes": 972, "arm": "full_bayes@7902", "steps": 2188, "found": false}
{"phase": "evaluation", "episodes": 973, "arm": "dct16_neutral@7903", "steps": 2188, "found": false}
{"phase": "evaluation", "episodes": 974, "arm": "dct16_nearest@7903", "steps": 2188, "found": false}
{"phase": "evaluation", "episodes": 975, "arm": "recent32_hard@7903", "steps": 2188, "found": false}
{"phase": "evaluation", "episodes": 976, "arm": "full_bayes@7903", "steps": 2188, "found": false}
{"phase": "evaluation", "episodes": 977, "arm": "dct16_neutral@planner", "steps": 92, "found": true}
{"phase": "evaluation", "episodes": 978, "arm": "dct16_nearest@planner", "steps": 104, "found": true}
{"phase": "evaluation", "episodes": 979, "arm": "recent32_hard@planner", "steps": 82, "found": true}
{"phase": "evaluation", "episodes": 980, "arm": "dct16_neutral@7901", "steps": 2188, "found": false}
{"phase": "evaluation", "episodes": 981, "arm": "dct16_nearest@7901", "steps": 2188, "found": false}
{"phase": "evaluation", "episodes": 982, "arm": "recent32_hard@7901", "steps": 588, "found": true}
{"phase": "evaluation", "episodes": 983, "arm": "full_bayes@7901", "steps": 2188, "found": false}
{"phase": "evaluation", "episodes": 984, "arm": "dct16_neutral@7902", "steps": 2188, "found": false}
{"phase": "evaluation", "episodes": 985, "arm": "dct16_nearest@7902", "steps": 2188, "found": false}
{"phase": "evaluation", "episodes": 986, "arm": "recent32_hard@7902", "steps": 176, "found": true}
{"phase": "evaluation", "episodes": 987, "arm": "full_bayes@7902", "steps": 66, "found": true}
{"phase": "evaluation", "episodes": 988, "arm": "dct16_neutral@7903", "steps": 2188, "found": false}
{"phase": "evaluation", "episodes": 989, "arm": "dct16_nearest@7903", "steps": 2188, "found": false}
{"phase": "evaluation", "episodes": 990, "arm": "recent32_hard@7903", "steps": 554, "found": true}
{"phase": "evaluation", "episodes": 991, "arm": "full_bayes@7903", "steps": 68, "found": true}
{"phase": "evaluation", "episodes": 992, "arm": "full_bayes@planner", "steps": 104, "found": true}
{"phase": "evaluation", "episodes": 993, "arm": "dct16_nearest@planner", "steps": 50, "found": true}
{"phase": "evaluation", "episodes": 994, "arm": "recent32_hard@planner", "steps": 50, "found": true}
{"phase": "evaluation", "episodes": 995, "arm": "dct16_neutral@7901", "steps": 2188, "found": false}
{"phase": "evaluation", "episodes": 996, "arm": "dct16_nearest@7901", "steps": 2188, "found": false}
{"phase": "evaluation", "episodes": 997, "arm": "recent32_hard@7901", "steps": 2188, "found": false}
{"phase": "evaluation", "episodes": 998, "arm": "full_bayes@7901", "steps": 2188, "found": false}
{"phase": "evaluation", "episodes": 999, "arm": "dct16_neutral@7902", "steps": 2188, "found": false}
{"phase": "evaluation", "episodes": 1000, "arm": "dct16_nearest@7902", "steps": 2188, "found": false}
{"phase": "evaluation", "episodes": 1001, "arm": "recent32_hard@7902", "steps": 152, "found": true}
{"phase": "evaluation", "episodes": 1002, "arm": "full_bayes@7902", "steps": 2188, "found": false}
{"phase": "evaluation", "episodes": 1003, "arm": "dct16_neutral@7903", "steps": 2188, "found": false}
{"phase": "evaluation", "episodes": 1004, "arm": "dct16_nearest@7903", "steps": 2188, "found": false}
{"phase": "evaluation", "episodes": 1005, "arm": "recent32_hard@7903", "steps": 442, "found": true}
{"phase": "evaluation", "episodes": 1006, "arm": "full_bayes@7903", "steps": 2188, "found": false}
{"phase": "evaluation", "episodes": 1007, "arm": "full_bayes@planner", "steps": 66, "found": true}
{"phase": "evaluation", "episodes": 1008, "arm": "dct16_neutral@planner", "steps": 58, "found": true}
{"phase": "evaluation", "episodes": 1009, "arm": "recent32_hard@planner", "steps": 16, "found": true}
{"phase": "evaluation", "episodes": 1010, "arm": "dct16_neutral@7901", "steps": 2188, "found": false}
{"phase": "evaluation", "episodes": 1011, "arm": "dct16_nearest@7901", "steps": 2188, "found": false}
{"phase": "evaluation", "episodes": 1012, "arm": "recent32_hard@7901", "steps": 6, "found": true}
{"phase": "evaluation", "episodes": 1013, "arm": "full_bayes@7901", "steps": 92, "found": true}
{"phase": "evaluation", "episodes": 1014, "arm": "dct16_neutral@7902", "steps": 2188, "found": false}
{"phase": "evaluation", "episodes": 1015, "arm": "dct16_nearest@7902", "steps": 2188, "found": false}
{"phase": "evaluation", "episodes": 1016, "arm": "recent32_hard@7902", "steps": 6, "found": true}
{"phase": "evaluation", "episodes": 1017, "arm": "full_bayes@7902", "steps": 12, "found": true}
{"phase": "evaluation", "episodes": 1018, "arm": "dct16_neutral@7903", "steps": 2188, "found": false}
{"phase": "evaluation", "episodes": 1019, "arm": "dct16_nearest@7903", "steps": 2188, "found": false}
{"phase": "evaluation", "episodes": 1020, "arm": "recent32_hard@7903", "steps": 6, "found": true}
{"phase": "evaluation", "episodes": 1021, "arm": "full_bayes@7903", "steps": 2188, "found": false}
{"phase": "evaluation", "episodes": 1022, "arm": "full_bayes@planner", "steps": 16, "found": true}
{"phase": "evaluation", "episodes": 1023, "arm": "dct16_neutral@planner", "steps": 18, "found": true}
{"phase": "evaluation", "episodes": 1024, "arm": "dct16_nearest@planner", "steps": 18, "found": true}
{"phase": "evaluation", "episodes": 1025, "arm": "dct16_neutral@7901", "steps": 2188, "found": false}
{"phase": "evaluation", "episodes": 1026, "arm": "dct16_nearest@7901", "steps": 2188, "found": false}
{"phase": "evaluation", "episodes": 1027, "arm": "recent32_hard@7901", "steps": 498, "found": true}
{"phase": "evaluation", "episodes": 1028, "arm": "full_bayes@7901", "steps": 2188, "found": false}
{"phase": "evaluation", "episodes": 1029, "arm": "dct16_neutral@7902", "steps": 2188, "found": false}
{"phase": "evaluation", "episodes": 1030, "arm": "dct16_nearest@7902", "steps": 2188, "found": false}
{"phase": "evaluation", "episodes": 1031, "arm": "recent32_hard@7902", "steps": 186, "found": true}
{"phase": "evaluation", "episodes": 1032, "arm": "full_bayes@7902", "steps": 2188, "found": false}
{"phase": "evaluation", "episodes": 1033, "arm": "dct16_neutral@7903", "steps": 2188, "found": false}
{"phase": "evaluation", "episodes": 1034, "arm": "dct16_nearest@7903", "steps": 2188, "found": false}
{"phase": "evaluation", "episodes": 1035, "arm": "recent32_hard@7903", "steps": 2060, "found": true}
{"phase": "evaluation", "episodes": 1036, "arm": "full_bayes@7903", "steps": 4, "found": true}
{"phase": "evaluation", "episodes": 1037, "arm": "full_bayes@planner", "steps": 10, "found": true}
{"phase": "evaluation", "episodes": 1038, "arm": "dct16_neutral@planner", "steps": 10, "found": true}
{"phase": "evaluation", "episodes": 1039, "arm": "dct16_nearest@planner", "steps": 10, "found": true}
{"phase": "evaluation", "episodes": 1040, "arm": "recent32_hard@planner", "steps": 10, "found": true}
{"phase": "evaluation", "episodes": 1041, "arm": "dct16_nearest@7901", "steps": 2188, "found": false}
{"phase": "evaluation", "episodes": 1042, "arm": "recent32_hard@7901", "steps": 2188, "found": false}
{"phase": "evaluation", "episodes": 1043, "arm": "full_bayes@7901", "steps": 1, "found": true}
{"phase": "evaluation", "episodes": 1044, "arm": "dct16_neutral@7902", "steps": 2188, "found": false}
{"phase": "evaluation", "episodes": 1045, "arm": "dct16_nearest@7902", "steps": 2188, "found": false}
{"phase": "evaluation", "episodes": 1046, "arm": "recent32_hard@7902", "steps": 53, "found": true}
{"phase": "evaluation", "episodes": 1047, "arm": "full_bayes@7902", "steps": 1, "found": true}
{"phase": "evaluation", "episodes": 1048, "arm": "dct16_neutral@7903", "steps": 2188, "found": false}
{"phase": "evaluation", "episodes": 1049, "arm": "dct16_nearest@7903", "steps": 2188, "found": false}
{"phase": "evaluation", "episodes": 1050, "arm": "recent32_hard@7903", "steps": 475, "found": true}
{"phase": "evaluation", "episodes": 1051, "arm": "full_bayes@7903", "steps": 1, "found": true}
{"phase": "evaluation", "episodes": 1052, "arm": "full_bayes@planner", "steps": 5, "found": true}
{"phase": "evaluation", "episodes": 1053, "arm": "dct16_neutral@planner", "steps": 5, "found": true}
{"phase": "evaluation", "episodes": 1054, "arm": "dct16_nearest@planner", "steps": 5, "found": true}
{"phase": "evaluation", "episodes": 1055, "arm": "recent32_hard@planner", "steps": 5, "found": true}
{"phase": "evaluation", "episodes": 1056, "arm": "dct16_neutral@7901", "steps": 2188, "found": false}
{"phase": "evaluation", "episodes": 1057, "arm": "recent32_hard@7901", "steps": 2188, "found": false}
{"phase": "evaluation", "episodes": 1058, "arm": "full_bayes@7901", "steps": 2188, "found": false}
{"phase": "evaluation", "episodes": 1059, "arm": "dct16_neutral@7902", "steps": 2188, "found": false}
{"phase": "evaluation", "episodes": 1060, "arm": "dct16_nearest@7902", "steps": 2188, "found": false}
{"phase": "evaluation", "episodes": 1061, "arm": "recent32_hard@7902", "steps": 903, "found": true}
{"phase": "evaluation", "episodes": 1062, "arm": "full_bayes@7902", "steps": 7, "found": true}
{"phase": "evaluation", "episodes": 1063, "arm": "dct16_neutral@7903", "steps": 2188, "found": false}
{"phase": "evaluation", "episodes": 1064, "arm": "dct16_nearest@7903", "steps": 2188, "found": false}
{"phase": "evaluation", "episodes": 1065, "arm": "recent32_hard@7903", "steps": 173, "found": true}
{"phase": "evaluation", "episodes": 1066, "arm": "full_bayes@7903", "steps": 2188, "found": false}
{"phase": "evaluation", "episodes": 1067, "arm": "full_bayes@planner", "steps": 23, "found": true}
{"phase": "evaluation", "episodes": 1068, "arm": "dct16_neutral@planner", "steps": 23, "found": true}
{"phase": "evaluation", "episodes": 1069, "arm": "dct16_nearest@planner", "steps": 23, "found": true}
{"phase": "evaluation", "episodes": 1070, "arm": "recent32_hard@planner", "steps": 23, "found": true}
{"phase": "evaluation", "episodes": 1071, "arm": "dct16_neutral@7901", "steps": 27, "found": true}
{"phase": "evaluation", "episodes": 1072, "arm": "dct16_nearest@7901", "steps": 2188, "found": false}
{"phase": "evaluation", "episodes": 1073, "arm": "full_bayes@7901", "steps": 2188, "found": false}
{"phase": "evaluation", "episodes": 1074, "arm": "dct16_neutral@7902", "steps": 2188, "found": false}
{"phase": "evaluation", "episodes": 1075, "arm": "dct16_nearest@7902", "steps": 2188, "found": false}
{"phase": "evaluation", "episodes": 1076, "arm": "recent32_hard@7902", "steps": 290, "found": true}
{"phase": "evaluation", "episodes": 1077, "arm": "full_bayes@7902", "steps": 2188, "found": false}
{"phase": "evaluation", "episodes": 1078, "arm": "dct16_neutral@7903", "steps": 2188, "found": false}
{"phase": "evaluation", "episodes": 1079, "arm": "dct16_nearest@7903", "steps": 2188, "found": false}
{"phase": "evaluation", "episodes": 1080, "arm": "recent32_hard@7903", "steps": 2188, "found": false}
{"phase": "evaluation", "episodes": 1081, "arm": "full_bayes@7903", "steps": 2188, "found": false}
{"phase": "evaluation", "episodes": 1082, "arm": "full_bayes@planner", "steps": 162, "found": true}
{"phase": "evaluation", "episodes": 1083, "arm": "dct16_neutral@planner", "steps": 174, "found": true}
{"phase": "evaluation", "episodes": 1084, "arm": "dct16_nearest@planner", "steps": 122, "found": true}
{"phase": "evaluation", "episodes": 1085, "arm": "recent32_hard@planner", "steps": 462, "found": true}
{"phase": "evaluation", "episodes": 1086, "arm": "dct16_neutral@7901", "steps": 2188, "found": false}
{"phase": "evaluation", "episodes": 1087, "arm": "dct16_nearest@7901", "steps": 2188, "found": false}
{"phase": "evaluation", "episodes": 1088, "arm": "recent32_hard@7901", "steps": 2188, "found": false}
{"phase": "evaluation", "episodes": 1089, "arm": "dct16_neutral@7902", "steps": 2188, "found": false}
{"phase": "evaluation", "episodes": 1090, "arm": "dct16_nearest@7902", "steps": 21, "found": true}
{"phase": "evaluation", "episodes": 1091, "arm": "recent32_hard@7902", "steps": 1, "found": true}
{"phase": "evaluation", "episodes": 1092, "arm": "full_bayes@7902", "steps": 17, "found": true}
{"phase": "evaluation", "episodes": 1093, "arm": "dct16_neutral@7903", "steps": 1, "found": true}
{"phase": "evaluation", "episodes": 1094, "arm": "dct16_nearest@7903", "steps": 1, "found": true}
{"phase": "evaluation", "episodes": 1095, "arm": "recent32_hard@7903", "steps": 357, "found": true}
{"phase": "evaluation", "episodes": 1096, "arm": "full_bayes@7903", "steps": 1, "found": true}
{"phase": "evaluation", "episodes": 1097, "arm": "full_bayes@planner", "steps": 3, "found": true}
{"phase": "evaluation", "episodes": 1098, "arm": "dct16_neutral@planner", "steps": 3, "found": true}
{"phase": "evaluation", "episodes": 1099, "arm": "dct16_nearest@planner", "steps": 3, "found": true}
{"phase": "evaluation", "episodes": 1100, "arm": "recent32_hard@planner", "steps": 3, "found": true}
{"phase": "evaluation", "episodes": 1101, "arm": "dct16_neutral@7901", "steps": 2188, "found": false}
{"phase": "evaluation", "episodes": 1102, "arm": "dct16_nearest@7901", "steps": 2188, "found": false}
{"phase": "evaluation", "episodes": 1103, "arm": "recent32_hard@7901", "steps": 1, "found": true}
{"phase": "evaluation", "episodes": 1104, "arm": "full_bayes@7901", "steps": 2188, "found": false}
{"phase": "evaluation", "episodes": 1105, "arm": "dct16_nearest@7902", "steps": 2188, "found": false}
{"phase": "evaluation", "episodes": 1106, "arm": "recent32_hard@7902", "steps": 76, "found": true}
{"phase": "evaluation", "episodes": 1107, "arm": "full_bayes@7902", "steps": 2188, "found": false}
{"phase": "evaluation", "episodes": 1108, "arm": "dct16_neutral@7903", "steps": 86, "found": true}
{"phase": "evaluation", "episodes": 1109, "arm": "dct16_nearest@7903", "steps": 2188, "found": false}
{"phase": "evaluation", "episodes": 1110, "arm": "recent32_hard@7903", "steps": 4, "found": true}
{"phase": "evaluation", "episodes": 1111, "arm": "full_bayes@7903", "steps": 2188, "found": false}
{"phase": "evaluation", "episodes": 1112, "arm": "full_bayes@planner", "steps": 4, "found": true}
{"phase": "evaluation", "episodes": 1113, "arm": "dct16_neutral@planner", "steps": 4, "found": true}
{"phase": "evaluation", "episodes": 1114, "arm": "dct16_nearest@planner", "steps": 4, "found": true}
{"phase": "evaluation", "episodes": 1115, "arm": "recent32_hard@planner", "steps": 4, "found": true}
{"phase": "evaluation", "episodes": 1116, "arm": "dct16_neutral@7901", "steps": 2188, "found": false}
{"phase": "evaluation", "episodes": 1117, "arm": "dct16_nearest@7901", "steps": 2188, "found": false}
{"phase": "evaluation", "episodes": 1118, "arm": "recent32_hard@7901", "steps": 50, "found": true}
{"phase": "evaluation", "episodes": 1119, "arm": "full_bayes@7901", "steps": 2188, "found": false}
{"phase": "evaluation", "episodes": 1120, "arm": "dct16_neutral@7902", "steps": 2188, "found": false}
{"phase": "evaluation", "episodes": 1121, "arm": "recent32_hard@7902", "steps": 4, "found": true}
{"phase": "evaluation", "episodes": 1122, "arm": "full_bayes@7902", "steps": 2, "found": true}
{"phase": "evaluation", "episodes": 1123, "arm": "dct16_neutral@7903", "steps": 2188, "found": false}
{"phase": "evaluation", "episodes": 1124, "arm": "dct16_nearest@7903", "steps": 2188, "found": false}
{"phase": "evaluation", "episodes": 1125, "arm": "recent32_hard@7903", "steps": 6, "found": true}
{"phase": "evaluation", "episodes": 1126, "arm": "full_bayes@7903", "steps": 2188, "found": false}
{"phase": "evaluation", "episodes": 1127, "arm": "full_bayes@planner", "steps": 10, "found": true}
{"phase": "evaluation", "episodes": 1128, "arm": "dct16_neutral@planner", "steps": 10, "found": true}
{"phase": "evaluation", "episodes": 1129, "arm": "dct16_nearest@planner", "steps": 10, "found": true}
{"phase": "evaluation", "episodes": 1130, "arm": "recent32_hard@planner", "steps": 10, "found": true}
{"phase": "evaluation", "episodes": 1131, "arm": "dct16_neutral@7901", "steps": 2188, "found": false}
{"phase": "evaluation", "episodes": 1132, "arm": "dct16_nearest@7901", "steps": 2188, "found": false}
{"phase": "evaluation", "episodes": 1133, "arm": "recent32_hard@7901", "steps": 4, "found": true}
{"phase": "evaluation", "episodes": 1134, "arm": "full_bayes@7901", "steps": 2, "found": true}
{"phase": "evaluation", "episodes": 1135, "arm": "dct16_neutral@7902", "steps": 2188, "found": false}
{"phase": "evaluation", "episodes": 1136, "arm": "dct16_nearest@7902", "steps": 2188, "found": false}
{"phase": "evaluation", "episodes": 1137, "arm": "full_bayes@7902", "steps": 27, "found": true}
{"phase": "evaluation", "episodes": 1138, "arm": "dct16_neutral@7903", "steps": 2188, "found": false}
{"phase": "evaluation", "episodes": 1139, "arm": "dct16_nearest@7903", "steps": 2188, "found": false}
{"phase": "evaluation", "episodes": 1140, "arm": "recent32_hard@7903", "steps": 73, "found": true}
{"phase": "evaluation", "episodes": 1141, "arm": "full_bayes@7903", "steps": 2188, "found": false}
{"phase": "evaluation", "episodes": 1142, "arm": "full_bayes@planner", "steps": 31, "found": true}
{"phase": "evaluation", "episodes": 1143, "arm": "dct16_neutral@planner", "steps": 33, "found": true}
{"phase": "evaluation", "episodes": 1144, "arm": "dct16_nearest@planner", "steps": 23, "found": true}
{"phase": "evaluation", "episodes": 1145, "arm": "recent32_hard@planner", "steps": 31, "found": true}
{"phase": "evaluation", "episodes": 1146, "arm": "dct16_neutral@7901", "steps": 2188, "found": false}
{"phase": "evaluation", "episodes": 1147, "arm": "dct16_nearest@7901", "steps": 2188, "found": false}
{"phase": "evaluation", "episodes": 1148, "arm": "recent32_hard@7901", "steps": 1743, "found": true}
{"phase": "evaluation", "episodes": 1149, "arm": "full_bayes@7901", "steps": 2188, "found": false}
{"phase": "evaluation", "episodes": 1150, "arm": "dct16_neutral@7902", "steps": 2188, "found": false}
{"phase": "evaluation", "episodes": 1151, "arm": "dct16_nearest@7902", "steps": 2188, "found": false}
{"phase": "evaluation", "episodes": 1152, "arm": "recent32_hard@7902", "steps": 359, "found": true}
{"phase": "evaluation", "episodes": 1153, "arm": "dct16_neutral@7903", "steps": 2188, "found": false}
{"phase": "evaluation", "episodes": 1154, "arm": "dct16_nearest@7903", "steps": 2188, "found": false}
{"phase": "evaluation", "episodes": 1155, "arm": "recent32_hard@7903", "steps": 43, "found": true}
{"phase": "evaluation", "episodes": 1156, "arm": "full_bayes@7903", "steps": 2188, "found": false}
{"phase": "evaluation", "episodes": 1157, "arm": "full_bayes@planner", "steps": 49, "found": true}
{"phase": "evaluation", "episodes": 1158, "arm": "dct16_neutral@planner", "steps": 85, "found": true}
{"phase": "evaluation", "episodes": 1159, "arm": "dct16_nearest@planner", "steps": 49, "found": true}
{"phase": "evaluation", "episodes": 1160, "arm": "recent32_hard@planner", "steps": 63, "found": true}
{"phase": "evaluation", "episodes": 1161, "arm": "dct16_neutral@7901", "steps": 2188, "found": false}
{"phase": "evaluation", "episodes": 1162, "arm": "dct16_nearest@7901", "steps": 2188, "found": false}
{"phase": "evaluation", "episodes": 1163, "arm": "recent32_hard@7901", "steps": 43, "found": true}
{"phase": "evaluation", "episodes": 1164, "arm": "full_bayes@7901", "steps": 2188, "found": false}
{"phase": "evaluation", "episodes": 1165, "arm": "dct16_neutral@7902", "steps": 2188, "found": false}
{"phase": "evaluation", "episodes": 1166, "arm": "dct16_nearest@7902", "steps": 2188, "found": false}
{"phase": "evaluation", "episodes": 1167, "arm": "recent32_hard@7902", "steps": 43, "found": true}
{"phase": "evaluation", "episodes": 1168, "arm": "full_bayes@7902", "steps": 2188, "found": false}
{"phase": "evaluation", "episodes": 1169, "arm": "dct16_nearest@7903", "steps": 2188, "found": false}
{"phase": "evaluation", "episodes": 1170, "arm": "recent32_hard@7903", "steps": 2188, "found": false}
{"phase": "evaluation", "episodes": 1171, "arm": "full_bayes@7903", "steps": 2188, "found": false}
{"phase": "evaluation", "episodes": 1172, "arm": "full_bayes@planner", "steps": 41, "found": true}
{"phase": "evaluation", "episodes": 1173, "arm": "dct16_neutral@planner", "steps": 41, "found": true}
{"phase": "evaluation", "episodes": 1174, "arm": "dct16_nearest@planner", "steps": 57, "found": true}
{"phase": "evaluation", "episodes": 1175, "arm": "recent32_hard@planner", "steps": 45, "found": true}
{"phase": "evaluation", "episodes": 1176, "arm": "dct16_neutral@7901", "steps": 2188, "found": false}
{"phase": "evaluation", "episodes": 1177, "arm": "dct16_nearest@7901", "steps": 2188, "found": false}
{"phase": "evaluation", "episodes": 1178, "arm": "recent32_hard@7901", "steps": 187, "found": true}
{"phase": "evaluation", "episodes": 1179, "arm": "full_bayes@7901", "steps": 2188, "found": false}
{"phase": "evaluation", "episodes": 1180, "arm": "dct16_neutral@7902", "steps": 2188, "found": false}
{"phase": "evaluation", "episodes": 1181, "arm": "dct16_nearest@7902", "steps": 2188, "found": false}
{"phase": "evaluation", "episodes": 1182, "arm": "recent32_hard@7902", "steps": 453, "found": true}
{"phase": "evaluation", "episodes": 1183, "arm": "full_bayes@7902", "steps": 2188, "found": false}
{"phase": "evaluation", "episodes": 1184, "arm": "dct16_neutral@7903", "steps": 2188, "found": false}
{"phase": "evaluation", "episodes": 1185, "arm": "recent32_hard@7903", "steps": 87, "found": true}
{"phase": "evaluation", "episodes": 1186, "arm": "full_bayes@7903", "steps": 2188, "found": false}
{"phase": "evaluation", "episodes": 1187, "arm": "full_bayes@planner", "steps": 1, "found": true}
{"phase": "evaluation", "episodes": 1188, "arm": "dct16_neutral@planner", "steps": 1, "found": true}
{"phase": "evaluation", "episodes": 1189, "arm": "dct16_nearest@planner", "steps": 1, "found": true}
{"phase": "evaluation", "episodes": 1190, "arm": "recent32_hard@planner", "steps": 1, "found": true}
{"phase": "evaluation", "episodes": 1191, "arm": "dct16_neutral@7901", "steps": 2188, "found": false}
{"phase": "evaluation", "episodes": 1192, "arm": "dct16_nearest@7901", "steps": 2188, "found": false}
{"phase": "evaluation", "episodes": 1193, "arm": "recent32_hard@7901", "steps": 2188, "found": false}
{"phase": "evaluation", "episodes": 1194, "arm": "full_bayes@7901", "steps": 2188, "found": false}
{"phase": "evaluation", "episodes": 1195, "arm": "dct16_neutral@7902", "steps": 2188, "found": false}
{"phase": "evaluation", "episodes": 1196, "arm": "dct16_nearest@7902", "steps": 2188, "found": false}
{"phase": "evaluation", "episodes": 1197, "arm": "recent32_hard@7902", "steps": 721, "found": true}
{"phase": "evaluation", "episodes": 1198, "arm": "full_bayes@7902", "steps": 7, "found": true}
{"phase": "evaluation", "episodes": 1199, "arm": "dct16_neutral@7903", "steps": 2188, "found": false}
{"phase": "evaluation", "episodes": 1200, "arm": "dct16_nearest@7903", "steps": 2188, "found": false}
{"phase": "evaluation", "episodes": 1201, "arm": "full_bayes@7903", "steps": 2188, "found": false}
{"phase": "evaluation", "episodes": 1202, "arm": "full_bayes@planner", "steps": 1, "found": true}
{"phase": "evaluation", "episodes": 1203, "arm": "dct16_neutral@planner", "steps": 1, "found": true}
{"phase": "evaluation", "episodes": 1204, "arm": "dct16_nearest@planner", "steps": 1, "found": true}
{"phase": "evaluation", "episodes": 1205, "arm": "recent32_hard@planner", "steps": 1, "found": true}
{"phase": "evaluation", "episodes": 1206, "arm": "dct16_neutral@7901", "steps": 2188, "found": false}
{"phase": "evaluation", "episodes": 1207, "arm": "dct16_nearest@7901", "steps": 2188, "found": false}
{"phase": "evaluation", "episodes": 1208, "arm": "recent32_hard@7901", "steps": 269, "found": true}
{"phase": "evaluation", "episodes": 1209, "arm": "full_bayes@7901", "steps": 3, "found": true}
{"phase": "evaluation", "episodes": 1210, "arm": "dct16_neutral@7902", "steps": 2188, "found": false}
{"phase": "evaluation", "episodes": 1211, "arm": "dct16_nearest@7902", "steps": 11, "found": true}
{"phase": "evaluation", "episodes": 1212, "arm": "recent32_hard@7902", "steps": 559, "found": true}
{"phase": "evaluation", "episodes": 1213, "arm": "full_bayes@7902", "steps": 7, "found": true}
{"phase": "evaluation", "episodes": 1214, "arm": "dct16_neutral@7903", "steps": 2188, "found": false}
{"phase": "evaluation", "episodes": 1215, "arm": "dct16_nearest@7903", "steps": 2188, "found": false}
{"phase": "evaluation", "episodes": 1216, "arm": "recent32_hard@7903", "steps": 51, "found": true}
{"phase": "evaluation", "episodes": 1217, "arm": "full_bayes@planner", "steps": 7, "found": true}
{"phase": "evaluation", "episodes": 1218, "arm": "dct16_neutral@planner", "steps": 7, "found": true}
{"phase": "evaluation", "episodes": 1219, "arm": "dct16_nearest@planner", "steps": 7, "found": true}
{"phase": "evaluation", "episodes": 1220, "arm": "recent32_hard@planner", "steps": 7, "found": true}
{"phase": "evaluation", "episodes": 1221, "arm": "dct16_neutral@7901", "steps": 3, "found": true}
{"phase": "evaluation", "episodes": 1222, "arm": "dct16_nearest@7901", "steps": 3, "found": true}
{"phase": "evaluation", "episodes": 1223, "arm": "recent32_hard@7901", "steps": 2188, "found": false}
{"phase": "evaluation", "episodes": 1224, "arm": "full_bayes@7901", "steps": 9, "found": true}
{"phase": "evaluation", "episodes": 1225, "arm": "dct16_neutral@7902", "steps": 3, "found": true}
{"phase": "evaluation", "episodes": 1226, "arm": "dct16_nearest@7902", "steps": 3, "found": true}
{"phase": "evaluation", "episodes": 1227, "arm": "recent32_hard@7902", "steps": 147, "found": true}
{"phase": "evaluation", "episodes": 1228, "arm": "full_bayes@7902", "steps": 9, "found": true}
{"phase": "evaluation", "episodes": 1229, "arm": "dct16_neutral@7903", "steps": 3, "found": true}
{"phase": "evaluation", "episodes": 1230, "arm": "dct16_nearest@7903", "steps": 3, "found": true}
{"phase": "evaluation", "episodes": 1231, "arm": "recent32_hard@7903", "steps": 119, "found": true}
{"phase": "evaluation", "episodes": 1232, "arm": "full_bayes@7903", "steps": 9, "found": true}
{"phase": "evaluation", "episodes": 1233, "arm": "dct16_neutral@planner", "steps": 29, "found": true}
{"phase": "evaluation", "episodes": 1234, "arm": "dct16_nearest@planner", "steps": 29, "found": true}
{"phase": "evaluation", "episodes": 1235, "arm": "recent32_hard@planner", "steps": 49, "found": true}
{"phase": "evaluation", "episodes": 1236, "arm": "dct16_neutral@7901", "steps": 2188, "found": false}
{"phase": "evaluation", "episodes": 1237, "arm": "dct16_nearest@7901", "steps": 2188, "found": false}
{"phase": "evaluation", "episodes": 1238, "arm": "recent32_hard@7901", "steps": 2188, "found": false}
{"phase": "evaluation", "episodes": 1239, "arm": "full_bayes@7901", "steps": 2188, "found": false}
{"phase": "evaluation", "episodes": 1240, "arm": "dct16_neutral@7902", "steps": 2188, "found": false}
{"phase": "evaluation", "episodes": 1241, "arm": "dct16_nearest@7902", "steps": 2188, "found": false}
{"phase": "evaluation", "episodes": 1242, "arm": "recent32_hard@7902", "steps": 2188, "found": false}
{"phase": "evaluation", "episodes": 1243, "arm": "full_bayes@7902", "steps": 2188, "found": false}
{"phase": "evaluation", "episodes": 1244, "arm": "dct16_neutral@7903", "steps": 2188, "found": false}
{"phase": "evaluation", "episodes": 1245, "arm": "dct16_nearest@7903", "steps": 31, "found": true}
{"phase": "evaluation", "episodes": 1246, "arm": "recent32_hard@7903", "steps": 49, "found": true}
{"phase": "evaluation", "episodes": 1247, "arm": "full_bayes@7903", "steps": 23, "found": true}
{"phase": "evaluation", "episodes": 1248, "arm": "full_bayes@planner", "steps": 45, "found": true}
{"phase": "evaluation", "episodes": 1249, "arm": "dct16_nearest@planner", "steps": 62, "found": true}
{"phase": "evaluation", "episodes": 1250, "arm": "recent32_hard@planner", "steps": 62, "found": true}
{"phase": "evaluation", "episodes": 1251, "arm": "dct16_neutral@7901", "steps": 2188, "found": false}
{"phase": "evaluation", "episodes": 1252, "arm": "dct16_nearest@7901", "steps": 2188, "found": false}
{"phase": "evaluation", "episodes": 1253, "arm": "recent32_hard@7901", "steps": 2188, "found": false}
{"phase": "evaluation", "episodes": 1254, "arm": "full_bayes@7901", "steps": 2188, "found": false}
{"phase": "evaluation", "episodes": 1255, "arm": "dct16_neutral@7902", "steps": 2188, "found": false}
{"phase": "evaluation", "episodes": 1256, "arm": "dct16_nearest@7902", "steps": 2188, "found": false}
{"phase": "evaluation", "episodes": 1257, "arm": "recent32_hard@7902", "steps": 2188, "found": false}
{"phase": "evaluation", "episodes": 1258, "arm": "full_bayes@7902", "steps": 2188, "found": false}
{"phase": "evaluation", "episodes": 1259, "arm": "dct16_neutral@7903", "steps": 2188, "found": false}
{"phase": "evaluation", "episodes": 1260, "arm": "dct16_nearest@7903", "steps": 2188, "found": false}
{"phase": "evaluation", "episodes": 1261, "arm": "recent32_hard@7903", "steps": 2188, "found": false}
{"phase": "evaluation", "episodes": 1262, "arm": "full_bayes@7903", "steps": 2188, "found": false}
{"phase": "evaluation", "episodes": 1263, "arm": "full_bayes@planner", "steps": 58, "found": true}
{"phase": "evaluation", "episodes": 1264, "arm": "dct16_neutral@planner", "steps": 72, "found": true}
{"phase": "evaluation", "episodes": 1265, "arm": "recent32_hard@planner", "steps": 84, "found": true}
{"phase": "evaluation", "episodes": 1266, "arm": "dct16_neutral@7901", "steps": 2188, "found": false}
{"phase": "evaluation", "episodes": 1267, "arm": "dct16_nearest@7901", "steps": 2188, "found": false}
{"phase": "evaluation", "episodes": 1268, "arm": "recent32_hard@7901", "steps": 2188, "found": false}
{"phase": "evaluation", "episodes": 1269, "arm": "full_bayes@7901", "steps": 2188, "found": false}
{"phase": "evaluation", "episodes": 1270, "arm": "dct16_neutral@7902", "steps": 2188, "found": false}
{"phase": "evaluation", "episodes": 1271, "arm": "dct16_nearest@7902", "steps": 2188, "found": false}
{"phase": "evaluation", "episodes": 1272, "arm": "recent32_hard@7902", "steps": 286, "found": true}
{"phase": "evaluation", "episodes": 1273, "arm": "full_bayes@7902", "steps": 2188, "found": false}
{"phase": "evaluation", "episodes": 1274, "arm": "dct16_neutral@7903", "steps": 2188, "found": false}
{"phase": "evaluation", "episodes": 1275, "arm": "dct16_nearest@7903", "steps": 2188, "found": false}
{"phase": "evaluation", "episodes": 1276, "arm": "recent32_hard@7903", "steps": 688, "found": true}
{"phase": "evaluation", "episodes": 1277, "arm": "full_bayes@7903", "steps": 2188, "found": false}
{"phase": "evaluation", "episodes": 1278, "arm": "full_bayes@planner", "steps": 90, "found": true}
{"phase": "evaluation", "episodes": 1279, "arm": "dct16_neutral@planner", "steps": 98, "found": true}
{"phase": "evaluation", "episodes": 1280, "arm": "dct16_nearest@planner", "steps": 104, "found": true}
{"phase": "evaluation", "episodes": 1281, "arm": "dct16_neutral@7901", "steps": 2188, "found": false}
{"phase": "evaluation", "episodes": 1282, "arm": "dct16_nearest@7901", "steps": 2188, "found": false}
{"phase": "evaluation", "episodes": 1283, "arm": "recent32_hard@7901", "steps": 2188, "found": false}
{"phase": "evaluation", "episodes": 1284, "arm": "full_bayes@7901", "steps": 2188, "found": false}
{"phase": "evaluation", "episodes": 1285, "arm": "dct16_neutral@7902", "steps": 18, "found": true}
{"phase": "evaluation", "episodes": 1286, "arm": "dct16_nearest@7902", "steps": 2188, "found": false}
{"phase": "evaluation", "episodes": 1287, "arm": "recent32_hard@7902", "steps": 564, "found": true}
{"phase": "evaluation", "episodes": 1288, "arm": "full_bayes@7902", "steps": 2188, "found": false}
{"phase": "evaluation", "episodes": 1289, "arm": "dct16_neutral@7903", "steps": 2188, "found": false}
{"phase": "evaluation", "episodes": 1290, "arm": "dct16_nearest@7903", "steps": 2188, "found": false}
{"phase": "evaluation", "episodes": 1291, "arm": "recent32_hard@7903", "steps": 392, "found": true}
{"phase": "evaluation", "episodes": 1292, "arm": "full_bayes@7903", "steps": 2188, "found": false}
{"phase": "evaluation", "episodes": 1293, "arm": "full_bayes@planner", "steps": 14, "found": true}
{"phase": "evaluation", "episodes": 1294, "arm": "dct16_neutral@planner", "steps": 14, "found": true}
{"phase": "evaluation", "episodes": 1295, "arm": "dct16_nearest@planner", "steps": 16, "found": true}
{"phase": "evaluation", "episodes": 1296, "arm": "recent32_hard@planner", "steps": 14, "found": true}
{"phase": "evaluation", "episodes": 1297, "arm": "dct16_nearest@7901", "steps": 2188, "found": false}
{"phase": "evaluation", "episodes": 1298, "arm": "recent32_hard@7901", "steps": 2188, "found": false}
{"phase": "evaluation", "episodes": 1299, "arm": "full_bayes@7901", "steps": 4, "found": true}
{"phase": "evaluation", "episodes": 1300, "arm": "dct16_neutral@7902", "steps": 22, "found": true}
{"phase": "evaluation", "episodes": 1301, "arm": "dct16_nearest@7902", "steps": 2188, "found": false}
{"phase": "evaluation", "episodes": 1302, "arm": "recent32_hard@7902", "steps": 186, "found": true}
{"phase": "evaluation", "episodes": 1303, "arm": "full_bayes@7902", "steps": 4, "found": true}
{"phase": "evaluation", "episodes": 1304, "arm": "dct16_neutral@7903", "steps": 26, "found": true}
{"phase": "evaluation", "episodes": 1305, "arm": "dct16_nearest@7903", "steps": 2188, "found": false}
{"phase": "evaluation", "episodes": 1306, "arm": "recent32_hard@7903", "steps": 48, "found": true}
{"phase": "evaluation", "episodes": 1307, "arm": "full_bayes@7903", "steps": 2, "found": true}
{"phase": "evaluation", "episodes": 1308, "arm": "full_bayes@planner", "steps": 2, "found": true}
{"phase": "evaluation", "episodes": 1309, "arm": "dct16_neutral@planner", "steps": 2, "found": true}
{"phase": "evaluation", "episodes": 1310, "arm": "dct16_nearest@planner", "steps": 2, "found": true}
{"phase": "evaluation", "episodes": 1311, "arm": "recent32_hard@planner", "steps": 2, "found": true}
{"phase": "evaluation", "episodes": 1312, "arm": "dct16_neutral@7901", "steps": 2188, "found": false}
{"phase": "evaluation", "episodes": 1313, "arm": "recent32_hard@7901", "steps": 3, "found": true}
{"phase": "evaluation", "episodes": 1314, "arm": "full_bayes@7901", "steps": 1, "found": true}
{"phase": "evaluation", "episodes": 1315, "arm": "dct16_neutral@7902", "steps": 2188, "found": false}
{"phase": "evaluation", "episodes": 1316, "arm": "dct16_nearest@7902", "steps": 2188, "found": false}
{"phase": "evaluation", "episodes": 1317, "arm": "recent32_hard@7902", "steps": 3, "found": true}
{"phase": "evaluation", "episodes": 1318, "arm": "full_bayes@7902", "steps": 1, "found": true}
{"phase": "evaluation", "episodes": 1319, "arm": "dct16_neutral@7903", "steps": 21, "found": true}
{"phase": "evaluation", "episodes": 1320, "arm": "dct16_nearest@7903", "steps": 2188, "found": false}
{"phase": "evaluation", "episodes": 1321, "arm": "recent32_hard@7903", "steps": 985, "found": true}
{"phase": "evaluation", "episodes": 1322, "arm": "full_bayes@7903", "steps": 1, "found": true}
{"phase": "evaluation", "episodes": 1323, "arm": "full_bayes@planner", "steps": 5, "found": true}
{"phase": "evaluation", "episodes": 1324, "arm": "dct16_neutral@planner", "steps": 5, "found": true}
{"phase": "evaluation", "episodes": 1325, "arm": "dct16_nearest@planner", "steps": 5, "found": true}
{"phase": "evaluation", "episodes": 1326, "arm": "recent32_hard@planner", "steps": 5, "found": true}
{"phase": "evaluation", "episodes": 1327, "arm": "dct16_neutral@7901", "steps": 19, "found": true}
{"phase": "evaluation", "episodes": 1328, "arm": "dct16_nearest@7901", "steps": 2188, "found": false}
{"phase": "evaluation", "episodes": 1329, "arm": "full_bayes@7901", "steps": 5, "found": true}
{"phase": "evaluation", "episodes": 1330, "arm": "dct16_neutral@7902", "steps": 1, "found": true}
{"phase": "evaluation", "episodes": 1331, "arm": "dct16_nearest@7902", "steps": 1, "found": true}
{"phase": "evaluation", "episodes": 1332, "arm": "recent32_hard@7902", "steps": 1, "found": true}
{"phase": "evaluation", "episodes": 1333, "arm": "full_bayes@7902", "steps": 5, "found": true}
{"phase": "evaluation", "episodes": 1334, "arm": "dct16_neutral@7903", "steps": 1, "found": true}
{"phase": "evaluation", "episodes": 1335, "arm": "dct16_nearest@7903", "steps": 1, "found": true}
{"phase": "evaluation", "episodes": 1336, "arm": "recent32_hard@7903", "steps": 1, "found": true}
{"phase": "evaluation", "episodes": 1337, "arm": "full_bayes@7903", "steps": 5, "found": true}
{"phase": "evaluation", "episodes": 1338, "arm": "full_bayes@planner", "steps": 3, "found": true}
{"phase": "evaluation", "episodes": 1339, "arm": "dct16_neutral@planner", "steps": 3, "found": true}
{"phase": "evaluation", "episodes": 1340, "arm": "dct16_nearest@planner", "steps": 3, "found": true}
{"phase": "evaluation", "episodes": 1341, "arm": "recent32_hard@planner", "steps": 3, "found": true}
{"phase": "evaluation", "episodes": 1342, "arm": "dct16_neutral@7901", "steps": 1, "found": true}
{"phase": "evaluation", "episodes": 1343, "arm": "dct16_nearest@7901", "steps": 1, "found": true}
{"phase": "evaluation", "episodes": 1344, "arm": "recent32_hard@7901", "steps": 1, "found": true}
{"phase": "evaluation", "episodes": 1345, "arm": "dct16_neutral@7902", "steps": 2188, "found": false}
{"phase": "evaluation", "episodes": 1346, "arm": "dct16_nearest@7902", "steps": 2188, "found": false}
{"phase": "evaluation", "episodes": 1347, "arm": "recent32_hard@7902", "steps": 590, "found": true}
{"phase": "evaluation", "episodes": 1348, "arm": "full_bayes@7902", "steps": 10, "found": true}
{"phase": "evaluation", "episodes": 1349, "arm": "dct16_neutral@7903", "steps": 2188, "found": false}
{"phase": "evaluation", "episodes": 1350, "arm": "dct16_nearest@7903", "steps": 2188, "found": false}
{"phase": "evaluation", "episodes": 1351, "arm": "recent32_hard@7903", "steps": 200, "found": true}
{"phase": "evaluation", "episodes": 1352, "arm": "full_bayes@7903", "steps": 2188, "found": false}
{"phase": "evaluation", "episodes": 1353, "arm": "full_bayes@planner", "steps": 16, "found": true}
{"phase": "evaluation", "episodes": 1354, "arm": "dct16_neutral@planner", "steps": 10, "found": true}
{"phase": "evaluation", "episodes": 1355, "arm": "dct16_nearest@planner", "steps": 6, "found": true}
{"phase": "evaluation", "episodes": 1356, "arm": "recent32_hard@planner", "steps": 16, "found": true}
{"phase": "evaluation", "episodes": 1357, "arm": "dct16_neutral@7901", "steps": 2188, "found": false}
{"phase": "evaluation", "episodes": 1358, "arm": "dct16_nearest@7901", "steps": 2188, "found": false}
{"phase": "evaluation", "episodes": 1359, "arm": "recent32_hard@7901", "steps": 522, "found": true}
{"phase": "evaluation", "episodes": 1360, "arm": "full_bayes@7901", "steps": 10, "found": true}
{"phase": "evaluation", "episodes": 1361, "arm": "dct16_nearest@7902", "steps": 2188, "found": false}
{"phase": "evaluation", "episodes": 1362, "arm": "recent32_hard@7902", "steps": 150, "found": true}
{"phase": "evaluation", "episodes": 1363, "arm": "full_bayes@7902", "steps": 2188, "found": false}
{"phase": "evaluation", "episodes": 1364, "arm": "dct16_neutral@7903", "steps": 2188, "found": false}
{"phase": "evaluation", "episodes": 1365, "arm": "dct16_nearest@7903", "steps": 2188, "found": false}
{"phase": "evaluation", "episodes": 1366, "arm": "recent32_hard@7903", "steps": 306, "found": true}
{"phase": "evaluation", "episodes": 1367, "arm": "full_bayes@7903", "steps": 2188, "found": false}
{"phase": "evaluation", "episodes": 1368, "arm": "full_bayes@planner", "steps": 54, "found": true}
{"phase": "evaluation", "episodes": 1369, "arm": "dct16_neutral@planner", "steps": 48, "found": true}
{"phase": "evaluation", "episodes": 1370, "arm": "dct16_nearest@planner", "steps": 48, "found": true}
{"phase": "evaluation", "episodes": 1371, "arm": "recent32_hard@planner", "steps": 46, "found": true}
{"phase": "evaluation", "episodes": 1372, "arm": "dct16_neutral@7901", "steps": 2188, "found": false}
{"phase": "evaluation", "episodes": 1373, "arm": "dct16_nearest@7901", "steps": 2188, "found": false}
{"phase": "evaluation", "episodes": 1374, "arm": "recent32_hard@7901", "steps": 458, "found": true}
{"phase": "evaluation", "episodes": 1375, "arm": "full_bayes@7901", "steps": 2188, "found": false}
{"phase": "evaluation", "episodes": 1376, "arm": "dct16_neutral@7902", "steps": 2188, "found": false}
{"phase": "evaluation", "episodes": 1377, "arm": "recent32_hard@7902", "steps": 283, "found": true}
{"phase": "evaluation", "episodes": 1378, "arm": "full_bayes@7902", "steps": 2188, "found": false}
{"phase": "evaluation", "episodes": 1379, "arm": "dct16_neutral@7903", "steps": 205, "found": true}
{"phase": "evaluation", "episodes": 1380, "arm": "dct16_nearest@7903", "steps": 2188, "found": false}
{"phase": "evaluation", "episodes": 1381, "arm": "recent32_hard@7903", "steps": 739, "found": true}
{"phase": "evaluation", "episodes": 1382, "arm": "full_bayes@7903", "steps": 2188, "found": false}
{"phase": "evaluation", "episodes": 1383, "arm": "full_bayes@planner", "steps": 29, "found": true}
{"phase": "evaluation", "episodes": 1384, "arm": "dct16_neutral@planner", "steps": 31, "found": true}
{"phase": "evaluation", "episodes": 1385, "arm": "dct16_nearest@planner", "steps": 29, "found": true}
{"phase": "evaluation", "episodes": 1386, "arm": "recent32_hard@planner", "steps": 29, "found": true}
{"phase": "evaluation", "episodes": 1387, "arm": "dct16_neutral@7901", "steps": 2188, "found": false}
{"phase": "evaluation", "episodes": 1388, "arm": "dct16_nearest@7901", "steps": 2188, "found": false}
{"phase": "evaluation", "episodes": 1389, "arm": "recent32_hard@7901", "steps": 273, "found": true}
{"phase": "evaluation", "episodes": 1390, "arm": "full_bayes@7901", "steps": 2188, "found": false}
{"phase": "evaluation", "episodes": 1391, "arm": "dct16_neutral@7902", "steps": 2188, "found": false}
{"phase": "evaluation", "episodes": 1392, "arm": "dct16_nearest@7902", "steps": 2188, "found": false}
{"phase": "evaluation", "episodes": 1393, "arm": "full_bayes@7902", "steps": 2188, "found": false}
{"phase": "evaluation", "episodes": 1394, "arm": "dct16_neutral@7903", "steps": 2188, "found": false}
{"phase": "evaluation", "episodes": 1395, "arm": "dct16_nearest@7903", "steps": 2188, "found": false}
{"phase": "evaluation", "episodes": 1396, "arm": "recent32_hard@7903", "steps": 368, "found": true}
{"phase": "evaluation", "episodes": 1397, "arm": "full_bayes@7903", "steps": 2188, "found": false}
{"phase": "evaluation", "episodes": 1398, "arm": "full_bayes@planner", "steps": 16, "found": true}
{"phase": "evaluation", "episodes": 1399, "arm": "dct16_neutral@planner", "steps": 22, "found": true}
{"phase": "evaluation", "episodes": 1400, "arm": "dct16_nearest@planner", "steps": 18, "found": true}
{"phase": "evaluation", "episodes": 1401, "arm": "recent32_hard@planner", "steps": 16, "found": true}
{"phase": "evaluation", "episodes": 1402, "arm": "dct16_neutral@7901", "steps": 2188, "found": false}
{"phase": "evaluation", "episodes": 1403, "arm": "dct16_nearest@7901", "steps": 156, "found": true}
{"phase": "evaluation", "episodes": 1404, "arm": "recent32_hard@7901", "steps": 182, "found": true}
{"phase": "evaluation", "episodes": 1405, "arm": "full_bayes@7901", "steps": 2188, "found": false}
{"phase": "evaluation", "episodes": 1406, "arm": "dct16_neutral@7902", "steps": 2188, "found": false}
{"phase": "evaluation", "episodes": 1407, "arm": "dct16_nearest@7902", "steps": 2188, "found": false}
{"phase": "evaluation", "episodes": 1408, "arm": "recent32_hard@7902", "steps": 94, "found": true}
{"phase": "evaluation", "episodes": 1409, "arm": "dct16_neutral@7903", "steps": 2188, "found": false}
{"phase": "evaluation", "episodes": 1410, "arm": "dct16_nearest@7903", "steps": 96, "found": true}
{"phase": "evaluation", "episodes": 1411, "arm": "recent32_hard@7903", "steps": 6, "found": true}
{"phase": "evaluation", "episodes": 1412, "arm": "full_bayes@7903", "steps": 2188, "found": false}
{"phase": "evaluation", "episodes": 1413, "arm": "full_bayes@planner", "steps": 12, "found": true}
{"phase": "evaluation", "episodes": 1414, "arm": "dct16_neutral@planner", "steps": 14, "found": true}
{"phase": "evaluation", "episodes": 1415, "arm": "dct16_nearest@planner", "steps": 14, "found": true}
{"phase": "evaluation", "episodes": 1416, "arm": "recent32_hard@planner", "steps": 12, "found": true}
{"phase": "evaluation", "episodes": 1417, "arm": "dct16_neutral@7901", "steps": 2188, "found": false}
{"phase": "evaluation", "episodes": 1418, "arm": "dct16_nearest@7901", "steps": 2188, "found": false}
{"phase": "evaluation", "episodes": 1419, "arm": "recent32_hard@7901", "steps": 6, "found": true}
{"phase": "evaluation", "episodes": 1420, "arm": "full_bayes@7901", "steps": 2188, "found": false}
{"phase": "evaluation", "episodes": 1421, "arm": "dct16_neutral@7902", "steps": 2188, "found": false}
{"phase": "evaluation", "episodes": 1422, "arm": "dct16_nearest@7902", "steps": 2188, "found": false}
{"phase": "evaluation", "episodes": 1423, "arm": "recent32_hard@7902", "steps": 6, "found": true}
{"phase": "evaluation", "episodes": 1424, "arm": "full_bayes@7902", "steps": 48, "found": true}
{"phase": "evaluation", "episodes": 1425, "arm": "dct16_nearest@7903", "steps": 21, "found": true}
{"phase": "evaluation", "episodes": 1426, "arm": "recent32_hard@7903", "steps": 127, "found": true}
{"phase": "evaluation", "episodes": 1427, "arm": "full_bayes@7903", "steps": 2188, "found": false}
{"phase": "evaluation", "episodes": 1428, "arm": "full_bayes@planner", "steps": 49, "found": true}
{"phase": "evaluation", "episodes": 1429, "arm": "dct16_neutral@planner", "steps": 43, "found": true}
{"phase": "evaluation", "episodes": 1430, "arm": "dct16_nearest@planner", "steps": 43, "found": true}
{"phase": "evaluation", "episodes": 1431, "arm": "recent32_hard@planner", "steps": 49, "found": true}
{"phase": "evaluation", "episodes": 1432, "arm": "dct16_neutral@7901", "steps": 13, "found": true}
{"phase": "evaluation", "episodes": 1433, "arm": "dct16_nearest@7901", "steps": 13, "found": true}
{"phase": "evaluation", "episodes": 1434, "arm": "recent32_hard@7901", "steps": 55, "found": true}
{"phase": "evaluation", "episodes": 1435, "arm": "full_bayes@7901", "steps": 2188, "found": false}
{"phase": "evaluation", "episodes": 1436, "arm": "dct16_neutral@7902", "steps": 13, "found": true}
{"phase": "evaluation", "episodes": 1437, "arm": "dct16_nearest@7902", "steps": 2188, "found": false}
{"phase": "evaluation", "episodes": 1438, "arm": "recent32_hard@7902", "steps": 209, "found": true}
{"phase": "evaluation", "episodes": 1439, "arm": "full_bayes@7902", "steps": 2188, "found": false}
{"phase": "evaluation", "episodes": 1440, "arm": "dct16_neutral@7903", "steps": 2188, "found": false}
{"phase": "evaluation", "episodes": 1441, "arm": "recent32_hard@7903", "steps": 213, "found": true}
{"phase": "evaluation", "episodes": 1442, "arm": "full_bayes@7903", "steps": 35, "found": true}
{"phase": "evaluation", "episodes": 1443, "arm": "full_bayes@planner", "steps": 55, "found": true}
{"phase": "evaluation", "episodes": 1444, "arm": "dct16_neutral@planner", "steps": 55, "found": true}
{"phase": "evaluation", "episodes": 1445, "arm": "dct16_nearest@planner", "steps": 55, "found": true}
{"phase": "evaluation", "episodes": 1446, "arm": "recent32_hard@planner", "steps": 63, "found": true}
{"phase": "evaluation", "episodes": 1447, "arm": "dct16_neutral@7901", "steps": 2188, "found": false}
{"phase": "evaluation", "episodes": 1448, "arm": "dct16_nearest@7901", "steps": 2188, "found": false}
{"phase": "evaluation", "episodes": 1449, "arm": "recent32_hard@7901", "steps": 411, "found": true}
{"phase": "evaluation", "episodes": 1450, "arm": "full_bayes@7901", "steps": 2188, "found": false}
{"phase": "evaluation", "episodes": 1451, "arm": "dct16_neutral@7902", "steps": 2188, "found": false}
{"phase": "evaluation", "episodes": 1452, "arm": "dct16_nearest@7902", "steps": 2188, "found": false}
{"phase": "evaluation", "episodes": 1453, "arm": "recent32_hard@7902", "steps": 377, "found": true}
{"phase": "evaluation", "episodes": 1454, "arm": "full_bayes@7902", "steps": 19, "found": true}
{"phase": "evaluation", "episodes": 1455, "arm": "dct16_neutral@7903", "steps": 113, "found": true}
{"phase": "evaluation", "episodes": 1456, "arm": "dct16_nearest@7903", "steps": 127, "found": true}
{"phase": "evaluation", "episodes": 1457, "arm": "full_bayes@7903", "steps": 2188, "found": false}
{"phase": "evaluation", "episodes": 1458, "arm": "full_bayes@planner", "steps": 100, "found": true}
{"phase": "evaluation", "episodes": 1459, "arm": "dct16_neutral@planner", "steps": 134, "found": true}
{"phase": "evaluation", "episodes": 1460, "arm": "dct16_nearest@planner", "steps": 98, "found": true}
{"phase": "evaluation", "episodes": 1461, "arm": "recent32_hard@planner", "steps": 62, "found": true}
{"phase": "evaluation", "episodes": 1462, "arm": "dct16_neutral@7901", "steps": 2188, "found": false}
{"phase": "evaluation", "episodes": 1463, "arm": "dct16_nearest@7901", "steps": 2188, "found": false}
{"phase": "evaluation", "episodes": 1464, "arm": "recent32_hard@7901", "steps": 2188, "found": false}
{"phase": "evaluation", "episodes": 1465, "arm": "full_bayes@7901", "steps": 2188, "found": false}
{"phase": "evaluation", "episodes": 1466, "arm": "dct16_neutral@7902", "steps": 2188, "found": false}
{"phase": "evaluation", "episodes": 1467, "arm": "dct16_nearest@7902", "steps": 2188, "found": false}
{"phase": "evaluation", "episodes": 1468, "arm": "recent32_hard@7902", "steps": 716, "found": true}
{"phase": "evaluation", "episodes": 1469, "arm": "full_bayes@7902", "steps": 2188, "found": false}
{"phase": "evaluation", "episodes": 1470, "arm": "dct16_neutral@7903", "steps": 2188, "found": false}
{"phase": "evaluation", "episodes": 1471, "arm": "dct16_nearest@7903", "steps": 2188, "found": false}
{"phase": "evaluation", "episodes": 1472, "arm": "recent32_hard@7903", "steps": 26, "found": true}
{"phase": "evaluation", "episodes": 1473, "arm": "full_bayes@planner", "steps": 9, "found": true}
{"phase": "evaluation", "episodes": 1474, "arm": "dct16_neutral@planner", "steps": 9, "found": true}
{"phase": "evaluation", "episodes": 1475, "arm": "dct16_nearest@planner", "steps": 9, "found": true}
{"phase": "evaluation", "episodes": 1476, "arm": "recent32_hard@planner", "steps": 9, "found": true}
{"phase": "evaluation", "episodes": 1477, "arm": "dct16_neutral@7901", "steps": 2188, "found": false}
{"phase": "evaluation", "episodes": 1478, "arm": "dct16_nearest@7901", "steps": 2188, "found": false}
{"phase": "evaluation", "episodes": 1479, "arm": "recent32_hard@7901", "steps": 3, "found": true}
{"phase": "evaluation", "episodes": 1480, "arm": "full_bayes@7901", "steps": 43, "found": true}
{"phase": "evaluation", "episodes": 1481, "arm": "dct16_neutral@7902", "steps": 49, "found": true}
{"phase": "evaluation", "episodes": 1482, "arm": "dct16_nearest@7902", "steps": 2188, "found": false}
{"phase": "evaluation", "episodes": 1483, "arm": "recent32_hard@7902", "steps": 3, "found": true}
{"phase": "evaluation", "episodes": 1484, "arm": "full_bayes@7902", "steps": 7, "found": true}
{"phase": "evaluation", "episodes": 1485, "arm": "dct16_neutral@7903", "steps": 2188, "found": false}
{"phase": "evaluation", "episodes": 1486, "arm": "dct16_nearest@7903", "steps": 2188, "found": false}
{"phase": "evaluation", "episodes": 1487, "arm": "recent32_hard@7903", "steps": 43, "found": true}
{"phase": "evaluation", "episodes": 1488, "arm": "full_bayes@7903", "steps": 2188, "found": false}
{"phase": "evaluation", "episodes": 1489, "arm": "dct16_neutral@planner", "steps": 17, "found": true}
{"phase": "evaluation", "episodes": 1490, "arm": "dct16_nearest@planner", "steps": 17, "found": true}
{"phase": "evaluation", "episodes": 1491, "arm": "recent32_hard@planner", "steps": 15, "found": true}
{"phase": "evaluation", "episodes": 1492, "arm": "dct16_neutral@7901", "steps": 2188, "found": false}
{"phase": "evaluation", "episodes": 1493, "arm": "dct16_nearest@7901", "steps": 2188, "found": false}
{"phase": "evaluation", "episodes": 1494, "arm": "recent32_hard@7901", "steps": 5, "found": true}
{"phase": "evaluation", "episodes": 1495, "arm": "full_bayes@7901", "steps": 53, "found": true}
{"phase": "evaluation", "episodes": 1496, "arm": "dct16_neutral@7902", "steps": 2188, "found": false}
{"phase": "evaluation", "episodes": 1497, "arm": "dct16_nearest@7902", "steps": 109, "found": true}
{"phase": "evaluation", "episodes": 1498, "arm": "recent32_hard@7902", "steps": 5, "found": true}
{"phase": "evaluation", "episodes": 1499, "arm": "full_bayes@7902", "steps": 9, "found": true}
{"phase": "evaluation", "episodes": 1500, "arm": "dct16_neutral@7903", "steps": 2188, "found": false}
{"phase": "evaluation", "episodes": 1501, "arm": "dct16_nearest@7903", "steps": 2188, "found": false}
{"phase": "evaluation", "episodes": 1502, "arm": "recent32_hard@7903", "steps": 5, "found": true}
{"phase": "evaluation", "episodes": 1503, "arm": "full_bayes@7903", "steps": 9, "found": true}
{"phase": "evaluation", "episodes": 1504, "arm": "full_bayes@planner", "steps": 15, "found": true}
{"phase": "evaluation", "episodes": 1505, "arm": "dct16_nearest@planner", "steps": 26, "found": true}
{"phase": "evaluation", "episodes": 1506, "arm": "recent32_hard@planner", "steps": 42, "found": true}
{"phase": "evaluation", "episodes": 1507, "arm": "dct16_neutral@7901", "steps": 2188, "found": false}
{"phase": "evaluation", "episodes": 1508, "arm": "dct16_nearest@7901", "steps": 2188, "found": false}
{"phase": "evaluation", "episodes": 1509, "arm": "recent32_hard@7901", "steps": 212, "found": true}
{"phase": "evaluation", "episodes": 1510, "arm": "full_bayes@7901", "steps": 12, "found": true}
{"phase": "evaluation", "episodes": 1511, "arm": "dct16_neutral@7902", "steps": 2188, "found": false}
{"phase": "evaluation", "episodes": 1512, "arm": "dct16_nearest@7902", "steps": 2188, "found": false}
{"phase": "evaluation", "episodes": 1513, "arm": "recent32_hard@7902", "steps": 2188, "found": false}
{"phase": "evaluation", "episodes": 1514, "arm": "full_bayes@7902", "steps": 12, "found": true}
{"phase": "evaluation", "episodes": 1515, "arm": "dct16_neutral@7903", "steps": 2188, "found": false}
{"phase": "evaluation", "episodes": 1516, "arm": "dct16_nearest@7903", "steps": 2188, "found": false}
{"phase": "evaluation", "episodes": 1517, "arm": "recent32_hard@7903", "steps": 2058, "found": true}
{"phase": "evaluation", "episodes": 1518, "arm": "full_bayes@7903", "steps": 14, "found": true}
{"phase": "evaluation", "episodes": 1519, "arm": "full_bayes@planner", "steps": 42, "found": true}
{"phase": "evaluation", "episodes": 1520, "arm": "dct16_neutral@planner", "steps": 26, "found": true}
{"phase": "evaluation", "episodes": 1521, "arm": "recent32_hard@planner", "steps": 14, "found": true}
{"phase": "evaluation", "episodes": 1522, "arm": "dct16_neutral@7901", "steps": 2, "found": true}
{"phase": "evaluation", "episodes": 1523, "arm": "dct16_nearest@7901", "steps": 2, "found": true}
{"phase": "evaluation", "episodes": 1524, "arm": "recent32_hard@7901", "steps": 2, "found": true}
{"phase": "evaluation", "episodes": 1525, "arm": "full_bayes@7901", "steps": 28, "found": true}
{"phase": "evaluation", "episodes": 1526, "arm": "dct16_neutral@7902", "steps": 2, "found": true}
{"phase": "evaluation", "episodes": 1527, "arm": "dct16_nearest@7902", "steps": 2, "found": true}
{"phase": "evaluation", "episodes": 1528, "arm": "recent32_hard@7902", "steps": 2, "found": true}
{"phase": "evaluation", "episodes": 1529, "arm": "full_bayes@7902", "steps": 52, "found": true}
{"phase": "evaluation", "episodes": 1530, "arm": "dct16_neutral@7903", "steps": 2, "found": true}
{"phase": "evaluation", "episodes": 1531, "arm": "dct16_nearest@7903", "steps": 2, "found": true}
{"phase": "evaluation", "episodes": 1532, "arm": "recent32_hard@7903", "steps": 2, "found": true}
{"phase": "evaluation", "episodes": 1533, "arm": "full_bayes@7903", "steps": 28, "found": true}
{"phase": "evaluation", "episodes": 1534, "arm": "full_bayes@planner", "steps": 14, "found": true}
{"phase": "evaluation", "episodes": 1535, "arm": "dct16_neutral@planner", "steps": 14, "found": true}
{"phase": "evaluation", "episodes": 1536, "arm": "dct16_nearest@planner", "steps": 14, "found": true}
