research/robot-position-observer-results/benchmark-detail.svg:24: trailing whitespace.
+   <path d="M 0 1296 
research/robot-position-observer-results/benchmark-detail.svg:25: trailing whitespace.
+L 1512 1296 
research/robot-position-observer-results/benchmark-detail.svg:26: trailing whitespace.
+L 1512 0 
research/robot-position-observer-results/benchmark-detail.svg:27: trailing whitespace.
+L 0 0 
research/robot-position-observer-results/benchmark-detail.svg:33: trailing whitespace.
+    <path d="M 55.882344 343.600059 
research/robot-position-observer-results/benchmark-detail.svg:34: trailing whitespace.
+L 751.32 343.600059 
research/robot-position-observer-results/benchmark-detail.svg:35: trailing whitespace.
+L 751.32 136.809844 
research/robot-position-observer-results/benchmark-detail.svg:36: trailing whitespace.
+L 55.882344 136.809844 
research/robot-position-observer-results/benchmark-detail.svg:44: trailing whitespace.
+       <path id="m7159e4c74f" d="M 0 0 
research/robot-position-observer-results/benchmark-detail.svg:45: trailing whitespace.
+L 0 3.5 
research/robot-position-observer-results/benchmark-detail.svg:56: trailing whitespace.
+        <path id="DejaVuSans-33" d="M 1259 4147 
research/robot-position-observer-results/benchmark-detail.svg:57: trailing whitespace.
+L 1259 2394 
research/robot-position-observer-results/benchmark-detail.svg:58: trailing whitespace.
+L 2053 2394 
research/robot-position-observer-results/benchmark-detail.svg:59: trailing whitespace.
+Q 2494 2394 2734 2622 
research/robot-position-observer-results/benchmark-detail.svg:60: trailing whitespace.
+Q 2975 2850 2975 3272 
research/robot-position-observer-results/benchmark-detail.svg:61: trailing whitespace.
+Q 2975 3691 2734 3919 
research/robot-position-observer-results/benchmark-detail.svg:62: trailing whitespace.
+Q 2494 4147 2053 4147 
research/robot-position-observer-results/benchmark-detail.svg:63: trailing whitespace.
+L 1259 4147 
research/robot-position-observer-results/benchmark-detail.svg:65: trailing whitespace.
+M 628 4666 
research/robot-position-observer-results/benchmark-detail.svg:66: trailing whitespace.
+L 2053 4666 
research/robot-position-observer-results/benchmark-detail.svg:67: trailing whitespace.
+Q 2838 4666 3239 4311 
research/robot-position-observer-results/benchmark-detail.svg:68: trailing whitespace.
+Q 3641 3956 3641 3272 
research/robot-position-observer-results/benchmark-detail.svg:69: trailing whitespace.
+Q 3641 2581 3239 2228 
research/robot-position-observer-results/benchmark-detail.svg:70: trailing whitespace.
+Q 2838 1875 2053 1875 
research/robot-position-observer-results/benchmark-detail.svg:71: trailing whitespace.
+L 1259 1875 
research/robot-position-observer-results/benchmark-detail.svg:72: trailing whitespace.
+L 1259 0 
research/robot-position-observer-results/benchmark-detail.svg:73: trailing whitespace.
+L 628 0 
research/robot-position-observer-results/benchmark-detail.svg:74: trailing whitespace.
+L 628 4666 
research/robot-position-observer-results/benchmark-detail.svg:77: trailing whitespace.
+        <path id="DejaVuSans-52" d="M 1959 3097 
research/robot-position-observer-results/benchmark-detail.svg:78: trailing whitespace.
+Q 1497 3097 1228 2736 
research/robot-position-observer-results/benchmark-detail.svg:79: trailing whitespace.
+Q 959 2375 959 1747 
research/robot-position-observer-results/benchmark-detail.svg:80: trailing whitespace.
+Q 959 1119 1226 758 
research/robot-position-observer-results/benchmark-detail.svg:81: trailing whitespace.
+Q 1494 397 1959 397 
research/robot-position-observer-results/benchmark-detail.svg:82: trailing whitespace.
+Q 2419 397 2687 759 
research/robot-position-observer-results/benchmark-detail.svg:83: trailing whitespace.
+Q 2956 1122 2956 1747 
research/robot-position-observer-results/benchmark-detail.svg:84: trailing whitespace.
+Q 2956 2369 2687 2733 
research/robot-position-observer-results/benchmark-detail.svg:85: trailing whitespace.
+Q 2419 3097 1959 3097 
research/robot-position-observer-results/benchmark-detail.svg:87: trailing whitespace.
+M 1959 3584 
research/robot-position-observer-results/benchmark-detail.svg:88: trailing whitespace.
+Q 2709 3584 3137 3096 
research/robot-position-observer-results/benchmark-detail.svg:89: trailing whitespace.
+Q 3566 2609 3566 1747 
research/robot-position-observer-results/benchmark-detail.svg:90: trailing whitespace.
+Q 3566 888 3137 398 
research/robot-position-observer-results/benchmark-detail.svg:91: trailing whitespace.
+Q 2709 -91 1959 -91 
research/robot-position-observer-results/benchmark-detail.svg:92: trailing whitespace.
+Q 1206 -91 779 398 
research/robot-position-observer-results/benchmark-detail.svg:93: trailing whitespace.
+Q 353 888 353 1747 
research/robot-position-observer-results/benchmark-detail.svg:94: trailing whitespace.
+Q 353 2609 779 3096 
research/robot-position-observer-results/benchmark-detail.svg:95: trailing whitespace.
+Q 1206 3584 1959 3584 
research/robot-position-observer-results/benchmark-detail.svg:98: trailing whitespace.
+        <path id="DejaVuSans-56" d="M 2834 3397 
research/robot-position-observer-results/benchmark-detail.svg:99: trailing whitespace.
+L 2834 2853 
research/robot-position-observer-results/benchmark-detail.svg:100: trailing whitespace.
+Q 2591 2978 2328 3040 
research/robot-position-observer-results/benchmark-detail.svg:101: trailing whitespace.
+Q 2066 3103 1784 3103 
research/robot-position-observer-results/benchmark-detail.svg:102: trailing whitespace.
+Q 1356 3103 1142 2972 
research/robot-position-observer-results/benchmark-detail.svg:103: trailing whitespace.
+Q 928 2841 928 2578 
research/robot-position-observer-results/benchmark-detail.svg:104: trailing whitespace.
+Q 928 2378 1081 2264 
research/robot-position-observer-results/benchmark-detail.svg:105: trailing whitespace.
+Q 1234 2150 1697 2047 
research/robot-position-observer-results/benchmark-detail.svg:106: trailing whitespace.
+L 1894 2003 
research/robot-position-observer-results/benchmark-detail.svg:107: trailing whitespace.
+Q 2506 1872 2764 1633 
research/robot-position-observer-results/benchmark-detail.svg:108: trailing whitespace.
+Q 3022 1394 3022 966 
research/robot-position-observer-results/benchmark-detail.svg:109: trailing whitespace.
+Q 3022 478 2636 193 
research/robot-position-observer-results/benchmark-detail.svg:110: trailing whitespace.
+Q 2250 -91 1575 -91 
research/robot-position-observer-results/benchmark-detail.svg:111: trailing whitespace.
+Q 1294 -91 989 -36 
research/robot-position-observer-results/benchmark-detail.svg:112: trailing whitespace.
+Q 684 19 347 128 
research/robot-position-observer-results/benchmark-detail.svg:113: trailing whitespace.
+L 347 722 
research/robot-position-observer-results/benchmark-detail.svg:114: trailing whitespace.
+Q 666 556 975 473 
research/robot-position-observer-results/benchmark-detail.svg:115: trailing whitespace.
+Q 1284 391 1588 391 
research/robot-position-observer-results/benchmark-detail.svg:116: trailing whitespace.
+Q 1994 391 2212 530 
research/robot-position-observer-results/benchmark-detail.svg:117: trailing whitespace.
+Q 2431 669 2431 922 
research/robot-position-observer-results/benchmark-detail.svg:118: trailing whitespace.
+Q 2431 1156 2273 1281 
research/robot-position-observer-results/benchmark-detail.svg:119: trailing whitespace.
+Q 2116 1406 1581 1522 
research/robot-position-observer-results/benchmark-detail.svg:120: trailing whitespace.
+L 1381 1569 
research/robot-position-observer-results/benchmark-detail.svg:121: trailing whitespace.
+Q 847 1681 609 1914 
research/robot-position-observer-results/benchmark-detail.svg:122: trailing whitespace.
+Q 372 2147 372 2553 
research/robot-position-observer-results/benchmark-detail.svg:123: trailing whitespace.
+Q 372 3047 722 3315 
research/robot-position-observer-results/benchmark-detail.svg:124: trailing whitespace.
+Q 1072 3584 1716 3584 
research/robot-position-observer-results/benchmark-detail.svg:125: trailing whitespace.
+Q 2034 3584 2315 3537 
research/robot-position-observer-results/benchmark-detail.svg:126: trailing whitespace.
+Q 2597 3491 2834 3397 
research/robot-position-observer-results/benchmark-detail.svg:129: trailing whitespace.
+        <path id="DejaVuSans-4c" d="M 603 3500 
research/robot-position-observer-results/benchmark-detail.svg:130: trailing whitespace.
+L 1178 3500 
research/robot-position-observer-results/benchmark-detail.svg:131: trailing whitespace.
+L 1178 0 
research/robot-position-observer-results/benchmark-detail.svg:132: trailing whitespace.
+L 603 0 
research/robot-position-observer-results/benchmark-detail.svg:133: trailing whitespace.
+L 603 3500 
research/robot-position-observer-results/benchmark-detail.svg:135: trailing whitespace.
+M 603 4863 
research/robot-position-observer-results/benchmark-detail.svg:136: trailing whitespace.
+L 1178 4863 
research/robot-position-observer-results/benchmark-detail.svg:137: trailing whitespace.
+L 1178 4134 
research/robot-position-observer-results/benchmark-detail.svg:138: trailing whitespace.
+L 603 4134 
research/robot-position-observer-results/benchmark-detail.svg:139: trailing whitespace.
+L 603 4863 
research/robot-position-observer-results/benchmark-detail.svg:142: trailing whitespace.
+        <path id="DejaVuSans-57" d="M 1172 4494 
research/robot-position-observer-results/benchmark-detail.svg:143: trailing whitespace.
+L 1172 3500 
research/robot-position-observer-results/benchmark-detail.svg:144: trailing whitespace.
+L 2356 3500 
research/robot-position-observer-results/benchmark-detail.svg:145: trailing whitespace.
+L 2356 3053 
research/robot-position-observer-results/benchmark-detail.svg:146: trailing whitespace.
+L 1172 3053 
research/robot-position-observer-results/benchmark-detail.svg:147: trailing whitespace.
+L 1172 1153 
research/robot-position-observer-results/benchmark-detail.svg:148: trailing whitespace.
+Q 1172 725 1289 603 
research/robot-position-observer-results/benchmark-detail.svg:149: trailing whitespace.
+Q 1406 481 1766 481 
research/robot-position-observer-results/benchmark-detail.svg:150: trailing whitespace.
+L 2356 481 
research/robot-position-observer-results/benchmark-detail.svg:151: trailing whitespace.
+L 2356 0 
research/robot-position-observer-results/benchmark-detail.svg:152: trailing whitespace.
+L 1766 0 
research/robot-position-observer-results/benchmark-detail.svg:153: trailing whitespace.
+Q 1100 0 847 248 
research/robot-position-observer-results/benchmark-detail.svg:154: trailing whitespace.
+Q 594 497 594 1153 
research/robot-position-observer-results/benchmark-detail.svg:155: trailing whitespace.
+L 594 3053 
research/robot-position-observer-results/benchmark-detail.svg:156: trailing whitespace.
+L 172 3053 
research/robot-position-observer-results/benchmark-detail.svg:157: trailing whitespace.
+L 172 3500 
research/robot-position-observer-results/benchmark-detail.svg:158: trailing whitespace.
+L 594 3500 
research/robot-position-observer-results/benchmark-detail.svg:159: trailing whitespace.
+L 594 4494 
research/robot-position-observer-results/benchmark-detail.svg:160: trailing whitespace.
+L 1172 4494 
research/robot-position-observer-results/benchmark-detail.svg:163: trailing whitespace.
+        <path id="DejaVuSans-51" d="M 3513 2113 
research/robot-position-observer-results/benchmark-detail.svg:164: trailing whitespace.
+L 3513 0 
research/robot-position-observer-results/benchmark-detail.svg:165: trailing whitespace.
+L 2938 0 
research/robot-position-observer-results/benchmark-detail.svg:166: trailing whitespace.
+L 2938 2094 
research/robot-position-observer-results/benchmark-detail.svg:167: trailing whitespace.
+Q 2938 2591 2744 2837 
research/robot-position-observer-results/benchmark-detail.svg:168: trailing whitespace.
+Q 2550 3084 2163 3084 
research/robot-position-observer-results/benchmark-detail.svg:169: trailing whitespace.
+Q 1697 3084 1428 2787 
research/robot-position-observer-results/benchmark-detail.svg:170: trailing whitespace.
+Q 1159 2491 1159 1978 
research/robot-position-observer-results/benchmark-detail.svg:171: trailing whitespace.
+L 1159 0 
research/robot-position-observer-results/benchmark-detail.svg:172: trailing whitespace.
+L 581 0 
research/robot-position-observer-results/benchmark-detail.svg:173: trailing whitespace.
+L 581 3500 
research/robot-position-observer-results/benchmark-detail.svg:174: trailing whitespace.
+L 1159 3500 
research/robot-position-observer-results/benchmark-detail.svg:175: trailing whitespace.
+L 1159 2956 
research/robot-position-observer-results/benchmark-detail.svg:176: trailing whitespace.
+Q 1366 3272 1645 3428 
research/robot-position-observer-results/benchmark-detail.svg:177: trailing whitespace.
+Q 1925 3584 2291 3584 
research/robot-position-observer-results/benchmark-detail.svg:178: trailing whitespace.
+Q 2894 3584 3203 3211 
research/robot-position-observer-results/benchmark-detail.svg:179: trailing whitespace.
+Q 3513 2838 3513 2113 
research/robot-position-observer-results/benchmark-detail.svg:183: trailing whitespace.
+        <path id="DejaVuSans-4f" d="M 603 4863 
research/robot-position-observer-results/benchmark-detail.svg:184: trailing whitespace.
+L 1178 4863 
research/robot-position-observer-results/benchmark-detail.svg:185: trailing whitespace.
+L 1178 0 
research/robot-position-observer-results/benchmark-detail.svg:186: trailing whitespace.
+L 603 0 
research/robot-position-observer-results/benchmark-detail.svg:187: trailing whitespace.
+L 603 4863 
research/robot-position-observer-results/benchmark-detail.svg:190: trailing whitespace.
+        <path id="DejaVuSans-48" d="M 3597 1894 
research/robot-position-observer-results/benchmark-detail.svg:191: trailing whitespace.
+L 3597 1613 
research/robot-position-observer-results/benchmark-detail.svg:192: trailing whitespace.
+L 953 1613 
research/robot-position-observer-results/benchmark-detail.svg:193: trailing whitespace.
+Q 991 1019 1311 708 
research/robot-position-observer-results/benchmark-detail.svg:194: trailing whitespace.
+Q 1631 397 2203 397 
research/robot-position-observer-results/benchmark-detail.svg:195: trailing whitespace.
+Q 2534 397 2845 478 
research/robot-position-observer-results/benchmark-detail.svg:196: trailing whitespace.
+Q 3156 559 3463 722 
research/robot-position-observer-results/benchmark-detail.svg:197: trailing whitespace.
+L 3463 178 
research/robot-position-observer-results/benchmark-detail.svg:198: trailing whitespace.
+Q 3153 47 2828 -22 
research/robot-position-observer-results/benchmark-detail.svg:199: trailing whitespace.
+Q 2503 -91 2169 -91 
research/robot-position-observer-results/benchmark-detail.svg:200: trailing whitespace.
+Q 1331 -91 842 396 
research/robot-position-observer-results/benchmark-detail.svg:201: trailing whitespace.
+Q 353 884 353 1716 
research/robot-position-observer-results/benchmark-detail.svg:202: trailing whitespace.
+Q 353 2575 817 3079 
research/robot-position-observer-results/benchmark-detail.svg:203: trailing whitespace.
+Q 1281 3584 2069 3584 
research/robot-position-observer-results/benchmark-detail.svg:204: trailing whitespace.
+Q 2775 3584 3186 3129 
research/robot-position-observer-results/benchmark-detail.svg:205: trailing whitespace.
+Q 3597 2675 3597 1894 
research/robot-position-observer-results/benchmark-detail.svg:207: trailing whitespace.
+M 3022 2063 
research/robot-position-observer-results/benchmark-detail.svg:208: trailing whitespace.
+Q 3016 2534 2758 2815 
research/robot-position-observer-results/benchmark-detail.svg:209: trailing whitespace.
+Q 2500 3097 2075 3097 
research/robot-position-observer-results/benchmark-detail.svg:210: trailing whitespace.
+Q 1594 3097 1305 2825 
research/robot-position-observer-results/benchmark-detail.svg:211: trailing whitespace.
+Q 1016 2553 972 2059 
research/robot-position-observer-results/benchmark-detail.svg:212: trailing whitespace.
+L 3022 2063 
research/robot-position-observer-results/benchmark-detail.svg:215: trailing whitespace.
+        <path id="DejaVuSans-44" d="M 2194 1759 
research/robot-position-observer-results/benchmark-detail.svg:216: trailing whitespace.
+Q 1497 1759 1228 1600 
research/robot-position-observer-results/benchmark-detail.svg:217: trailing whitespace.
+Q 959 1441 959 1056 
research/robot-position-observer-results/benchmark-detail.svg:218: trailing whitespace.
+Q 959 750 1161 570 
research/robot-position-observer-results/benchmark-detail.svg:219: trailing whitespace.
+Q 1363 391 1709 391 
research/robot-position-observer-results/benchmark-detail.svg:220: trailing whitespace.
+Q 2188 391 2477 730 
research/robot-position-observer-results/benchmark-detail.svg:221: trailing whitespace.
+Q 2766 1069 2766 1631 
research/robot-position-observer-results/benchmark-detail.svg:222: trailing whitespace.
+L 2766 1759 
research/robot-position-observer-results/benchmark-detail.svg:223: trailing whitespace.
+L 2194 1759 
research/robot-position-observer-results/benchmark-detail.svg:225: trailing whitespace.
+M 3341 1997 
research/robot-position-observer-results/benchmark-detail.svg:226: trailing whitespace.
+L 3341 0 
research/robot-position-observer-results/benchmark-detail.svg:227: trailing whitespace.
+L 2766 0 
research/robot-position-observer-results/benchmark-detail.svg:228: trailing whitespace.
+L 2766 531 
research/robot-position-observer-results/benchmark-detail.svg:229: trailing whitespace.
+Q 2569 213 2275 61 
research/robot-position-observer-results/benchmark-detail.svg:230: trailing whitespace.
+Q 1981 -91 1556 -91 
research/robot-position-observer-results/benchmark-detail.svg:231: trailing whitespace.
+Q 1019 -91 701 211 
research/robot-position-observer-results/benchmark-detail.svg:232: trailing whitespace.
+Q 384 513 384 1019 
research/robot-position-observer-results/benchmark-detail.svg:233: trailing whitespace.
+Q 384 1609 779 1909 
research/robot-position-observer-results/benchmark-detail.svg:234: trailing whitespace.
+Q 1175 2209 1959 2209 
research/robot-position-observer-results/benchmark-detail.svg:235: trailing whitespace.
+L 2766 2209 
research/robot-position-observer-results/benchmark-detail.svg:236: trailing whitespace.
+L 2766 2266 
research/robot-position-observer-results/benchmark-detail.svg:237: trailing whitespace.
+Q 2766 2663 2505 2880 
research/robot-position-observer-results/benchmark-detail.svg:238: trailing whitespace.
+Q 2244 3097 1772 3097 
research/robot-position-observer-results/benchmark-detail.svg:239: trailing whitespace.
+Q 1472 3097 1187 3025 
research/robot-position-observer-results/benchmark-detail.svg:240: trailing whitespace.
+Q 903 2953 641 2809 
research/robot-position-observer-results/benchmark-detail.svg:241: trailing whitespace.
+L 641 3341 
research/robot-position-observer-results/benchmark-detail.svg:242: trailing whitespace.
+Q 956 3463 1253 3523 
research/robot-position-observer-results/benchmark-detail.svg:243: trailing whitespace.
+Q 1550 3584 1831 3584 
research/robot-position-observer-results/benchmark-detail.svg:244: trailing whitespace.
+Q 2591 3584 2966 3190 
research/robot-position-observer-results/benchmark-detail.svg:245: trailing whitespace.
+Q 3341 2797 3341 1997 
research/robot-position-observer-results/benchmark-detail.svg:248: trailing whitespace.
+        <path id="DejaVuSans-55" d="M 2631 2963 
research/robot-position-observer-results/benchmark-detail.svg:249: trailing whitespace.
+Q 2534 3019 2420 3045 
research/robot-position-observer-results/benchmark-detail.svg:250: trailing whitespace.
+Q 2306 3072 2169 3072 
research/robot-position-observer-results/benchmark-detail.svg:251: trailing whitespace.
+Q 1681 3072 1420 2755 
research/robot-position-observer-results/benchmark-detail.svg:252: trailing whitespace.
+Q 1159 2438 1159 1844 
research/robot-position-observer-results/benchmark-detail.svg:253: trailing whitespace.
+L 1159 0 
research/robot-position-observer-results/benchmark-detail.svg:254: trailing whitespace.
+L 581 0 
research/robot-position-observer-results/benchmark-detail.svg:255: trailing whitespace.
+L 581 3500 
research/robot-position-observer-results/benchmark-detail.svg:256: trailing whitespace.
+L 1159 3500 
research/robot-position-observer-results/benchmark-detail.svg:257: trailing whitespace.
+L 1159 2956 
research/robot-position-observer-results/benchmark-detail.svg:258: trailing whitespace.
+Q 1341 3275 1631 3429 
research/robot-position-observer-results/benchmark-detail.svg:259: trailing whitespace.
+Q 1922 3584 2338 3584 
research/robot-position-observer-results/benchmark-detail.svg:260: trailing whitespace.
+Q 2397 3584 2469 3576 
research/robot-position-observer-results/benchmark-detail.svg:261: trailing whitespace.
+Q 2541 3569 2628 3553 
research/robot-position-observer-results/benchmark-detail.svg:262: trailing whitespace.
+L 2631 2963 
research/robot-position-observer-results/benchmark-detail.svg:265: trailing whitespace.
+        <path id="DejaVuSans-47" d="M 2906 2969 
research/robot-position-observer-results/benchmark-detail.svg:266: trailing whitespace.
+L 2906 4863 
research/robot-position-observer-results/benchmark-detail.svg:267: trailing whitespace.
+L 3481 4863 
research/robot-position-observer-results/benchmark-detail.svg:268: trailing whitespace.
+L 3481 0 
research/robot-position-observer-results/benchmark-detail.svg:269: trailing whitespace.
+L 2906 0 
research/robot-position-observer-results/benchmark-detail.svg:270: trailing whitespace.
+L 2906 525 
research/robot-position-observer-results/benchmark-detail.svg:271: trailing whitespace.
+Q 2725 213 2448 61 
research/robot-position-observer-results/benchmark-detail.svg:272: trailing whitespace.
+Q 2172 -91 1784 -91 
research/robot-position-observer-results/benchmark-detail.svg:273: trailing whitespace.
+Q 1150 -91 751 415 
research/robot-position-observer-results/benchmark-detail.svg:274: trailing whitespace.
+Q 353 922 353 1747 
research/robot-position-observer-results/benchmark-detail.svg:275: trailing whitespace.
+Q 353 2572 751 3078 
research/robot-position-observer-results/benchmark-detail.svg:276: trailing whitespace.
+Q 1150 3584 1784 3584 
research/robot-position-observer-results/benchmark-detail.svg:277: trailing whitespace.
+Q 2172 3584 2448 3432 
research/robot-position-observer-results/benchmark-detail.svg:278: trailing whitespace.
+Q 2725 3281 2906 2969 
research/robot-position-observer-results/benchmark-detail.svg:280: trailing whitespace.
+M 947 1747 
research/robot-position-observer-results/benchmark-detail.svg:281: trailing whitespace.
+Q 947 1113 1208 752 
research/robot-position-observer-results/benchmark-detail.svg:282: trailing whitespace.
+Q 1469 391 1925 391 
research/robot-position-observer-results/benchmark-detail.svg:283: trailing whitespace.
+Q 2381 391 2643 752 
research/robot-position-observer-results/benchmark-detail.svg:284: trailing whitespace.
+Q 2906 1113 2906 1747 
research/robot-position-observer-results/benchmark-detail.svg:285: trailing whitespace.
+Q 2906 2381 2643 2742 
research/robot-position-observer-results/benchmark-detail.svg:286: trailing whitespace.
+Q 2381 3103 1925 3103 
research/robot-position-observer-results/benchmark-detail.svg:287: trailing whitespace.
+Q 1469 3103 1208 2742 
research/robot-position-observer-results/benchmark-detail.svg:288: trailing whitespace.
+Q 947 2381 947 1747 
research/robot-position-observer-results/benchmark-detail.svg:321: trailing whitespace.
+        <path id="DejaVuSans-13af" d="M 3431 3500 
research/robot-position-observer-results/benchmark-detail.svg:322: trailing whitespace.
+L 3431 0 
research/robot-position-observer-results/benchmark-detail.svg:323: trailing whitespace.
+L 2853 0 
research/robot-position-observer-results/benchmark-detail.svg:324: trailing whitespace.
+L 2853 3053 
research/robot-position-observer-results/benchmark-detail.svg:325: trailing whitespace.
+L 1275 3053 
research/robot-position-observer-results/benchmark-detail.svg:326: trailing whitespace.
+L 1275 0 
research/robot-position-observer-results/benchmark-detail.svg:327: trailing whitespace.
+L 697 0 
research/robot-position-observer-results/benchmark-detail.svg:328: trailing whitespace.
+L 697 3053 
research/robot-position-observer-results/benchmark-detail.svg:329: trailing whitespace.
+L 147 3053 
research/robot-position-observer-results/benchmark-detail.svg:330: trailing whitespace.
+L 147 3500 
research/robot-position-observer-results/benchmark-detail.svg:331: trailing whitespace.
+L 697 3500 
research/robot-position-observer-results/benchmark-detail.svg:332: trailing whitespace.
+L 697 3744 
research/robot-position-observer-results/benchmark-detail.svg:333: trailing whitespace.
+Q 697 4316 967 4589 
research/robot-position-observer-results/benchmark-detail.svg:334: trailing whitespace.
+Q 1238 4863 1797 4863 
research/robot-position-observer-results/benchmark-detail.svg:335: trailing whitespace.
+L 2375 4863 
research/robot-position-observer-results/benchmark-detail.svg:336: trailing whitespace.
+L 2375 4384 
research/robot-position-observer-results/benchmark-detail.svg:337: trailing whitespace.
+L 1825 4384 
research/robot-position-observer-results/benchmark-detail.svg:338: trailing whitespace.
+Q 1516 4384 1395 4259 
research/robot-position-observer-results/benchmark-detail.svg:339: trailing whitespace.
+Q 1275 4134 1275 3809 
research/robot-position-observer-results/benchmark-detail.svg:340: trailing whitespace.
+L 1275 3500 
research/robot-position-observer-results/benchmark-detail.svg:341: trailing whitespace.
+L 3431 3500 
research/robot-position-observer-results/benchmark-detail.svg:343: trailing whitespace.
+M 2853 4856 
research/robot-position-observer-results/benchmark-detail.svg:344: trailing whitespace.
+L 3431 4856 
research/robot-position-observer-results/benchmark-detail.svg:345: trailing whitespace.
+L 3431 4128 
research/robot-position-observer-results/benchmark-detail.svg:346: trailing whitespace.
+L 2853 4128 
research/robot-position-observer-results/benchmark-detail.svg:347: trailing whitespace.
+L 2853 4856 
research/robot-position-observer-results/benchmark-detail.svg:350: trailing whitespace.
+        <path id="DejaVuSans-5b" d="M 3513 3500 
research/robot-position-observer-results/benchmark-detail.svg:351: trailing whitespace.
+L 2247 1797 
research/robot-position-observer-results/benchmark-detail.svg:352: trailing whitespace.
+L 3578 0 
research/robot-position-observer-results/benchmark-detail.svg:353: trailing whitespace.
+L 2900 0 
research/robot-position-observer-results/benchmark-detail.svg:354: trailing whitespace.
+L 1881 1375 
research/robot-position-observer-results/benchmark-detail.svg:355: trailing whitespace.
+L 863 0 
research/robot-position-observer-results/benchmark-detail.svg:356: trailing whitespace.
+L 184 0 
research/robot-position-observer-results/benchmark-detail.svg:357: trailing whitespace.
+L 1544 1831 
research/robot-position-observer-results/benchmark-detail.svg:358: trailing whitespace.
+L 300 3500 
research/robot-position-observer-results/benchmark-detail.svg:359: trailing whitespace.
+L 978 3500 
research/robot-position-observer-results/benchmark-detail.svg:360: trailing whitespace.
+L 1906 2253 
research/robot-position-observer-results/benchmark-detail.svg:361: trailing whitespace.
+L 2834 3500 
research/robot-position-observer-results/benchmark-detail.svg:362: trailing whitespace.
+L 3513 3500 
research/robot-position-observer-results/benchmark-detail.svg:392: trailing whitespace.
+        <path id="DejaVuSans-2f" d="M 628 4666 
research/robot-position-observer-results/benchmark-detail.svg:393: trailing whitespace.
+L 1259 4666 
research/robot-position-observer-results/benchmark-detail.svg:394: trailing whitespace.
+L 1259 531 
research/robot-position-observer-results/benchmark-detail.svg:395: trailing whitespace.
+L 3531 531 
research/robot-position-observer-results/benchmark-detail.svg:396: trailing whitespace.
+L 3531 0 
research/robot-position-observer-results/benchmark-detail.svg:397: trailing whitespace.
+L 628 0 
research/robot-position-observer-results/benchmark-detail.svg:398: trailing whitespace.
+L 628 4666 
research/robot-position-observer-results/benchmark-detail.svg:401: trailing whitespace.
+        <path id="DejaVuSans-46" d="M 3122 3366 
research/robot-position-observer-results/benchmark-detail.svg:402: trailing whitespace.
+L 3122 2828 
research/robot-position-observer-results/benchmark-detail.svg:403: trailing whitespace.
+Q 2878 2963 2633 3030 
research/robot-position-observer-results/benchmark-detail.svg:404: trailing whitespace.
+Q 2388 3097 2138 3097 
research/robot-position-observer-results/benchmark-detail.svg:405: trailing whitespace.
+Q 1578 3097 1268 2742 
research/robot-position-observer-results/benchmark-detail.svg:406: trailing whitespace.
+Q 959 2388 959 1747 
research/robot-position-observer-results/benchmark-detail.svg:407: trailing whitespace.
+Q 959 1106 1268 751 
research/robot-position-observer-results/benchmark-detail.svg:408: trailing whitespace.
+Q 1578 397 2138 397 
research/robot-position-observer-results/benchmark-detail.svg:409: trailing whitespace.
+Q 2388 397 2633 464 
research/robot-position-observer-results/benchmark-detail.svg:410: trailing whitespace.
+Q 2878 531 3122 666 
research/robot-position-observer-results/benchmark-detail.svg:411: trailing whitespace.
+L 3122 134 
research/robot-position-observer-results/benchmark-detail.svg:412: trailing whitespace.
+Q 2881 22 2623 -34 
research/robot-position-observer-results/benchmark-detail.svg:413: trailing whitespace.
+Q 2366 -91 2075 -91 
research/robot-position-observer-results/benchmark-detail.svg:414: trailing whitespace.
+Q 1284 -91 818 406 
research/robot-position-observer-results/benchmark-detail.svg:415: trailing whitespace.
+Q 353 903 353 1747 
research/robot-position-observer-results/benchmark-detail.svg:416: trailing whitespace.
+Q 353 2603 823 3093 
research/robot-position-observer-results/benchmark-detail.svg:417: trailing whitespace.
+Q 1294 3584 2113 3584 
research/robot-position-observer-results/benchmark-detail.svg:418: trailing whitespace.
+Q 2378 3584 2631 3529 
research/robot-position-observer-results/benchmark-detail.svg:419: trailing whitespace.
+Q 2884 3475 3122 3366 
research/robot-position-observer-results/benchmark-detail.svg:422: trailing whitespace.
+        <path id="DejaVuSans-13b1" d="M 2375 4863 
research/robot-position-observer-results/benchmark-detail.svg:423: trailing whitespace.
+L 2375 4384 
research/robot-position-observer-results/benchmark-detail.svg:424: trailing whitespace.
+L 1825 4384 
research/robot-position-observer-results/benchmark-detail.svg:425: trailing whitespace.
+Q 1516 4384 1394 4259 
research/robot-position-observer-results/benchmark-detail.svg:426: trailing whitespace.
+Q 1275 4134 1275 3809 
research/robot-position-observer-results/benchmark-detail.svg:427: trailing whitespace.
+L 1275 3500 
research/robot-position-observer-results/benchmark-detail.svg:428: trailing whitespace.
+L 2853 3500 
research/robot-position-observer-results/benchmark-detail.svg:429: trailing whitespace.
+L 2853 3744 
research/robot-position-observer-results/benchmark-detail.svg:430: trailing whitespace.
+Q 2853 4328 3125 4594 
research/robot-position-observer-results/benchmark-detail.svg:431: trailing whitespace.
+Q 3213 4681 3334 4741 
research/robot-position-observer-results/benchmark-detail.svg:432: trailing whitespace.
+Q 3578 4863 3988 4863 
research/robot-position-observer-results/benchmark-detail.svg:433: trailing whitespace.
+L 4531 4863 
research/robot-position-observer-results/benchmark-detail.svg:434: trailing whitespace.
+L 4531 4384 
research/robot-position-observer-results/benchmark-detail.svg:435: trailing whitespace.
+L 3981 4384 
research/robot-position-observer-results/benchmark-detail.svg:436: trailing whitespace.
+Q 3672 4384 3551 4259 
research/robot-position-observer-results/benchmark-detail.svg:437: trailing whitespace.
+Q 3431 4134 3431 3809 
research/robot-position-observer-results/benchmark-detail.svg:438: trailing whitespace.
+L 3431 3500 
research/robot-position-observer-results/benchmark-detail.svg:439: trailing whitespace.
+L 5588 3500 
research/robot-position-observer-results/benchmark-detail.svg:440: trailing whitespace.
+L 5588 0 
research/robot-position-observer-results/benchmark-detail.svg:441: trailing whitespace.
+L 5009 0 
research/robot-position-observer-results/benchmark-detail.svg:442: trailing whitespace.
+L 5009 3053 
research/robot-position-observer-results/benchmark-detail.svg:443: trailing whitespace.
+L 3431 3053 
research/robot-position-observer-results/benchmark-detail.svg:444: trailing whitespace.
+L 3431 0 
research/robot-position-observer-results/benchmark-detail.svg:445: trailing whitespace.
+L 2853 0 
research/robot-position-observer-results/benchmark-detail.svg:446: trailing whitespace.
+L 2853 3053 
research/robot-position-observer-results/benchmark-detail.svg:447: trailing whitespace.
+L 1275 3053 
research/robot-position-observer-results/benchmark-detail.svg:448: trailing whitespace.
+L 1275 0 
research/robot-position-observer-results/benchmark-detail.svg:449: trailing whitespace.
+L 697 0 
research/robot-position-observer-results/benchmark-detail.svg:450: trailing whitespace.
+L 697 3053 
research/robot-position-observer-results/benchmark-detail.svg:451: trailing whitespace.
+L 147 3053 
research/robot-position-observer-results/benchmark-detail.svg:452: trailing whitespace.
+L 147 3500 
research/robot-position-observer-results/benchmark-detail.svg:453: trailing whitespace.
+L 697 3500 
research/robot-position-observer-results/benchmark-detail.svg:454: trailing whitespace.
+L 697 3744 
research/robot-position-observer-results/benchmark-detail.svg:455: trailing whitespace.
+Q 697 4328 969 4595 
research/robot-position-observer-results/benchmark-detail.svg:456: trailing whitespace.
+Q 1241 4863 1831 4863 
research/robot-position-observer-results/benchmark-detail.svg:457: trailing whitespace.
+L 2375 4863 
research/robot-position-observer-results/benchmark-detail.svg:459: trailing whitespace.
+M 5009 4856 
research/robot-position-observer-results/benchmark-detail.svg:460: trailing whitespace.
+L 5588 4856 
research/robot-position-observer-results/benchmark-detail.svg:461: trailing whitespace.
+L 5588 4128 
research/robot-position-observer-results/benchmark-detail.svg:462: trailing whitespace.
+L 5009 4128 
research/robot-position-observer-results/benchmark-detail.svg:463: trailing whitespace.
+L 5009 4856 
research/robot-position-observer-results/benchmark-detail.svg:490: trailing whitespace.
+        <path id="DejaVuSans-37" d="M -19 4666 
research/robot-position-observer-results/benchmark-detail.svg:491: trailing whitespace.
+L 3928 4666 
research/robot-position-observer-results/benchmark-detail.svg:492: trailing whitespace.
+L 3928 4134 
research/robot-position-observer-results/benchmark-detail.svg:493: trailing whitespace.
+L 2272 4134 
research/robot-position-observer-results/benchmark-detail.svg:494: trailing whitespace.
+L 2272 0 
research/robot-position-observer-results/benchmark-detail.svg:495: trailing whitespace.
+L 1638 0 
research/robot-position-observer-results/benchmark-detail.svg:496: trailing whitespace.
+L 1638 4134 
research/robot-position-observer-results/benchmark-detail.svg:497: trailing whitespace.
+L -19 4134 
research/robot-position-observer-results/benchmark-detail.svg:498: trailing whitespace.
+L -19 4666 
research/robot-position-observer-results/benchmark-detail.svg:501: trailing whitespace.
+        <path id="DejaVuSans-50" d="M 3328 2828 
research/robot-position-observer-results/benchmark-detail.svg:502: trailing whitespace.
+Q 3544 3216 3844 3400 
research/robot-position-observer-results/benchmark-detail.svg:503: trailing whitespace.
+Q 4144 3584 4550 3584 
research/robot-position-observer-results/benchmark-detail.svg:504: trailing whitespace.
+Q 5097 3584 5394 3201 
research/robot-position-observer-results/benchmark-detail.svg:505: trailing whitespace.
+Q 5691 2819 5691 2113 
research/robot-position-observer-results/benchmark-detail.svg:506: trailing whitespace.
+L 5691 0 
research/robot-position-observer-results/benchmark-detail.svg:507: trailing whitespace.
+L 5113 0 
research/robot-position-observer-results/benchmark-detail.svg:508: trailing whitespace.
+L 5113 2094 
research/robot-position-observer-results/benchmark-detail.svg:509: trailing whitespace.
+Q 5113 2597 4934 2840 
research/robot-position-observer-results/benchmark-detail.svg:510: trailing whitespace.
+Q 4756 3084 4391 3084 
research/robot-position-observer-results/benchmark-detail.svg:511: trailing whitespace.
+Q 3944 3084 3684 2787 
research/robot-position-observer-results/benchmark-detail.svg:512: trailing whitespace.
+Q 3425 2491 3425 1978 
research/robot-position-observer-results/benchmark-detail.svg:513: trailing whitespace.
+L 3425 0 
research/robot-position-observer-results/benchmark-detail.svg:514: trailing whitespace.
+L 2847 0 
research/robot-position-observer-results/benchmark-detail.svg:515: trailing whitespace.
+L 2847 2094 
research/robot-position-observer-results/benchmark-detail.svg:516: trailing whitespace.
+Q 2847 2600 2669 2842 
research/robot-position-observer-results/benchmark-detail.svg:517: trailing whitespace.
+Q 2491 3084 2119 3084 
research/robot-position-observer-results/benchmark-detail.svg:518: trailing whitespace.
+Q 1678 3084 1418 2786 
research/robot-position-observer-results/benchmark-detail.svg:519: trailing whitespace.
+Q 1159 2488 1159 1978 
research/robot-position-observer-results/benchmark-detail.svg:520: trailing whitespace.
+L 1159 0 
research/robot-position-observer-results/benchmark-detail.svg:521: trailing whitespace.
+L 581 0 
research/robot-position-observer-results/benchmark-detail.svg:522: trailing whitespace.
+L 581 3500 
research/robot-position-observer-results/benchmark-detail.svg:523: trailing whitespace.
+L 1159 3500 
research/robot-position-observer-results/benchmark-detail.svg:524: trailing whitespace.
+L 1159 2956 
research/robot-position-observer-results/benchmark-detail.svg:525: trailing whitespace.
+Q 1356 3278 1631 3431 
research/robot-position-observer-results/benchmark-detail.svg:526: trailing whitespace.
+Q 1906 3584 2284 3584 
research/robot-position-observer-results/benchmark-detail.svg:527: trailing whitespace.
+Q 2666 3584 2933 3390 
research/robot-position-observer-results/benchmark-detail.svg:528: trailing whitespace.
+Q 3200 3197 3328 2828 
research/robot-position-observer-results/benchmark-detail.svg:531: trailing whitespace.
+        <path id="DejaVuSans-53" d="M 1159 525 
research/robot-position-observer-results/benchmark-detail.svg:532: trailing whitespace.
+L 1159 -1331 
research/robot-position-observer-results/benchmark-detail.svg:533: trailing whitespace.
+L 581 -1331 
research/robot-position-observer-results/benchmark-detail.svg:534: trailing whitespace.
+L 581 3500 
research/robot-position-observer-results/benchmark-detail.svg:535: trailing whitespace.
+L 1159 3500 
research/robot-position-observer-results/benchmark-detail.svg:536: trailing whitespace.
+L 1159 2969 
research/robot-position-observer-results/benchmark-detail.svg:537: trailing whitespace.
+Q 1341 3281 1617 3432 
research/robot-position-observer-results/benchmark-detail.svg:538: trailing whitespace.
+Q 1894 3584 2278 3584 
research/robot-position-observer-results/benchmark-detail.svg:539: trailing whitespace.
+Q 2916 3584 3314 3078 
research/robot-position-observer-results/benchmark-detail.svg:540: trailing whitespace.
+Q 3713 2572 3713 1747 
research/robot-position-observer-results/benchmark-detail.svg:541: trailing whitespace.
+Q 3713 922 3314 415 
research/robot-position-observer-results/benchmark-detail.svg:542: trailing whitespace.
+Q 2916 -91 2278 -91 
research/robot-position-observer-results/benchmark-detail.svg:543: trailing whitespace.
+Q 1894 -91 1617 61 
research/robot-position-observer-results/benchmark-detail.svg:544: trailing whitespace.
+Q 1341 213 1159 525 
research/robot-position-observer-results/benchmark-detail.svg:546: trailing whitespace.
+M 3116 1747 
research/robot-position-observer-results/benchmark-detail.svg:547: trailing whitespace.
+Q 3116 2381 2855 2742 
research/robot-position-observer-results/benchmark-detail.svg:548: trailing whitespace.
+Q 2594 3103 2138 3103 
research/robot-position-observer-results/benchmark-detail.svg:549: trailing whitespace.
+Q 1681 3103 1420 2742 
research/robot-position-observer-results/benchmark-detail.svg:550: trailing whitespace.
+Q 1159 2381 1159 1747 
research/robot-position-observer-results/benchmark-detail.svg:551: trailing whitespace.
+Q 1159 1113 1420 752 
research/robot-position-observer-results/benchmark-detail.svg:552: trailing whitespace.
+Q 1681 391 2138 391 
research/robot-position-observer-results/benchmark-detail.svg:553: trailing whitespace.
+Q 2594 391 2855 752 
research/robot-position-observer-results/benchmark-detail.svg:554: trailing whitespace.
+Q 3116 1113 3116 1747 
research/robot-position-observer-results/benchmark-detail.svg:584: trailing whitespace.
+        <path id="DejaVuSans-45" d="M 3116 1747 
research/robot-position-observer-results/benchmark-detail.svg:585: trailing whitespace.
+Q 3116 2381 2855 2742 
research/robot-position-observer-results/benchmark-detail.svg:586: trailing whitespace.
+Q 2594 3103 2138 3103 
research/robot-position-observer-results/benchmark-detail.svg:587: trailing whitespace.
+Q 1681 3103 1420 2742 
research/robot-position-observer-results/benchmark-detail.svg:588: trailing whitespace.
+Q 1159 2381 1159 1747 
research/robot-position-observer-results/benchmark-detail.svg:589: trailing whitespace.
+Q 1159 1113 1420 752 
research/robot-position-observer-results/benchmark-detail.svg:590: trailing whitespace.
+Q 1681 391 2138 391 
research/robot-position-observer-results/benchmark-detail.svg:591: trailing whitespace.
+Q 2594 391 2855 752 
research/robot-position-observer-results/benchmark-detail.svg:592: trailing whitespace.
+Q 3116 1113 3116 1747 
research/robot-position-observer-results/benchmark-detail.svg:594: trailing whitespace.
+M 1159 2969 
research/robot-position-observer-results/benchmark-detail.svg:595: trailing whitespace.
+Q 1341 3281 1617 3432 
research/robot-position-observer-results/benchmark-detail.svg:596: trailing whitespace.
+Q 1894 3584 2278 3584 
research/robot-position-observer-results/benchmark-detail.svg:597: trailing whitespace.
+Q 2916 3584 3314 3078 
research/robot-position-observer-results/benchmark-detail.svg:598: trailing whitespace.
+Q 3713 2572 3713 1747 
research/robot-position-observer-results/benchmark-detail.svg:599: trailing whitespace.
+Q 3713 922 3314 415 
research/robot-position-observer-results/benchmark-detail.svg:600: trailing whitespace.
+Q 2916 -91 2278 -91 
research/robot-position-observer-results/benchmark-detail.svg:601: trailing whitespace.
+Q 1894 -91 1617 61 
research/robot-position-observer-results/benchmark-detail.svg:602: trailing whitespace.
+Q 1341 213 1159 525 
research/robot-position-observer-results/benchmark-detail.svg:603: trailing whitespace.
+L 1159 0 
research/robot-position-observer-results/benchmark-detail.svg:604: trailing whitespace.
+L 581 0 
research/robot-position-observer-results/benchmark-detail.svg:605: trailing whitespace.
+L 581 4863 
research/robot-position-observer-results/benchmark-detail.svg:606: trailing whitespace.
+L 1159 4863 
research/robot-position-observer-results/benchmark-detail.svg:607: trailing whitespace.
+L 1159 2969 
research/robot-position-observer-results/benchmark-detail.svg:610: trailing whitespace.
+        <path id="DejaVuSans-59" d="M 191 3500 
research/robot-position-observer-results/benchmark-detail.svg:611: trailing whitespace.
+L 800 3500 
research/robot-position-observer-results/benchmark-detail.svg:612: trailing whitespace.
+L 1894 563 
research/robot-position-observer-results/benchmark-detail.svg:613: trailing whitespace.
+L 2988 3500 
research/robot-position-observer-results/benchmark-detail.svg:614: trailing whitespace.
+L 3597 3500 
research/robot-position-observer-results/benchmark-detail.svg:615: trailing whitespace.
+L 2284 0 
research/robot-position-observer-results/benchmark-detail.svg:616: trailing whitespace.
+L 1503 0 
research/robot-position-observer-results/benchmark-detail.svg:617: trailing whitespace.
+L 191 3500 
research/robot-position-observer-results/benchmark-detail.svg:656: trailing whitespace.
+        <path id="DejaVuSans-5a" d="M 269 3500 
research/robot-position-observer-results/benchmark-detail.svg:657: trailing whitespace.
+L 844 3500 
research/robot-position-observer-results/benchmark-detail.svg:658: trailing whitespace.
+L 1563 769 
research/robot-position-observer-results/benchmark-detail.svg:659: trailing whitespace.
+L 2278 3500 
research/robot-position-observer-results/benchmark-detail.svg:660: trailing whitespace.
+L 2956 3500 
research/robot-position-observer-results/benchmark-detail.svg:661: trailing whitespace.
+L 3675 769 
research/robot-position-observer-results/benchmark-detail.svg:662: trailing whitespace.
+L 4391 3500 
research/robot-position-observer-results/benchmark-detail.svg:663: trailing whitespace.
+L 4966 3500 
research/robot-position-observer-results/benchmark-detail.svg:664: trailing whitespace.
+L 4050 0 
research/robot-position-observer-results/benchmark-detail.svg:665: trailing whitespace.
+L 3372 0 
research/robot-position-observer-results/benchmark-detail.svg:666: trailing whitespace.
+L 2619 2869 
research/robot-position-observer-results/benchmark-detail.svg:667: trailing whitespace.
+L 1863 0 
research/robot-position-observer-results/benchmark-detail.svg:668: trailing whitespace.
+L 1184 0 
research/robot-position-observer-results/benchmark-detail.svg:669: trailing whitespace.
+L 269 3500 
research/robot-position-observer-results/benchmark-detail.svg:694: trailing whitespace.
+        <path id="DejaVuSans-32" d="M 2522 4238 
research/robot-position-observer-results/benchmark-detail.svg:695: trailing whitespace.
+Q 1834 4238 1429 3725 
research/robot-position-observer-results/benchmark-detail.svg:696: trailing whitespace.
+Q 1025 3213 1025 2328 
research/robot-position-observer-results/benchmark-detail.svg:697: trailing whitespace.
+Q 1025 1447 1429 934 
research/robot-position-observer-results/benchmark-detail.svg:698: trailing whitespace.
+Q 1834 422 2522 422 
research/robot-position-observer-results/benchmark-detail.svg:699: trailing whitespace.
+Q 3209 422 3611 934 
research/robot-position-observer-results/benchmark-detail.svg:700: trailing whitespace.
+Q 4013 1447 4013 2328 
research/robot-position-observer-results/benchmark-detail.svg:701: trailing whitespace.
+Q 4013 3213 3611 3725 
research/robot-position-observer-results/benchmark-detail.svg:702: trailing whitespace.
+Q 3209 4238 2522 4238 
research/robot-position-observer-results/benchmark-detail.svg:704: trailing whitespace.
+M 2522 4750 
research/robot-position-observer-results/benchmark-detail.svg:705: trailing whitespace.
+Q 3503 4750 4090 4092 
research/robot-position-observer-results/benchmark-detail.svg:706: trailing whitespace.
+Q 4678 3434 4678 2328 
research/robot-position-observer-results/benchmark-detail.svg:707: trailing whitespace.
+Q 4678 1225 4090 567 
research/robot-position-observer-results/benchmark-detail.svg:708: trailing whitespace.
+Q 3503 -91 2522 -91 
research/robot-position-observer-results/benchmark-detail.svg:709: trailing whitespace.
+Q 1538 -91 948 565 
research/robot-position-observer-results/benchmark-detail.svg:710: trailing whitespace.
+Q 359 1222 359 2328 
research/robot-position-observer-results/benchmark-detail.svg:711: trailing whitespace.
+Q 359 3434 948 4092 
research/robot-position-observer-results/benchmark-detail.svg:712: trailing whitespace.
+Q 1538 4750 2522 4750 
research/robot-position-observer-results/benchmark-detail.svg:742: trailing whitespace.
+        <path id="DejaVuSans-5d" d="M 353 3500 
research/robot-position-observer-results/benchmark-detail.svg:743: trailing whitespace.
+L 3084 3500 
research/robot-position-observer-results/benchmark-detail.svg:744: trailing whitespace.
+L 3084 2975 
research/robot-position-observer-results/benchmark-detail.svg:745: trailing whitespace.
+L 922 459 
research/robot-position-observer-results/benchmark-detail.svg:746: trailing whitespace.
+L 3084 459 
research/robot-position-observer-results/benchmark-detail.svg:747: trailing whitespace.
+L 3084 0 
research/robot-position-observer-results/benchmark-detail.svg:748: trailing whitespace.
+L 275 0 
research/robot-position-observer-results/benchmark-detail.svg:749: trailing whitespace.
+L 275 525 
research/robot-position-observer-results/benchmark-detail.svg:750: trailing whitespace.
+L 2438 3041 
research/robot-position-observer-results/benchmark-detail.svg:751: trailing whitespace.
+L 353 3041 
research/robot-position-observer-results/benchmark-detail.svg:752: trailing whitespace.
+L 353 3500 
research/robot-position-observer-results/benchmark-detail.svg:782: trailing whitespace.
+        <path id="DejaVuSans-2d" d="M 628 4666 
research/robot-position-observer-results/benchmark-detail.svg:783: trailing whitespace.
+L 1259 4666 
research/robot-position-observer-results/benchmark-detail.svg:784: trailing whitespace.
+L 1259 325 
research/robot-position-observer-results/benchmark-detail.svg:785: trailing whitespace.
+Q 1259 -519 939 -900 
research/robot-position-observer-results/benchmark-detail.svg:786: trailing whitespace.
+Q 619 -1281 -91 -1281 
research/robot-position-observer-results/benchmark-detail.svg:787: trailing whitespace.
+L -331 -1281 
research/robot-position-observer-results/benchmark-detail.svg:788: trailing whitespace.
+L -331 -750 
research/robot-position-observer-results/benchmark-detail.svg:789: trailing whitespace.
+L -134 -750 
research/robot-position-observer-results/benchmark-detail.svg:790: trailing whitespace.
+Q 284 -750 456 -515 
research/robot-position-observer-results/benchmark-detail.svg:791: trailing whitespace.
+Q 628 -281 628 325 
research/robot-position-observer-results/benchmark-detail.svg:792: trailing whitespace.
+L 628 4666 
research/robot-position-observer-results/benchmark-detail.svg:846: trailing whitespace.
+        <path id="DejaVuSans-27" d="M 1259 4147 
research/robot-position-observer-results/benchmark-detail.svg:847: trailing whitespace.
+L 1259 519 
research/robot-position-observer-results/benchmark-detail.svg:848: trailing whitespace.
+L 2022 519 
research/robot-position-observer-results/benchmark-detail.svg:849: trailing whitespace.
+Q 2988 519 3436 956 
research/robot-position-observer-results/benchmark-detail.svg:850: trailing whitespace.
+Q 3884 1394 3884 2338 
research/robot-position-observer-results/benchmark-detail.svg:851: trailing whitespace.
+Q 3884 3275 3436 3711 
research/robot-position-observer-results/benchmark-detail.svg:852: trailing whitespace.
+Q 2988 4147 2022 4147 
research/robot-position-observer-results/benchmark-detail.svg:853: trailing whitespace.
+L 1259 4147 
research/robot-position-observer-results/benchmark-detail.svg:855: trailing whitespace.
+M 628 4666 
research/robot-position-observer-results/benchmark-detail.svg:856: trailing whitespace.
+L 1925 4666 
research/robot-position-observer-results/benchmark-detail.svg:857: trailing whitespace.
+Q 3281 4666 3915 4102 
research/robot-position-observer-results/benchmark-detail.svg:858: trailing whitespace.
+Q 4550 3538 4550 2338 
research/robot-position-observer-results/benchmark-detail.svg:859: trailing whitespace.
+Q 4550 1131 3912 565 
research/robot-position-observer-results/benchmark-detail.svg:860: trailing whitespace.
+Q 3275 0 1925 0 
research/robot-position-observer-results/benchmark-detail.svg:861: trailing whitespace.
+L 628 0 
research/robot-position-observer-results/benchmark-detail.svg:862: trailing whitespace.
+L 628 4666 
research/robot-position-observer-results/benchmark-detail.svg:865: trailing whitespace.
+        <path id="DejaVuSans-58" d="M 544 1381 
research/robot-position-observer-results/benchmark-detail.svg:866: trailing whitespace.
+L 544 3500 
research/robot-position-observer-results/benchmark-detail.svg:867: trailing whitespace.
+L 1119 3500 
research/robot-position-observer-results/benchmark-detail.svg:868: trailing whitespace.
+L 1119 1403 
research/robot-position-observer-results/benchmark-detail.svg:869: trailing whitespace.
+Q 1119 906 1312 657 
research/robot-position-observer-results/benchmark-detail.svg:870: trailing whitespace.
+Q 1506 409 1894 409 
research/robot-position-observer-results/benchmark-detail.svg:871: trailing whitespace.
+Q 2359 409 2629 706 
research/robot-position-observer-results/benchmark-detail.svg:872: trailing whitespace.
+Q 2900 1003 2900 1516 
research/robot-position-observer-results/benchmark-detail.svg:873: trailing whitespace.
+L 2900 3500 
research/robot-position-observer-results/benchmark-detail.svg:874: trailing whitespace.
+L 3475 3500 
research/robot-position-observer-results/benchmark-detail.svg:875: trailing whitespace.
+L 3475 0 
research/robot-position-observer-results/benchmark-detail.svg:876: trailing whitespace.
+L 2900 0 
research/robot-position-observer-results/benchmark-detail.svg:877: trailing whitespace.
+L 2900 538 
research/robot-position-observer-results/benchmark-detail.svg:878: trailing whitespace.
+Q 2691 219 2414 64 
research/robot-position-observer-results/benchmark-detail.svg:879: trailing whitespace.
+Q 2138 -91 1772 -91 
research/robot-position-observer-results/benchmark-detail.svg:880: trailing whitespace.
+Q 1169 -91 856 284 
research/robot-position-observer-results/benchmark-detail.svg:881: trailing whitespace.
+Q 544 659 544 1381 
research/robot-position-observer-results/benchmark-detail.svg:883: trailing whitespace.
+M 1991 3584 
research/robot-position-observer-results/benchmark-detail.svg:884: trailing whitespace.
+L 1991 3584 
research/robot-position-observer-results/benchmark-detail.svg:941: trailing whitespace.
+        <path id="DejaVuSans-2a" d="M 3809 666 
research/robot-position-observer-results/benchmark-detail.svg:942: trailing whitespace.
+L 3809 1919 
research/robot-position-observer-results/benchmark-detail.svg:943: trailing whitespace.
+L 2778 1919 
research/robot-position-observer-results/benchmark-detail.svg:944: trailing whitespace.
+L 2778 2438 
research/robot-position-observer-results/benchmark-detail.svg:945: trailing whitespace.
+L 4434 2438 
research/robot-position-observer-results/benchmark-detail.svg:946: trailing whitespace.
+L 4434 434 
research/robot-position-observer-results/benchmark-detail.svg:947: trailing whitespace.
+Q 4069 175 3628 42 
research/robot-position-observer-results/benchmark-detail.svg:948: trailing whitespace.
+Q 3188 -91 2688 -91 
research/robot-position-observer-results/benchmark-detail.svg:949: trailing whitespace.
+Q 1594 -91 976 548 
research/robot-position-observer-results/benchmark-detail.svg:950: trailing whitespace.
+Q 359 1188 359 2328 
research/robot-position-observer-results/benchmark-detail.svg:951: trailing whitespace.
+Q 359 3472 976 4111 
research/robot-position-observer-results/benchmark-detail.svg:952: trailing whitespace.
+Q 1594 4750 2688 4750 
research/robot-position-observer-results/benchmark-detail.svg:953: trailing whitespace.
+Q 3144 4750 3555 4637 
research/robot-position-observer-results/benchmark-detail.svg:954: trailing whitespace.
+Q 3966 4525 4313 4306 
research/robot-position-observer-results/benchmark-detail.svg:955: trailing whitespace.
+L 4313 3634 
research/robot-position-observer-results/benchmark-detail.svg:956: trailing whitespace.
+Q 3963 3931 3569 4081 
research/robot-position-observer-results/benchmark-detail.svg:957: trailing whitespace.
+Q 3175 4231 2741 4231 
research/robot-position-observer-results/benchmark-detail.svg:958: trailing whitespace.
+Q 1884 4231 1454 3753 
research/robot-position-observer-results/benchmark-detail.svg:959: trailing whitespace.
+Q 1025 3275 1025 2328 
research/robot-position-observer-results/benchmark-detail.svg:960: trailing whitespace.
+Q 1025 1384 1454 906 
research/robot-position-observer-results/benchmark-detail.svg:961: trailing whitespace.
+Q 1884 428 2741 428 
research/robot-position-observer-results/benchmark-detail.svg:962: trailing whitespace.
+Q 3075 428 3337 486 
research/robot-position-observer-results/benchmark-detail.svg:963: trailing whitespace.
+Q 3600 544 3809 666 
research/robot-position-observer-results/benchmark-detail.svg:966: trailing whitespace.
+        <path id="DejaVuSans-35" d="M 2841 2188 
research/robot-position-observer-results/benchmark-detail.svg:967: trailing whitespace.
+Q 3044 2119 3236 1894 
research/robot-position-observer-results/benchmark-detail.svg:968: trailing whitespace.
+Q 3428 1669 3622 1275 
research/robot-position-observer-results/benchmark-detail.svg:969: trailing whitespace.
+L 4263 0 
research/robot-position-observer-results/benchmark-detail.svg:970: trailing whitespace.
+L 3584 0 
research/robot-position-observer-results/benchmark-detail.svg:971: trailing whitespace.
+L 2988 1197 
research/robot-position-observer-results/benchmark-detail.svg:972: trailing whitespace.
+Q 2756 1666 2539 1819 
research/robot-position-observer-results/benchmark-detail.svg:973: trailing whitespace.
+Q 2322 1972 1947 1972 
research/robot-position-observer-results/benchmark-detail.svg:974: trailing whitespace.
+L 1259 1972 
research/robot-position-observer-results/benchmark-detail.svg:975: trailing whitespace.
+L 1259 0 
research/robot-position-observer-results/benchmark-detail.svg:976: trailing whitespace.
+L 628 0 
research/robot-position-observer-results/benchmark-detail.svg:977: trailing whitespace.
+L 628 4666 
research/robot-position-observer-results/benchmark-detail.svg:978: trailing whitespace.
+L 2053 4666 
research/robot-position-observer-results/benchmark-detail.svg:979: trailing whitespace.
+Q 2853 4666 3247 4331 
research/robot-position-observer-results/benchmark-detail.svg:980: trailing whitespace.
+Q 3641 3997 3641 3322 
research/robot-position-observer-results/benchmark-detail.svg:981: trailing whitespace.
+Q 3641 2881 3436 2590 
research/robot-position-observer-results/benchmark-detail.svg:982: trailing whitespace.
+Q 3231 2300 2841 2188 
research/robot-position-observer-results/benchmark-detail.svg:984: trailing whitespace.
+M 1259 4147 
research/robot-position-observer-results/benchmark-detail.svg:985: trailing whitespace.
+L 1259 2491 
research/robot-position-observer-results/benchmark-detail.svg:986: trailing whitespace.
+L 2053 2491 
research/robot-position-observer-results/benchmark-detail.svg:987: trailing whitespace.
+Q 2509 2491 2742 2702 
research/robot-position-observer-results/benchmark-detail.svg:988: trailing whitespace.
+Q 2975 2913 2975 3322 
research/robot-position-observer-results/benchmark-detail.svg:989: trailing whitespace.
+Q 2975 3731 2742 3939 
research/robot-position-observer-results/benchmark-detail.svg:990: trailing whitespace.
+Q 2509 4147 2053 4147 
research/robot-position-observer-results/benchmark-detail.svg:991: trailing whitespace.
+L 1259 4147 
research/robot-position-observer-results/benchmark-detail.svg:994: trailing whitespace.
+        <path id="DejaVuSans-38" d="M 556 4666 
research/robot-position-observer-results/benchmark-detail.svg:995: trailing whitespace.
+L 1191 4666 
research/robot-position-observer-results/benchmark-detail.svg:996: trailing whitespace.
+L 1191 1831 
research/robot-position-observer-results/benchmark-detail.svg:997: trailing whitespace.
+Q 1191 1081 1462 751 
research/robot-position-observer-results/benchmark-detail.svg:998: trailing whitespace.
+Q 1734 422 2344 422 
research/robot-position-observer-results/benchmark-detail.svg:999: trailing whitespace.
+Q 2950 422 3222 751 
research/robot-position-observer-results/benchmark-detail.svg:1000: trailing whitespace.
+Q 3494 1081 3494 1831 
research/robot-position-observer-results/benchmark-detail.svg:1001: trailing whitespace.
+L 3494 4666 
research/robot-position-observer-results/benchmark-detail.svg:1002: trailing whitespace.
+L 4128 4666 
research/robot-position-observer-results/benchmark-detail.svg:1003: trailing whitespace.
+L 4128 1753 
research/robot-position-observer-results/benchmark-detail.svg:1004: trailing whitespace.
+Q 4128 841 3676 375 
research/robot-position-observer-results/benchmark-detail.svg:1005: trailing whitespace.
+Q 3225 -91 2344 -91 
research/robot-position-observer-results/benchmark-detail.svg:1006: trailing whitespace.
+Q 1459 -91 1007 375 
research/robot-position-observer-results/benchmark-detail.svg:1007: trailing whitespace.
+Q 556 841 556 1753 
research/robot-position-observer-results/benchmark-detail.svg:1008: trailing whitespace.
+L 556 4666 
research/robot-position-observer-results/benchmark-detail.svg:1011: trailing whitespace.
+        <path id="DejaVuSans-16" d="M 2597 2516 
research/robot-position-observer-results/benchmark-detail.svg:1012: trailing whitespace.
+Q 3050 2419 3304 2112 
research/robot-position-observer-results/benchmark-detail.svg:1013: trailing whitespace.
+Q 3559 1806 3559 1356 
research/robot-position-observer-results/benchmark-detail.svg:1014: trailing whitespace.
+Q 3559 666 3084 287 
research/robot-position-observer-results/benchmark-detail.svg:1015: trailing whitespace.
+Q 2609 -91 1734 -91 
research/robot-position-observer-results/benchmark-detail.svg:1016: trailing whitespace.
+Q 1441 -91 1130 -33 
research/robot-position-observer-results/benchmark-detail.svg:1017: trailing whitespace.
+Q 819 25 488 141 
research/robot-position-observer-results/benchmark-detail.svg:1018: trailing whitespace.
+L 488 750 
research/robot-position-observer-results/benchmark-detail.svg:1019: trailing whitespace.
+Q 750 597 1062 519 
research/robot-position-observer-results/benchmark-detail.svg:1020: trailing whitespace.
+Q 1375 441 1716 441 
research/robot-position-observer-results/benchmark-detail.svg:1021: trailing whitespace.
+Q 2309 441 2620 675 
research/robot-position-observer-results/benchmark-detail.svg:1022: trailing whitespace.
+Q 2931 909 2931 1356 
research/robot-position-observer-results/benchmark-detail.svg:1023: trailing whitespace.
+Q 2931 1769 2642 2001 
research/robot-position-observer-results/benchmark-detail.svg:1024: trailing whitespace.
+Q 2353 2234 1838 2234 
research/robot-position-observer-results/benchmark-detail.svg:1025: trailing whitespace.
+L 1294 2234 
research/robot-position-observer-results/benchmark-detail.svg:1026: trailing whitespace.
+L 1294 2753 
research/robot-position-observer-results/benchmark-detail.svg:1027: trailing whitespace.
+L 1863 2753 
research/robot-position-observer-results/benchmark-detail.svg:1028: trailing whitespace.
+Q 2328 2753 2575 2939 
research/robot-position-observer-results/benchmark-detail.svg:1029: trailing whitespace.
+Q 2822 3125 2822 3475 
research/robot-position-observer-results/benchmark-detail.svg:1030: trailing whitespace.
+Q 2822 3834 2567 4026 
research/robot-position-observer-results/benchmark-detail.svg:1031: trailing whitespace.
+Q 2313 4219 1838 4219 
research/robot-position-observer-results/benchmark-detail.svg:1032: trailing whitespace.
+Q 1578 4219 1281 4162 
research/robot-position-observer-results/benchmark-detail.svg:1033: trailing whitespace.
+Q 984 4106 628 3988 
research/robot-position-observer-results/benchmark-detail.svg:1034: trailing whitespace.
+L 628 4550 
research/robot-position-observer-results/benchmark-detail.svg:1035: trailing whitespace.
+Q 988 4650 1302 4700 
research/robot-position-observer-results/benchmark-detail.svg:1036: trailing whitespace.
+Q 1616 4750 1894 4750 
research/robot-position-observer-results/benchmark-detail.svg:1037: trailing whitespace.
+Q 2613 4750 3031 4423 
research/robot-position-observer-results/benchmark-detail.svg:1038: trailing whitespace.
+Q 3450 4097 3450 3541 
research/robot-position-observer-results/benchmark-detail.svg:1039: trailing whitespace.
+Q 3450 3153 3228 2886 
research/robot-position-observer-results/benchmark-detail.svg:1040: trailing whitespace.
+Q 3006 2619 2597 2516 
research/robot-position-observer-results/benchmark-detail.svg:1043: trailing whitespace.
+        <path id="DejaVuSans-15" d="M 1228 531 
research/robot-position-observer-results/benchmark-detail.svg:1044: trailing whitespace.
+L 3431 531 
research/robot-position-observer-results/benchmark-detail.svg:1045: trailing whitespace.
+L 3431 0 
research/robot-position-observer-results/benchmark-detail.svg:1046: trailing whitespace.
+L 469 0 
research/robot-position-observer-results/benchmark-detail.svg:1047: trailing whitespace.
+L 469 531 
research/robot-position-observer-results/benchmark-detail.svg:1048: trailing whitespace.
+Q 828 903 1448 1529 
research/robot-position-observer-results/benchmark-detail.svg:1049: trailing whitespace.
+Q 2069 2156 2228 2338 
research/robot-position-observer-results/benchmark-detail.svg:1050: trailing whitespace.
+Q 2531 2678 2651 2914 
research/robot-position-observer-results/benchmark-detail.svg:1051: trailing whitespace.
+Q 2772 3150 2772 3378 
research/robot-position-observer-results/benchmark-detail.svg:1052: trailing whitespace.
+Q 2772 3750 2511 3984 
research/robot-position-observer-results/benchmark-detail.svg:1053: trailing whitespace.
+Q 2250 4219 1831 4219 
research/robot-position-observer-results/benchmark-detail.svg:1054: trailing whitespace.
+Q 1534 4219 1204 4116 
research/robot-position-observer-results/benchmark-detail.svg:1055: trailing whitespace.
+Q 875 4013 500 3803 
research/robot-position-observer-results/benchmark-detail.svg:1056: trailing whitespace.
+L 500 4441 
research/robot-position-observer-results/benchmark-detail.svg:1057: trailing whitespace.
+Q 881 4594 1212 4672 
research/robot-position-observer-results/benchmark-detail.svg:1058: trailing whitespace.
+Q 1544 4750 1819 4750 
research/robot-position-observer-results/benchmark-detail.svg:1059: trailing whitespace.
+Q 2544 4750 2975 4387 
research/robot-position-observer-results/benchmark-detail.svg:1060: trailing whitespace.
+Q 3406 4025 3406 3419 
research/robot-position-observer-results/benchmark-detail.svg:1061: trailing whitespace.
+Q 3406 3131 3298 2873 
research/robot-position-observer-results/benchmark-detail.svg:1062: trailing whitespace.
+Q 3191 2616 2906 2266 
research/robot-position-observer-results/benchmark-detail.svg:1063: trailing whitespace.
+Q 2828 2175 2409 1742 
research/robot-position-observer-results/benchmark-detail.svg:1064: trailing whitespace.
+Q 1991 1309 1228 531 
research/robot-position-observer-results/benchmark-detail.svg:1086: trailing whitespace.
+        <path id="DejaVuSans-4a" d="M 2906 1791 
research/robot-position-observer-results/benchmark-detail.svg:1087: trailing whitespace.
+Q 2906 2416 2648 2759 
research/robot-position-observer-results/benchmark-detail.svg:1088: trailing whitespace.
+Q 2391 3103 1925 3103 
research/robot-position-observer-results/benchmark-detail.svg:1089: trailing whitespace.
+Q 1463 3103 1205 2759 
research/robot-position-observer-results/benchmark-detail.svg:1090: trailing whitespace.
+Q 947 2416 947 1791 
research/robot-position-observer-results/benchmark-detail.svg:1091: trailing whitespace.
+Q 947 1169 1205 825 
research/robot-position-observer-results/benchmark-detail.svg:1092: trailing whitespace.
+Q 1463 481 1925 481 
research/robot-position-observer-results/benchmark-detail.svg:1093: trailing whitespace.
+Q 2391 481 2648 825 
research/robot-position-observer-results/benchmark-detail.svg:1094: trailing whitespace.
+Q 2906 1169 2906 1791 
research/robot-position-observer-results/benchmark-detail.svg:1096: trailing whitespace.
+M 3481 434 
research/robot-position-observer-results/benchmark-detail.svg:1097: trailing whitespace.
+Q 3481 -459 3084 -895 
research/robot-position-observer-results/benchmark-detail.svg:1098: trailing whitespace.
+Q 2688 -1331 1869 -1331 
research/robot-position-observer-results/benchmark-detail.svg:1099: trailing whitespace.
+Q 1566 -1331 1297 -1286 
research/robot-position-observer-results/benchmark-detail.svg:1100: trailing whitespace.
+Q 1028 -1241 775 -1147 
research/robot-position-observer-results/benchmark-detail.svg:1101: trailing whitespace.
+L 775 -588 
research/robot-position-observer-results/benchmark-detail.svg:1102: trailing whitespace.
+Q 1028 -725 1275 -790 
research/robot-position-observer-results/benchmark-detail.svg:1103: trailing whitespace.
+Q 1522 -856 1778 -856 
research/robot-position-observer-results/benchmark-detail.svg:1104: trailing whitespace.
+Q 2344 -856 2625 -561 
research/robot-position-observer-results/benchmark-detail.svg:1105: trailing whitespace.
+Q 2906 -266 2906 331 
research/robot-position-observer-results/benchmark-detail.svg:1106: trailing whitespace.
+L 2906 616 
research/robot-position-observer-results/benchmark-detail.svg:1107: trailing whitespace.
+Q 2728 306 2450 153 
research/robot-position-observer-results/benchmark-detail.svg:1108: trailing whitespace.
+Q 2172 0 1784 0 
research/robot-position-observer-results/benchmark-detail.svg:1109: trailing whitespace.
+Q 1141 0 747 490 
research/robot-position-observer-results/benchmark-detail.svg:1110: trailing whitespace.
+Q 353 981 353 1791 
research/robot-position-observer-results/benchmark-detail.svg:1111: trailing whitespace.
+Q 353 2603 747 3093 
research/robot-position-observer-results/benchmark-detail.svg:1112: trailing whitespace.
+Q 1141 3584 1784 3584 
research/robot-position-observer-results/benchmark-detail.svg:1113: trailing whitespace.
+Q 2172 3584 2450 3431 
research/robot-position-observer-results/benchmark-detail.svg:1114: trailing whitespace.
+Q 2728 3278 2906 2969 
research/robot-position-observer-results/benchmark-detail.svg:1115: trailing whitespace.
+L 2906 3500 
research/robot-position-observer-results/benchmark-detail.svg:1116: trailing whitespace.
+L 3481 3500 
research/robot-position-observer-results/benchmark-detail.svg:1117: trailing whitespace.
+L 3481 434 
research/robot-position-observer-results/benchmark-detail.svg:1120: trailing whitespace.
+        <path id="DejaVuSans-5c" d="M 2059 -325 
research/robot-position-observer-results/benchmark-detail.svg:1121: trailing whitespace.
+Q 1816 -950 1584 -1140 
research/robot-position-observer-results/benchmark-detail.svg:1122: trailing whitespace.
+Q 1353 -1331 966 -1331 
research/robot-position-observer-results/benchmark-detail.svg:1123: trailing whitespace.
+L 506 -1331 
research/robot-position-observer-results/benchmark-detail.svg:1124: trailing whitespace.
+L 506 -850 
research/robot-position-observer-results/benchmark-detail.svg:1125: trailing whitespace.
+L 844 -850 
research/robot-position-observer-results/benchmark-detail.svg:1126: trailing whitespace.
+Q 1081 -850 1212 -737 
research/robot-position-observer-results/benchmark-detail.svg:1127: trailing whitespace.
+Q 1344 -625 1503 -206 
research/robot-position-observer-results/benchmark-detail.svg:1128: trailing whitespace.
+L 1606 56 
research/robot-position-observer-results/benchmark-detail.svg:1129: trailing whitespace.
+L 191 3500 
research/robot-position-observer-results/benchmark-detail.svg:1130: trailing whitespace.
+L 800 3500 
research/robot-position-observer-results/benchmark-detail.svg:1131: trailing whitespace.
+L 1894 763 
research/robot-position-observer-results/benchmark-detail.svg:1132: trailing whitespace.
+L 2988 3500 
research/robot-position-observer-results/benchmark-detail.svg:1133: trailing whitespace.
+L 3597 3500 
research/robot-position-observer-results/benchmark-detail.svg:1134: trailing whitespace.
+L 2059 -325 
research/robot-position-observer-results/benchmark-detail.svg:1165: trailing whitespace.
+        <path id="DejaVuSans-14" d="M 794 531 
research/robot-position-observer-results/benchmark-detail.svg:1166: trailing whitespace.
+L 1825 531 
research/robot-position-observer-results/benchmark-detail.svg:1167: trailing whitespace.
+L 1825 4091 
research/robot-position-observer-results/benchmark-detail.svg:1168: trailing whitespace.
+L 703 3866 
research/robot-position-observer-results/benchmark-detail.svg:1169: trailing whitespace.
+L 703 4441 
research/robot-position-observer-results/benchmark-detail.svg:1170: trailing whitespace.
+L 1819 4666 
research/robot-position-observer-results/benchmark-detail.svg:1171: trailing whitespace.
+L 2450 4666 
research/robot-position-observer-results/benchmark-detail.svg:1172: trailing whitespace.
+L 2450 531 
research/robot-position-observer-results/benchmark-detail.svg:1173: trailing whitespace.
+L 3481 531 
research/robot-position-observer-results/benchmark-detail.svg:1174: trailing whitespace.
+L 3481 0 
research/robot-position-observer-results/benchmark-detail.svg:1175: trailing whitespace.
+L 794 0 
research/robot-position-observer-results/benchmark-detail.svg:1176: trailing whitespace.
+L 794 531 
research/robot-position-observer-results/benchmark-detail.svg:1179: trailing whitespace.
+        <path id="DejaVuSans-13" d="M 2034 4250 
research/robot-position-observer-results/benchmark-detail.svg:1180: trailing whitespace.
+Q 1547 4250 1301 3770 
research/robot-position-observer-results/benchmark-detail.svg:1181: trailing whitespace.
+Q 1056 3291 1056 2328 
research/robot-position-observer-results/benchmark-detail.svg:1182: trailing whitespace.
+Q 1056 1369 1301 889 
research/robot-position-observer-results/benchmark-detail.svg:1183: trailing whitespace.
+Q 1547 409 2034 409 
research/robot-position-observer-results/benchmark-detail.svg:1184: trailing whitespace.
+Q 2525 409 2770 889 
research/robot-position-observer-results/benchmark-detail.svg:1185: trailing whitespace.
+Q 3016 1369 3016 2328 
research/robot-position-observer-results/benchmark-detail.svg:1186: trailing whitespace.
+Q 3016 3291 2770 3770 
research/robot-position-observer-results/benchmark-detail.svg:1187: trailing whitespace.
+Q 2525 4250 2034 4250 
research/robot-position-observer-results/benchmark-detail.svg:1189: trailing whitespace.
+M 2034 4750 
research/robot-position-observer-results/benchmark-detail.svg:1190: trailing whitespace.
+Q 2819 4750 3233 4129 
research/robot-position-observer-results/benchmark-detail.svg:1191: trailing whitespace.
+Q 3647 3509 3647 2328 
research/robot-position-observer-results/benchmark-detail.svg:1192: trailing whitespace.
+Q 3647 1150 3233 529 
research/robot-position-observer-results/benchmark-detail.svg:1193: trailing whitespace.
+Q 2819 -91 2034 -91 
research/robot-position-observer-results/benchmark-detail.svg:1194: trailing whitespace.
+Q 1250 -91 836 529 
research/robot-position-observer-results/benchmark-detail.svg:1195: trailing whitespace.
+Q 422 1150 422 2328 
research/robot-position-observer-results/benchmark-detail.svg:1196: trailing whitespace.
+Q 422 3509 836 4129 
research/robot-position-observer-results/benchmark-detail.svg:1197: trailing whitespace.
+Q 1250 4750 2034 4750 
research/robot-position-observer-results/benchmark-detail.svg:1219: trailing whitespace.
+        <path id="DejaVuSans-26" d="M 4122 4306 
research/robot-position-observer-results/benchmark-detail.svg:1220: trailing whitespace.
+L 4122 3641 
research/robot-position-observer-results/benchmark-detail.svg:1221: trailing whitespace.
+Q 3803 3938 3442 4084 
research/robot-position-observer-results/benchmark-detail.svg:1222: trailing whitespace.
+Q 3081 4231 2675 4231 
research/robot-position-observer-results/benchmark-detail.svg:1223: trailing whitespace.
+Q 1875 4231 1450 3742 
research/robot-position-observer-results/benchmark-detail.svg:1224: trailing whitespace.
+Q 1025 3253 1025 2328 
research/robot-position-observer-results/benchmark-detail.svg:1225: trailing whitespace.
+Q 1025 1406 1450 917 
research/robot-position-observer-results/benchmark-detail.svg:1226: trailing whitespace.
+Q 1875 428 2675 428 
research/robot-position-observer-results/benchmark-detail.svg:1227: trailing whitespace.
+Q 3081 428 3442 575 
research/robot-position-observer-results/benchmark-detail.svg:1228: trailing whitespace.
+Q 3803 722 4122 1019 
research/robot-position-observer-results/benchmark-detail.svg:1229: trailing whitespace.
+L 4122 359 
research/robot-position-observer-results/benchmark-detail.svg:1230: trailing whitespace.
+Q 3791 134 3420 21 
research/robot-position-observer-results/benchmark-detail.svg:1231: trailing whitespace.
+Q 3050 -91 2638 -91 
research/robot-position-observer-results/benchmark-detail.svg:1232: trailing whitespace.
+Q 1578 -91 968 557 
research/robot-position-observer-results/benchmark-detail.svg:1233: trailing whitespace.
+Q 359 1206 359 2328 
research/robot-position-observer-results/benchmark-detail.svg:1234: trailing whitespace.
+Q 359 3453 968 4101 
research/robot-position-observer-results/benchmark-detail.svg:1235: trailing whitespace.
+Q 1578 4750 2638 4750 
research/robot-position-observer-results/benchmark-detail.svg:1236: trailing whitespace.
+Q 3056 4750 3426 4639 
research/robot-position-observer-results/benchmark-detail.svg:1237: trailing whitespace.
+Q 3797 4528 4122 4306 
research/robot-position-observer-results/benchmark-detail.svg:1296: trailing whitespace.
+        <path id="DejaVuSans-24" d="M 2188 4044 
research/robot-position-observer-results/benchmark-detail.svg:1297: trailing whitespace.
+L 1331 1722 
research/robot-position-observer-results/benchmark-detail.svg:1298: trailing whitespace.
+L 3047 1722 
research/robot-position-observer-results/benchmark-detail.svg:1299: trailing whitespace.
+L 2188 4044 
research/robot-position-observer-results/benchmark-detail.svg:1301: trailing whitespace.
+M 1831 4666 
research/robot-position-observer-results/benchmark-detail.svg:1302: trailing whitespace.
+L 2547 4666 
research/robot-position-observer-results/benchmark-detail.svg:1303: trailing whitespace.
+L 4325 0 
research/robot-position-observer-results/benchmark-detail.svg:1304: trailing whitespace.
+L 3669 0 
research/robot-position-observer-results/benchmark-detail.svg:1305: trailing whitespace.
+L 3244 1197 
research/robot-position-observer-results/benchmark-detail.svg:1306: trailing whitespace.
+L 1141 1197 
research/robot-position-observer-results/benchmark-detail.svg:1307: trailing whitespace.
+L 716 0 
research/robot-position-observer-results/benchmark-detail.svg:1308: trailing whitespace.
+L 50 0 
research/robot-position-observer-results/benchmark-detail.svg:1309: trailing whitespace.
+L 1831 4666 
research/robot-position-observer-results/benchmark-detail.svg:1353: trailing whitespace.
+      <path d="M 55.882344 343.600059 
research/robot-position-observer-results/benchmark-detail.svg:1354: trailing whitespace.
+L 751.32 343.600059 
research/robot-position-observer-results/benchmark-detail.svg:1359: trailing whitespace.
+       <path id="m59fde8dc78" d="M 0 0 
research/robot-position-observer-results/benchmark-detail.svg:1360: trailing whitespace.
+L -3.5 0 
research/robot-position-observer-results/benchmark-detail.svg:1371: trailing whitespace.
+        <path id="DejaVuSans-11" d="M 684 794 
research/robot-position-observer-results/benchmark-detail.svg:1372: trailing whitespace.
+L 1344 794 
research/robot-position-observer-results/benchmark-detail.svg:1373: trailing whitespace.
+L 1344 0 
research/robot-position-observer-results/benchmark-detail.svg:1374: trailing whitespace.
+L 684 0 
research/robot-position-observer-results/benchmark-detail.svg:1375: trailing whitespace.
+L 684 794 
research/robot-position-observer-results/benchmark-detail.svg:1388: trailing whitespace.
+      <path d="M 55.882344 317.751282 
research/robot-position-observer-results/benchmark-detail.svg:1389: trailing whitespace.
+L 751.32 317.751282 
research/robot-position-observer-results/benchmark-detail.svg:1401: trailing whitespace.
+        <path id="DejaVuSans-18" d="M 691 4666 
research/robot-position-observer-results/benchmark-detail.svg:1402: trailing whitespace.
+L 3169 4666 
research/robot-position-observer-results/benchmark-detail.svg:1403: trailing whitespace.
+L 3169 4134 
research/robot-position-observer-results/benchmark-detail.svg:1404: trailing whitespace.
+L 1269 4134 
research/robot-position-observer-results/benchmark-detail.svg:1405: trailing whitespace.
+L 1269 2991 
research/robot-position-observer-results/benchmark-detail.svg:1406: trailing whitespace.
+Q 1406 3038 1543 3061 
research/robot-position-observer-results/benchmark-detail.svg:1407: trailing whitespace.
+Q 1681 3084 1819 3084 
research/robot-position-observer-results/benchmark-detail.svg:1408: trailing whitespace.
+Q 2600 3084 3056 2656 
research/robot-position-observer-results/benchmark-detail.svg:1409: trailing whitespace.
+Q 3513 2228 3513 1497 
research/robot-position-observer-results/benchmark-detail.svg:1410: trailing whitespace.
+Q 3513 744 3044 326 
research/robot-position-observer-results/benchmark-detail.svg:1411: trailing whitespace.
+Q 2575 -91 1722 -91 
research/robot-position-observer-results/benchmark-detail.svg:1412: trailing whitespace.
+Q 1428 -91 1123 -41 
research/robot-position-observer-results/benchmark-detail.svg:1413: trailing whitespace.
+Q 819 9 494 109 
research/robot-position-observer-results/benchmark-detail.svg:1414: trailing whitespace.
+L 494 744 
research/robot-position-observer-results/benchmark-detail.svg:1415: trailing whitespace.
+Q 775 591 1075 516 
research/robot-position-observer-results/benchmark-detail.svg:1416: trailing whitespace.
+Q 1375 441 1709 441 
research/robot-position-observer-results/benchmark-detail.svg:1417: trailing whitespace.
+Q 2250 441 2565 725 
research/robot-position-observer-results/benchmark-detail.svg:1418: trailing whitespace.
+Q 2881 1009 2881 1497 
research/robot-position-observer-results/benchmark-detail.svg:1419: trailing whitespace.
+Q 2881 1984 2565 2268 
research/robot-position-observer-results/benchmark-detail.svg:1420: trailing whitespace.
+Q 2250 2553 1709 2553 
research/robot-position-observer-results/benchmark-detail.svg:1421: trailing whitespace.
+Q 1456 2553 1204 2497 
research/robot-position-observer-results/benchmark-detail.svg:1422: trailing whitespace.
+Q 953 2441 691 2322 
research/robot-position-observer-results/benchmark-detail.svg:1423: trailing whitespace.
+L 691 4666 
research/robot-position-observer-results/benchmark-detail.svg:1436: trailing whitespace.
+      <path d="M 55.882344 291.902505 
research/robot-position-observer-results/benchmark-detail.svg:1437: trailing whitespace.
+L 751.32 291.902505 
research/robot-position-observer-results/benchmark-detail.svg:1457: trailing whitespace.
+      <path d="M 55.882344 266.053728 
research/robot-position-observer-results/benchmark-detail.svg:1458: trailing whitespace.
+L 751.32 266.053728 
research/robot-position-observer-results/benchmark-detail.svg:1470: trailing whitespace.
+        <path id="DejaVuSans-1a" d="M 525 4666 
research/robot-position-observer-results/benchmark-detail.svg:1471: trailing whitespace.
+L 3525 4666 
research/robot-position-observer-results/benchmark-detail.svg:1472: trailing whitespace.
+L 3525 4397 
research/robot-position-observer-results/benchmark-detail.svg:1473: trailing whitespace.
+L 1831 0 
research/robot-position-observer-results/benchmark-detail.svg:1474: trailing whitespace.
+L 1172 0 
research/robot-position-observer-results/benchmark-detail.svg:1475: trailing whitespace.
+L 2766 4134 
research/robot-position-observer-results/benchmark-detail.svg:1476: trailing whitespace.
+L 525 4134 
research/robot-position-observer-results/benchmark-detail.svg:1477: trailing whitespace.
+L 525 4666 
research/robot-position-observer-results/benchmark-detail.svg:1490: trailing whitespace.
+      <path d="M 55.882344 240.204952 
research/robot-position-observer-results/benchmark-detail.svg:1491: trailing whitespace.
+L 751.32 240.204952 
research/robot-position-observer-results/benchmark-detail.svg:1511: trailing whitespace.
+      <path d="M 55.882344 214.356175 
research/robot-position-observer-results/benchmark-detail.svg:1512: trailing whitespace.
+L 751.32 214.356175 
research/robot-position-observer-results/benchmark-detail.svg:1532: trailing whitespace.
+      <path d="M 55.882344 188.507398 
research/robot-position-observer-results/benchmark-detail.svg:1533: trailing whitespace.
+L 751.32 188.507398 
research/robot-position-observer-results/benchmark-detail.svg:1553: trailing whitespace.
+      <path d="M 55.882344 162.658621 
research/robot-position-observer-results/benchmark-detail.svg:1554: trailing whitespace.
+L 751.32 162.658621 
research/robot-position-observer-results/benchmark-detail.svg:1574: trailing whitespace.
+      <path d="M 55.882344 136.809844 
research/robot-position-observer-results/benchmark-detail.svg:1575: trailing whitespace.
+L 751.32 136.809844 
research/robot-position-observer-results/benchmark-detail.svg:1597: trailing whitespace.
+       <path id="DejaVuSans-2b" d="M 628 4666 
research/robot-position-observer-results/benchmark-detail.svg:1598: trailing whitespace.
+L 1259 4666 
research/robot-position-observer-results/benchmark-detail.svg:1599: trailing whitespace.
+L 1259 2753 
research/robot-position-observer-results/benchmark-detail.svg:1600: trailing whitespace.
+L 3553 2753 
research/robot-position-observer-results/benchmark-detail.svg:1601: trailing whitespace.
+L 3553 4666 
research/robot-position-observer-results/benchmark-detail.svg:1602: trailing whitespace.
+L 4184 4666 
research/robot-position-observer-results/benchmark-detail.svg:1603: trailing whitespace.
+L 4184 0 
research/robot-position-observer-results/benchmark-detail.svg:1604: trailing whitespace.
+L 3553 0 
research/robot-position-observer-results/benchmark-detail.svg:1605: trailing whitespace.
+L 3553 2222 
research/robot-position-observer-results/benchmark-detail.svg:1606: trailing whitespace.
+L 1259 2222 
research/robot-position-observer-results/benchmark-detail.svg:1607: trailing whitespace.
+L 1259 0 
research/robot-position-observer-results/benchmark-detail.svg:1608: trailing whitespace.
+L 628 0 
research/robot-position-observer-results/benchmark-detail.svg:1609: trailing whitespace.
+L 628 4666 
research/robot-position-observer-results/benchmark-detail.svg:1612: trailing whitespace.
+       <path id="DejaVuSans-1b" d="M 2034 2216 
research/robot-position-observer-results/benchmark-detail.svg:1613: trailing whitespace.
+Q 1584 2216 1326 1975 
research/robot-position-observer-results/benchmark-detail.svg:1614: trailing whitespace.
+Q 1069 1734 1069 1313 
research/robot-position-observer-results/benchmark-detail.svg:1615: trailing whitespace.
+Q 1069 891 1326 650 
research/robot-position-observer-results/benchmark-detail.svg:1616: trailing whitespace.
+Q 1584 409 2034 409 
research/robot-position-observer-results/benchmark-detail.svg:1617: trailing whitespace.
+Q 2484 409 2743 651 
research/robot-position-observer-results/benchmark-detail.svg:1618: trailing whitespace.
+Q 3003 894 3003 1313 
research/robot-position-observer-results/benchmark-detail.svg:1619: trailing whitespace.
+Q 3003 1734 2745 1975 
research/robot-position-observer-results/benchmark-detail.svg:1620: trailing whitespace.
+Q 2488 2216 2034 2216 
research/robot-position-observer-results/benchmark-detail.svg:1622: trailing whitespace.
+M 1403 2484 
research/robot-position-observer-results/benchmark-detail.svg:1623: trailing whitespace.
+Q 997 2584 770 2862 
research/robot-position-observer-results/benchmark-detail.svg:1624: trailing whitespace.
+Q 544 3141 544 3541 
research/robot-position-observer-results/benchmark-detail.svg:1625: trailing whitespace.
+Q 544 4100 942 4425 
research/robot-position-observer-results/benchmark-detail.svg:1626: trailing whitespace.
+Q 1341 4750 2034 4750 
research/robot-position-observer-results/benchmark-detail.svg:1627: trailing whitespace.
+Q 2731 4750 3128 4425 
research/robot-position-observer-results/benchmark-detail.svg:1628: trailing whitespace.
+Q 3525 4100 3525 3541 
research/robot-position-observer-results/benchmark-detail.svg:1629: trailing whitespace.
+Q 3525 3141 3298 2862 
research/robot-position-observer-results/benchmark-detail.svg:1630: trailing whitespace.
+Q 3072 2584 2669 2484 
research/robot-position-observer-results/benchmark-detail.svg:1631: trailing whitespace.
+Q 3125 2378 3379 2068 
research/robot-position-observer-results/benchmark-detail.svg:1632: trailing whitespace.
+Q 3634 1759 3634 1313 
research/robot-position-observer-results/benchmark-detail.svg:1633: trailing whitespace.
+Q 3634 634 3220 271 
research/robot-position-observer-results/benchmark-detail.svg:1634: trailing whitespace.
+Q 2806 -91 2034 -91 
research/robot-position-observer-results/benchmark-detail.svg:1635: trailing whitespace.
+Q 1263 -91 848 271 
research/robot-position-observer-results/benchmark-detail.svg:1636: trailing whitespace.
+Q 434 634 434 1313 
research/robot-position-observer-results/benchmark-detail.svg:1637: trailing whitespace.
+Q 434 1759 690 2068 
research/robot-position-observer-results/benchmark-detail.svg:1638: trailing whitespace.
+Q 947 2378 1403 2484 
research/robot-position-observer-results/benchmark-detail.svg:1640: trailing whitespace.
+M 1172 3481 
research/robot-position-observer-results/benchmark-detail.svg:1641: trailing whitespace.
+Q 1172 3119 1398 2916 
research/robot-position-observer-results/benchmark-detail.svg:1642: trailing whitespace.
+Q 1625 2713 2034 2713 
research/robot-position-observer-results/benchmark-detail.svg:1643: trailing whitespace.
+Q 2441 2713 2670 2916 
research/robot-position-observer-results/benchmark-detail.svg:1644: trailing whitespace.
+Q 2900 3119 2900 3481 
research/robot-position-observer-results/benchmark-detail.svg:1645: trailing whitespace.
+Q 2900 3844 2670 4047 
research/robot-position-observer-results/benchmark-detail.svg:1646: trailing whitespace.
+Q 2441 4250 2034 4250 
research/robot-position-observer-results/benchmark-detail.svg:1647: trailing whitespace.
+Q 1625 4250 1398 4047 
research/robot-position-observer-results/benchmark-detail.svg:1648: trailing whitespace.
+Q 1172 3844 1172 3481 
research/robot-position-observer-results/benchmark-detail.svg:1651: trailing whitespace.
+       <path id="DejaVuSans-30" d="M 628 4666 
research/robot-position-observer-results/benchmark-detail.svg:1652: trailing whitespace.
+L 1569 4666 
research/robot-position-observer-results/benchmark-detail.svg:1653: trailing whitespace.
+L 2759 1491 
research/robot-position-observer-results/benchmark-detail.svg:1654: trailing whitespace.
+L 3956 4666 
research/robot-position-observer-results/benchmark-detail.svg:1655: trailing whitespace.
+L 4897 4666 
research/robot-position-observer-results/benchmark-detail.svg:1656: trailing whitespace.
+L 4897 0 
research/robot-position-observer-results/benchmark-detail.svg:1657: trailing whitespace.
+L 4281 0 
research/robot-position-observer-results/benchmark-detail.svg:1658: trailing whitespace.
+L 4281 4097 
research/robot-position-observer-results/benchmark-detail.svg:1659: trailing whitespace.
+L 3078 897 
research/robot-position-observer-results/benchmark-detail.svg:1660: trailing whitespace.
+L 2444 897 
research/robot-position-observer-results/benchmark-detail.svg:1661: trailing whitespace.
+L 1241 4097 
research/robot-position-observer-results/benchmark-detail.svg:1662: trailing whitespace.
+L 1241 0 
research/robot-position-observer-results/benchmark-detail.svg:1663: trailing whitespace.
+L 628 0 
research/robot-position-observer-results/benchmark-detail.svg:1664: trailing whitespace.
+L 628 4666 
research/robot-position-observer-results/benchmark-detail.svg:1667: trailing whitespace.
+       <path id="DejaVuSans-36" d="M 3425 4513 
research/robot-position-observer-results/benchmark-detail.svg:1668: trailing whitespace.
+L 3425 3897 
research/robot-position-observer-results/benchmark-detail.svg:1669: trailing whitespace.
+Q 3066 4069 2747 4153 
research/robot-position-observer-results/benchmark-detail.svg:1670: trailing whitespace.
+Q 2428 4238 2131 4238 
research/robot-position-observer-results/benchmark-detail.svg:1671: trailing whitespace.
+Q 1616 4238 1336 4038 
research/robot-position-observer-results/benchmark-detail.svg:1672: trailing whitespace.
+Q 1056 3838 1056 3469 
research/robot-position-observer-results/benchmark-detail.svg:1673: trailing whitespace.
+Q 1056 3159 1242 3001 
research/robot-position-observer-results/benchmark-detail.svg:1674: trailing whitespace.
+Q 1428 2844 1947 2747 
research/robot-position-observer-results/benchmark-detail.svg:1675: trailing whitespace.
+L 2328 2669 
research/robot-position-observer-results/benchmark-detail.svg:1676: trailing whitespace.
+Q 3034 2534 3370 2195 
research/robot-position-observer-results/benchmark-detail.svg:1677: trailing whitespace.
+Q 3706 1856 3706 1288 
research/robot-position-observer-results/benchmark-detail.svg:1678: trailing whitespace.
+Q 3706 609 3251 259 
research/robot-position-observer-results/benchmark-detail.svg:1679: trailing whitespace.
+Q 2797 -91 1919 -91 
research/robot-position-observer-results/benchmark-detail.svg:1680: trailing whitespace.
+Q 1588 -91 1214 -16 
research/robot-position-observer-results/benchmark-detail.svg:1681: trailing whitespace.
+Q 841 59 441 206 
research/robot-position-observer-results/benchmark-detail.svg:1682: trailing whitespace.
+L 441 856 
research/robot-position-observer-results/benchmark-detail.svg:1683: trailing whitespace.
+Q 825 641 1194 531 
research/robot-position-observer-results/benchmark-detail.svg:1684: trailing whitespace.
+Q 1563 422 1919 422 
research/robot-position-observer-results/benchmark-detail.svg:1685: trailing whitespace.
+Q 2459 422 2753 634 
research/robot-position-observer-results/benchmark-detail.svg:1686: trailing whitespace.
+Q 3047 847 3047 1241 
research/robot-position-observer-results/benchmark-detail.svg:1687: trailing whitespace.
+Q 3047 1584 2836 1778 
research/robot-position-observer-results/benchmark-detail.svg:1688: trailing whitespace.
+Q 2625 1972 2144 2069 
research/robot-position-observer-results/benchmark-detail.svg:1689: trailing whitespace.
+L 1759 2144 
research/robot-position-observer-results/benchmark-detail.svg:1690: trailing whitespace.
+Q 1053 2284 737 2584 
research/robot-position-observer-results/benchmark-detail.svg:1691: trailing whitespace.
+Q 422 2884 422 3419 
research/robot-position-observer-results/benchmark-detail.svg:1692: trailing whitespace.
+Q 422 4038 858 4394 
research/robot-position-observer-results/benchmark-detail.svg:1693: trailing whitespace.
+Q 1294 4750 2059 4750 
research/robot-position-observer-results/benchmark-detail.svg:1694: trailing whitespace.
+Q 2388 4750 2728 4690 
research/robot-position-observer-results/benchmark-detail.svg:1695: trailing whitespace.
+Q 3069 4631 3425 4513 
research/robot-position-observer-results/benchmark-detail.svg:1698: trailing whitespace.
+       <path id="DejaVuSans-28" d="M 628 4666 
research/robot-position-observer-results/benchmark-detail.svg:1699: trailing whitespace.
+L 3578 4666 
research/robot-position-observer-results/benchmark-detail.svg:1700: trailing whitespace.
+L 3578 4134 
research/robot-position-observer-results/benchmark-detail.svg:1701: trailing whitespace.
+L 1259 4134 
research/robot-position-observer-results/benchmark-detail.svg:1702: trailing whitespace.
+L 1259 2753 
research/robot-position-observer-results/benchmark-detail.svg:1703: trailing whitespace.
+L 3481 2753 
research/robot-position-observer-results/benchmark-detail.svg:1704: trailing whitespace.
+L 3481 2222 
research/robot-position-observer-results/benchmark-detail.svg:1705: trailing whitespace.
+L 1259 2222 
research/robot-position-observer-results/benchmark-detail.svg:1706: trailing whitespace.
+L 1259 531 
research/robot-position-observer-results/benchmark-detail.svg:1707: trailing whitespace.
+L 3634 531 
research/robot-position-observer-results/benchmark-detail.svg:1708: trailing whitespace.
+L 3634 0 
research/robot-position-observer-results/benchmark-detail.svg:1709: trailing whitespace.
+L 628 0 
research/robot-position-observer-results/benchmark-detail.svg:1710: trailing whitespace.
+L 628 4666 
research/robot-position-observer-results/benchmark-detail.svg:1713: trailing whitespace.
+       <path id="DejaVuSans-b" d="M 1984 4856 
research/robot-position-observer-results/benchmark-detail.svg:1714: trailing whitespace.
+Q 1566 4138 1362 3434 
research/robot-position-observer-results/benchmark-detail.svg:1715: trailing whitespace.
+Q 1159 2731 1159 2009 
research/robot-position-observer-results/benchmark-detail.svg:1716: trailing whitespace.
+Q 1159 1288 1364 580 
research/robot-position-observer-results/benchmark-detail.svg:1717: trailing whitespace.
+Q 1569 -128 1984 -844 
research/robot-position-observer-results/benchmark-detail.svg:1718: trailing whitespace.
+L 1484 -844 
research/robot-position-observer-results/benchmark-detail.svg:1719: trailing whitespace.
+Q 1016 -109 783 600 
research/robot-position-observer-results/benchmark-detail.svg:1720: trailing whitespace.
+Q 550 1309 550 2009 
research/robot-position-observer-results/benchmark-detail.svg:1721: trailing whitespace.
+Q 550 2706 781 3412 
research/robot-position-observer-results/benchmark-detail.svg:1722: trailing whitespace.
+Q 1013 4119 1484 4856 
research/robot-position-observer-results/benchmark-detail.svg:1723: trailing whitespace.
+L 1984 4856 
research/robot-position-observer-results/benchmark-detail.svg:1726: trailing whitespace.
+       <path id="DejaVuSans-af5" d="M 313 1978 
research/robot-position-observer-results/benchmark-detail.svg:1727: trailing whitespace.
+L 2888 1978 
research/robot-position-observer-results/benchmark-detail.svg:1728: trailing whitespace.
+L 2888 1528 
research/robot-position-observer-results/benchmark-detail.svg:1729: trailing whitespace.
+L 313 1528 
research/robot-position-observer-results/benchmark-detail.svg:1730: trailing whitespace.
+L 313 1978 
research/robot-position-observer-results/benchmark-detail.svg:1733: trailing whitespace.
+       <path id="DejaVuSans-c" d="M 513 4856 
research/robot-position-observer-results/benchmark-detail.svg:1734: trailing whitespace.
+L 1013 4856 
research/robot-position-observer-results/benchmark-detail.svg:1735: trailing whitespace.
+Q 1481 4119 1714 3412 
research/robot-position-observer-results/benchmark-detail.svg:1736: trailing whitespace.
+Q 1947 2706 1947 2009 
research/robot-position-observer-results/benchmark-detail.svg:1737: trailing whitespace.
+Q 1947 1309 1714 600 
research/robot-position-observer-results/benchmark-detail.svg:1738: trailing whitespace.
+Q 1481 -109 1013 -844 
research/robot-position-observer-results/benchmark-detail.svg:1739: trailing whitespace.
+L 513 -844 
research/robot-position-observer-results/benchmark-detail.svg:1740: trailing whitespace.
+Q 928 -128 1133 580 
research/robot-position-observer-results/benchmark-detail.svg:1741: trailing whitespace.
+Q 1338 1288 1338 2009 
research/robot-position-observer-results/benchmark-detail.svg:1742: trailing whitespace.
+Q 1338 2731 1133 3434 
research/robot-position-observer-results/benchmark-detail.svg:1743: trailing whitespace.
+Q 928 4138 513 4856 
research/robot-position-observer-results/benchmark-detail.svg:1793: trailing whitespace.
+    <path d="M 87.493146 280.170264 
research/robot-position-observer-results/benchmark-detail.svg:1794: trailing whitespace.
+L 105.907206 280.170264 
research/robot-position-observer-results/benchmark-detail.svg:1798: trailing whitespace.
+    <path d="M 121.593257 279.050284 
research/robot-position-observer-results/benchmark-detail.svg:1799: trailing whitespace.
+L 140.007317 279.050284 
research/robot-position-observer-results/benchmark-detail.svg:1803: trailing whitespace.
+    <path d="M 155.693368 280.613789 
research/robot-position-observer-results/benchmark-detail.svg:1804: trailing whitespace.
+L 174.107427 280.613789 
research/robot-position-observer-results/benchmark-detail.svg:1808: trailing whitespace.
+    <path d="M 189.793478 281.111271 
research/robot-position-observer-results/benchmark-detail.svg:1809: trailing whitespace.
+L 208.207538 281.111271 
research/robot-position-observer-results/benchmark-detail.svg:1813: trailing whitespace.
+    <path d="M 257.993699 279.669295 
research/robot-position-observer-results/benchmark-detail.svg:1814: trailing whitespace.
+L 276.407759 279.669295 
research/robot-position-observer-results/benchmark-detail.svg:1818: trailing whitespace.
+    <path d="M 292.09381 136.809844 
research/robot-position-observer-results/benchmark-detail.svg:1819: trailing whitespace.
+L 310.50787 136.809844 
research/robot-position-observer-results/benchmark-detail.svg:1823: trailing whitespace.
+    <path d="M 326.193921 275.153015 
research/robot-position-observer-results/benchmark-detail.svg:1824: trailing whitespace.
+L 344.60798 275.153015 
research/robot-position-observer-results/benchmark-detail.svg:1828: trailing whitespace.
+    <path d="M 360.294031 279.27569 
research/robot-position-observer-results/benchmark-detail.svg:1829: trailing whitespace.
+L 378.708091 279.27569 
research/robot-position-observer-results/benchmark-detail.svg:1833: trailing whitespace.
+    <path d="M 394.394142 283.961158 
research/robot-position-observer-results/benchmark-detail.svg:1834: trailing whitespace.
+L 412.808202 283.961158 
research/robot-position-observer-results/benchmark-detail.svg:1838: trailing whitespace.
+    <path d="M 428.494253 277.761645 
research/robot-position-observer-results/benchmark-detail.svg:1839: trailing whitespace.
+L 446.908312 277.761645 
research/robot-position-observer-results/benchmark-detail.svg:1843: trailing whitespace.
+    <path d="M 462.594363 276.427027 
research/robot-position-observer-results/benchmark-detail.svg:1844: trailing whitespace.
+L 481.008423 276.427027 
research/robot-position-observer-results/benchmark-detail.svg:1848: trailing whitespace.
+    <path d="M 496.694474 266.812066 
research/robot-position-observer-results/benchmark-detail.svg:1849: trailing whitespace.
+L 515.108534 266.812066 
research/robot-position-observer-results/benchmark-detail.svg:1853: trailing whitespace.
+    <path d="M 530.794585 278.893253 
research/robot-position-observer-results/benchmark-detail.svg:1854: trailing whitespace.
+L 549.208644 278.893253 
research/robot-position-observer-results/benchmark-detail.svg:1858: trailing whitespace.
+    <path d="M 564.894695 273.058878 
research/robot-position-observer-results/benchmark-detail.svg:1859: trailing whitespace.
+L 583.308755 273.058878 
research/robot-position-observer-results/benchmark-detail.svg:1863: trailing whitespace.
+    <path d="M 598.994806 266.650884 
research/robot-position-observer-results/benchmark-detail.svg:1864: trailing whitespace.
+L 617.408866 266.650884 
research/robot-position-observer-results/benchmark-detail.svg:1868: trailing whitespace.
+    <path d="M 633.094916 273.762096 
research/robot-position-observer-results/benchmark-detail.svg:1869: trailing whitespace.
+L 651.508976 273.762096 
research/robot-position-observer-results/benchmark-detail.svg:1873: trailing whitespace.
+    <path d="M 667.195027 231.129576 
research/robot-position-observer-results/benchmark-detail.svg:1874: trailing whitespace.
+L 685.609087 231.129576 
research/robot-position-observer-results/benchmark-detail.svg:1878: trailing whitespace.
+    <path d="M 701.295138 216.12034 
research/robot-position-observer-results/benchmark-detail.svg:1879: trailing whitespace.
+L 719.709197 216.12034 
research/robot-position-observer-results/benchmark-detail.svg:1883: trailing whitespace.
+    <path d="M 55.882344 343.600059 
research/robot-position-observer-results/benchmark-detail.svg:1884: trailing whitespace.
+L 55.882344 136.809844 
research/robot-position-observer-results/benchmark-detail.svg:1888: trailing whitespace.
+    <path d="M 751.32 343.600059 
research/robot-position-observer-results/benchmark-detail.svg:1889: trailing whitespace.
+L 751.32 136.809844 
research/robot-position-observer-results/benchmark-detail.svg:1893: trailing whitespace.
+    <path d="M 55.882344 343.600059 
research/robot-position-observer-results/benchmark-detail.svg:1894: trailing whitespace.
+L 751.32 343.600059 
research/robot-position-observer-results/benchmark-detail.svg:1898: trailing whitespace.
+    <path d="M 55.882344 136.809844 
research/robot-position-observer-results/benchmark-detail.svg:1899: trailing whitespace.
+L 751.32 136.809844 
research/robot-position-observer-results/benchmark-detail.svg:1904: trailing whitespace.
+     <path id="ma9a43804cf" d="M -2.738613 2.738613 
research/robot-position-observer-results/benchmark-detail.svg:1905: trailing whitespace.
+L 2.738613 -2.738613 
research/robot-position-observer-results/benchmark-detail.svg:1906: trailing whitespace.
+M -2.738613 -2.738613 
research/robot-position-observer-results/benchmark-detail.svg:1907: trailing whitespace.
+L 2.738613 2.738613 
research/robot-position-observer-results/benchmark-detail.svg:1916: trailing whitespace.
+     <path id="m7df8c2bb7e" d="M 0 2.738613 
research/robot-position-observer-results/benchmark-detail.svg:1917: trailing whitespace.
+C 0.726289 2.738613 1.422928 2.450055 1.936492 1.936492 
research/robot-position-observer-results/benchmark-detail.svg:1918: trailing whitespace.
+C 2.450055 1.422928 2.738613 0.726289 2.738613 0 
research/robot-position-observer-results/benchmark-detail.svg:1919: trailing whitespace.
+C 2.738613 -0.726289 2.450055 -1.422928 1.936492 -1.936492 
research/robot-position-observer-results/benchmark-detail.svg:1920: trailing whitespace.
+C 1.422928 -2.450055 0.726289 -2.738613 0 -2.738613 
research/robot-position-observer-results/benchmark-detail.svg:1921: trailing whitespace.
+C -0.726289 -2.738613 -1.422928 -2.450055 -1.936492 -1.936492 
research/robot-position-observer-results/benchmark-detail.svg:1922: trailing whitespace.
+C -2.450055 -1.422928 -2.738613 -0.726289 -2.738613 0 
research/robot-position-observer-results/benchmark-detail.svg:1923: trailing whitespace.
+C -2.738613 0.726289 -2.450055 1.422928 -1.936492 1.936492 
research/robot-position-observer-results/benchmark-detail.svg:1924: trailing whitespace.
+C -1.422928 2.450055 -0.726289 2.738613 0 2.738613 
research/robot-position-observer-results/benchmark-detail.svg:1954: trailing whitespace.
+     <path id="m56e8935f2f" d="M 0 2.738613 
research/robot-position-observer-results/benchmark-detail.svg:1955: trailing whitespace.
+C 0.726289 2.738613 1.422928 2.450055 1.936492 1.936492 
research/robot-position-observer-results/benchmark-detail.svg:1956: trailing whitespace.
+C 2.450055 1.422928 2.738613 0.726289 2.738613 0 
research/robot-position-observer-results/benchmark-detail.svg:1957: trailing whitespace.
+C 2.738613 -0.726289 2.450055 -1.422928 1.936492 -1.936492 
research/robot-position-observer-results/benchmark-detail.svg:1958: trailing whitespace.
+C 1.422928 -2.450055 0.726289 -2.738613 0 -2.738613 
research/robot-position-observer-results/benchmark-detail.svg:1959: trailing whitespace.
+C -0.726289 -2.738613 -1.422928 -2.450055 -1.936492 -1.936492 
research/robot-position-observer-results/benchmark-detail.svg:1960: trailing whitespace.
+C -2.450055 -1.422928 -2.738613 -0.726289 -2.738613 0 
research/robot-position-observer-results/benchmark-detail.svg:1961: trailing whitespace.
+C -2.738613 0.726289 -2.450055 1.422928 -1.936492 1.936492 
research/robot-position-observer-results/benchmark-detail.svg:1962: trailing whitespace.
+C -1.422928 2.450055 -0.726289 2.738613 0 2.738613 
research/robot-position-observer-results/benchmark-detail.svg:1982: trailing whitespace.
+     <path id="me6fdd0e4bc" d="M -2.738613 2.738613 
research/robot-position-observer-results/benchmark-detail.svg:1983: trailing whitespace.
+L 2.738613 -2.738613 
research/robot-position-observer-results/benchmark-detail.svg:1984: trailing whitespace.
+M -2.738613 -2.738613 
research/robot-position-observer-results/benchmark-detail.svg:1985: trailing whitespace.
+L 2.738613 2.738613 
research/robot-position-observer-results/benchmark-detail.svg:1994: trailing whitespace.
+     <path id="m5261ed102a" d="M 0 2.738613 
research/robot-position-observer-results/benchmark-detail.svg:1995: trailing whitespace.
+C 0.726289 2.738613 1.422928 2.450055 1.936492 1.936492 
research/robot-position-observer-results/benchmark-detail.svg:1996: trailing whitespace.
+C 2.450055 1.422928 2.738613 0.726289 2.738613 0 
research/robot-position-observer-results/benchmark-detail.svg:1997: trailing whitespace.
+C 2.738613 -0.726289 2.450055 -1.422928 1.936492 -1.936492 
research/robot-position-observer-results/benchmark-detail.svg:1998: trailing whitespace.
+C 1.422928 -2.450055 0.726289 -2.738613 0 -2.738613 
research/robot-position-observer-results/benchmark-detail.svg:1999: trailing whitespace.
+C -0.726289 -2.738613 -1.422928 -2.450055 -1.936492 -1.936492 
research/robot-position-observer-results/benchmark-detail.svg:2000: trailing whitespace.
+C -2.450055 -1.422928 -2.738613 -0.726289 -2.738613 0 
research/robot-position-observer-results/benchmark-detail.svg:2001: trailing whitespace.
+C -2.738613 0.726289 -2.450055 1.422928 -1.936492 1.936492 
research/robot-position-observer-results/benchmark-detail.svg:2002: trailing whitespace.
+C -1.422928 2.450055 -0.726289 2.738613 0 2.738613 
research/robot-position-observer-results/benchmark-detail.svg:2032: trailing whitespace.
+     <path id="m2f2b220f48" d="M 0 2.738613 
research/robot-position-observer-results/benchmark-detail.svg:2033: trailing whitespace.
+C 0.726289 2.738613 1.422928 2.450055 1.936492 1.936492 
research/robot-position-observer-results/benchmark-detail.svg:2034: trailing whitespace.
+C 2.450055 1.422928 2.738613 0.726289 2.738613 0 
research/robot-position-observer-results/benchmark-detail.svg:2035: trailing whitespace.
+C 2.738613 -0.726289 2.450055 -1.422928 1.936492 -1.936492 
research/robot-position-observer-results/benchmark-detail.svg:2036: trailing whitespace.
+C 1.422928 -2.450055 0.726289 -2.738613 0 -2.738613 
research/robot-position-observer-results/benchmark-detail.svg:2037: trailing whitespace.
+C -0.726289 -2.738613 -1.422928 -2.450055 -1.936492 -1.936492 
research/robot-position-observer-results/benchmark-detail.svg:2038: trailing whitespace.
+C -2.450055 -1.422928 -2.738613 -0.726289 -2.738613 0 
research/robot-position-observer-results/benchmark-detail.svg:2039: trailing whitespace.
+C -2.738613 0.726289 -2.450055 1.422928 -1.936492 1.936492 
research/robot-position-observer-results/benchmark-detail.svg:2040: trailing whitespace.
+C -1.422928 2.450055 -0.726289 2.738613 0 2.738613 
research/robot-position-observer-results/benchmark-detail.svg:2050: trailing whitespace.
+     <path id="m76d4ed5897" d="M -2.738613 2.738613 
research/robot-position-observer-results/benchmark-detail.svg:2051: trailing whitespace.
+L 2.738613 -2.738613 
research/robot-position-observer-results/benchmark-detail.svg:2052: trailing whitespace.
+M -2.738613 -2.738613 
research/robot-position-observer-results/benchmark-detail.svg:2053: trailing whitespace.
+L 2.738613 2.738613 
research/robot-position-observer-results/benchmark-detail.svg:2082: trailing whitespace.
+     <path id="mc2d4964e4a" d="M -2.738613 2.738613 
research/robot-position-observer-results/benchmark-detail.svg:2083: trailing whitespace.
+L 2.738613 -2.738613 
research/robot-position-observer-results/benchmark-detail.svg:2084: trailing whitespace.
+M -2.738613 -2.738613 
research/robot-position-observer-results/benchmark-detail.svg:2085: trailing whitespace.
+L 2.738613 2.738613 
research/robot-position-observer-results/benchmark-detail.svg:2101: trailing whitespace.
+      <path id="DejaVuSans-49" d="M 2375 4863 
research/robot-position-observer-results/benchmark-detail.svg:2102: trailing whitespace.
+L 2375 4384 
research/robot-position-observer-results/benchmark-detail.svg:2103: trailing whitespace.
+L 1825 4384 
research/robot-position-observer-results/benchmark-detail.svg:2104: trailing whitespace.
+Q 1516 4384 1395 4259 
research/robot-position-observer-results/benchmark-detail.svg:2105: trailing whitespace.
+Q 1275 4134 1275 3809 
research/robot-position-observer-results/benchmark-detail.svg:2106: trailing whitespace.
+L 1275 3500 
research/robot-position-observer-results/benchmark-detail.svg:2107: trailing whitespace.
+L 2222 3500 
research/robot-position-observer-results/benchmark-detail.svg:2108: trailing whitespace.
+L 2222 3053 
research/robot-position-observer-results/benchmark-detail.svg:2109: trailing whitespace.
+L 1275 3053 
research/robot-position-observer-results/benchmark-detail.svg:2110: trailing whitespace.
+L 1275 0 
research/robot-position-observer-results/benchmark-detail.svg:2111: trailing whitespace.
+L 697 0 
research/robot-position-observer-results/benchmark-detail.svg:2112: trailing whitespace.
+L 697 3053 
research/robot-position-observer-results/benchmark-detail.svg:2113: trailing whitespace.
+L 147 3053 
research/robot-position-observer-results/benchmark-detail.svg:2114: trailing whitespace.
+L 147 3500 
research/robot-position-observer-results/benchmark-detail.svg:2115: trailing whitespace.
+L 697 3500 
research/robot-position-observer-results/benchmark-detail.svg:2116: trailing whitespace.
+L 697 3744 
research/robot-position-observer-results/benchmark-detail.svg:2117: trailing whitespace.
+Q 697 4328 969 4595 
research/robot-position-observer-results/benchmark-detail.svg:2118: trailing whitespace.
+Q 1241 4863 1831 4863 
research/robot-position-observer-results/benchmark-detail.svg:2119: trailing whitespace.
+L 2375 4863 
research/robot-position-observer-results/benchmark-detail.svg:2160: trailing whitespace.
+     <path id="m99af2437f8" d="M 0 2.738613 
research/robot-position-observer-results/benchmark-detail.svg:2161: trailing whitespace.
+C 0.726289 2.738613 1.422928 2.450055 1.936492 1.936492 
research/robot-position-observer-results/benchmark-detail.svg:2162: trailing whitespace.
+C 2.450055 1.422928 2.738613 0.726289 2.738613 0 
research/robot-position-observer-results/benchmark-detail.svg:2163: trailing whitespace.
+C 2.738613 -0.726289 2.450055 -1.422928 1.936492 -1.936492 
research/robot-position-observer-results/benchmark-detail.svg:2164: trailing whitespace.
+C 1.422928 -2.450055 0.726289 -2.738613 0 -2.738613 
research/robot-position-observer-results/benchmark-detail.svg:2165: trailing whitespace.
+C -0.726289 -2.738613 -1.422928 -2.450055 -1.936492 -1.936492 
research/robot-position-observer-results/benchmark-detail.svg:2166: trailing whitespace.
+C -2.450055 -1.422928 -2.738613 -0.726289 -2.738613 0 
research/robot-position-observer-results/benchmark-detail.svg:2167: trailing whitespace.
+C -2.738613 0.726289 -2.450055 1.422928 -1.936492 1.936492 
research/robot-position-observer-results/benchmark-detail.svg:2168: trailing whitespace.
+C -1.422928 2.450055 -0.726289 2.738613 0 2.738613 
research/robot-position-observer-results/benchmark-detail.svg:2188: trailing whitespace.
+     <path id="m369b089fa5" d="M 0 2.738613 
research/robot-position-observer-results/benchmark-detail.svg:2189: trailing whitespace.
+C 0.726289 2.738613 1.422928 2.450055 1.936492 1.936492 
research/robot-position-observer-results/benchmark-detail.svg:2190: trailing whitespace.
+C 2.450055 1.422928 2.738613 0.726289 2.738613 0 
research/robot-position-observer-results/benchmark-detail.svg:2191: trailing whitespace.
+C 2.738613 -0.726289 2.450055 -1.422928 1.936492 -1.936492 
research/robot-position-observer-results/benchmark-detail.svg:2192: trailing whitespace.
+C 1.422928 -2.450055 0.726289 -2.738613 0 -2.738613 
research/robot-position-observer-results/benchmark-detail.svg:2193: trailing whitespace.
+C -0.726289 -2.738613 -1.422928 -2.450055 -1.936492 -1.936492 
research/robot-position-observer-results/benchmark-detail.svg:2194: trailing whitespace.
+C -2.450055 -1.422928 -2.738613 -0.726289 -2.738613 0 
research/robot-position-observer-results/benchmark-detail.svg:2195: trailing whitespace.
+C -2.738613 0.726289 -2.450055 1.422928 -1.936492 1.936492 
research/robot-position-observer-results/benchmark-detail.svg:2196: trailing whitespace.
+C -1.422928 2.450055 -0.726289 2.738613 0 2.738613 
research/robot-position-observer-results/benchmark-detail.svg:2208: trailing whitespace.
+      <path id="DejaVuSans-c1b" d="M 2541 4688 
research/robot-position-observer-results/benchmark-detail.svg:2209: trailing whitespace.
+L 2822 4688 
research/robot-position-observer-results/benchmark-detail.svg:2210: trailing whitespace.
+L 4047 3456 
research/robot-position-observer-results/benchmark-detail.svg:2211: trailing whitespace.
+L 3672 3081 
research/robot-position-observer-results/benchmark-detail.svg:2212: trailing whitespace.
+L 2947 3813 
research/robot-position-observer-results/benchmark-detail.svg:2213: trailing whitespace.
+L 2947 0 
research/robot-position-observer-results/benchmark-detail.svg:2214: trailing whitespace.
+L 2416 0 
research/robot-position-observer-results/benchmark-detail.svg:2215: trailing whitespace.
+L 2416 3813 
research/robot-position-observer-results/benchmark-detail.svg:2216: trailing whitespace.
+L 1684 3081 
research/robot-position-observer-results/benchmark-detail.svg:2217: trailing whitespace.
+L 1309 3456 
research/robot-position-observer-results/benchmark-detail.svg:2218: trailing whitespace.
+L 2541 4688 
research/robot-position-observer-results/benchmark-detail.svg:2260: trailing whitespace.
+     <path id="m8ddeddbd86" d="M 0 2.738613 
research/robot-position-observer-results/benchmark-detail.svg:2261: trailing whitespace.
+C 0.726289 2.738613 1.422928 2.450055 1.936492 1.936492 
research/robot-position-observer-results/benchmark-detail.svg:2262: trailing whitespace.
+C 2.450055 1.422928 2.738613 0.726289 2.738613 0 
research/robot-position-observer-results/benchmark-detail.svg:2263: trailing whitespace.
+C 2.738613 -0.726289 2.450055 -1.422928 1.936492 -1.936492 
research/robot-position-observer-results/benchmark-detail.svg:2264: trailing whitespace.
+C 1.422928 -2.450055 0.726289 -2.738613 0 -2.738613 
research/robot-position-observer-results/benchmark-detail.svg:2265: trailing whitespace.
+C -0.726289 -2.738613 -1.422928 -2.450055 -1.936492 -1.936492 
research/robot-position-observer-results/benchmark-detail.svg:2266: trailing whitespace.
+C -2.450055 -1.422928 -2.738613 -0.726289 -2.738613 0 
research/robot-position-observer-results/benchmark-detail.svg:2267: trailing whitespace.
+C -2.738613 0.726289 -2.450055 1.422928 -1.936492 1.936492 
research/robot-position-observer-results/benchmark-detail.svg:2268: trailing whitespace.
+C -1.422928 2.450055 -0.726289 2.738613 0 2.738613 
research/robot-position-observer-results/benchmark-detail.svg:2288: trailing whitespace.
+     <path id="m629de0d284" d="M 0 2.738613 
research/robot-position-observer-results/benchmark-detail.svg:2289: trailing whitespace.
+C 0.726289 2.738613 1.422928 2.450055 1.936492 1.936492 
research/robot-position-observer-results/benchmark-detail.svg:2290: trailing whitespace.
+C 2.450055 1.422928 2.738613 0.726289 2.738613 0 
research/robot-position-observer-results/benchmark-detail.svg:2291: trailing whitespace.
+C 2.738613 -0.726289 2.450055 -1.422928 1.936492 -1.936492 
research/robot-position-observer-results/benchmark-detail.svg:2292: trailing whitespace.
+C 1.422928 -2.450055 0.726289 -2.738613 0 -2.738613 
research/robot-position-observer-results/benchmark-detail.svg:2293: trailing whitespace.
+C -0.726289 -2.738613 -1.422928 -2.450055 -1.936492 -1.936492 
research/robot-position-observer-results/benchmark-detail.svg:2294: trailing whitespace.
+C -2.450055 -1.422928 -2.738613 -0.726289 -2.738613 0 
research/robot-position-observer-results/benchmark-detail.svg:2295: trailing whitespace.
+C -2.738613 0.726289 -2.450055 1.422928 -1.936492 1.936492 
research/robot-position-observer-results/benchmark-detail.svg:2296: trailing whitespace.
+C -1.422928 2.450055 -0.726289 2.738613 0 2.738613 
research/robot-position-observer-results/benchmark-detail.svg:2316: trailing whitespace.
+     <path id="mbebcc92e23" d="M 0 2.738613 
research/robot-position-observer-results/benchmark-detail.svg:2317: trailing whitespace.
+C 0.726289 2.738613 1.422928 2.450055 1.936492 1.936492 
research/robot-position-observer-results/benchmark-detail.svg:2318: trailing whitespace.
+C 2.450055 1.422928 2.738613 0.726289 2.738613 0 
research/robot-position-observer-results/benchmark-detail.svg:2319: trailing whitespace.
+C 2.738613 -0.726289 2.450055 -1.422928 1.936492 -1.936492 
research/robot-position-observer-results/benchmark-detail.svg:2320: trailing whitespace.
+C 1.422928 -2.450055 0.726289 -2.738613 0 -2.738613 
research/robot-position-observer-results/benchmark-detail.svg:2321: trailing whitespace.
+C -0.726289 -2.738613 -1.422928 -2.450055 -1.936492 -1.936492 
research/robot-position-observer-results/benchmark-detail.svg:2322: trailing whitespace.
+C -2.450055 -1.422928 -2.738613 -0.726289 -2.738613 0 
research/robot-position-observer-results/benchmark-detail.svg:2323: trailing whitespace.
+C -2.738613 0.726289 -2.450055 1.422928 -1.936492 1.936492 
research/robot-position-observer-results/benchmark-detail.svg:2324: trailing whitespace.
+C -1.422928 2.450055 -0.726289 2.738613 0 2.738613 
research/robot-position-observer-results/benchmark-detail.svg:2344: trailing whitespace.
+     <path id="madfedd35d0" d="M 0 2.738613 
research/robot-position-observer-results/benchmark-detail.svg:2345: trailing whitespace.
+C 0.726289 2.738613 1.422928 2.450055 1.936492 1.936492 
research/robot-position-observer-results/benchmark-detail.svg:2346: trailing whitespace.
+C 2.450055 1.422928 2.738613 0.726289 2.738613 0 
research/robot-position-observer-results/benchmark-detail.svg:2347: trailing whitespace.
+C 2.738613 -0.726289 2.450055 -1.422928 1.936492 -1.936492 
research/robot-position-observer-results/benchmark-detail.svg:2348: trailing whitespace.
+C 1.422928 -2.450055 0.726289 -2.738613 0 -2.738613 
research/robot-position-observer-results/benchmark-detail.svg:2349: trailing whitespace.
+C -0.726289 -2.738613 -1.422928 -2.450055 -1.936492 -1.936492 
research/robot-position-observer-results/benchmark-detail.svg:2350: trailing whitespace.
+C -2.450055 -1.422928 -2.738613 -0.726289 -2.738613 0 
research/robot-position-observer-results/benchmark-detail.svg:2351: trailing whitespace.
+C -2.738613 0.726289 -2.450055 1.422928 -1.936492 1.936492 
research/robot-position-observer-results/benchmark-detail.svg:2352: trailing whitespace.
+C -1.422928 2.450055 -0.726289 2.738613 0 2.738613 
research/robot-position-observer-results/benchmark-detail.svg:2372: trailing whitespace.
+     <path id="m4c20647592" d="M 0 2.738613 
research/robot-position-observer-results/benchmark-detail.svg:2373: trailing whitespace.
+C 0.726289 2.738613 1.422928 2.450055 1.936492 1.936492 
research/robot-position-observer-results/benchmark-detail.svg:2374: trailing whitespace.
+C 2.450055 1.422928 2.738613 0.726289 2.738613 0 
research/robot-position-observer-results/benchmark-detail.svg:2375: trailing whitespace.
+C 2.738613 -0.726289 2.450055 -1.422928 1.936492 -1.936492 
research/robot-position-observer-results/benchmark-detail.svg:2376: trailing whitespace.
+C 1.422928 -2.450055 0.726289 -2.738613 0 -2.738613 
research/robot-position-observer-results/benchmark-detail.svg:2377: trailing whitespace.
+C -0.726289 -2.738613 -1.422928 -2.450055 -1.936492 -1.936492 
research/robot-position-observer-results/benchmark-detail.svg:2378: trailing whitespace.
+C -2.450055 -1.422928 -2.738613 -0.726289 -2.738613 0 
research/robot-position-observer-results/benchmark-detail.svg:2379: trailing whitespace.
+C -2.738613 0.726289 -2.450055 1.422928 -1.936492 1.936492 
research/robot-position-observer-results/benchmark-detail.svg:2380: trailing whitespace.
+C -1.422928 2.450055 -0.726289 2.738613 0 2.738613 
research/robot-position-observer-results/benchmark-detail.svg:2400: trailing whitespace.
+     <path id="mf44036c55e" d="M 0 2.738613 
research/robot-position-observer-results/benchmark-detail.svg:2401: trailing whitespace.
+C 0.726289 2.738613 1.422928 2.450055 1.936492 1.936492 
research/robot-position-observer-results/benchmark-detail.svg:2402: trailing whitespace.
+C 2.450055 1.422928 2.738613 0.726289 2.738613 0 
research/robot-position-observer-results/benchmark-detail.svg:2403: trailing whitespace.
+C 2.738613 -0.726289 2.450055 -1.422928 1.936492 -1.936492 
research/robot-position-observer-results/benchmark-detail.svg:2404: trailing whitespace.
+C 1.422928 -2.450055 0.726289 -2.738613 0 -2.738613 
research/robot-position-observer-results/benchmark-detail.svg:2405: trailing whitespace.
+C -0.726289 -2.738613 -1.422928 -2.450055 -1.936492 -1.936492 
research/robot-position-observer-results/benchmark-detail.svg:2406: trailing whitespace.
+C -2.450055 -1.422928 -2.738613 -0.726289 -2.738613 0 
research/robot-position-observer-results/benchmark-detail.svg:2407: trailing whitespace.
+C -2.738613 0.726289 -2.450055 1.422928 -1.936492 1.936492 
research/robot-position-observer-results/benchmark-detail.svg:2408: trailing whitespace.
+C -1.422928 2.450055 -0.726289 2.738613 0 2.738613 
research/robot-position-observer-results/benchmark-detail.svg:2428: trailing whitespace.
+     <path id="m2a549f90da" d="M 0 2.738613 
research/robot-position-observer-results/benchmark-detail.svg:2429: trailing whitespace.
+C 0.726289 2.738613 1.422928 2.450055 1.936492 1.936492 
research/robot-position-observer-results/benchmark-detail.svg:2430: trailing whitespace.
+C 2.450055 1.422928 2.738613 0.726289 2.738613 0 
research/robot-position-observer-results/benchmark-detail.svg:2431: trailing whitespace.
+C 2.738613 -0.726289 2.450055 -1.422928 1.936492 -1.936492 
research/robot-position-observer-results/benchmark-detail.svg:2432: trailing whitespace.
+C 1.422928 -2.450055 0.726289 -2.738613 0 -2.738613 
research/robot-position-observer-results/benchmark-detail.svg:2433: trailing whitespace.
+C -0.726289 -2.738613 -1.422928 -2.450055 -1.936492 -1.936492 
research/robot-position-observer-results/benchmark-detail.svg:2434: trailing whitespace.
+C -2.450055 -1.422928 -2.738613 -0.726289 -2.738613 0 
research/robot-position-observer-results/benchmark-detail.svg:2435: trailing whitespace.
+C -2.738613 0.726289 -2.450055 1.422928 -1.936492 1.936492 
research/robot-position-observer-results/benchmark-detail.svg:2436: trailing whitespace.
+C -1.422928 2.450055 -0.726289 2.738613 0 2.738613 
research/robot-position-observer-results/benchmark-detail.svg:2456: trailing whitespace.
+     <path id="m5009bf5375" d="M 0 2.738613 
research/robot-position-observer-results/benchmark-detail.svg:2457: trailing whitespace.
+C 0.726289 2.738613 1.422928 2.450055 1.936492 1.936492 
research/robot-position-observer-results/benchmark-detail.svg:2458: trailing whitespace.
+C 2.450055 1.422928 2.738613 0.726289 2.738613 0 
research/robot-position-observer-results/benchmark-detail.svg:2459: trailing whitespace.
+C 2.738613 -0.726289 2.450055 -1.422928 1.936492 -1.936492 
research/robot-position-observer-results/benchmark-detail.svg:2460: trailing whitespace.
+C 1.422928 -2.450055 0.726289 -2.738613 0 -2.738613 
research/robot-position-observer-results/benchmark-detail.svg:2461: trailing whitespace.
+C -0.726289 -2.738613 -1.422928 -2.450055 -1.936492 -1.936492 
research/robot-position-observer-results/benchmark-detail.svg:2462: trailing whitespace.
+C -2.450055 -1.422928 -2.738613 -0.726289 -2.738613 0 
research/robot-position-observer-results/benchmark-detail.svg:2463: trailing whitespace.
+C -2.738613 0.726289 -2.450055 1.422928 -1.936492 1.936492 
research/robot-position-observer-results/benchmark-detail.svg:2464: trailing whitespace.
+C -1.422928 2.450055 -0.726289 2.738613 0 2.738613 
research/robot-position-observer-results/benchmark-detail.svg:2484: trailing whitespace.
+     <path id="m13144e6ca4" d="M 0 2.738613 
research/robot-position-observer-results/benchmark-detail.svg:2485: trailing whitespace.
+C 0.726289 2.738613 1.422928 2.450055 1.936492 1.936492 
research/robot-position-observer-results/benchmark-detail.svg:2486: trailing whitespace.
+C 2.450055 1.422928 2.738613 0.726289 2.738613 0 
research/robot-position-observer-results/benchmark-detail.svg:2487: trailing whitespace.
+C 2.738613 -0.726289 2.450055 -1.422928 1.936492 -1.936492 
research/robot-position-observer-results/benchmark-detail.svg:2488: trailing whitespace.
+C 1.422928 -2.450055 0.726289 -2.738613 0 -2.738613 
research/robot-position-observer-results/benchmark-detail.svg:2489: trailing whitespace.
+C -0.726289 -2.738613 -1.422928 -2.450055 -1.936492 -1.936492 
research/robot-position-observer-results/benchmark-detail.svg:2490: trailing whitespace.
+C -2.450055 -1.422928 -2.738613 -0.726289 -2.738613 0 
research/robot-position-observer-results/benchmark-detail.svg:2491: trailing whitespace.
+C -2.738613 0.726289 -2.450055 1.422928 -1.936492 1.936492 
research/robot-position-observer-results/benchmark-detail.svg:2492: trailing whitespace.
+C -1.422928 2.450055 -0.726289 2.738613 0 2.738613 
research/robot-position-observer-results/benchmark-detail.svg:2502: trailing whitespace.
+     <path id="m6402632a69" d="M 0 2.738613 
research/robot-position-observer-results/benchmark-detail.svg:2503: trailing whitespace.
+C 0.726289 2.738613 1.422928 2.450055 1.936492 1.936492 
research/robot-position-observer-results/benchmark-detail.svg:2504: trailing whitespace.
+C 2.450055 1.422928 2.738613 0.726289 2.738613 0 
research/robot-position-observer-results/benchmark-detail.svg:2505: trailing whitespace.
+C 2.738613 -0.726289 2.450055 -1.422928 1.936492 -1.936492 
research/robot-position-observer-results/benchmark-detail.svg:2506: trailing whitespace.
+C 1.422928 -2.450055 0.726289 -2.738613 0 -2.738613 
research/robot-position-observer-results/benchmark-detail.svg:2507: trailing whitespace.
+C -0.726289 -2.738613 -1.422928 -2.450055 -1.936492 -1.936492 
research/robot-position-observer-results/benchmark-detail.svg:2508: trailing whitespace.
+C -2.450055 -1.422928 -2.738613 -0.726289 -2.738613 0 
research/robot-position-observer-results/benchmark-detail.svg:2509: trailing whitespace.
+C -2.738613 0.726289 -2.450055 1.422928 -1.936492 1.936492 
research/robot-position-observer-results/benchmark-detail.svg:2510: trailing whitespace.
+C -1.422928 2.450055 -0.726289 2.738613 0 2.738613 
research/robot-position-observer-results/benchmark-detail.svg:2520: trailing whitespace.
+     <path id="mac0b5b830e" d="M 0 2.738613 
research/robot-position-observer-results/benchmark-detail.svg:2521: trailing whitespace.
+C 0.726289 2.738613 1.422928 2.450055 1.936492 1.936492 
research/robot-position-observer-results/benchmark-detail.svg:2522: trailing whitespace.
+C 2.450055 1.422928 2.738613 0.726289 2.738613 0 
research/robot-position-observer-results/benchmark-detail.svg:2523: trailing whitespace.
+C 2.738613 -0.726289 2.450055 -1.422928 1.936492 -1.936492 
research/robot-position-observer-results/benchmark-detail.svg:2524: trailing whitespace.
+C 1.422928 -2.450055 0.726289 -2.738613 0 -2.738613 
research/robot-position-observer-results/benchmark-detail.svg:2525: trailing whitespace.
+C -0.726289 -2.738613 -1.422928 -2.450055 -1.936492 -1.936492 
research/robot-position-observer-results/benchmark-detail.svg:2526: trailing whitespace.
+C -2.450055 -1.422928 -2.738613 -0.726289 -2.738613 0 
research/robot-position-observer-results/benchmark-detail.svg:2527: trailing whitespace.
+C -2.738613 0.726289 -2.450055 1.422928 -1.936492 1.936492 
research/robot-position-observer-results/benchmark-detail.svg:2528: trailing whitespace.
+C -1.422928 2.450055 -0.726289 2.738613 0 2.738613 
research/robot-position-observer-results/benchmark-detail.svg:2538: trailing whitespace.
+     <path id="m462eee11ed" d="M 0 2.738613 
research/robot-position-observer-results/benchmark-detail.svg:2539: trailing whitespace.
+C 0.726289 2.738613 1.422928 2.450055 1.936492 1.936492 
research/robot-position-observer-results/benchmark-detail.svg:2540: trailing whitespace.
+C 2.450055 1.422928 2.738613 0.726289 2.738613 0 
research/robot-position-observer-results/benchmark-detail.svg:2541: trailing whitespace.
+C 2.738613 -0.726289 2.450055 -1.422928 1.936492 -1.936492 
research/robot-position-observer-results/benchmark-detail.svg:2542: trailing whitespace.
+C 1.422928 -2.450055 0.726289 -2.738613 0 -2.738613 
research/robot-position-observer-results/benchmark-detail.svg:2543: trailing whitespace.
+C -0.726289 -2.738613 -1.422928 -2.450055 -1.936492 -1.936492 
research/robot-position-observer-results/benchmark-detail.svg:2544: trailing whitespace.
+C -2.450055 -1.422928 -2.738613 -0.726289 -2.738613 0 
research/robot-position-observer-results/benchmark-detail.svg:2545: trailing whitespace.
+C -2.738613 0.726289 -2.450055 1.422928 -1.936492 1.936492 
research/robot-position-observer-results/benchmark-detail.svg:2546: trailing whitespace.
+C -1.422928 2.450055 -0.726289 2.738613 0 2.738613 
research/robot-position-observer-results/benchmark-detail.svg:2558: trailing whitespace.
+      <path id="DejaVuSans-42" d="M 3263 -1063 
research/robot-position-observer-results/benchmark-detail.svg:2559: trailing whitespace.
+L 3263 -1509 
research/robot-position-observer-results/benchmark-detail.svg:2560: trailing whitespace.
+L -63 -1509 
research/robot-position-observer-results/benchmark-detail.svg:2561: trailing whitespace.
+L -63 -1063 
research/robot-position-observer-results/benchmark-detail.svg:2562: trailing whitespace.
+L 3263 -1063 
research/robot-position-observer-results/benchmark-detail.svg:2565: trailing whitespace.
+      <path id="DejaVuSans-17" d="M 2419 4116 
research/robot-position-observer-results/benchmark-detail.svg:2566: trailing whitespace.
+L 825 1625 
research/robot-position-observer-results/benchmark-detail.svg:2567: trailing whitespace.
+L 2419 1625 
research/robot-position-observer-results/benchmark-detail.svg:2568: trailing whitespace.
+L 2419 4116 
research/robot-position-observer-results/benchmark-detail.svg:2570: trailing whitespace.
+M 2253 4666 
research/robot-position-observer-results/benchmark-detail.svg:2571: trailing whitespace.
+L 3047 4666 
research/robot-position-observer-results/benchmark-detail.svg:2572: trailing whitespace.
+L 3047 1625 
research/robot-position-observer-results/benchmark-detail.svg:2573: trailing whitespace.
+L 3713 1625 
research/robot-position-observer-results/benchmark-detail.svg:2574: trailing whitespace.
+L 3713 1100 
research/robot-position-observer-results/benchmark-detail.svg:2575: trailing whitespace.
+L 3047 1100 
research/robot-position-observer-results/benchmark-detail.svg:2576: trailing whitespace.
+L 3047 0 
research/robot-position-observer-results/benchmark-detail.svg:2577: trailing whitespace.
+L 2419 0 
research/robot-position-observer-results/benchmark-detail.svg:2578: trailing whitespace.
+L 2419 1100 
research/robot-position-observer-results/benchmark-detail.svg:2579: trailing whitespace.
+L 313 1100 
research/robot-position-observer-results/benchmark-detail.svg:2580: trailing whitespace.
+L 313 1709 
research/robot-position-observer-results/benchmark-detail.svg:2581: trailing whitespace.
+L 2253 4666 
research/robot-position-observer-results/benchmark-detail.svg:2618: trailing whitespace.
+      <path id="DejaVuSans-1d" d="M 750 794 
research/robot-position-observer-results/benchmark-detail.svg:2619: trailing whitespace.
+L 1409 794 
research/robot-position-observer-results/benchmark-detail.svg:2620: trailing whitespace.
+L 1409 0 
research/robot-position-observer-results/benchmark-detail.svg:2621: trailing whitespace.
+L 750 0 
research/robot-position-observer-results/benchmark-detail.svg:2622: trailing whitespace.
+L 750 794 
research/robot-position-observer-results/benchmark-detail.svg:2624: trailing whitespace.
+M 750 3309 
research/robot-position-observer-results/benchmark-detail.svg:2625: trailing whitespace.
+L 1409 3309 
research/robot-position-observer-results/benchmark-detail.svg:2626: trailing whitespace.
+L 1409 2516 
research/robot-position-observer-results/benchmark-detail.svg:2627: trailing whitespace.
+L 750 2516 
research/robot-position-observer-results/benchmark-detail.svg:2628: trailing whitespace.
+L 750 3309 
research/robot-position-observer-results/benchmark-detail.svg:2631: trailing whitespace.
+      <path id="DejaVuSans-12" d="M 1625 4666 
research/robot-position-observer-results/benchmark-detail.svg:2632: trailing whitespace.
+L 2156 4666 
research/robot-position-observer-results/benchmark-detail.svg:2633: trailing whitespace.
+L 531 -594 
research/robot-position-observer-results/benchmark-detail.svg:2634: trailing whitespace.
+L 0 -594 
research/robot-position-observer-results/benchmark-detail.svg:2635: trailing whitespace.
+L 1625 4666 
research/robot-position-observer-results/benchmark-detail.svg:2638: trailing whitespace.
+      <path id="DejaVuSans-f" d="M 750 794 
research/robot-position-observer-results/benchmark-detail.svg:2639: trailing whitespace.
+L 1409 794 
research/robot-position-observer-results/benchmark-detail.svg:2640: trailing whitespace.
+L 1409 256 
research/robot-position-observer-results/benchmark-detail.svg:2641: trailing whitespace.
+L 897 -744 
research/robot-position-observer-results/benchmark-detail.svg:2642: trailing whitespace.
+L 494 -744 
research/robot-position-observer-results/benchmark-detail.svg:2643: trailing whitespace.
+L 750 256 
research/robot-position-observer-results/benchmark-detail.svg:2644: trailing whitespace.
+L 750 794 
research/robot-position-observer-results/benchmark-detail.svg:2647: trailing whitespace.
+      <path id="DejaVuSans-4e" d="M 581 4863 
research/robot-position-observer-results/benchmark-detail.svg:2648: trailing whitespace.
+L 1159 4863 
research/robot-position-observer-results/benchmark-detail.svg:2649: trailing whitespace.
+L 1159 1991 
research/robot-position-observer-results/benchmark-detail.svg:2650: trailing whitespace.
+L 2875 3500 
research/robot-position-observer-results/benchmark-detail.svg:2651: trailing whitespace.
+L 3609 3500 
research/robot-position-observer-results/benchmark-detail.svg:2652: trailing whitespace.
+L 1753 1863 
research/robot-position-observer-results/benchmark-detail.svg:2653: trailing whitespace.
+L 3688 0 
research/robot-position-observer-results/benchmark-detail.svg:2654: trailing whitespace.
+L 2938 0 
research/robot-position-observer-results/benchmark-detail.svg:2655: trailing whitespace.
+L 1159 1709 
research/robot-position-observer-results/benchmark-detail.svg:2656: trailing whitespace.
+L 1159 0 
research/robot-position-observer-results/benchmark-detail.svg:2657: trailing whitespace.
+L 581 0 
research/robot-position-observer-results/benchmark-detail.svg:2658: trailing whitespace.
+L 581 4863 
research/robot-position-observer-results/benchmark-detail.svg:2724: trailing whitespace.
+    <path d="M 805.762344 343.600059 
research/robot-position-observer-results/benchmark-detail.svg:2725: trailing whitespace.
+L 1501.2 343.600059 
research/robot-position-observer-results/benchmark-detail.svg:2726: trailing whitespace.
+L 1501.2 136.809844 
research/robot-position-observer-results/benchmark-detail.svg:2727: trailing whitespace.
+L 805.762344 136.809844 
research/robot-position-observer-results/benchmark-detail.svg:3200: trailing whitespace.
+      <path d="M 805.762344 343.600059 
research/robot-position-observer-results/benchmark-detail.svg:3201: trailing whitespace.
+L 1501.2 343.600059 
research/robot-position-observer-results/benchmark-detail.svg:3221: trailing whitespace.
+      <path d="M 805.762344 317.751282 
research/robot-position-observer-results/benchmark-detail.svg:3222: trailing whitespace.
+L 1501.2 317.751282 
research/robot-position-observer-results/benchmark-detail.svg:3242: trailing whitespace.
+      <path d="M 805.762344 291.902505 
research/robot-position-observer-results/benchmark-detail.svg:3243: trailing whitespace.
+L 1501.2 291.902505 
research/robot-position-observer-results/benchmark-detail.svg:3263: trailing whitespace.
+      <path d="M 805.762344 266.053728 
research/robot-position-observer-results/benchmark-detail.svg:3264: trailing whitespace.
+L 1501.2 266.053728 
research/robot-position-observer-results/benchmark-detail.svg:3284: trailing whitespace.
+      <path d="M 805.762344 240.204952 
research/robot-position-observer-results/benchmark-detail.svg:3285: trailing whitespace.
+L 1501.2 240.204952 
research/robot-position-observer-results/benchmark-detail.svg:3305: trailing whitespace.
+      <path d="M 805.762344 214.356175 
research/robot-position-observer-results/benchmark-detail.svg:3306: trailing whitespace.
+L 1501.2 214.356175 
research/robot-position-observer-results/benchmark-detail.svg:3326: trailing whitespace.
+      <path d="M 805.762344 188.507398 
research/robot-position-observer-results/benchmark-detail.svg:3327: trailing whitespace.
+L 1501.2 188.507398 
research/robot-position-observer-results/benchmark-detail.svg:3347: trailing whitespace.
+      <path d="M 805.762344 162.658621 
research/robot-position-observer-results/benchmark-detail.svg:3348: trailing whitespace.
+L 1501.2 162.658621 
research/robot-position-observer-results/benchmark-detail.svg:3368: trailing whitespace.
+      <path d="M 805.762344 136.809844 
research/robot-position-observer-results/benchmark-detail.svg:3369: trailing whitespace.
+L 1501.2 136.809844 
research/robot-position-observer-results/benchmark-detail.svg:3436: trailing whitespace.
+    <path d="M 837.373146 272.664413 
research/robot-position-observer-results/benchmark-detail.svg:3437: trailing whitespace.
+L 855.787206 272.664413 
research/robot-position-observer-results/benchmark-detail.svg:3441: trailing whitespace.
+    <path d="M 871.473257 271.972378 
research/robot-position-observer-results/benchmark-detail.svg:3442: trailing whitespace.
+L 889.887317 271.972378 
research/robot-position-observer-results/benchmark-detail.svg:3446: trailing whitespace.
+    <path d="M 905.573368 274.179548 
research/robot-position-observer-results/benchmark-detail.svg:3447: trailing whitespace.
+L 923.987427 274.179548 
research/robot-position-observer-results/benchmark-detail.svg:3451: trailing whitespace.
+    <path d="M 939.673478 273.391781 
research/robot-position-observer-results/benchmark-detail.svg:3452: trailing whitespace.
+L 958.087538 273.391781 
research/robot-position-observer-results/benchmark-detail.svg:3456: trailing whitespace.
+    <path d="M 1007.873699 273.449784 
research/robot-position-observer-results/benchmark-detail.svg:3457: trailing whitespace.
+L 1026.287759 273.449784 
research/robot-position-observer-results/benchmark-detail.svg:3461: trailing whitespace.
+    <path d="M 1041.97381 136.809844 
research/robot-position-observer-results/benchmark-detail.svg:3462: trailing whitespace.
+L 1060.38787 136.809844 
research/robot-position-observer-results/benchmark-detail.svg:3466: trailing whitespace.
+    <path d="M 1076.073921 265.663815 
research/robot-position-observer-results/benchmark-detail.svg:3467: trailing whitespace.
+L 1094.48798 265.663815 
research/robot-position-observer-results/benchmark-detail.svg:3471: trailing whitespace.
+    <path d="M 1110.174031 275.635633 
research/robot-position-observer-results/benchmark-detail.svg:3472: trailing whitespace.
+L 1128.588091 275.635633 
research/robot-position-observer-results/benchmark-detail.svg:3476: trailing whitespace.
+    <path d="M 1144.274142 277.843077 
research/robot-position-observer-results/benchmark-detail.svg:3477: trailing whitespace.
+L 1162.688202 277.843077 
research/robot-position-observer-results/benchmark-detail.svg:3481: trailing whitespace.
+    <path d="M 1178.374253 274.073283 
research/robot-position-observer-results/benchmark-detail.svg:3482: trailing whitespace.
+L 1196.788312 274.073283 
research/robot-position-observer-results/benchmark-detail.svg:3486: trailing whitespace.
+    <path d="M 1212.474363 272.036202 
research/robot-position-observer-results/benchmark-detail.svg:3487: trailing whitespace.
+L 1230.888423 272.036202 
research/robot-position-observer-results/benchmark-detail.svg:3491: trailing whitespace.
+    <path d="M 1246.574474 261.730594 
research/robot-position-observer-results/benchmark-detail.svg:3492: trailing whitespace.
+L 1264.988534 261.730594 
research/robot-position-observer-results/benchmark-detail.svg:3496: trailing whitespace.
+    <path d="M 1280.674585 273.333595 
research/robot-position-observer-results/benchmark-detail.svg:3497: trailing whitespace.
+L 1299.088644 273.333595 
research/robot-position-observer-results/benchmark-detail.svg:3501: trailing whitespace.
+    <path d="M 1314.774695 268.560039 
research/robot-position-observer-results/benchmark-detail.svg:3502: trailing whitespace.
+L 1333.188755 268.560039 
research/robot-position-observer-results/benchmark-detail.svg:3506: trailing whitespace.
+    <path d="M 1348.874806 259.710768 
research/robot-position-observer-results/benchmark-detail.svg:3507: trailing whitespace.
+L 1367.288866 259.710768 
research/robot-position-observer-results/benchmark-detail.svg:3511: trailing whitespace.
+    <path d="M 1382.974916 267.008476 
research/robot-position-observer-results/benchmark-detail.svg:3512: trailing whitespace.
+L 1401.388976 267.008476 
research/robot-position-observer-results/benchmark-detail.svg:3516: trailing whitespace.
+    <path d="M 1417.075027 231.297057 
research/robot-position-observer-results/benchmark-detail.svg:3517: trailing whitespace.
+L 1435.489087 231.297057 
research/robot-position-observer-results/benchmark-detail.svg:3521: trailing whitespace.
+    <path d="M 1451.175138 204.36136 
research/robot-position-observer-results/benchmark-detail.svg:3522: trailing whitespace.
+L 1469.589197 204.36136 
research/robot-position-observer-results/benchmark-detail.svg:3526: trailing whitespace.
+    <path d="M 805.762344 343.600059 
research/robot-position-observer-results/benchmark-detail.svg:3527: trailing whitespace.
+L 805.762344 136.809844 
research/robot-position-observer-results/benchmark-detail.svg:3531: trailing whitespace.
+    <path d="M 1501.2 343.600059 
research/robot-position-observer-results/benchmark-detail.svg:3532: trailing whitespace.
+L 1501.2 136.809844 
research/robot-position-observer-results/benchmark-detail.svg:3536: trailing whitespace.
+    <path d="M 805.762344 343.600059 
research/robot-position-observer-results/benchmark-detail.svg:3537: trailing whitespace.
+L 1501.2 343.600059 
research/robot-position-observer-results/benchmark-detail.svg:3541: trailing whitespace.
+    <path d="M 805.762344 136.809844 
research/robot-position-observer-results/benchmark-detail.svg:3542: trailing whitespace.
+L 1501.2 136.809844 
research/robot-position-observer-results/benchmark-detail.svg:3994: trailing whitespace.
+    <path d="M 55.882344 728.798887 
research/robot-position-observer-results/benchmark-detail.svg:3995: trailing whitespace.
+L 751.32 728.798887 
research/robot-position-observer-results/benchmark-detail.svg:3996: trailing whitespace.
+L 751.32 522.008672 
research/robot-position-observer-results/benchmark-detail.svg:3997: trailing whitespace.
+L 55.882344 522.008672 
research/robot-position-observer-results/benchmark-detail.svg:4470: trailing whitespace.
+      <path d="M 55.882344 728.798887 
research/robot-position-observer-results/benchmark-detail.svg:4471: trailing whitespace.
+L 751.32 728.798887 
research/robot-position-observer-results/benchmark-detail.svg:4491: trailing whitespace.
+      <path d="M 55.882344 702.95011 
research/robot-position-observer-results/benchmark-detail.svg:4492: trailing whitespace.
+L 751.32 702.95011 
research/robot-position-observer-results/benchmark-detail.svg:4512: trailing whitespace.
+      <path d="M 55.882344 677.101334 
research/robot-position-observer-results/benchmark-detail.svg:4513: trailing whitespace.
+L 751.32 677.101334 
research/robot-position-observer-results/benchmark-detail.svg:4533: trailing whitespace.
+      <path d="M 55.882344 651.252557 
research/robot-position-observer-results/benchmark-detail.svg:4534: trailing whitespace.
+L 751.32 651.252557 
research/robot-position-observer-results/benchmark-detail.svg:4554: trailing whitespace.
+      <path d="M 55.882344 625.40378 
research/robot-position-observer-results/benchmark-detail.svg:4555: trailing whitespace.
+L 751.32 625.40378 
research/robot-position-observer-results/benchmark-detail.svg:4575: trailing whitespace.
+      <path d="M 55.882344 599.555003 
research/robot-position-observer-results/benchmark-detail.svg:4576: trailing whitespace.
+L 751.32 599.555003 
research/robot-position-observer-results/benchmark-detail.svg:4596: trailing whitespace.
+      <path d="M 55.882344 573.706226 
research/robot-position-observer-results/benchmark-detail.svg:4597: trailing whitespace.
+L 751.32 573.706226 
research/robot-position-observer-results/benchmark-detail.svg:4617: trailing whitespace.
+      <path d="M 55.882344 547.857449 
research/robot-position-observer-results/benchmark-detail.svg:4618: trailing whitespace.
+L 751.32 547.857449 
research/robot-position-observer-results/benchmark-detail.svg:4638: trailing whitespace.
+      <path d="M 55.882344 522.008672 
research/robot-position-observer-results/benchmark-detail.svg:4639: trailing whitespace.
+L 751.32 522.008672 
research/robot-position-observer-results/benchmark-detail.svg:4706: trailing whitespace.
+    <path d="M 87.493146 665.328814 
research/robot-position-observer-results/benchmark-detail.svg:4707: trailing whitespace.
+L 105.907206 665.328814 
research/robot-position-observer-results/benchmark-detail.svg:4711: trailing whitespace.
+    <path d="M 121.593257 664.357405 
research/robot-position-observer-results/benchmark-detail.svg:4712: trailing whitespace.
+L 140.007317 664.357405 
research/robot-position-observer-results/benchmark-detail.svg:4716: trailing whitespace.
+    <path d="M 155.693368 664.957298 
research/robot-position-observer-results/benchmark-detail.svg:4717: trailing whitespace.
+L 174.107427 664.957298 
research/robot-position-observer-results/benchmark-detail.svg:4721: trailing whitespace.
+    <path d="M 189.793478 665.823717 
research/robot-position-observer-results/benchmark-detail.svg:4722: trailing whitespace.
+L 208.207538 665.823717 
research/robot-position-observer-results/benchmark-detail.svg:4726: trailing whitespace.
+    <path d="M 257.993699 664.984024 
research/robot-position-observer-results/benchmark-detail.svg:4727: trailing whitespace.
+L 276.407759 664.984024 
research/robot-position-observer-results/benchmark-detail.svg:4731: trailing whitespace.
+    <path d="M 292.09381 522.008672 
research/robot-position-observer-results/benchmark-detail.svg:4732: trailing whitespace.
+L 310.50787 522.008672 
research/robot-position-observer-results/benchmark-detail.svg:4736: trailing whitespace.
+    <path d="M 326.193921 660.959044 
research/robot-position-observer-results/benchmark-detail.svg:4737: trailing whitespace.
+L 344.60798 660.959044 
research/robot-position-observer-results/benchmark-detail.svg:4741: trailing whitespace.
+    <path d="M 360.294031 667.601056 
research/robot-position-observer-results/benchmark-detail.svg:4742: trailing whitespace.
+L 378.708091 667.601056 
research/robot-position-observer-results/benchmark-detail.svg:4746: trailing whitespace.
+    <path d="M 394.394142 665.651799 
research/robot-position-observer-results/benchmark-detail.svg:4747: trailing whitespace.
+L 412.808202 665.651799 
research/robot-position-observer-results/benchmark-detail.svg:4751: trailing whitespace.
+    <path d="M 428.494253 664.4274 
research/robot-position-observer-results/benchmark-detail.svg:4752: trailing whitespace.
+L 446.908312 664.4274 
research/robot-position-observer-results/benchmark-detail.svg:4756: trailing whitespace.
+    <path d="M 462.594363 654.752986 
research/robot-position-observer-results/benchmark-detail.svg:4757: trailing whitespace.
+L 481.008423 654.752986 
research/robot-position-observer-results/benchmark-detail.svg:4761: trailing whitespace.
+    <path d="M 496.694474 654.671682 
research/robot-position-observer-results/benchmark-detail.svg:4762: trailing whitespace.
+L 515.108534 654.671682 
research/robot-position-observer-results/benchmark-detail.svg:4766: trailing whitespace.
+    <path d="M 530.794585 663.853598 
research/robot-position-observer-results/benchmark-detail.svg:4767: trailing whitespace.
+L 549.208644 663.853598 
research/robot-position-observer-results/benchmark-detail.svg:4771: trailing whitespace.
+    <path d="M 564.894695 663.718093 
research/robot-position-observer-results/benchmark-detail.svg:4772: trailing whitespace.
+L 583.308755 663.718093 
research/robot-position-observer-results/benchmark-detail.svg:4776: trailing whitespace.
+    <path d="M 598.994806 650.94239 
research/robot-position-observer-results/benchmark-detail.svg:4777: trailing whitespace.
+L 617.408866 650.94239 
research/robot-position-observer-results/benchmark-detail.svg:4781: trailing whitespace.
+    <path d="M 633.094916 660.450746 
research/robot-position-observer-results/benchmark-detail.svg:4782: trailing whitespace.
+L 651.508976 660.450746 
research/robot-position-observer-results/benchmark-detail.svg:4786: trailing whitespace.
+    <path d="M 667.195027 624.431114 
research/robot-position-observer-results/benchmark-detail.svg:4787: trailing whitespace.
+L 685.609087 624.431114 
research/robot-position-observer-results/benchmark-detail.svg:4791: trailing whitespace.
+    <path d="M 701.295138 595.991721 
research/robot-position-observer-results/benchmark-detail.svg:4792: trailing whitespace.
+L 719.709197 595.991721 
research/robot-position-observer-results/benchmark-detail.svg:4796: trailing whitespace.
+    <path d="M 55.882344 728.798887 
research/robot-position-observer-results/benchmark-detail.svg:4797: trailing whitespace.
+L 55.882344 522.008672 
research/robot-position-observer-results/benchmark-detail.svg:4801: trailing whitespace.
+    <path d="M 751.32 728.798887 
research/robot-position-observer-results/benchmark-detail.svg:4802: trailing whitespace.
+L 751.32 522.008672 
research/robot-position-observer-results/benchmark-detail.svg:4806: trailing whitespace.
+    <path d="M 55.882344 728.798887 
research/robot-position-observer-results/benchmark-detail.svg:4807: trailing whitespace.
+L 751.32 728.798887 
research/robot-position-observer-results/benchmark-detail.svg:4811: trailing whitespace.
+    <path d="M 55.882344 522.008672 
research/robot-position-observer-results/benchmark-detail.svg:4812: trailing whitespace.
+L 751.32 522.008672 
research/robot-position-observer-results/benchmark-detail.svg:5264: trailing whitespace.
+    <path d="M 805.762344 728.798887 
research/robot-position-observer-results/benchmark-detail.svg:5265: trailing whitespace.
+L 1501.2 728.798887 
research/robot-position-observer-results/benchmark-detail.svg:5266: trailing whitespace.
+L 1501.2 522.008672 
research/robot-position-observer-results/benchmark-detail.svg:5267: trailing whitespace.
+L 805.762344 522.008672 
research/robot-position-observer-results/benchmark-detail.svg:5740: trailing whitespace.
+      <path d="M 805.762344 728.798887 
research/robot-position-observer-results/benchmark-detail.svg:5741: trailing whitespace.
+L 1501.2 728.798887 
research/robot-position-observer-results/benchmark-detail.svg:5761: trailing whitespace.
+      <path d="M 805.762344 702.95011 
research/robot-position-observer-results/benchmark-detail.svg:5762: trailing whitespace.
+L 1501.2 702.95011 
research/robot-position-observer-results/benchmark-detail.svg:5782: trailing whitespace.
+      <path d="M 805.762344 677.101334 
research/robot-position-observer-results/benchmark-detail.svg:5783: trailing whitespace.
+L 1501.2 677.101334 
research/robot-position-observer-results/benchmark-detail.svg:5803: trailing whitespace.
+      <path d="M 805.762344 651.252557 
research/robot-position-observer-results/benchmark-detail.svg:5804: trailing whitespace.
+L 1501.2 651.252557 
research/robot-position-observer-results/benchmark-detail.svg:5824: trailing whitespace.
+      <path d="M 805.762344 625.40378 
research/robot-position-observer-results/benchmark-detail.svg:5825: trailing whitespace.
+L 1501.2 625.40378 
research/robot-position-observer-results/benchmark-detail.svg:5845: trailing whitespace.
+      <path d="M 805.762344 599.555003 
research/robot-position-observer-results/benchmark-detail.svg:5846: trailing whitespace.
+L 1501.2 599.555003 
research/robot-position-observer-results/benchmark-detail.svg:5866: trailing whitespace.
+      <path d="M 805.762344 573.706226 
research/robot-position-observer-results/benchmark-detail.svg:5867: trailing whitespace.
+L 1501.2 573.706226 
research/robot-position-observer-results/benchmark-detail.svg:5887: trailing whitespace.
+      <path d="M 805.762344 547.857449 
research/robot-position-observer-results/benchmark-detail.svg:5888: trailing whitespace.
+L 1501.2 547.857449 
research/robot-position-observer-results/benchmark-detail.svg:5908: trailing whitespace.
+      <path d="M 805.762344 522.008672 
research/robot-position-observer-results/benchmark-detail.svg:5909: trailing whitespace.
+L 1501.2 522.008672 
research/robot-position-observer-results/benchmark-detail.svg:5976: trailing whitespace.
+    <path d="M 837.373146 657.999056 
research/robot-position-observer-results/benchmark-detail.svg:5977: trailing whitespace.
+L 855.787206 657.999056 
research/robot-position-observer-results/benchmark-detail.svg:5981: trailing whitespace.
+    <path d="M 871.473257 656.313729 
research/robot-position-observer-results/benchmark-detail.svg:5982: trailing whitespace.
+L 889.887317 656.313729 
research/robot-position-observer-results/benchmark-detail.svg:5986: trailing whitespace.
+    <path d="M 905.573368 658.925183 
research/robot-position-observer-results/benchmark-detail.svg:5987: trailing whitespace.
+L 923.987427 658.925183 
research/robot-position-observer-results/benchmark-detail.svg:5991: trailing whitespace.
+    <path d="M 939.673478 659.071011 
research/robot-position-observer-results/benchmark-detail.svg:5992: trailing whitespace.
+L 958.087538 659.071011 
research/robot-position-observer-results/benchmark-detail.svg:5996: trailing whitespace.
+    <path d="M 1007.873699 657.99759 
research/robot-position-observer-results/benchmark-detail.svg:5997: trailing whitespace.
+L 1026.287759 657.99759 
research/robot-position-observer-results/benchmark-detail.svg:6001: trailing whitespace.
+    <path d="M 1041.97381 522.008672 
research/robot-position-observer-results/benchmark-detail.svg:6002: trailing whitespace.
+L 1060.38787 522.008672 
research/robot-position-observer-results/benchmark-detail.svg:6006: trailing whitespace.
+    <path d="M 1076.073921 647.355926 
research/robot-position-observer-results/benchmark-detail.svg:6007: trailing whitespace.
+L 1094.48798 647.355926 
research/robot-position-observer-results/benchmark-detail.svg:6011: trailing whitespace.
+    <path d="M 1110.174031 660.485109 
research/robot-position-observer-results/benchmark-detail.svg:6012: trailing whitespace.
+L 1128.588091 660.485109 
research/robot-position-observer-results/benchmark-detail.svg:6016: trailing whitespace.
+    <path d="M 1144.274142 662.931493 
research/robot-position-observer-results/benchmark-detail.svg:6017: trailing whitespace.
+L 1162.688202 662.931493 
research/robot-position-observer-results/benchmark-detail.svg:6021: trailing whitespace.
+    <path d="M 1178.374253 657.990969 
research/robot-position-observer-results/benchmark-detail.svg:6022: trailing whitespace.
+L 1196.788312 657.990969 
research/robot-position-observer-results/benchmark-detail.svg:6026: trailing whitespace.
+    <path d="M 1212.474363 650.849164 
research/robot-position-observer-results/benchmark-detail.svg:6027: trailing whitespace.
+L 1230.888423 650.849164 
research/robot-position-observer-results/benchmark-detail.svg:6031: trailing whitespace.
+    <path d="M 1246.574474 650.018876 
research/robot-position-observer-results/benchmark-detail.svg:6032: trailing whitespace.
+L 1264.988534 650.018876 
research/robot-position-observer-results/benchmark-detail.svg:6036: trailing whitespace.
+    <path d="M 1280.674585 654.225283 
research/robot-position-observer-results/benchmark-detail.svg:6037: trailing whitespace.
+L 1299.088644 654.225283 
research/robot-position-observer-results/benchmark-detail.svg:6041: trailing whitespace.
+    <path d="M 1314.774695 652.660431 
research/robot-position-observer-results/benchmark-detail.svg:6042: trailing whitespace.
+L 1333.188755 652.660431 
research/robot-position-observer-results/benchmark-detail.svg:6046: trailing whitespace.
+    <path d="M 1348.874806 642.441472 
research/robot-position-observer-results/benchmark-detail.svg:6047: trailing whitespace.
+L 1367.288866 642.441472 
research/robot-position-observer-results/benchmark-detail.svg:6051: trailing whitespace.
+    <path d="M 1382.974916 653.763202 
research/robot-position-observer-results/benchmark-detail.svg:6052: trailing whitespace.
+L 1401.388976 653.763202 
research/robot-position-observer-results/benchmark-detail.svg:6056: trailing whitespace.
+    <path d="M 1417.075027 622.788308 
research/robot-position-observer-results/benchmark-detail.svg:6057: trailing whitespace.
+L 1435.489087 622.788308 
research/robot-position-observer-results/benchmark-detail.svg:6061: trailing whitespace.
+    <path d="M 1451.175138 598.897303 
research/robot-position-observer-results/benchmark-detail.svg:6062: trailing whitespace.
+L 1469.589197 598.897303 
research/robot-position-observer-results/benchmark-detail.svg:6066: trailing whitespace.
+    <path d="M 805.762344 728.798887 
research/robot-position-observer-results/benchmark-detail.svg:6067: trailing whitespace.
+L 805.762344 522.008672 
research/robot-position-observer-results/benchmark-detail.svg:6071: trailing whitespace.
+    <path d="M 1501.2 728.798887 
research/robot-position-observer-results/benchmark-detail.svg:6072: trailing whitespace.
+L 1501.2 522.008672 
research/robot-position-observer-results/benchmark-detail.svg:6076: trailing whitespace.
+    <path d="M 805.762344 728.798887 
research/robot-position-observer-results/benchmark-detail.svg:6077: trailing whitespace.
+L 1501.2 728.798887 
research/robot-position-observer-results/benchmark-detail.svg:6081: trailing whitespace.
+    <path d="M 805.762344 522.008672 
research/robot-position-observer-results/benchmark-detail.svg:6082: trailing whitespace.
+L 1501.2 522.008672 
research/robot-position-observer-results/benchmark-detail.svg:6534: trailing whitespace.
+    <path d="M 55.882344 1113.997716 
research/robot-position-observer-results/benchmark-detail.svg:6535: trailing whitespace.
+L 751.32 1113.997716 
research/robot-position-observer-results/benchmark-detail.svg:6536: trailing whitespace.
+L 751.32 907.2075 
research/robot-position-observer-results/benchmark-detail.svg:6537: trailing whitespace.
+L 55.882344 907.2075 
research/robot-position-observer-results/benchmark-detail.svg:7010: trailing whitespace.
+      <path d="M 55.882344 1101.701007 
research/robot-position-observer-results/benchmark-detail.svg:7011: trailing whitespace.
+L 751.32 1101.701007 
research/robot-position-observer-results/benchmark-detail.svg:7023: trailing whitespace.
+        <path id="DejaVuSans-c9c" d="M 678 2272 
research/robot-position-observer-results/benchmark-detail.svg:7024: trailing whitespace.
+L 4684 2272 
research/robot-position-observer-results/benchmark-detail.svg:7025: trailing whitespace.
+L 4684 1741 
research/robot-position-observer-results/benchmark-detail.svg:7026: trailing whitespace.
+L 678 1741 
research/robot-position-observer-results/benchmark-detail.svg:7027: trailing whitespace.
+L 678 2272 
research/robot-position-observer-results/benchmark-detail.svg:7040: trailing whitespace.
+      <path d="M 55.882344 1033.928124 
research/robot-position-observer-results/benchmark-detail.svg:7041: trailing whitespace.
+L 751.32 1033.928124 
research/robot-position-observer-results/benchmark-detail.svg:7061: trailing whitespace.
+      <path d="M 55.882344 966.155241 
research/robot-position-observer-results/benchmark-detail.svg:7062: trailing whitespace.
+L 751.32 966.155241 
research/robot-position-observer-results/benchmark-detail.svg:7082: trailing whitespace.
+       <path id="m624786088b" d="M 0 0 
research/robot-position-observer-results/benchmark-detail.svg:7083: trailing whitespace.
+L -2 0 
research/robot-position-observer-results/benchmark-detail.svg:7263: trailing whitespace.
+       <path id="DejaVuSans-54" d="M 947 1747 
research/robot-position-observer-results/benchmark-detail.svg:7264: trailing whitespace.
+Q 947 1113 1208 752 
research/robot-position-observer-results/benchmark-detail.svg:7265: trailing whitespace.
+Q 1469 391 1925 391 
research/robot-position-observer-results/benchmark-detail.svg:7266: trailing whitespace.
+Q 2381 391 2643 752 
research/robot-position-observer-results/benchmark-detail.svg:7267: trailing whitespace.
+Q 2906 1113 2906 1747 
research/robot-position-observer-results/benchmark-detail.svg:7268: trailing whitespace.
+Q 2906 2381 2643 2742 
research/robot-position-observer-results/benchmark-detail.svg:7269: trailing whitespace.
+Q 2381 3103 1925 3103 
research/robot-position-observer-results/benchmark-detail.svg:7270: trailing whitespace.
+Q 1469 3103 1208 2742 
research/robot-position-observer-results/benchmark-detail.svg:7271: trailing whitespace.
+Q 947 2381 947 1747 
research/robot-position-observer-results/benchmark-detail.svg:7273: trailing whitespace.
+M 2906 525 
research/robot-position-observer-results/benchmark-detail.svg:7274: trailing whitespace.
+Q 2725 213 2448 61 
research/robot-position-observer-results/benchmark-detail.svg:7275: trailing whitespace.
+Q 2172 -91 1784 -91 
research/robot-position-observer-results/benchmark-detail.svg:7276: trailing whitespace.
+Q 1150 -91 751 415 
research/robot-position-observer-results/benchmark-detail.svg:7277: trailing whitespace.
+Q 353 922 353 1747 
research/robot-position-observer-results/benchmark-detail.svg:7278: trailing whitespace.
+Q 353 2572 751 3078 
research/robot-position-observer-results/benchmark-detail.svg:7279: trailing whitespace.
+Q 1150 3584 1784 3584 
research/robot-position-observer-results/benchmark-detail.svg:7280: trailing whitespace.
+Q 2172 3584 2448 3432 
research/robot-position-observer-results/benchmark-detail.svg:7281: trailing whitespace.
+Q 2725 3281 2906 2969 
research/robot-position-observer-results/benchmark-detail.svg:7282: trailing whitespace.
+L 2906 3500 
research/robot-position-observer-results/benchmark-detail.svg:7283: trailing whitespace.
+L 3481 3500 
research/robot-position-observer-results/benchmark-detail.svg:7284: trailing whitespace.
+L 3481 -1331 
research/robot-position-observer-results/benchmark-detail.svg:7285: trailing whitespace.
+L 2906 -1331 
research/robot-position-observer-results/benchmark-detail.svg:7286: trailing whitespace.
+L 2906 525 
research/robot-position-observer-results/benchmark-detail.svg:7335: trailing whitespace.
+    <path d="M 87.493146 917.09595 
research/robot-position-observer-results/benchmark-detail.svg:7336: trailing whitespace.
+L 105.907206 917.09595 
research/robot-position-observer-results/benchmark-detail.svg:7340: trailing whitespace.
+    <path d="M 121.593257 916.853531 
research/robot-position-observer-results/benchmark-detail.svg:7341: trailing whitespace.
+L 140.007317 916.853531 
research/robot-position-observer-results/benchmark-detail.svg:7345: trailing whitespace.
+    <path d="M 155.693368 925.618467 
research/robot-position-observer-results/benchmark-detail.svg:7346: trailing whitespace.
+L 174.107427 925.618467 
research/robot-position-observer-results/benchmark-detail.svg:7350: trailing whitespace.
+    <path d="M 189.793478 926.53252 
research/robot-position-observer-results/benchmark-detail.svg:7351: trailing whitespace.
+L 208.207538 926.53252 
research/robot-position-observer-results/benchmark-detail.svg:7355: trailing whitespace.
+    <path d="M 257.993699 926.312018 
research/robot-position-observer-results/benchmark-detail.svg:7356: trailing whitespace.
+L 276.407759 926.312018 
research/robot-position-observer-results/benchmark-detail.svg:7360: trailing whitespace.
+    <path d="M 292.09381 916.641016 
research/robot-position-observer-results/benchmark-detail.svg:7361: trailing whitespace.
+L 310.50787 916.641016 
research/robot-position-observer-results/benchmark-detail.svg:7365: trailing whitespace.
+    <path d="M 326.193921 917.743883 
research/robot-position-observer-results/benchmark-detail.svg:7366: trailing whitespace.
+L 344.60798 917.743883 
research/robot-position-observer-results/benchmark-detail.svg:7370: trailing whitespace.
+    <path d="M 360.294031 926.637865 
research/robot-position-observer-results/benchmark-detail.svg:7371: trailing whitespace.
+L 378.708091 926.637865 
research/robot-position-observer-results/benchmark-detail.svg:7375: trailing whitespace.
+    <path d="M 394.394142 926.517527 
research/robot-position-observer-results/benchmark-detail.svg:7376: trailing whitespace.
+L 412.808202 926.517527 
research/robot-position-observer-results/benchmark-detail.svg:7380: trailing whitespace.
+    <path d="M 428.494253 922.694135 
research/robot-position-observer-results/benchmark-detail.svg:7381: trailing whitespace.
+L 446.908312 922.694135 
research/robot-position-observer-results/benchmark-detail.svg:7385: trailing whitespace.
+    <path d="M 462.594363 922.976311 
research/robot-position-observer-results/benchmark-detail.svg:7386: trailing whitespace.
+L 481.008423 922.976311 
research/robot-position-observer-results/benchmark-detail.svg:7390: trailing whitespace.
+    <path d="M 496.694474 944.276367 
research/robot-position-observer-results/benchmark-detail.svg:7391: trailing whitespace.
+L 515.108534 944.276367 
research/robot-position-observer-results/benchmark-detail.svg:7395: trailing whitespace.
+    <path d="M 530.794585 924.036393 
research/robot-position-observer-results/benchmark-detail.svg:7396: trailing whitespace.
+L 549.208644 924.036393 
research/robot-position-observer-results/benchmark-detail.svg:7400: trailing whitespace.
+    <path d="M 564.894695 944.509691 
research/robot-position-observer-results/benchmark-detail.svg:7401: trailing whitespace.
+L 583.308755 944.509691 
research/robot-position-observer-results/benchmark-detail.svg:7405: trailing whitespace.
+    <path d="M 598.994806 985.349523 
research/robot-position-observer-results/benchmark-detail.svg:7406: trailing whitespace.
+L 617.408866 985.349523 
research/robot-position-observer-results/benchmark-detail.svg:7410: trailing whitespace.
+    <path d="M 633.094916 984.946174 
research/robot-position-observer-results/benchmark-detail.svg:7411: trailing whitespace.
+L 651.508976 984.946174 
research/robot-position-observer-results/benchmark-detail.svg:7415: trailing whitespace.
+    <path d="M 667.195027 1008.203551 
research/robot-position-observer-results/benchmark-detail.svg:7416: trailing whitespace.
+L 685.609087 1008.203551 
research/robot-position-observer-results/benchmark-detail.svg:7420: trailing whitespace.
+    <path d="M 701.295138 1104.59816 
research/robot-position-observer-results/benchmark-detail.svg:7421: trailing whitespace.
+L 719.709197 1104.59816 
research/robot-position-observer-results/benchmark-detail.svg:7425: trailing whitespace.
+    <path d="M 55.882344 1113.997716 
research/robot-position-observer-results/benchmark-detail.svg:7426: trailing whitespace.
+L 55.882344 907.2075 
research/robot-position-observer-results/benchmark-detail.svg:7430: trailing whitespace.
+    <path d="M 751.32 1113.997716 
research/robot-position-observer-results/benchmark-detail.svg:7431: trailing whitespace.
+L 751.32 907.2075 
research/robot-position-observer-results/benchmark-detail.svg:7435: trailing whitespace.
+    <path d="M 55.882344 1113.997716 
research/robot-position-observer-results/benchmark-detail.svg:7436: trailing whitespace.
+L 751.32 1113.997716 
research/robot-position-observer-results/benchmark-detail.svg:7440: trailing whitespace.
+    <path d="M 55.882344 907.2075 
research/robot-position-observer-results/benchmark-detail.svg:7441: trailing whitespace.
+L 751.32 907.2075 
research/robot-position-observer-results/benchmark-detail.svg:7698: trailing whitespace.
+    <path d="M 805.762344 1113.997716 
research/robot-position-observer-results/benchmark-detail.svg:7699: trailing whitespace.
+L 1501.2 1113.997716 
research/robot-position-observer-results/benchmark-detail.svg:7700: trailing whitespace.
+L 1501.2 907.2075 
research/robot-position-observer-results/benchmark-detail.svg:7701: trailing whitespace.
+L 805.762344 907.2075 
research/robot-position-observer-results/benchmark-detail.svg:8174: trailing whitespace.
+      <path d="M 805.762344 1076.669562 
research/robot-position-observer-results/benchmark-detail.svg:8175: trailing whitespace.
+L 1501.2 1076.669562 
research/robot-position-observer-results/benchmark-detail.svg:8194: trailing whitespace.
+      <path d="M 805.762344 1031.608083 
research/robot-position-observer-results/benchmark-detail.svg:8195: trailing whitespace.
+L 1501.2 1031.608083 
research/robot-position-observer-results/benchmark-detail.svg:8214: trailing whitespace.
+      <path d="M 805.762344 986.546603 
research/robot-position-observer-results/benchmark-detail.svg:8215: trailing whitespace.
+L 1501.2 986.546603 
research/robot-position-observer-results/benchmark-detail.svg:8234: trailing whitespace.
+      <path d="M 805.762344 941.485124 
research/robot-position-observer-results/benchmark-detail.svg:8235: trailing whitespace.
+L 1501.2 941.485124 
research/robot-position-observer-results/benchmark-detail.svg:8247: trailing whitespace.
+        <path id="DejaVuSans-19" d="M 2113 2584 
research/robot-position-observer-results/benchmark-detail.svg:8248: trailing whitespace.
+Q 1688 2584 1439 2293 
research/robot-position-observer-results/benchmark-detail.svg:8249: trailing whitespace.
+Q 1191 2003 1191 1497 
research/robot-position-observer-results/benchmark-detail.svg:8250: trailing whitespace.
+Q 1191 994 1439 701 
research/robot-position-observer-results/benchmark-detail.svg:8251: trailing whitespace.
+Q 1688 409 2113 409 
research/robot-position-observer-results/benchmark-detail.svg:8252: trailing whitespace.
+Q 2538 409 2786 701 
research/robot-position-observer-results/benchmark-detail.svg:8253: trailing whitespace.
+Q 3034 994 3034 1497 
research/robot-position-observer-results/benchmark-detail.svg:8254: trailing whitespace.
+Q 3034 2003 2786 2293 
research/robot-position-observer-results/benchmark-detail.svg:8255: trailing whitespace.
+Q 2538 2584 2113 2584 
research/robot-position-observer-results/benchmark-detail.svg:8257: trailing whitespace.
+M 3366 4563 
research/robot-position-observer-results/benchmark-detail.svg:8258: trailing whitespace.
+L 3366 3988 
research/robot-position-observer-results/benchmark-detail.svg:8259: trailing whitespace.
+Q 3128 4100 2886 4159 
research/robot-position-observer-results/benchmark-detail.svg:8260: trailing whitespace.
+Q 2644 4219 2406 4219 
research/robot-position-observer-results/benchmark-detail.svg:8261: trailing whitespace.
+Q 1781 4219 1451 3797 
research/robot-position-observer-results/benchmark-detail.svg:8262: trailing whitespace.
+Q 1122 3375 1075 2522 
research/robot-position-observer-results/benchmark-detail.svg:8263: trailing whitespace.
+Q 1259 2794 1537 2939 
research/robot-position-observer-results/benchmark-detail.svg:8264: trailing whitespace.
+Q 1816 3084 2150 3084 
research/robot-position-observer-results/benchmark-detail.svg:8265: trailing whitespace.
+Q 2853 3084 3261 2657 
research/robot-position-observer-results/benchmark-detail.svg:8266: trailing whitespace.
+Q 3669 2231 3669 1497 
research/robot-position-observer-results/benchmark-detail.svg:8267: trailing whitespace.
+Q 3669 778 3244 343 
research/robot-position-observer-results/benchmark-detail.svg:8268: trailing whitespace.
+Q 2819 -91 2113 -91 
research/robot-position-observer-results/benchmark-detail.svg:8269: trailing whitespace.
+Q 1303 -91 875 529 
research/robot-position-observer-results/benchmark-detail.svg:8270: trailing whitespace.
+Q 447 1150 447 2328 
research/robot-position-observer-results/benchmark-detail.svg:8271: trailing whitespace.
+Q 447 3434 972 4092 
research/robot-position-observer-results/benchmark-detail.svg:8272: trailing whitespace.
+Q 1497 4750 2381 4750 
research/robot-position-observer-results/benchmark-detail.svg:8273: trailing whitespace.
+Q 2619 4750 2861 4703 
research/robot-position-observer-results/benchmark-detail.svg:8274: trailing whitespace.
+Q 3103 4656 3366 4563 
research/robot-position-observer-results/benchmark-detail.svg:8579: trailing whitespace.
+    <path d="M 837.373146 1055.914371 
research/robot-position-observer-results/benchmark-detail.svg:8580: trailing whitespace.
+L 855.787206 1055.914371 
research/robot-position-observer-results/benchmark-detail.svg:8584: trailing whitespace.
+    <path d="M 871.473257 1055.914371 
research/robot-position-observer-results/benchmark-detail.svg:8585: trailing whitespace.
+L 889.887317 1055.914371 
research/robot-position-observer-results/benchmark-detail.svg:8589: trailing whitespace.
+    <path d="M 905.573368 1049.113977 
research/robot-position-observer-results/benchmark-detail.svg:8590: trailing whitespace.
+L 923.987427 1049.113977 
research/robot-position-observer-results/benchmark-detail.svg:8594: trailing whitespace.
+    <path d="M 939.673478 1049.113977 
research/robot-position-observer-results/benchmark-detail.svg:8595: trailing whitespace.
+L 958.087538 1049.113977 
research/robot-position-observer-results/benchmark-detail.svg:8599: trailing whitespace.
+    <path d="M 1007.873699 1057.970249 
research/robot-position-observer-results/benchmark-detail.svg:8600: trailing whitespace.
+L 1026.287759 1057.970249 
research/robot-position-observer-results/benchmark-detail.svg:8604: trailing whitespace.
+    <path d="M 1041.97381 1055.914371 
research/robot-position-observer-results/benchmark-detail.svg:8605: trailing whitespace.
+L 1060.38787 1055.914371 
research/robot-position-observer-results/benchmark-detail.svg:8609: trailing whitespace.
+    <path d="M 1076.073921 1055.914371 
research/robot-position-observer-results/benchmark-detail.svg:8610: trailing whitespace.
+L 1094.48798 1055.914371 
research/robot-position-observer-results/benchmark-detail.svg:8614: trailing whitespace.
+    <path d="M 1110.174031 1049.113977 
research/robot-position-observer-results/benchmark-detail.svg:8615: trailing whitespace.
+L 1128.588091 1049.113977 
research/robot-position-observer-results/benchmark-detail.svg:8619: trailing whitespace.
+    <path d="M 1144.274142 1049.113977 
research/robot-position-observer-results/benchmark-detail.svg:8620: trailing whitespace.
+L 1162.688202 1049.113977 
research/robot-position-observer-results/benchmark-detail.svg:8624: trailing whitespace.
+    <path d="M 1178.374253 1052.355384 
research/robot-position-observer-results/benchmark-detail.svg:8625: trailing whitespace.
+L 1196.788312 1052.355384 
research/robot-position-observer-results/benchmark-detail.svg:8629: trailing whitespace.
+    <path d="M 1212.474363 1052.355384 
research/robot-position-observer-results/benchmark-detail.svg:8630: trailing whitespace.
+L 1230.888423 1052.355384 
research/robot-position-observer-results/benchmark-detail.svg:8634: trailing whitespace.
+    <path d="M 1246.574474 1014.429591 
research/robot-position-observer-results/benchmark-detail.svg:8635: trailing whitespace.
+L 1264.988534 1014.429591 
research/robot-position-observer-results/benchmark-detail.svg:8639: trailing whitespace.
+    <path d="M 1280.674585 1048.142749 
research/robot-position-observer-results/benchmark-detail.svg:8640: trailing whitespace.
+L 1299.088644 1048.142749 
research/robot-position-observer-results/benchmark-detail.svg:8644: trailing whitespace.
+    <path d="M 1314.774695 1043.350469 
research/robot-position-observer-results/benchmark-detail.svg:8645: trailing whitespace.
+L 1333.188755 1043.350469 
research/robot-position-observer-results/benchmark-detail.svg:8649: trailing whitespace.
+    <path d="M 1348.874806 916.607055 
research/robot-position-observer-results/benchmark-detail.svg:8650: trailing whitespace.
+L 1367.288866 916.607055 
research/robot-position-observer-results/benchmark-detail.svg:8654: trailing whitespace.
+    <path d="M 1382.974916 916.607055 
research/robot-position-observer-results/benchmark-detail.svg:8655: trailing whitespace.
+L 1401.388976 916.607055 
research/robot-position-observer-results/benchmark-detail.svg:8659: trailing whitespace.
+    <path d="M 1417.075027 1068.270498 
research/robot-position-observer-results/benchmark-detail.svg:8660: trailing whitespace.
+L 1435.489087 1068.270498 
research/robot-position-observer-results/benchmark-detail.svg:8664: trailing whitespace.
+    <path d="M 1451.175138 1104.59816 
research/robot-position-observer-results/benchmark-detail.svg:8665: trailing whitespace.
+L 1469.589197 1104.59816 
research/robot-position-observer-results/benchmark-detail.svg:8669: trailing whitespace.
+    <path d="M 805.762344 1113.997716 
research/robot-position-observer-results/benchmark-detail.svg:8670: trailing whitespace.
+L 805.762344 907.2075 
research/robot-position-observer-results/benchmark-detail.svg:8674: trailing whitespace.
+    <path d="M 1501.2 1113.997716 
research/robot-position-observer-results/benchmark-detail.svg:8675: trailing whitespace.
+L 1501.2 907.2075 
research/robot-position-observer-results/benchmark-detail.svg:8679: trailing whitespace.
+    <path d="M 805.762344 1113.997716 
research/robot-position-observer-results/benchmark-detail.svg:8680: trailing whitespace.
+L 1501.2 1113.997716 
research/robot-position-observer-results/benchmark-detail.svg:8684: trailing whitespace.
+    <path d="M 805.762344 907.2075 
research/robot-position-observer-results/benchmark-detail.svg:8685: trailing whitespace.
+L 1501.2 907.2075 
research/robot-position-observer-results/benchmark-detail.svg:8944: trailing whitespace.
+     <path id="DejaVuSans-10" d="M 313 2009 
research/robot-position-observer-results/benchmark-detail.svg:8945: trailing whitespace.
+L 1997 2009 
research/robot-position-observer-results/benchmark-detail.svg:8946: trailing whitespace.
+L 1997 1497 
research/robot-position-observer-results/benchmark-detail.svg:8947: trailing whitespace.
+L 313 1497 
research/robot-position-observer-results/benchmark-detail.svg:8948: trailing whitespace.
+L 313 2009 
research/robot-position-observer-results/benchmark-detail.svg:8951: trailing whitespace.
+     <path id="DejaVuSans-5f" d="M 1344 4891 
research/robot-position-observer-results/benchmark-detail.svg:8952: trailing whitespace.
+L 1344 -1509 
research/robot-position-observer-results/benchmark-detail.svg:8953: trailing whitespace.
+L 813 -1509 
research/robot-position-observer-results/benchmark-detail.svg:8954: trailing whitespace.
+L 813 4891 
research/robot-position-observer-results/benchmark-detail.svg:8955: trailing whitespace.
+L 1344 4891 
research/robot-position-observer-results/benchmark-detail.svg:8958: trailing whitespace.
+     <path id="DejaVuSans-2c" d="M 628 4666 
research/robot-position-observer-results/benchmark-detail.svg:8959: trailing whitespace.
+L 1259 4666 
research/robot-position-observer-results/benchmark-detail.svg:8960: trailing whitespace.
+L 1259 0 
research/robot-position-observer-results/benchmark-detail.svg:8961: trailing whitespace.
+L 628 0 
research/robot-position-observer-results/benchmark-detail.svg:8962: trailing whitespace.
+L 628 4666 
research/robot-position-observer-results/benchmark-detail.svg:9058: trailing whitespace.
+     <path id="DejaVuSans-4b" d="M 3513 2113 
research/robot-position-observer-results/benchmark-detail.svg:9059: trailing whitespace.
+L 3513 0 
research/robot-position-observer-results/benchmark-detail.svg:9060: trailing whitespace.
+L 2938 0 
research/robot-position-observer-results/benchmark-detail.svg:9061: trailing whitespace.
+L 2938 2094 
research/robot-position-observer-results/benchmark-detail.svg:9062: trailing whitespace.
+Q 2938 2591 2744 2837 
research/robot-position-observer-results/benchmark-detail.svg:9063: trailing whitespace.
+Q 2550 3084 2163 3084 
research/robot-position-observer-results/benchmark-detail.svg:9064: trailing whitespace.
+Q 1697 3084 1428 2787 
research/robot-position-observer-results/benchmark-detail.svg:9065: trailing whitespace.
+Q 1159 2491 1159 1978 
research/robot-position-observer-results/benchmark-detail.svg:9066: trailing whitespace.
+L 1159 0 
research/robot-position-observer-results/benchmark-detail.svg:9067: trailing whitespace.
+L 581 0 
research/robot-position-observer-results/benchmark-detail.svg:9068: trailing whitespace.
+L 581 4863 
research/robot-position-observer-results/benchmark-detail.svg:9069: trailing whitespace.
+L 1159 4863 
research/robot-position-observer-results/benchmark-detail.svg:9070: trailing whitespace.
+L 1159 2956 
research/robot-position-observer-results/benchmark-detail.svg:9071: trailing whitespace.
+Q 1366 3272 1645 3428 
research/robot-position-observer-results/benchmark-detail.svg:9072: trailing whitespace.
+Q 1925 3584 2291 3584 
research/robot-position-observer-results/benchmark-detail.svg:9073: trailing whitespace.
+Q 2894 3584 3203 3211 
research/robot-position-observer-results/benchmark-detail.svg:9074: trailing whitespace.
+Q 3513 2838 3513 2113 
research/robot-position-observer-results/benchmark-detail.svg:9077: trailing whitespace.
+     <path id="DejaVuSans-1e" d="M 750 3309 
research/robot-position-observer-results/benchmark-detail.svg:9078: trailing whitespace.
+L 1409 3309 
research/robot-position-observer-results/benchmark-detail.svg:9079: trailing whitespace.
+L 1409 2516 
research/robot-position-observer-results/benchmark-detail.svg:9080: trailing whitespace.
+L 750 2516 
research/robot-position-observer-results/benchmark-detail.svg:9081: trailing whitespace.
+L 750 3309 
research/robot-position-observer-results/benchmark-detail.svg:9083: trailing whitespace.
+M 750 794 
research/robot-position-observer-results/benchmark-detail.svg:9084: trailing whitespace.
+L 1409 794 
research/robot-position-observer-results/benchmark-detail.svg:9085: trailing whitespace.
+L 1409 256 
research/robot-position-observer-results/benchmark-detail.svg:9086: trailing whitespace.
+L 897 -744 
research/robot-position-observer-results/benchmark-detail.svg:9087: trailing whitespace.
+L 494 -744 
research/robot-position-observer-results/benchmark-detail.svg:9088: trailing whitespace.
+L 750 256 
research/robot-position-observer-results/benchmark-detail.svg:9089: trailing whitespace.
+L 750 794 
research/robot-position-observer-results/benchmark-detail.svg:9092: trailing whitespace.
+     <path id="DejaVuSans-39" d="M 1831 0 
research/robot-position-observer-results/benchmark-detail.svg:9093: trailing whitespace.
+L 50 4666 
research/robot-position-observer-results/benchmark-detail.svg:9094: trailing whitespace.
+L 709 4666 
research/robot-position-observer-results/benchmark-detail.svg:9095: trailing whitespace.
+L 2188 738 
research/robot-position-observer-results/benchmark-detail.svg:9096: trailing whitespace.
+L 3669 4666 
research/robot-position-observer-results/benchmark-detail.svg:9097: trailing whitespace.
+L 4325 4666 
research/robot-position-observer-results/benchmark-detail.svg:9098: trailing whitespace.
+L 2547 0 
research/robot-position-observer-results/benchmark-detail.svg:9099: trailing whitespace.
+L 1831 0 
research/robot-position-observer-results/benchmark-detail.svg:9463: trailing whitespace.
+     <path id="DejaVuSans-29" d="M 628 4666 
research/robot-position-observer-results/benchmark-detail.svg:9464: trailing whitespace.
+L 3309 4666 
research/robot-position-observer-results/benchmark-detail.svg:9465: trailing whitespace.
+L 3309 4134 
research/robot-position-observer-results/benchmark-detail.svg:9466: trailing whitespace.
+L 1259 4134 
research/robot-position-observer-results/benchmark-detail.svg:9467: trailing whitespace.
+L 1259 2759 
research/robot-position-observer-results/benchmark-detail.svg:9468: trailing whitespace.
+L 3109 2759 
research/robot-position-observer-results/benchmark-detail.svg:9469: trailing whitespace.
+L 3109 2228 
research/robot-position-observer-results/benchmark-detail.svg:9470: trailing whitespace.
+L 1259 2228 
research/robot-position-observer-results/benchmark-detail.svg:9471: trailing whitespace.
+L 1259 0 
research/robot-position-observer-results/benchmark-detail.svg:9472: trailing whitespace.
+L 628 0 
research/robot-position-observer-results/benchmark-detail.svg:9473: trailing whitespace.
+L 628 4666 
research/robot-position-observer-results/benchmark.svg:24: trailing whitespace.
+   <path d="M 0 1296 
research/robot-position-observer-results/benchmark.svg:25: trailing whitespace.
+L 1512 1296 
research/robot-position-observer-results/benchmark.svg:26: trailing whitespace.
+L 1512 0 
research/robot-position-observer-results/benchmark.svg:27: trailing whitespace.
+L 0 0 
research/robot-position-observer-results/benchmark.svg:33: trailing whitespace.
+    <path d="M 55.882344 343.600059 
research/robot-position-observer-results/benchmark.svg:34: trailing whitespace.
+L 750.6 343.600059 
research/robot-position-observer-results/benchmark.svg:35: trailing whitespace.
+L 750.6 90.963516 
research/robot-position-observer-results/benchmark.svg:36: trailing whitespace.
+L 55.882344 90.963516 
research/robot-position-observer-results/benchmark.svg:44: trailing whitespace.
+       <path id="m824ab72759" d="M 0 0 
research/robot-position-observer-results/benchmark.svg:45: trailing whitespace.
+L 0 3.5 
research/robot-position-observer-results/benchmark.svg:56: trailing whitespace.
+        <path id="DejaVuSans-33" d="M 1259 4147 
research/robot-position-observer-results/benchmark.svg:57: trailing whitespace.
+L 1259 2394 
research/robot-position-observer-results/benchmark.svg:58: trailing whitespace.
+L 2053 2394 
research/robot-position-observer-results/benchmark.svg:59: trailing whitespace.
+Q 2494 2394 2734 2622 
research/robot-position-observer-results/benchmark.svg:60: trailing whitespace.
+Q 2975 2850 2975 3272 
research/robot-position-observer-results/benchmark.svg:61: trailing whitespace.
+Q 2975 3691 2734 3919 
research/robot-position-observer-results/benchmark.svg:62: trailing whitespace.
+Q 2494 4147 2053 4147 
research/robot-position-observer-results/benchmark.svg:63: trailing whitespace.
+L 1259 4147 
research/robot-position-observer-results/benchmark.svg:65: trailing whitespace.
+M 628 4666 
research/robot-position-observer-results/benchmark.svg:66: trailing whitespace.
+L 2053 4666 
research/robot-position-observer-results/benchmark.svg:67: trailing whitespace.
+Q 2838 4666 3239 4311 
research/robot-position-observer-results/benchmark.svg:68: trailing whitespace.
+Q 3641 3956 3641 3272 
research/robot-position-observer-results/benchmark.svg:69: trailing whitespace.
+Q 3641 2581 3239 2228 
research/robot-position-observer-results/benchmark.svg:70: trailing whitespace.
+Q 2838 1875 2053 1875 
research/robot-position-observer-results/benchmark.svg:71: trailing whitespace.
+L 1259 1875 
research/robot-position-observer-results/benchmark.svg:72: trailing whitespace.
+L 1259 0 
research/robot-position-observer-results/benchmark.svg:73: trailing whitespace.
+L 628 0 
research/robot-position-observer-results/benchmark.svg:74: trailing whitespace.
+L 628 4666 
research/robot-position-observer-results/benchmark.svg:77: trailing whitespace.
+        <path id="DejaVuSans-52" d="M 1959 3097 
research/robot-position-observer-results/benchmark.svg:78: trailing whitespace.
+Q 1497 3097 1228 2736 
research/robot-position-observer-results/benchmark.svg:79: trailing whitespace.
+Q 959 2375 959 1747 
research/robot-position-observer-results/benchmark.svg:80: trailing whitespace.
+Q 959 1119 1226 758 
research/robot-position-observer-results/benchmark.svg:81: trailing whitespace.
+Q 1494 397 1959 397 
research/robot-position-observer-results/benchmark.svg:82: trailing whitespace.
+Q 2419 397 2687 759 
research/robot-position-observer-results/benchmark.svg:83: trailing whitespace.
+Q 2956 1122 2956 1747 
research/robot-position-observer-results/benchmark.svg:84: trailing whitespace.
+Q 2956 2369 2687 2733 
research/robot-position-observer-results/benchmark.svg:85: trailing whitespace.
+Q 2419 3097 1959 3097 
research/robot-position-observer-results/benchmark.svg:87: trailing whitespace.
+M 1959 3584 
research/robot-position-observer-results/benchmark.svg:88: trailing whitespace.
+Q 2709 3584 3137 3096 
research/robot-position-observer-results/benchmark.svg:89: trailing whitespace.
+Q 3566 2609 3566 1747 
research/robot-position-observer-results/benchmark.svg:90: trailing whitespace.
+Q 3566 888 3137 398 
research/robot-position-observer-results/benchmark.svg:91: trailing whitespace.
+Q 2709 -91 1959 -91 
research/robot-position-observer-results/benchmark.svg:92: trailing whitespace.
+Q 1206 -91 779 398 
research/robot-position-observer-results/benchmark.svg:93: trailing whitespace.
+Q 353 888 353 1747 
research/robot-position-observer-results/benchmark.svg:94: trailing whitespace.
+Q 353 2609 779 3096 
research/robot-position-observer-results/benchmark.svg:95: trailing whitespace.
+Q 1206 3584 1959 3584 
research/robot-position-observer-results/benchmark.svg:98: trailing whitespace.
+        <path id="DejaVuSans-56" d="M 2834 3397 
research/robot-position-observer-results/benchmark.svg:99: trailing whitespace.
+L 2834 2853 
research/robot-position-observer-results/benchmark.svg:100: trailing whitespace.
+Q 2591 2978 2328 3040 
research/robot-position-observer-results/benchmark.svg:101: trailing whitespace.
+Q 2066 3103 1784 3103 
research/robot-position-observer-results/benchmark.svg:102: trailing whitespace.
+Q 1356 3103 1142 2972 
research/robot-position-observer-results/benchmark.svg:103: trailing whitespace.
+Q 928 2841 928 2578 
research/robot-position-observer-results/benchmark.svg:104: trailing whitespace.
+Q 928 2378 1081 2264 
research/robot-position-observer-results/benchmark.svg:105: trailing whitespace.
+Q 1234 2150 1697 2047 
research/robot-position-observer-results/benchmark.svg:106: trailing whitespace.
+L 1894 2003 
research/robot-position-observer-results/benchmark.svg:107: trailing whitespace.
+Q 2506 1872 2764 1633 
research/robot-position-observer-results/benchmark.svg:108: trailing whitespace.
+Q 3022 1394 3022 966 
research/robot-position-observer-results/benchmark.svg:109: trailing whitespace.
+Q 3022 478 2636 193 
research/robot-position-observer-results/benchmark.svg:110: trailing whitespace.
+Q 2250 -91 1575 -91 
research/robot-position-observer-results/benchmark.svg:111: trailing whitespace.
+Q 1294 -91 989 -36 
research/robot-position-observer-results/benchmark.svg:112: trailing whitespace.
+Q 684 19 347 128 
research/robot-position-observer-results/benchmark.svg:113: trailing whitespace.
+L 347 722 
research/robot-position-observer-results/benchmark.svg:114: trailing whitespace.
+Q 666 556 975 473 
research/robot-position-observer-results/benchmark.svg:115: trailing whitespace.
+Q 1284 391 1588 391 
research/robot-position-observer-results/benchmark.svg:116: trailing whitespace.
+Q 1994 391 2212 530 
research/robot-position-observer-results/benchmark.svg:117: trailing whitespace.
+Q 2431 669 2431 922 
research/robot-position-observer-results/benchmark.svg:118: trailing whitespace.
+Q 2431 1156 2273 1281 
research/robot-position-observer-results/benchmark.svg:119: trailing whitespace.
+Q 2116 1406 1581 1522 
research/robot-position-observer-results/benchmark.svg:120: trailing whitespace.
+L 1381 1569 
research/robot-position-observer-results/benchmark.svg:121: trailing whitespace.
+Q 847 1681 609 1914 
research/robot-position-observer-results/benchmark.svg:122: trailing whitespace.
+Q 372 2147 372 2553 
research/robot-position-observer-results/benchmark.svg:123: trailing whitespace.
+Q 372 3047 722 3315 
research/robot-position-observer-results/benchmark.svg:124: trailing whitespace.
+Q 1072 3584 1716 3584 
research/robot-position-observer-results/benchmark.svg:125: trailing whitespace.
+Q 2034 3584 2315 3537 
research/robot-position-observer-results/benchmark.svg:126: trailing whitespace.
+Q 2597 3491 2834 3397 
research/robot-position-observer-results/benchmark.svg:129: trailing whitespace.
+        <path id="DejaVuSans-4c" d="M 603 3500 
research/robot-position-observer-results/benchmark.svg:130: trailing whitespace.
+L 1178 3500 
research/robot-position-observer-results/benchmark.svg:131: trailing whitespace.
+L 1178 0 
research/robot-position-observer-results/benchmark.svg:132: trailing whitespace.
+L 603 0 
research/robot-position-observer-results/benchmark.svg:133: trailing whitespace.
+L 603 3500 
research/robot-position-observer-results/benchmark.svg:135: trailing whitespace.
+M 603 4863 
research/robot-position-observer-results/benchmark.svg:136: trailing whitespace.
+L 1178 4863 
research/robot-position-observer-results/benchmark.svg:137: trailing whitespace.
+L 1178 4134 
research/robot-position-observer-results/benchmark.svg:138: trailing whitespace.
+L 603 4134 
research/robot-position-observer-results/benchmark.svg:139: trailing whitespace.
+L 603 4863 
research/robot-position-observer-results/benchmark.svg:142: trailing whitespace.
+        <path id="DejaVuSans-57" d="M 1172 4494 
research/robot-position-observer-results/benchmark.svg:143: trailing whitespace.
+L 1172 3500 
research/robot-position-observer-results/benchmark.svg:144: trailing whitespace.
+L 2356 3500 
research/robot-position-observer-results/benchmark.svg:145: trailing whitespace.
+L 2356 3053 
research/robot-position-observer-results/benchmark.svg:146: trailing whitespace.
+L 1172 3053 
research/robot-position-observer-results/benchmark.svg:147: trailing whitespace.
+L 1172 1153 
research/robot-position-observer-results/benchmark.svg:148: trailing whitespace.
+Q 1172 725 1289 603 
research/robot-position-observer-results/benchmark.svg:149: trailing whitespace.
+Q 1406 481 1766 481 
research/robot-position-observer-results/benchmark.svg:150: trailing whitespace.
+L 2356 481 
research/robot-position-observer-results/benchmark.svg:151: trailing whitespace.
+L 2356 0 
research/robot-position-observer-results/benchmark.svg:152: trailing whitespace.
+L 1766 0 
research/robot-position-observer-results/benchmark.svg:153: trailing whitespace.
+Q 1100 0 847 248 
research/robot-position-observer-results/benchmark.svg:154: trailing whitespace.
+Q 594 497 594 1153 
research/robot-position-observer-results/benchmark.svg:155: trailing whitespace.
+L 594 3053 
research/robot-position-observer-results/benchmark.svg:156: trailing whitespace.
+L 172 3053 
research/robot-position-observer-results/benchmark.svg:157: trailing whitespace.
+L 172 3500 
research/robot-position-observer-results/benchmark.svg:158: trailing whitespace.
+L 594 3500 
research/robot-position-observer-results/benchmark.svg:159: trailing whitespace.
+L 594 4494 
research/robot-position-observer-results/benchmark.svg:160: trailing whitespace.
+L 1172 4494 
research/robot-position-observer-results/benchmark.svg:163: trailing whitespace.
+        <path id="DejaVuSans-51" d="M 3513 2113 
research/robot-position-observer-results/benchmark.svg:164: trailing whitespace.
+L 3513 0 
research/robot-position-observer-results/benchmark.svg:165: trailing whitespace.
+L 2938 0 
research/robot-position-observer-results/benchmark.svg:166: trailing whitespace.
+L 2938 2094 
research/robot-position-observer-results/benchmark.svg:167: trailing whitespace.
+Q 2938 2591 2744 2837 
research/robot-position-observer-results/benchmark.svg:168: trailing whitespace.
+Q 2550 3084 2163 3084 
research/robot-position-observer-results/benchmark.svg:169: trailing whitespace.
+Q 1697 3084 1428 2787 
research/robot-position-observer-results/benchmark.svg:170: trailing whitespace.
+Q 1159 2491 1159 1978 
research/robot-position-observer-results/benchmark.svg:171: trailing whitespace.
+L 1159 0 
research/robot-position-observer-results/benchmark.svg:172: trailing whitespace.
+L 581 0 
research/robot-position-observer-results/benchmark.svg:173: trailing whitespace.
+L 581 3500 
research/robot-position-observer-results/benchmark.svg:174: trailing whitespace.
+L 1159 3500 
research/robot-position-observer-results/benchmark.svg:175: trailing whitespace.
+L 1159 2956 
research/robot-position-observer-results/benchmark.svg:176: trailing whitespace.
+Q 1366 3272 1645 3428 
research/robot-position-observer-results/benchmark.svg:177: trailing whitespace.
+Q 1925 3584 2291 3584 
research/robot-position-observer-results/benchmark.svg:178: trailing whitespace.
+Q 2894 3584 3203 3211 
research/robot-position-observer-results/benchmark.svg:179: trailing whitespace.
+Q 3513 2838 3513 2113 
research/robot-position-observer-results/benchmark.svg:183: trailing whitespace.
+        <path id="DejaVuSans-4f" d="M 603 4863 
research/robot-position-observer-results/benchmark.svg:184: trailing whitespace.
+L 1178 4863 
research/robot-position-observer-results/benchmark.svg:185: trailing whitespace.
+L 1178 0 
research/robot-position-observer-results/benchmark.svg:186: trailing whitespace.
+L 603 0 
research/robot-position-observer-results/benchmark.svg:187: trailing whitespace.
+L 603 4863 
research/robot-position-observer-results/benchmark.svg:190: trailing whitespace.
+        <path id="DejaVuSans-48" d="M 3597 1894 
research/robot-position-observer-results/benchmark.svg:191: trailing whitespace.
+L 3597 1613 
research/robot-position-observer-results/benchmark.svg:192: trailing whitespace.
+L 953 1613 
research/robot-position-observer-results/benchmark.svg:193: trailing whitespace.
+Q 991 1019 1311 708 
research/robot-position-observer-results/benchmark.svg:194: trailing whitespace.
+Q 1631 397 2203 397 
research/robot-position-observer-results/benchmark.svg:195: trailing whitespace.
+Q 2534 397 2845 478 
research/robot-position-observer-results/benchmark.svg:196: trailing whitespace.
+Q 3156 559 3463 722 
research/robot-position-observer-results/benchmark.svg:197: trailing whitespace.
+L 3463 178 
research/robot-position-observer-results/benchmark.svg:198: trailing whitespace.
+Q 3153 47 2828 -22 
research/robot-position-observer-results/benchmark.svg:199: trailing whitespace.
+Q 2503 -91 2169 -91 
research/robot-position-observer-results/benchmark.svg:200: trailing whitespace.
+Q 1331 -91 842 396 
research/robot-position-observer-results/benchmark.svg:201: trailing whitespace.
+Q 353 884 353 1716 
research/robot-position-observer-results/benchmark.svg:202: trailing whitespace.
+Q 353 2575 817 3079 
research/robot-position-observer-results/benchmark.svg:203: trailing whitespace.
+Q 1281 3584 2069 3584 
research/robot-position-observer-results/benchmark.svg:204: trailing whitespace.
+Q 2775 3584 3186 3129 
research/robot-position-observer-results/benchmark.svg:205: trailing whitespace.
+Q 3597 2675 3597 1894 
research/robot-position-observer-results/benchmark.svg:207: trailing whitespace.
+M 3022 2063 
research/robot-position-observer-results/benchmark.svg:208: trailing whitespace.
+Q 3016 2534 2758 2815 
research/robot-position-observer-results/benchmark.svg:209: trailing whitespace.
+Q 2500 3097 2075 3097 
research/robot-position-observer-results/benchmark.svg:210: trailing whitespace.
+Q 1594 3097 1305 2825 
research/robot-position-observer-results/benchmark.svg:211: trailing whitespace.
+Q 1016 2553 972 2059 
research/robot-position-observer-results/benchmark.svg:212: trailing whitespace.
+L 3022 2063 
research/robot-position-observer-results/benchmark.svg:215: trailing whitespace.
+        <path id="DejaVuSans-44" d="M 2194 1759 
research/robot-position-observer-results/benchmark.svg:216: trailing whitespace.
+Q 1497 1759 1228 1600 
research/robot-position-observer-results/benchmark.svg:217: trailing whitespace.
+Q 959 1441 959 1056 
research/robot-position-observer-results/benchmark.svg:218: trailing whitespace.
+Q 959 750 1161 570 
research/robot-position-observer-results/benchmark.svg:219: trailing whitespace.
+Q 1363 391 1709 391 
research/robot-position-observer-results/benchmark.svg:220: trailing whitespace.
+Q 2188 391 2477 730 
research/robot-position-observer-results/benchmark.svg:221: trailing whitespace.
+Q 2766 1069 2766 1631 
research/robot-position-observer-results/benchmark.svg:222: trailing whitespace.
+L 2766 1759 
research/robot-position-observer-results/benchmark.svg:223: trailing whitespace.
+L 2194 1759 
research/robot-position-observer-results/benchmark.svg:225: trailing whitespace.
+M 3341 1997 
research/robot-position-observer-results/benchmark.svg:226: trailing whitespace.
+L 3341 0 
research/robot-position-observer-results/benchmark.svg:227: trailing whitespace.
+L 2766 0 
research/robot-position-observer-results/benchmark.svg:228: trailing whitespace.
+L 2766 531 
research/robot-position-observer-results/benchmark.svg:229: trailing whitespace.
+Q 2569 213 2275 61 
research/robot-position-observer-results/benchmark.svg:230: trailing whitespace.
+Q 1981 -91 1556 -91 
research/robot-position-observer-results/benchmark.svg:231: trailing whitespace.
+Q 1019 -91 701 211 
research/robot-position-observer-results/benchmark.svg:232: trailing whitespace.
+Q 384 513 384 1019 
research/robot-position-observer-results/benchmark.svg:233: trailing whitespace.
+Q 384 1609 779 1909 
research/robot-position-observer-results/benchmark.svg:234: trailing whitespace.
+Q 1175 2209 1959 2209 
research/robot-position-observer-results/benchmark.svg:235: trailing whitespace.
+L 2766 2209 
research/robot-position-observer-results/benchmark.svg:236: trailing whitespace.
+L 2766 2266 
research/robot-position-observer-results/benchmark.svg:237: trailing whitespace.
+Q 2766 2663 2505 2880 
research/robot-position-observer-results/benchmark.svg:238: trailing whitespace.
+Q 2244 3097 1772 3097 
research/robot-position-observer-results/benchmark.svg:239: trailing whitespace.
+Q 1472 3097 1187 3025 
research/robot-position-observer-results/benchmark.svg:240: trailing whitespace.
+Q 903 2953 641 2809 
research/robot-position-observer-results/benchmark.svg:241: trailing whitespace.
+L 641 3341 
research/robot-position-observer-results/benchmark.svg:242: trailing whitespace.
+Q 956 3463 1253 3523 
research/robot-position-observer-results/benchmark.svg:243: trailing whitespace.
+Q 1550 3584 1831 3584 
research/robot-position-observer-results/benchmark.svg:244: trailing whitespace.
+Q 2591 3584 2966 3190 
research/robot-position-observer-results/benchmark.svg:245: trailing whitespace.
+Q 3341 2797 3341 1997 
research/robot-position-observer-results/benchmark.svg:248: trailing whitespace.
+        <path id="DejaVuSans-55" d="M 2631 2963 
research/robot-position-observer-results/benchmark.svg:249: trailing whitespace.
+Q 2534 3019 2420 3045 
research/robot-position-observer-results/benchmark.svg:250: trailing whitespace.
+Q 2306 3072 2169 3072 
research/robot-position-observer-results/benchmark.svg:251: trailing whitespace.
+Q 1681 3072 1420 2755 
research/robot-position-observer-results/benchmark.svg:252: trailing whitespace.
+Q 1159 2438 1159 1844 
research/robot-position-observer-results/benchmark.svg:253: trailing whitespace.
+L 1159 0 
research/robot-position-observer-results/benchmark.svg:254: trailing whitespace.
+L 581 0 
research/robot-position-observer-results/benchmark.svg:255: trailing whitespace.
+L 581 3500 
research/robot-position-observer-results/benchmark.svg:256: trailing whitespace.
+L 1159 3500 
research/robot-position-observer-results/benchmark.svg:257: trailing whitespace.
+L 1159 2956 
research/robot-position-observer-results/benchmark.svg:258: trailing whitespace.
+Q 1341 3275 1631 3429 
research/robot-position-observer-results/benchmark.svg:259: trailing whitespace.
+Q 1922 3584 2338 3584 
research/robot-position-observer-results/benchmark.svg:260: trailing whitespace.
+Q 2397 3584 2469 3576 
research/robot-position-observer-results/benchmark.svg:261: trailing whitespace.
+Q 2541 3569 2628 3553 
research/robot-position-observer-results/benchmark.svg:262: trailing whitespace.
+L 2631 2963 
research/robot-position-observer-results/benchmark.svg:265: trailing whitespace.
+        <path id="DejaVuSans-47" d="M 2906 2969 
research/robot-position-observer-results/benchmark.svg:266: trailing whitespace.
+L 2906 4863 
research/robot-position-observer-results/benchmark.svg:267: trailing whitespace.
+L 3481 4863 
research/robot-position-observer-results/benchmark.svg:268: trailing whitespace.
+L 3481 0 
research/robot-position-observer-results/benchmark.svg:269: trailing whitespace.
+L 2906 0 
research/robot-position-observer-results/benchmark.svg:270: trailing whitespace.
+L 2906 525 
research/robot-position-observer-results/benchmark.svg:271: trailing whitespace.
+Q 2725 213 2448 61 
research/robot-position-observer-results/benchmark.svg:272: trailing whitespace.
+Q 2172 -91 1784 -91 
research/robot-position-observer-results/benchmark.svg:273: trailing whitespace.
+Q 1150 -91 751 415 
research/robot-position-observer-results/benchmark.svg:274: trailing whitespace.
+Q 353 922 353 1747 
research/robot-position-observer-results/benchmark.svg:275: trailing whitespace.
+Q 353 2572 751 3078 
research/robot-position-observer-results/benchmark.svg:276: trailing whitespace.
+Q 1150 3584 1784 3584 
research/robot-position-observer-results/benchmark.svg:277: trailing whitespace.
+Q 2172 3584 2448 3432 
research/robot-position-observer-results/benchmark.svg:278: trailing whitespace.
+Q 2725 3281 2906 2969 
research/robot-position-observer-results/benchmark.svg:280: trailing whitespace.
+M 947 1747 
research/robot-position-observer-results/benchmark.svg:281: trailing whitespace.
+Q 947 1113 1208 752 
research/robot-position-observer-results/benchmark.svg:282: trailing whitespace.
+Q 1469 391 1925 391 
research/robot-position-observer-results/benchmark.svg:283: trailing whitespace.
+Q 2381 391 2643 752 
research/robot-position-observer-results/benchmark.svg:284: trailing whitespace.
+Q 2906 1113 2906 1747 
research/robot-position-observer-results/benchmark.svg:285: trailing whitespace.
+Q 2906 2381 2643 2742 
research/robot-position-observer-results/benchmark.svg:286: trailing whitespace.
+Q 2381 3103 1925 3103 
research/robot-position-observer-results/benchmark.svg:287: trailing whitespace.
+Q 1469 3103 1208 2742 
research/robot-position-observer-results/benchmark.svg:288: trailing whitespace.
+Q 947 2381 947 1747 
research/robot-position-observer-results/benchmark.svg:321: trailing whitespace.
+        <path id="DejaVuSans-13af" d="M 3431 3500 
research/robot-position-observer-results/benchmark.svg:322: trailing whitespace.
+L 3431 0 
research/robot-position-observer-results/benchmark.svg:323: trailing whitespace.
+L 2853 0 
research/robot-position-observer-results/benchmark.svg:324: trailing whitespace.
+L 2853 3053 
research/robot-position-observer-results/benchmark.svg:325: trailing whitespace.
+L 1275 3053 
research/robot-position-observer-results/benchmark.svg:326: trailing whitespace.
+L 1275 0 
research/robot-position-observer-results/benchmark.svg:327: trailing whitespace.
+L 697 0 
research/robot-position-observer-results/benchmark.svg:328: trailing whitespace.
+L 697 3053 
research/robot-position-observer-results/benchmark.svg:329: trailing whitespace.
+L 147 3053 
research/robot-position-observer-results/benchmark.svg:330: trailing whitespace.
+L 147 3500 
research/robot-position-observer-results/benchmark.svg:331: trailing whitespace.
+L 697 3500 
research/robot-position-observer-results/benchmark.svg:332: trailing whitespace.
+L 697 3744 
research/robot-position-observer-results/benchmark.svg:333: trailing whitespace.
+Q 697 4316 967 4589 
research/robot-position-observer-results/benchmark.svg:334: trailing whitespace.
+Q 1238 4863 1797 4863 
research/robot-position-observer-results/benchmark.svg:335: trailing whitespace.
+L 2375 4863 
research/robot-position-observer-results/benchmark.svg:336: trailing whitespace.
+L 2375 4384 
research/robot-position-observer-results/benchmark.svg:337: trailing whitespace.
+L 1825 4384 
research/robot-position-observer-results/benchmark.svg:338: trailing whitespace.
+Q 1516 4384 1395 4259 
research/robot-position-observer-results/benchmark.svg:339: trailing whitespace.
+Q 1275 4134 1275 3809 
research/robot-position-observer-results/benchmark.svg:340: trailing whitespace.
+L 1275 3500 
research/robot-position-observer-results/benchmark.svg:341: trailing whitespace.
+L 3431 3500 
research/robot-position-observer-results/benchmark.svg:343: trailing whitespace.
+M 2853 4856 
research/robot-position-observer-results/benchmark.svg:344: trailing whitespace.
+L 3431 4856 
research/robot-position-observer-results/benchmark.svg:345: trailing whitespace.
+L 3431 4128 
research/robot-position-observer-results/benchmark.svg:346: trailing whitespace.
+L 2853 4128 
research/robot-position-observer-results/benchmark.svg:347: trailing whitespace.
+L 2853 4856 
research/robot-position-observer-results/benchmark.svg:350: trailing whitespace.
+        <path id="DejaVuSans-5b" d="M 3513 3500 
research/robot-position-observer-results/benchmark.svg:351: trailing whitespace.
+L 2247 1797 
research/robot-position-observer-results/benchmark.svg:352: trailing whitespace.
+L 3578 0 
research/robot-position-observer-results/benchmark.svg:353: trailing whitespace.
+L 2900 0 
research/robot-position-observer-results/benchmark.svg:354: trailing whitespace.
+L 1881 1375 
research/robot-position-observer-results/benchmark.svg:355: trailing whitespace.
+L 863 0 
research/robot-position-observer-results/benchmark.svg:356: trailing whitespace.
+L 184 0 
research/robot-position-observer-results/benchmark.svg:357: trailing whitespace.
+L 1544 1831 
research/robot-position-observer-results/benchmark.svg:358: trailing whitespace.
+L 300 3500 
research/robot-position-observer-results/benchmark.svg:359: trailing whitespace.
+L 978 3500 
research/robot-position-observer-results/benchmark.svg:360: trailing whitespace.
+L 1906 2253 
research/robot-position-observer-results/benchmark.svg:361: trailing whitespace.
+L 2834 3500 
research/robot-position-observer-results/benchmark.svg:362: trailing whitespace.
+L 3513 3500 
research/robot-position-observer-results/benchmark.svg:392: trailing whitespace.
+        <path id="DejaVuSans-2f" d="M 628 4666 
research/robot-position-observer-results/benchmark.svg:393: trailing whitespace.
+L 1259 4666 
research/robot-position-observer-results/benchmark.svg:394: trailing whitespace.
+L 1259 531 
research/robot-position-observer-results/benchmark.svg:395: trailing whitespace.
+L 3531 531 
research/robot-position-observer-results/benchmark.svg:396: trailing whitespace.
+L 3531 0 
research/robot-position-observer-results/benchmark.svg:397: trailing whitespace.
+L 628 0 
research/robot-position-observer-results/benchmark.svg:398: trailing whitespace.
+L 628 4666 
research/robot-position-observer-results/benchmark.svg:401: trailing whitespace.
+        <path id="DejaVuSans-46" d="M 3122 3366 
research/robot-position-observer-results/benchmark.svg:402: trailing whitespace.
+L 3122 2828 
research/robot-position-observer-results/benchmark.svg:403: trailing whitespace.
+Q 2878 2963 2633 3030 
research/robot-position-observer-results/benchmark.svg:404: trailing whitespace.
+Q 2388 3097 2138 3097 
research/robot-position-observer-results/benchmark.svg:405: trailing whitespace.
+Q 1578 3097 1268 2742 
research/robot-position-observer-results/benchmark.svg:406: trailing whitespace.
+Q 959 2388 959 1747 
research/robot-position-observer-results/benchmark.svg:407: trailing whitespace.
+Q 959 1106 1268 751 
research/robot-position-observer-results/benchmark.svg:408: trailing whitespace.
+Q 1578 397 2138 397 
research/robot-position-observer-results/benchmark.svg:409: trailing whitespace.
+Q 2388 397 2633 464 
research/robot-position-observer-results/benchmark.svg:410: trailing whitespace.
+Q 2878 531 3122 666 
research/robot-position-observer-results/benchmark.svg:411: trailing whitespace.
+L 3122 134 
research/robot-position-observer-results/benchmark.svg:412: trailing whitespace.
+Q 2881 22 2623 -34 
research/robot-position-observer-results/benchmark.svg:413: trailing whitespace.
+Q 2366 -91 2075 -91 
research/robot-position-observer-results/benchmark.svg:414: trailing whitespace.
+Q 1284 -91 818 406 
research/robot-position-observer-results/benchmark.svg:415: trailing whitespace.
+Q 353 903 353 1747 
research/robot-position-observer-results/benchmark.svg:416: trailing whitespace.
+Q 353 2603 823 3093 
research/robot-position-observer-results/benchmark.svg:417: trailing whitespace.
+Q 1294 3584 2113 3584 
research/robot-position-observer-results/benchmark.svg:418: trailing whitespace.
+Q 2378 3584 2631 3529 
research/robot-position-observer-results/benchmark.svg:419: trailing whitespace.
+Q 2884 3475 3122 3366 
research/robot-position-observer-results/benchmark.svg:422: trailing whitespace.
+        <path id="DejaVuSans-13b1" d="M 2375 4863 
research/robot-position-observer-results/benchmark.svg:423: trailing whitespace.
+L 2375 4384 
research/robot-position-observer-results/benchmark.svg:424: trailing whitespace.
+L 1825 4384 
research/robot-position-observer-results/benchmark.svg:425: trailing whitespace.
+Q 1516 4384 1394 4259 
research/robot-position-observer-results/benchmark.svg:426: trailing whitespace.
+Q 1275 4134 1275 3809 
research/robot-position-observer-results/benchmark.svg:427: trailing whitespace.
+L 1275 3500 
research/robot-position-observer-results/benchmark.svg:428: trailing whitespace.
+L 2853 3500 
research/robot-position-observer-results/benchmark.svg:429: trailing whitespace.
+L 2853 3744 
research/robot-position-observer-results/benchmark.svg:430: trailing whitespace.
+Q 2853 4328 3125 4594 
research/robot-position-observer-results/benchmark.svg:431: trailing whitespace.
+Q 3213 4681 3334 4741 
research/robot-position-observer-results/benchmark.svg:432: trailing whitespace.
+Q 3578 4863 3988 4863 
research/robot-position-observer-results/benchmark.svg:433: trailing whitespace.
+L 4531 4863 
research/robot-position-observer-results/benchmark.svg:434: trailing whitespace.
+L 4531 4384 
research/robot-position-observer-results/benchmark.svg:435: trailing whitespace.
+L 3981 4384 
research/robot-position-observer-results/benchmark.svg:436: trailing whitespace.
+Q 3672 4384 3551 4259 
research/robot-position-observer-results/benchmark.svg:437: trailing whitespace.
+Q 3431 4134 3431 3809 
research/robot-position-observer-results/benchmark.svg:438: trailing whitespace.
+L 3431 3500 
research/robot-position-observer-results/benchmark.svg:439: trailing whitespace.
+L 5588 3500 
research/robot-position-observer-results/benchmark.svg:440: trailing whitespace.
+L 5588 0 
research/robot-position-observer-results/benchmark.svg:441: trailing whitespace.
+L 5009 0 
research/robot-position-observer-results/benchmark.svg:442: trailing whitespace.
+L 5009 3053 
research/robot-position-observer-results/benchmark.svg:443: trailing whitespace.
+L 3431 3053 
research/robot-position-observer-results/benchmark.svg:444: trailing whitespace.
+L 3431 0 
research/robot-position-observer-results/benchmark.svg:445: trailing whitespace.
+L 2853 0 
research/robot-position-observer-results/benchmark.svg:446: trailing whitespace.
+L 2853 3053 
research/robot-position-observer-results/benchmark.svg:447: trailing whitespace.
+L 1275 3053 
research/robot-position-observer-results/benchmark.svg:448: trailing whitespace.
+L 1275 0 
research/robot-position-observer-results/benchmark.svg:449: trailing whitespace.
+L 697 0 
research/robot-position-observer-results/benchmark.svg:450: trailing whitespace.
+L 697 3053 
research/robot-position-observer-results/benchmark.svg:451: trailing whitespace.
+L 147 3053 
research/robot-position-observer-results/benchmark.svg:452: trailing whitespace.
+L 147 3500 
research/robot-position-observer-results/benchmark.svg:453: trailing whitespace.
+L 697 3500 
research/robot-position-observer-results/benchmark.svg:454: trailing whitespace.
+L 697 3744 
research/robot-position-observer-results/benchmark.svg:455: trailing whitespace.
+Q 697 4328 969 4595 
research/robot-position-observer-results/benchmark.svg:456: trailing whitespace.
+Q 1241 4863 1831 4863 
research/robot-position-observer-results/benchmark.svg:457: trailing whitespace.
+L 2375 4863 
research/robot-position-observer-results/benchmark.svg:459: trailing whitespace.
+M 5009 4856 
research/robot-position-observer-results/benchmark.svg:460: trailing whitespace.
+L 5588 4856 
research/robot-position-observer-results/benchmark.svg:461: trailing whitespace.
+L 5588 4128 
research/robot-position-observer-results/benchmark.svg:462: trailing whitespace.
+L 5009 4128 
research/robot-position-observer-results/benchmark.svg:463: trailing whitespace.
+L 5009 4856 
research/robot-position-observer-results/benchmark.svg:490: trailing whitespace.
+        <path id="DejaVuSans-37" d="M -19 4666 
research/robot-position-observer-results/benchmark.svg:491: trailing whitespace.
+L 3928 4666 
research/robot-position-observer-results/benchmark.svg:492: trailing whitespace.
+L 3928 4134 
research/robot-position-observer-results/benchmark.svg:493: trailing whitespace.
+L 2272 4134 
research/robot-position-observer-results/benchmark.svg:494: trailing whitespace.
+L 2272 0 
research/robot-position-observer-results/benchmark.svg:495: trailing whitespace.
+L 1638 0 
research/robot-position-observer-results/benchmark.svg:496: trailing whitespace.
+L 1638 4134 
research/robot-position-observer-results/benchmark.svg:497: trailing whitespace.
+L -19 4134 
research/robot-position-observer-results/benchmark.svg:498: trailing whitespace.
+L -19 4666 
research/robot-position-observer-results/benchmark.svg:501: trailing whitespace.
+        <path id="DejaVuSans-50" d="M 3328 2828 
research/robot-position-observer-results/benchmark.svg:502: trailing whitespace.
+Q 3544 3216 3844 3400 
research/robot-position-observer-results/benchmark.svg:503: trailing whitespace.
+Q 4144 3584 4550 3584 
research/robot-position-observer-results/benchmark.svg:504: trailing whitespace.
+Q 5097 3584 5394 3201 
research/robot-position-observer-results/benchmark.svg:505: trailing whitespace.
+Q 5691 2819 5691 2113 
research/robot-position-observer-results/benchmark.svg:506: trailing whitespace.
+L 5691 0 
research/robot-position-observer-results/benchmark.svg:507: trailing whitespace.
+L 5113 0 
research/robot-position-observer-results/benchmark.svg:508: trailing whitespace.
+L 5113 2094 
research/robot-position-observer-results/benchmark.svg:509: trailing whitespace.
+Q 5113 2597 4934 2840 
research/robot-position-observer-results/benchmark.svg:510: trailing whitespace.
+Q 4756 3084 4391 3084 
research/robot-position-observer-results/benchmark.svg:511: trailing whitespace.
+Q 3944 3084 3684 2787 
research/robot-position-observer-results/benchmark.svg:512: trailing whitespace.
+Q 3425 2491 3425 1978 
research/robot-position-observer-results/benchmark.svg:513: trailing whitespace.
+L 3425 0 
research/robot-position-observer-results/benchmark.svg:514: trailing whitespace.
+L 2847 0 
research/robot-position-observer-results/benchmark.svg:515: trailing whitespace.
+L 2847 2094 
research/robot-position-observer-results/benchmark.svg:516: trailing whitespace.
+Q 2847 2600 2669 2842 
research/robot-position-observer-results/benchmark.svg:517: trailing whitespace.
+Q 2491 3084 2119 3084 
research/robot-position-observer-results/benchmark.svg:518: trailing whitespace.
+Q 1678 3084 1418 2786 
research/robot-position-observer-results/benchmark.svg:519: trailing whitespace.
+Q 1159 2488 1159 1978 
research/robot-position-observer-results/benchmark.svg:520: trailing whitespace.
+L 1159 0 
research/robot-position-observer-results/benchmark.svg:521: trailing whitespace.
+L 581 0 
research/robot-position-observer-results/benchmark.svg:522: trailing whitespace.
+L 581 3500 
research/robot-position-observer-results/benchmark.svg:523: trailing whitespace.
+L 1159 3500 
research/robot-position-observer-results/benchmark.svg:524: trailing whitespace.
+L 1159 2956 
research/robot-position-observer-results/benchmark.svg:525: trailing whitespace.
+Q 1356 3278 1631 3431 
research/robot-position-observer-results/benchmark.svg:526: trailing whitespace.
+Q 1906 3584 2284 3584 
research/robot-position-observer-results/benchmark.svg:527: trailing whitespace.
+Q 2666 3584 2933 3390 
research/robot-position-observer-results/benchmark.svg:528: trailing whitespace.
+Q 3200 3197 3328 2828 
research/robot-position-observer-results/benchmark.svg:531: trailing whitespace.
+        <path id="DejaVuSans-53" d="M 1159 525 
research/robot-position-observer-results/benchmark.svg:532: trailing whitespace.
+L 1159 -1331 
research/robot-position-observer-results/benchmark.svg:533: trailing whitespace.
+L 581 -1331 
research/robot-position-observer-results/benchmark.svg:534: trailing whitespace.
+L 581 3500 
research/robot-position-observer-results/benchmark.svg:535: trailing whitespace.
+L 1159 3500 
research/robot-position-observer-results/benchmark.svg:536: trailing whitespace.
+L 1159 2969 
research/robot-position-observer-results/benchmark.svg:537: trailing whitespace.
+Q 1341 3281 1617 3432 
research/robot-position-observer-results/benchmark.svg:538: trailing whitespace.
+Q 1894 3584 2278 3584 
research/robot-position-observer-results/benchmark.svg:539: trailing whitespace.
+Q 2916 3584 3314 3078 
research/robot-position-observer-results/benchmark.svg:540: trailing whitespace.
+Q 3713 2572 3713 1747 
research/robot-position-observer-results/benchmark.svg:541: trailing whitespace.
+Q 3713 922 3314 415 
research/robot-position-observer-results/benchmark.svg:542: trailing whitespace.
+Q 2916 -91 2278 -91 
research/robot-position-observer-results/benchmark.svg:543: trailing whitespace.
+Q 1894 -91 1617 61 
research/robot-position-observer-results/benchmark.svg:544: trailing whitespace.
+Q 1341 213 1159 525 
research/robot-position-observer-results/benchmark.svg:546: trailing whitespace.
+M 3116 1747 
research/robot-position-observer-results/benchmark.svg:547: trailing whitespace.
+Q 3116 2381 2855 2742 
research/robot-position-observer-results/benchmark.svg:548: trailing whitespace.
+Q 2594 3103 2138 3103 
research/robot-position-observer-results/benchmark.svg:549: trailing whitespace.
+Q 1681 3103 1420 2742 
research/robot-position-observer-results/benchmark.svg:550: trailing whitespace.
+Q 1159 2381 1159 1747 
research/robot-position-observer-results/benchmark.svg:551: trailing whitespace.
+Q 1159 1113 1420 752 
research/robot-position-observer-results/benchmark.svg:552: trailing whitespace.
+Q 1681 391 2138 391 
research/robot-position-observer-results/benchmark.svg:553: trailing whitespace.
+Q 2594 391 2855 752 
research/robot-position-observer-results/benchmark.svg:554: trailing whitespace.
+Q 3116 1113 3116 1747 
research/robot-position-observer-results/benchmark.svg:584: trailing whitespace.
+        <path id="DejaVuSans-45" d="M 3116 1747 
research/robot-position-observer-results/benchmark.svg:585: trailing whitespace.
+Q 3116 2381 2855 2742 
research/robot-position-observer-results/benchmark.svg:586: trailing whitespace.
+Q 2594 3103 2138 3103 
research/robot-position-observer-results/benchmark.svg:587: trailing whitespace.
+Q 1681 3103 1420 2742 
research/robot-position-observer-results/benchmark.svg:588: trailing whitespace.
+Q 1159 2381 1159 1747 
research/robot-position-observer-results/benchmark.svg:589: trailing whitespace.
+Q 1159 1113 1420 752 
research/robot-position-observer-results/benchmark.svg:590: trailing whitespace.
+Q 1681 391 2138 391 
research/robot-position-observer-results/benchmark.svg:591: trailing whitespace.
+Q 2594 391 2855 752 
research/robot-position-observer-results/benchmark.svg:592: trailing whitespace.
+Q 3116 1113 3116 1747 
research/robot-position-observer-results/benchmark.svg:594: trailing whitespace.
+M 1159 2969 
research/robot-position-observer-results/benchmark.svg:595: trailing whitespace.
+Q 1341 3281 1617 3432 
research/robot-position-observer-results/benchmark.svg:596: trailing whitespace.
+Q 1894 3584 2278 3584 
research/robot-position-observer-results/benchmark.svg:597: trailing whitespace.
+Q 2916 3584 3314 3078 
research/robot-position-observer-results/benchmark.svg:598: trailing whitespace.
+Q 3713 2572 3713 1747 
research/robot-position-observer-results/benchmark.svg:599: trailing whitespace.
+Q 3713 922 3314 415 
research/robot-position-observer-results/benchmark.svg:600: trailing whitespace.
+Q 2916 -91 2278 -91 
research/robot-position-observer-results/benchmark.svg:601: trailing whitespace.
+Q 1894 -91 1617 61 
research/robot-position-observer-results/benchmark.svg:602: trailing whitespace.
+Q 1341 213 1159 525 
research/robot-position-observer-results/benchmark.svg:603: trailing whitespace.
+L 1159 0 
research/robot-position-observer-results/benchmark.svg:604: trailing whitespace.
+L 581 0 
research/robot-position-observer-results/benchmark.svg:605: trailing whitespace.
+L 581 4863 
research/robot-position-observer-results/benchmark.svg:606: trailing whitespace.
+L 1159 4863 
research/robot-position-observer-results/benchmark.svg:607: trailing whitespace.
+L 1159 2969 
research/robot-position-observer-results/benchmark.svg:610: trailing whitespace.
+        <path id="DejaVuSans-59" d="M 191 3500 
research/robot-position-observer-results/benchmark.svg:611: trailing whitespace.
+L 800 3500 
research/robot-position-observer-results/benchmark.svg:612: trailing whitespace.
+L 1894 563 
research/robot-position-observer-results/benchmark.svg:613: trailing whitespace.
+L 2988 3500 
research/robot-position-observer-results/benchmark.svg:614: trailing whitespace.
+L 3597 3500 
research/robot-position-observer-results/benchmark.svg:615: trailing whitespace.
+L 2284 0 
research/robot-position-observer-results/benchmark.svg:616: trailing whitespace.
+L 1503 0 
research/robot-position-observer-results/benchmark.svg:617: trailing whitespace.
+L 191 3500 
research/robot-position-observer-results/benchmark.svg:656: trailing whitespace.
+        <path id="DejaVuSans-5a" d="M 269 3500 
research/robot-position-observer-results/benchmark.svg:657: trailing whitespace.
+L 844 3500 
research/robot-position-observer-results/benchmark.svg:658: trailing whitespace.
+L 1563 769 
research/robot-position-observer-results/benchmark.svg:659: trailing whitespace.
+L 2278 3500 
research/robot-position-observer-results/benchmark.svg:660: trailing whitespace.
+L 2956 3500 
research/robot-position-observer-results/benchmark.svg:661: trailing whitespace.
+L 3675 769 
research/robot-position-observer-results/benchmark.svg:662: trailing whitespace.
+L 4391 3500 
research/robot-position-observer-results/benchmark.svg:663: trailing whitespace.
+L 4966 3500 
research/robot-position-observer-results/benchmark.svg:664: trailing whitespace.
+L 4050 0 
research/robot-position-observer-results/benchmark.svg:665: trailing whitespace.
+L 3372 0 
research/robot-position-observer-results/benchmark.svg:666: trailing whitespace.
+L 2619 2869 
research/robot-position-observer-results/benchmark.svg:667: trailing whitespace.
+L 1863 0 
research/robot-position-observer-results/benchmark.svg:668: trailing whitespace.
+L 1184 0 
research/robot-position-observer-results/benchmark.svg:669: trailing whitespace.
+L 269 3500 
research/robot-position-observer-results/benchmark.svg:694: trailing whitespace.
+        <path id="DejaVuSans-32" d="M 2522 4238 
research/robot-position-observer-results/benchmark.svg:695: trailing whitespace.
+Q 1834 4238 1429 3725 
research/robot-position-observer-results/benchmark.svg:696: trailing whitespace.
+Q 1025 3213 1025 2328 
research/robot-position-observer-results/benchmark.svg:697: trailing whitespace.
+Q 1025 1447 1429 934 
research/robot-position-observer-results/benchmark.svg:698: trailing whitespace.
+Q 1834 422 2522 422 
research/robot-position-observer-results/benchmark.svg:699: trailing whitespace.
+Q 3209 422 3611 934 
research/robot-position-observer-results/benchmark.svg:700: trailing whitespace.
+Q 4013 1447 4013 2328 
research/robot-position-observer-results/benchmark.svg:701: trailing whitespace.
+Q 4013 3213 3611 3725 
research/robot-position-observer-results/benchmark.svg:702: trailing whitespace.
+Q 3209 4238 2522 4238 
research/robot-position-observer-results/benchmark.svg:704: trailing whitespace.
+M 2522 4750 
research/robot-position-observer-results/benchmark.svg:705: trailing whitespace.
+Q 3503 4750 4090 4092 
research/robot-position-observer-results/benchmark.svg:706: trailing whitespace.
+Q 4678 3434 4678 2328 
research/robot-position-observer-results/benchmark.svg:707: trailing whitespace.
+Q 4678 1225 4090 567 
research/robot-position-observer-results/benchmark.svg:708: trailing whitespace.
+Q 3503 -91 2522 -91 
research/robot-position-observer-results/benchmark.svg:709: trailing whitespace.
+Q 1538 -91 948 565 
research/robot-position-observer-results/benchmark.svg:710: trailing whitespace.
+Q 359 1222 359 2328 
research/robot-position-observer-results/benchmark.svg:711: trailing whitespace.
+Q 359 3434 948 4092 
research/robot-position-observer-results/benchmark.svg:712: trailing whitespace.
+Q 1538 4750 2522 4750 
research/robot-position-observer-results/benchmark.svg:742: trailing whitespace.
+        <path id="DejaVuSans-5d" d="M 353 3500 
research/robot-position-observer-results/benchmark.svg:743: trailing whitespace.
+L 3084 3500 
research/robot-position-observer-results/benchmark.svg:744: trailing whitespace.
+L 3084 2975 
research/robot-position-observer-results/benchmark.svg:745: trailing whitespace.
+L 922 459 
research/robot-position-observer-results/benchmark.svg:746: trailing whitespace.
+L 3084 459 
research/robot-position-observer-results/benchmark.svg:747: trailing whitespace.
+L 3084 0 
research/robot-position-observer-results/benchmark.svg:748: trailing whitespace.
+L 275 0 
research/robot-position-observer-results/benchmark.svg:749: trailing whitespace.
+L 275 525 
research/robot-position-observer-results/benchmark.svg:750: trailing whitespace.
+L 2438 3041 
research/robot-position-observer-results/benchmark.svg:751: trailing whitespace.
+L 353 3041 
research/robot-position-observer-results/benchmark.svg:752: trailing whitespace.
+L 353 3500 
research/robot-position-observer-results/benchmark.svg:782: trailing whitespace.
+        <path id="DejaVuSans-2d" d="M 628 4666 
research/robot-position-observer-results/benchmark.svg:783: trailing whitespace.
+L 1259 4666 
research/robot-position-observer-results/benchmark.svg:784: trailing whitespace.
+L 1259 325 
research/robot-position-observer-results/benchmark.svg:785: trailing whitespace.
+Q 1259 -519 939 -900 
research/robot-position-observer-results/benchmark.svg:786: trailing whitespace.
+Q 619 -1281 -91 -1281 
research/robot-position-observer-results/benchmark.svg:787: trailing whitespace.
+L -331 -1281 
research/robot-position-observer-results/benchmark.svg:788: trailing whitespace.
+L -331 -750 
research/robot-position-observer-results/benchmark.svg:789: trailing whitespace.
+L -134 -750 
research/robot-position-observer-results/benchmark.svg:790: trailing whitespace.
+Q 284 -750 456 -515 
research/robot-position-observer-results/benchmark.svg:791: trailing whitespace.
+Q 628 -281 628 325 
research/robot-position-observer-results/benchmark.svg:792: trailing whitespace.
+L 628 4666 
research/robot-position-observer-results/benchmark.svg:846: trailing whitespace.
+        <path id="DejaVuSans-27" d="M 1259 4147 
research/robot-position-observer-results/benchmark.svg:847: trailing whitespace.
+L 1259 519 
research/robot-position-observer-results/benchmark.svg:848: trailing whitespace.
+L 2022 519 
research/robot-position-observer-results/benchmark.svg:849: trailing whitespace.
+Q 2988 519 3436 956 
research/robot-position-observer-results/benchmark.svg:850: trailing whitespace.
+Q 3884 1394 3884 2338 
research/robot-position-observer-results/benchmark.svg:851: trailing whitespace.
+Q 3884 3275 3436 3711 
research/robot-position-observer-results/benchmark.svg:852: trailing whitespace.
+Q 2988 4147 2022 4147 
research/robot-position-observer-results/benchmark.svg:853: trailing whitespace.
+L 1259 4147 
research/robot-position-observer-results/benchmark.svg:855: trailing whitespace.
+M 628 4666 
research/robot-position-observer-results/benchmark.svg:856: trailing whitespace.
+L 1925 4666 
research/robot-position-observer-results/benchmark.svg:857: trailing whitespace.
+Q 3281 4666 3915 4102 
research/robot-position-observer-results/benchmark.svg:858: trailing whitespace.
+Q 4550 3538 4550 2338 
research/robot-position-observer-results/benchmark.svg:859: trailing whitespace.
+Q 4550 1131 3912 565 
research/robot-position-observer-results/benchmark.svg:860: trailing whitespace.
+Q 3275 0 1925 0 
research/robot-position-observer-results/benchmark.svg:861: trailing whitespace.
+L 628 0 
research/robot-position-observer-results/benchmark.svg:862: trailing whitespace.
+L 628 4666 
research/robot-position-observer-results/benchmark.svg:865: trailing whitespace.
+        <path id="DejaVuSans-58" d="M 544 1381 
research/robot-position-observer-results/benchmark.svg:866: trailing whitespace.
+L 544 3500 
research/robot-position-observer-results/benchmark.svg:867: trailing whitespace.
+L 1119 3500 
research/robot-position-observer-results/benchmark.svg:868: trailing whitespace.
+L 1119 1403 
research/robot-position-observer-results/benchmark.svg:869: trailing whitespace.
+Q 1119 906 1312 657 
research/robot-position-observer-results/benchmark.svg:870: trailing whitespace.
+Q 1506 409 1894 409 
research/robot-position-observer-results/benchmark.svg:871: trailing whitespace.
+Q 2359 409 2629 706 
research/robot-position-observer-results/benchmark.svg:872: trailing whitespace.
+Q 2900 1003 2900 1516 
research/robot-position-observer-results/benchmark.svg:873: trailing whitespace.
+L 2900 3500 
research/robot-position-observer-results/benchmark.svg:874: trailing whitespace.
+L 3475 3500 
research/robot-position-observer-results/benchmark.svg:875: trailing whitespace.
+L 3475 0 
research/robot-position-observer-results/benchmark.svg:876: trailing whitespace.
+L 2900 0 
research/robot-position-observer-results/benchmark.svg:877: trailing whitespace.
+L 2900 538 
research/robot-position-observer-results/benchmark.svg:878: trailing whitespace.
+Q 2691 219 2414 64 
research/robot-position-observer-results/benchmark.svg:879: trailing whitespace.
+Q 2138 -91 1772 -91 
research/robot-position-observer-results/benchmark.svg:880: trailing whitespace.
+Q 1169 -91 856 284 
research/robot-position-observer-results/benchmark.svg:881: trailing whitespace.
+Q 544 659 544 1381 
research/robot-position-observer-results/benchmark.svg:883: trailing whitespace.
+M 1991 3584 
research/robot-position-observer-results/benchmark.svg:884: trailing whitespace.
+L 1991 3584 
research/robot-position-observer-results/benchmark.svg:941: trailing whitespace.
+        <path id="DejaVuSans-2a" d="M 3809 666 
research/robot-position-observer-results/benchmark.svg:942: trailing whitespace.
+L 3809 1919 
research/robot-position-observer-results/benchmark.svg:943: trailing whitespace.
+L 2778 1919 
research/robot-position-observer-results/benchmark.svg:944: trailing whitespace.
+L 2778 2438 
research/robot-position-observer-results/benchmark.svg:945: trailing whitespace.
+L 4434 2438 
research/robot-position-observer-results/benchmark.svg:946: trailing whitespace.
+L 4434 434 
research/robot-position-observer-results/benchmark.svg:947: trailing whitespace.
+Q 4069 175 3628 42 
research/robot-position-observer-results/benchmark.svg:948: trailing whitespace.
+Q 3188 -91 2688 -91 
research/robot-position-observer-results/benchmark.svg:949: trailing whitespace.
+Q 1594 -91 976 548 
research/robot-position-observer-results/benchmark.svg:950: trailing whitespace.
+Q 359 1188 359 2328 
research/robot-position-observer-results/benchmark.svg:951: trailing whitespace.
+Q 359 3472 976 4111 
research/robot-position-observer-results/benchmark.svg:952: trailing whitespace.
+Q 1594 4750 2688 4750 
research/robot-position-observer-results/benchmark.svg:953: trailing whitespace.
+Q 3144 4750 3555 4637 
research/robot-position-observer-results/benchmark.svg:954: trailing whitespace.
+Q 3966 4525 4313 4306 
research/robot-position-observer-results/benchmark.svg:955: trailing whitespace.
+L 4313 3634 
research/robot-position-observer-results/benchmark.svg:956: trailing whitespace.
+Q 3963 3931 3569 4081 
research/robot-position-observer-results/benchmark.svg:957: trailing whitespace.
+Q 3175 4231 2741 4231 
research/robot-position-observer-results/benchmark.svg:958: trailing whitespace.
+Q 1884 4231 1454 3753 
research/robot-position-observer-results/benchmark.svg:959: trailing whitespace.
+Q 1025 3275 1025 2328 
research/robot-position-observer-results/benchmark.svg:960: trailing whitespace.
+Q 1025 1384 1454 906 
research/robot-position-observer-results/benchmark.svg:961: trailing whitespace.
+Q 1884 428 2741 428 
research/robot-position-observer-results/benchmark.svg:962: trailing whitespace.
+Q 3075 428 3337 486 
research/robot-position-observer-results/benchmark.svg:963: trailing whitespace.
+Q 3600 544 3809 666 
research/robot-position-observer-results/benchmark.svg:966: trailing whitespace.
+        <path id="DejaVuSans-35" d="M 2841 2188 
research/robot-position-observer-results/benchmark.svg:967: trailing whitespace.
+Q 3044 2119 3236 1894 
research/robot-position-observer-results/benchmark.svg:968: trailing whitespace.
+Q 3428 1669 3622 1275 
research/robot-position-observer-results/benchmark.svg:969: trailing whitespace.
+L 4263 0 
research/robot-position-observer-results/benchmark.svg:970: trailing whitespace.
+L 3584 0 
research/robot-position-observer-results/benchmark.svg:971: trailing whitespace.
+L 2988 1197 
research/robot-position-observer-results/benchmark.svg:972: trailing whitespace.
+Q 2756 1666 2539 1819 
research/robot-position-observer-results/benchmark.svg:973: trailing whitespace.
+Q 2322 1972 1947 1972 
research/robot-position-observer-results/benchmark.svg:974: trailing whitespace.
+L 1259 1972 
research/robot-position-observer-results/benchmark.svg:975: trailing whitespace.
+L 1259 0 
research/robot-position-observer-results/benchmark.svg:976: trailing whitespace.
+L 628 0 
research/robot-position-observer-results/benchmark.svg:977: trailing whitespace.
+L 628 4666 
research/robot-position-observer-results/benchmark.svg:978: trailing whitespace.
+L 2053 4666 
research/robot-position-observer-results/benchmark.svg:979: trailing whitespace.
+Q 2853 4666 3247 4331 
research/robot-position-observer-results/benchmark.svg:980: trailing whitespace.
+Q 3641 3997 3641 3322 
research/robot-position-observer-results/benchmark.svg:981: trailing whitespace.
+Q 3641 2881 3436 2590 
research/robot-position-observer-results/benchmark.svg:982: trailing whitespace.
+Q 3231 2300 2841 2188 
research/robot-position-observer-results/benchmark.svg:984: trailing whitespace.
+M 1259 4147 
research/robot-position-observer-results/benchmark.svg:985: trailing whitespace.
+L 1259 2491 
research/robot-position-observer-results/benchmark.svg:986: trailing whitespace.
+L 2053 2491 
research/robot-position-observer-results/benchmark.svg:987: trailing whitespace.
+Q 2509 2491 2742 2702 
research/robot-position-observer-results/benchmark.svg:988: trailing whitespace.
+Q 2975 2913 2975 3322 
research/robot-position-observer-results/benchmark.svg:989: trailing whitespace.
+Q 2975 3731 2742 3939 
research/robot-position-observer-results/benchmark.svg:990: trailing whitespace.
+Q 2509 4147 2053 4147 
research/robot-position-observer-results/benchmark.svg:991: trailing whitespace.
+L 1259 4147 
research/robot-position-observer-results/benchmark.svg:994: trailing whitespace.
+        <path id="DejaVuSans-38" d="M 556 4666 
research/robot-position-observer-results/benchmark.svg:995: trailing whitespace.
+L 1191 4666 
research/robot-position-observer-results/benchmark.svg:996: trailing whitespace.
+L 1191 1831 
research/robot-position-observer-results/benchmark.svg:997: trailing whitespace.
+Q 1191 1081 1462 751 
research/robot-position-observer-results/benchmark.svg:998: trailing whitespace.
+Q 1734 422 2344 422 
research/robot-position-observer-results/benchmark.svg:999: trailing whitespace.
+Q 2950 422 3222 751 
research/robot-position-observer-results/benchmark.svg:1000: trailing whitespace.
+Q 3494 1081 3494 1831 
research/robot-position-observer-results/benchmark.svg:1001: trailing whitespace.
+L 3494 4666 
research/robot-position-observer-results/benchmark.svg:1002: trailing whitespace.
+L 4128 4666 
research/robot-position-observer-results/benchmark.svg:1003: trailing whitespace.
+L 4128 1753 
research/robot-position-observer-results/benchmark.svg:1004: trailing whitespace.
+Q 4128 841 3676 375 
research/robot-position-observer-results/benchmark.svg:1005: trailing whitespace.
+Q 3225 -91 2344 -91 
research/robot-position-observer-results/benchmark.svg:1006: trailing whitespace.
+Q 1459 -91 1007 375 
research/robot-position-observer-results/benchmark.svg:1007: trailing whitespace.
+Q 556 841 556 1753 
research/robot-position-observer-results/benchmark.svg:1008: trailing whitespace.
+L 556 4666 
research/robot-position-observer-results/benchmark.svg:1011: trailing whitespace.
+        <path id="DejaVuSans-16" d="M 2597 2516 
research/robot-position-observer-results/benchmark.svg:1012: trailing whitespace.
+Q 3050 2419 3304 2112 
research/robot-position-observer-results/benchmark.svg:1013: trailing whitespace.
+Q 3559 1806 3559 1356 
research/robot-position-observer-results/benchmark.svg:1014: trailing whitespace.
+Q 3559 666 3084 287 
research/robot-position-observer-results/benchmark.svg:1015: trailing whitespace.
+Q 2609 -91 1734 -91 
research/robot-position-observer-results/benchmark.svg:1016: trailing whitespace.
+Q 1441 -91 1130 -33 
research/robot-position-observer-results/benchmark.svg:1017: trailing whitespace.
+Q 819 25 488 141 
research/robot-position-observer-results/benchmark.svg:1018: trailing whitespace.
+L 488 750 
research/robot-position-observer-results/benchmark.svg:1019: trailing whitespace.
+Q 750 597 1062 519 
research/robot-position-observer-results/benchmark.svg:1020: trailing whitespace.
+Q 1375 441 1716 441 
research/robot-position-observer-results/benchmark.svg:1021: trailing whitespace.
+Q 2309 441 2620 675 
research/robot-position-observer-results/benchmark.svg:1022: trailing whitespace.
+Q 2931 909 2931 1356 
research/robot-position-observer-results/benchmark.svg:1023: trailing whitespace.
+Q 2931 1769 2642 2001 
research/robot-position-observer-results/benchmark.svg:1024: trailing whitespace.
+Q 2353 2234 1838 2234 
research/robot-position-observer-results/benchmark.svg:1025: trailing whitespace.
+L 1294 2234 
research/robot-position-observer-results/benchmark.svg:1026: trailing whitespace.
+L 1294 2753 
research/robot-position-observer-results/benchmark.svg:1027: trailing whitespace.
+L 1863 2753 
research/robot-position-observer-results/benchmark.svg:1028: trailing whitespace.
+Q 2328 2753 2575 2939 
research/robot-position-observer-results/benchmark.svg:1029: trailing whitespace.
+Q 2822 3125 2822 3475 
research/robot-position-observer-results/benchmark.svg:1030: trailing whitespace.
+Q 2822 3834 2567 4026 
research/robot-position-observer-results/benchmark.svg:1031: trailing whitespace.
+Q 2313 4219 1838 4219 
research/robot-position-observer-results/benchmark.svg:1032: trailing whitespace.
+Q 1578 4219 1281 4162 
research/robot-position-observer-results/benchmark.svg:1033: trailing whitespace.
+Q 984 4106 628 3988 
research/robot-position-observer-results/benchmark.svg:1034: trailing whitespace.
+L 628 4550 
research/robot-position-observer-results/benchmark.svg:1035: trailing whitespace.
+Q 988 4650 1302 4700 
research/robot-position-observer-results/benchmark.svg:1036: trailing whitespace.
+Q 1616 4750 1894 4750 
research/robot-position-observer-results/benchmark.svg:1037: trailing whitespace.
+Q 2613 4750 3031 4423 
research/robot-position-observer-results/benchmark.svg:1038: trailing whitespace.
+Q 3450 4097 3450 3541 
research/robot-position-observer-results/benchmark.svg:1039: trailing whitespace.
+Q 3450 3153 3228 2886 
research/robot-position-observer-results/benchmark.svg:1040: trailing whitespace.
+Q 3006 2619 2597 2516 
research/robot-position-observer-results/benchmark.svg:1043: trailing whitespace.
+        <path id="DejaVuSans-15" d="M 1228 531 
research/robot-position-observer-results/benchmark.svg:1044: trailing whitespace.
+L 3431 531 
research/robot-position-observer-results/benchmark.svg:1045: trailing whitespace.
+L 3431 0 
research/robot-position-observer-results/benchmark.svg:1046: trailing whitespace.
+L 469 0 
research/robot-position-observer-results/benchmark.svg:1047: trailing whitespace.
+L 469 531 
research/robot-position-observer-results/benchmark.svg:1048: trailing whitespace.
+Q 828 903 1448 1529 
research/robot-position-observer-results/benchmark.svg:1049: trailing whitespace.
+Q 2069 2156 2228 2338 
research/robot-position-observer-results/benchmark.svg:1050: trailing whitespace.
+Q 2531 2678 2651 2914 
research/robot-position-observer-results/benchmark.svg:1051: trailing whitespace.
+Q 2772 3150 2772 3378 
research/robot-position-observer-results/benchmark.svg:1052: trailing whitespace.
+Q 2772 3750 2511 3984 
research/robot-position-observer-results/benchmark.svg:1053: trailing whitespace.
+Q 2250 4219 1831 4219 
research/robot-position-observer-results/benchmark.svg:1054: trailing whitespace.
+Q 1534 4219 1204 4116 
research/robot-position-observer-results/benchmark.svg:1055: trailing whitespace.
+Q 875 4013 500 3803 
research/robot-position-observer-results/benchmark.svg:1056: trailing whitespace.
+L 500 4441 
research/robot-position-observer-results/benchmark.svg:1057: trailing whitespace.
+Q 881 4594 1212 4672 
research/robot-position-observer-results/benchmark.svg:1058: trailing whitespace.
+Q 1544 4750 1819 4750 
research/robot-position-observer-results/benchmark.svg:1059: trailing whitespace.
+Q 2544 4750 2975 4387 
research/robot-position-observer-results/benchmark.svg:1060: trailing whitespace.
+Q 3406 4025 3406 3419 
research/robot-position-observer-results/benchmark.svg:1061: trailing whitespace.
+Q 3406 3131 3298 2873 
research/robot-position-observer-results/benchmark.svg:1062: trailing whitespace.
+Q 3191 2616 2906 2266 
research/robot-position-observer-results/benchmark.svg:1063: trailing whitespace.
+Q 2828 2175 2409 1742 
research/robot-position-observer-results/benchmark.svg:1064: trailing whitespace.
+Q 1991 1309 1228 531 
research/robot-position-observer-results/benchmark.svg:1086: trailing whitespace.
+        <path id="DejaVuSans-4a" d="M 2906 1791 
research/robot-position-observer-results/benchmark.svg:1087: trailing whitespace.
+Q 2906 2416 2648 2759 
research/robot-position-observer-results/benchmark.svg:1088: trailing whitespace.
+Q 2391 3103 1925 3103 
research/robot-position-observer-results/benchmark.svg:1089: trailing whitespace.
+Q 1463 3103 1205 2759 
research/robot-position-observer-results/benchmark.svg:1090: trailing whitespace.
+Q 947 2416 947 1791 
research/robot-position-observer-results/benchmark.svg:1091: trailing whitespace.
+Q 947 1169 1205 825 
research/robot-position-observer-results/benchmark.svg:1092: trailing whitespace.
+Q 1463 481 1925 481 
research/robot-position-observer-results/benchmark.svg:1093: trailing whitespace.
+Q 2391 481 2648 825 
research/robot-position-observer-results/benchmark.svg:1094: trailing whitespace.
+Q 2906 1169 2906 1791 
research/robot-position-observer-results/benchmark.svg:1096: trailing whitespace.
+M 3481 434 
research/robot-position-observer-results/benchmark.svg:1097: trailing whitespace.
+Q 3481 -459 3084 -895 
research/robot-position-observer-results/benchmark.svg:1098: trailing whitespace.
+Q 2688 -1331 1869 -1331 
research/robot-position-observer-results/benchmark.svg:1099: trailing whitespace.
+Q 1566 -1331 1297 -1286 
research/robot-position-observer-results/benchmark.svg:1100: trailing whitespace.
+Q 1028 -1241 775 -1147 
research/robot-position-observer-results/benchmark.svg:1101: trailing whitespace.
+L 775 -588 
research/robot-position-observer-results/benchmark.svg:1102: trailing whitespace.
+Q 1028 -725 1275 -790 
research/robot-position-observer-results/benchmark.svg:1103: trailing whitespace.
+Q 1522 -856 1778 -856 
research/robot-position-observer-results/benchmark.svg:1104: trailing whitespace.
+Q 2344 -856 2625 -561 
research/robot-position-observer-results/benchmark.svg:1105: trailing whitespace.
+Q 2906 -266 2906 331 
research/robot-position-observer-results/benchmark.svg:1106: trailing whitespace.
+L 2906 616 
research/robot-position-observer-results/benchmark.svg:1107: trailing whitespace.
+Q 2728 306 2450 153 
research/robot-position-observer-results/benchmark.svg:1108: trailing whitespace.
+Q 2172 0 1784 0 
research/robot-position-observer-results/benchmark.svg:1109: trailing whitespace.
+Q 1141 0 747 490 
research/robot-position-observer-results/benchmark.svg:1110: trailing whitespace.
+Q 353 981 353 1791 
research/robot-position-observer-results/benchmark.svg:1111: trailing whitespace.
+Q 353 2603 747 3093 
research/robot-position-observer-results/benchmark.svg:1112: trailing whitespace.
+Q 1141 3584 1784 3584 
research/robot-position-observer-results/benchmark.svg:1113: trailing whitespace.
+Q 2172 3584 2450 3431 
research/robot-position-observer-results/benchmark.svg:1114: trailing whitespace.
+Q 2728 3278 2906 2969 
research/robot-position-observer-results/benchmark.svg:1115: trailing whitespace.
+L 2906 3500 
research/robot-position-observer-results/benchmark.svg:1116: trailing whitespace.
+L 3481 3500 
research/robot-position-observer-results/benchmark.svg:1117: trailing whitespace.
+L 3481 434 
research/robot-position-observer-results/benchmark.svg:1120: trailing whitespace.
+        <path id="DejaVuSans-5c" d="M 2059 -325 
research/robot-position-observer-results/benchmark.svg:1121: trailing whitespace.
+Q 1816 -950 1584 -1140 
research/robot-position-observer-results/benchmark.svg:1122: trailing whitespace.
+Q 1353 -1331 966 -1331 
research/robot-position-observer-results/benchmark.svg:1123: trailing whitespace.
+L 506 -1331 
research/robot-position-observer-results/benchmark.svg:1124: trailing whitespace.
+L 506 -850 
research/robot-position-observer-results/benchmark.svg:1125: trailing whitespace.
+L 844 -850 
research/robot-position-observer-results/benchmark.svg:1126: trailing whitespace.
+Q 1081 -850 1212 -737 
research/robot-position-observer-results/benchmark.svg:1127: trailing whitespace.
+Q 1344 -625 1503 -206 
research/robot-position-observer-results/benchmark.svg:1128: trailing whitespace.
+L 1606 56 
research/robot-position-observer-results/benchmark.svg:1129: trailing whitespace.
+L 191 3500 
research/robot-position-observer-results/benchmark.svg:1130: trailing whitespace.
+L 800 3500 
research/robot-position-observer-results/benchmark.svg:1131: trailing whitespace.
+L 1894 763 
research/robot-position-observer-results/benchmark.svg:1132: trailing whitespace.
+L 2988 3500 
research/robot-position-observer-results/benchmark.svg:1133: trailing whitespace.
+L 3597 3500 
research/robot-position-observer-results/benchmark.svg:1134: trailing whitespace.
+L 2059 -325 
research/robot-position-observer-results/benchmark.svg:1165: trailing whitespace.
+        <path id="DejaVuSans-14" d="M 794 531 
research/robot-position-observer-results/benchmark.svg:1166: trailing whitespace.
+L 1825 531 
research/robot-position-observer-results/benchmark.svg:1167: trailing whitespace.
+L 1825 4091 
research/robot-position-observer-results/benchmark.svg:1168: trailing whitespace.
+L 703 3866 
research/robot-position-observer-results/benchmark.svg:1169: trailing whitespace.
+L 703 4441 
research/robot-position-observer-results/benchmark.svg:1170: trailing whitespace.
+L 1819 4666 
research/robot-position-observer-results/benchmark.svg:1171: trailing whitespace.
+L 2450 4666 
research/robot-position-observer-results/benchmark.svg:1172: trailing whitespace.
+L 2450 531 
research/robot-position-observer-results/benchmark.svg:1173: trailing whitespace.
+L 3481 531 
research/robot-position-observer-results/benchmark.svg:1174: trailing whitespace.
+L 3481 0 
research/robot-position-observer-results/benchmark.svg:1175: trailing whitespace.
+L 794 0 
research/robot-position-observer-results/benchmark.svg:1176: trailing whitespace.
+L 794 531 
research/robot-position-observer-results/benchmark.svg:1179: trailing whitespace.
+        <path id="DejaVuSans-13" d="M 2034 4250 
research/robot-position-observer-results/benchmark.svg:1180: trailing whitespace.
+Q 1547 4250 1301 3770 
research/robot-position-observer-results/benchmark.svg:1181: trailing whitespace.
+Q 1056 3291 1056 2328 
research/robot-position-observer-results/benchmark.svg:1182: trailing whitespace.
+Q 1056 1369 1301 889 
research/robot-position-observer-results/benchmark.svg:1183: trailing whitespace.
+Q 1547 409 2034 409 
research/robot-position-observer-results/benchmark.svg:1184: trailing whitespace.
+Q 2525 409 2770 889 
research/robot-position-observer-results/benchmark.svg:1185: trailing whitespace.
+Q 3016 1369 3016 2328 
research/robot-position-observer-results/benchmark.svg:1186: trailing whitespace.
+Q 3016 3291 2770 3770 
research/robot-position-observer-results/benchmark.svg:1187: trailing whitespace.
+Q 2525 4250 2034 4250 
research/robot-position-observer-results/benchmark.svg:1189: trailing whitespace.
+M 2034 4750 
research/robot-position-observer-results/benchmark.svg:1190: trailing whitespace.
+Q 2819 4750 3233 4129 
research/robot-position-observer-results/benchmark.svg:1191: trailing whitespace.
+Q 3647 3509 3647 2328 
research/robot-position-observer-results/benchmark.svg:1192: trailing whitespace.
+Q 3647 1150 3233 529 
research/robot-position-observer-results/benchmark.svg:1193: trailing whitespace.
+Q 2819 -91 2034 -91 
research/robot-position-observer-results/benchmark.svg:1194: trailing whitespace.
+Q 1250 -91 836 529 
research/robot-position-observer-results/benchmark.svg:1195: trailing whitespace.
+Q 422 1150 422 2328 
research/robot-position-observer-results/benchmark.svg:1196: trailing whitespace.
+Q 422 3509 836 4129 
research/robot-position-observer-results/benchmark.svg:1197: trailing whitespace.
+Q 1250 4750 2034 4750 
research/robot-position-observer-results/benchmark.svg:1219: trailing whitespace.
+        <path id="DejaVuSans-26" d="M 4122 4306 
research/robot-position-observer-results/benchmark.svg:1220: trailing whitespace.
+L 4122 3641 
research/robot-position-observer-results/benchmark.svg:1221: trailing whitespace.
+Q 3803 3938 3442 4084 
research/robot-position-observer-results/benchmark.svg:1222: trailing whitespace.
+Q 3081 4231 2675 4231 
research/robot-position-observer-results/benchmark.svg:1223: trailing whitespace.
+Q 1875 4231 1450 3742 
research/robot-position-observer-results/benchmark.svg:1224: trailing whitespace.
+Q 1025 3253 1025 2328 
research/robot-position-observer-results/benchmark.svg:1225: trailing whitespace.
+Q 1025 1406 1450 917 
research/robot-position-observer-results/benchmark.svg:1226: trailing whitespace.
+Q 1875 428 2675 428 
research/robot-position-observer-results/benchmark.svg:1227: trailing whitespace.
+Q 3081 428 3442 575 
research/robot-position-observer-results/benchmark.svg:1228: trailing whitespace.
+Q 3803 722 4122 1019 
research/robot-position-observer-results/benchmark.svg:1229: trailing whitespace.
+L 4122 359 
research/robot-position-observer-results/benchmark.svg:1230: trailing whitespace.
+Q 3791 134 3420 21 
research/robot-position-observer-results/benchmark.svg:1231: trailing whitespace.
+Q 3050 -91 2638 -91 
research/robot-position-observer-results/benchmark.svg:1232: trailing whitespace.
+Q 1578 -91 968 557 
research/robot-position-observer-results/benchmark.svg:1233: trailing whitespace.
+Q 359 1206 359 2328 
research/robot-position-observer-results/benchmark.svg:1234: trailing whitespace.
+Q 359 3453 968 4101 
research/robot-position-observer-results/benchmark.svg:1235: trailing whitespace.
+Q 1578 4750 2638 4750 
research/robot-position-observer-results/benchmark.svg:1236: trailing whitespace.
+Q 3056 4750 3426 4639 
research/robot-position-observer-results/benchmark.svg:1237: trailing whitespace.
+Q 3797 4528 4122 4306 
research/robot-position-observer-results/benchmark.svg:1296: trailing whitespace.
+        <path id="DejaVuSans-24" d="M 2188 4044 
research/robot-position-observer-results/benchmark.svg:1297: trailing whitespace.
+L 1331 1722 
research/robot-position-observer-results/benchmark.svg:1298: trailing whitespace.
+L 3047 1722 
research/robot-position-observer-results/benchmark.svg:1299: trailing whitespace.
+L 2188 4044 
research/robot-position-observer-results/benchmark.svg:1301: trailing whitespace.
+M 1831 4666 
research/robot-position-observer-results/benchmark.svg:1302: trailing whitespace.
+L 2547 4666 
research/robot-position-observer-results/benchmark.svg:1303: trailing whitespace.
+L 4325 0 
research/robot-position-observer-results/benchmark.svg:1304: trailing whitespace.
+L 3669 0 
research/robot-position-observer-results/benchmark.svg:1305: trailing whitespace.
+L 3244 1197 
research/robot-position-observer-results/benchmark.svg:1306: trailing whitespace.
+L 1141 1197 
research/robot-position-observer-results/benchmark.svg:1307: trailing whitespace.
+L 716 0 
research/robot-position-observer-results/benchmark.svg:1308: trailing whitespace.
+L 50 0 
research/robot-position-observer-results/benchmark.svg:1309: trailing whitespace.
+L 1831 4666 
research/robot-position-observer-results/benchmark.svg:1353: trailing whitespace.
+      <path d="M 55.882344 343.600059 
research/robot-position-observer-results/benchmark.svg:1354: trailing whitespace.
+L 750.6 343.600059 
research/robot-position-observer-results/benchmark.svg:1359: trailing whitespace.
+       <path id="m561a79f963" d="M 0 0 
research/robot-position-observer-results/benchmark.svg:1360: trailing whitespace.
+L -3.5 0 
research/robot-position-observer-results/benchmark.svg:1376: trailing whitespace.
+      <path d="M 55.882344 318.370932 
research/robot-position-observer-results/benchmark.svg:1377: trailing whitespace.
+L 750.6 318.370932 
research/robot-position-observer-results/benchmark.svg:1389: trailing whitespace.
+        <path id="DejaVuSans-c9c" d="M 678 2272 
research/robot-position-observer-results/benchmark.svg:1390: trailing whitespace.
+L 4684 2272 
research/robot-position-observer-results/benchmark.svg:1391: trailing whitespace.
+L 4684 1741 
research/robot-position-observer-results/benchmark.svg:1392: trailing whitespace.
+L 678 1741 
research/robot-position-observer-results/benchmark.svg:1393: trailing whitespace.
+L 678 2272 
research/robot-position-observer-results/benchmark.svg:1406: trailing whitespace.
+      <path d="M 55.882344 295.664718 
research/robot-position-observer-results/benchmark.svg:1407: trailing whitespace.
+L 750.6 295.664718 
research/robot-position-observer-results/benchmark.svg:1426: trailing whitespace.
+      <path d="M 55.882344 272.958503 
research/robot-position-observer-results/benchmark.svg:1427: trailing whitespace.
+L 750.6 272.958503 
research/robot-position-observer-results/benchmark.svg:1446: trailing whitespace.
+      <path d="M 55.882344 250.252288 
research/robot-position-observer-results/benchmark.svg:1447: trailing whitespace.
+L 750.6 250.252288 
research/robot-position-observer-results/benchmark.svg:1466: trailing whitespace.
+      <path d="M 55.882344 227.546074 
research/robot-position-observer-results/benchmark.svg:1467: trailing whitespace.
+L 750.6 227.546074 
research/robot-position-observer-results/benchmark.svg:1486: trailing whitespace.
+      <path d="M 55.882344 204.839859 
research/robot-position-observer-results/benchmark.svg:1487: trailing whitespace.
+L 750.6 204.839859 
research/robot-position-observer-results/benchmark.svg:1499: trailing whitespace.
+        <path id="DejaVuSans-17" d="M 2419 4116 
research/robot-position-observer-results/benchmark.svg:1500: trailing whitespace.
+L 825 1625 
research/robot-position-observer-results/benchmark.svg:1501: trailing whitespace.
+L 2419 1625 
research/robot-position-observer-results/benchmark.svg:1502: trailing whitespace.
+L 2419 4116 
research/robot-position-observer-results/benchmark.svg:1504: trailing whitespace.
+M 2253 4666 
research/robot-position-observer-results/benchmark.svg:1505: trailing whitespace.
+L 3047 4666 
research/robot-position-observer-results/benchmark.svg:1506: trailing whitespace.
+L 3047 1625 
research/robot-position-observer-results/benchmark.svg:1507: trailing whitespace.
+L 3713 1625 
research/robot-position-observer-results/benchmark.svg:1508: trailing whitespace.
+L 3713 1100 
research/robot-position-observer-results/benchmark.svg:1509: trailing whitespace.
+L 3047 1100 
research/robot-position-observer-results/benchmark.svg:1510: trailing whitespace.
+L 3047 0 
research/robot-position-observer-results/benchmark.svg:1511: trailing whitespace.
+L 2419 0 
research/robot-position-observer-results/benchmark.svg:1512: trailing whitespace.
+L 2419 1100 
research/robot-position-observer-results/benchmark.svg:1513: trailing whitespace.
+L 313 1100 
research/robot-position-observer-results/benchmark.svg:1514: trailing whitespace.
+L 313 1709 
research/robot-position-observer-results/benchmark.svg:1515: trailing whitespace.
+L 2253 4666 
research/robot-position-observer-results/benchmark.svg:1527: trailing whitespace.
+      <path d="M 55.882344 182.133645 
research/robot-position-observer-results/benchmark.svg:1528: trailing whitespace.
+L 750.6 182.133645 
research/robot-position-observer-results/benchmark.svg:1540: trailing whitespace.
+        <path id="DejaVuSans-18" d="M 691 4666 
research/robot-position-observer-results/benchmark.svg:1541: trailing whitespace.
+L 3169 4666 
research/robot-position-observer-results/benchmark.svg:1542: trailing whitespace.
+L 3169 4134 
research/robot-position-observer-results/benchmark.svg:1543: trailing whitespace.
+L 1269 4134 
research/robot-position-observer-results/benchmark.svg:1544: trailing whitespace.
+L 1269 2991 
research/robot-position-observer-results/benchmark.svg:1545: trailing whitespace.
+Q 1406 3038 1543 3061 
research/robot-position-observer-results/benchmark.svg:1546: trailing whitespace.
+Q 1681 3084 1819 3084 
research/robot-position-observer-results/benchmark.svg:1547: trailing whitespace.
+Q 2600 3084 3056 2656 
research/robot-position-observer-results/benchmark.svg:1548: trailing whitespace.
+Q 3513 2228 3513 1497 
research/robot-position-observer-results/benchmark.svg:1549: trailing whitespace.
+Q 3513 744 3044 326 
research/robot-position-observer-results/benchmark.svg:1550: trailing whitespace.
+Q 2575 -91 1722 -91 
research/robot-position-observer-results/benchmark.svg:1551: trailing whitespace.
+Q 1428 -91 1123 -41 
research/robot-position-observer-results/benchmark.svg:1552: trailing whitespace.
+Q 819 9 494 109 
research/robot-position-observer-results/benchmark.svg:1553: trailing whitespace.
+L 494 744 
research/robot-position-observer-results/benchmark.svg:1554: trailing whitespace.
+Q 775 591 1075 516 
research/robot-position-observer-results/benchmark.svg:1555: trailing whitespace.
+Q 1375 441 1709 441 
research/robot-position-observer-results/benchmark.svg:1556: trailing whitespace.
+Q 2250 441 2565 725 
research/robot-position-observer-results/benchmark.svg:1557: trailing whitespace.
+Q 2881 1009 2881 1497 
research/robot-position-observer-results/benchmark.svg:1558: trailing whitespace.
+Q 2881 1984 2565 2268 
research/robot-position-observer-results/benchmark.svg:1559: trailing whitespace.
+Q 2250 2553 1709 2553 
research/robot-position-observer-results/benchmark.svg:1560: trailing whitespace.
+Q 1456 2553 1204 2497 
research/robot-position-observer-results/benchmark.svg:1561: trailing whitespace.
+Q 953 2441 691 2322 
research/robot-position-observer-results/benchmark.svg:1562: trailing whitespace.
+L 691 4666 
research/robot-position-observer-results/benchmark.svg:1574: trailing whitespace.
+      <path d="M 55.882344 159.42743 
research/robot-position-observer-results/benchmark.svg:1575: trailing whitespace.
+L 750.6 159.42743 
research/robot-position-observer-results/benchmark.svg:1587: trailing whitespace.
+        <path id="DejaVuSans-19" d="M 2113 2584 
research/robot-position-observer-results/benchmark.svg:1588: trailing whitespace.
+Q 1688 2584 1439 2293 
research/robot-position-observer-results/benchmark.svg:1589: trailing whitespace.
+Q 1191 2003 1191 1497 
research/robot-position-observer-results/benchmark.svg:1590: trailing whitespace.
+Q 1191 994 1439 701 
research/robot-position-observer-results/benchmark.svg:1591: trailing whitespace.
+Q 1688 409 2113 409 
research/robot-position-observer-results/benchmark.svg:1592: trailing whitespace.
+Q 2538 409 2786 701 
research/robot-position-observer-results/benchmark.svg:1593: trailing whitespace.
+Q 3034 994 3034 1497 
research/robot-position-observer-results/benchmark.svg:1594: trailing whitespace.
+Q 3034 2003 2786 2293 
research/robot-position-observer-results/benchmark.svg:1595: trailing whitespace.
+Q 2538 2584 2113 2584 
research/robot-position-observer-results/benchmark.svg:1597: trailing whitespace.
+M 3366 4563 
research/robot-position-observer-results/benchmark.svg:1598: trailing whitespace.
+L 3366 3988 
research/robot-position-observer-results/benchmark.svg:1599: trailing whitespace.
+Q 3128 4100 2886 4159 
research/robot-position-observer-results/benchmark.svg:1600: trailing whitespace.
+Q 2644 4219 2406 4219 
research/robot-position-observer-results/benchmark.svg:1601: trailing whitespace.
+Q 1781 4219 1451 3797 
research/robot-position-observer-results/benchmark.svg:1602: trailing whitespace.
+Q 1122 3375 1075 2522 
research/robot-position-observer-results/benchmark.svg:1603: trailing whitespace.
+Q 1259 2794 1537 2939 
research/robot-position-observer-results/benchmark.svg:1604: trailing whitespace.
+Q 1816 3084 2150 3084 
research/robot-position-observer-results/benchmark.svg:1605: trailing whitespace.
+Q 2853 3084 3261 2657 
research/robot-position-observer-results/benchmark.svg:1606: trailing whitespace.
+Q 3669 2231 3669 1497 
research/robot-position-observer-results/benchmark.svg:1607: trailing whitespace.
+Q 3669 778 3244 343 
research/robot-position-observer-results/benchmark.svg:1608: trailing whitespace.
+Q 2819 -91 2113 -91 
research/robot-position-observer-results/benchmark.svg:1609: trailing whitespace.
+Q 1303 -91 875 529 
research/robot-position-observer-results/benchmark.svg:1610: trailing whitespace.
+Q 447 1150 447 2328 
research/robot-position-observer-results/benchmark.svg:1611: trailing whitespace.
+Q 447 3434 972 4092 
research/robot-position-observer-results/benchmark.svg:1612: trailing whitespace.
+Q 1497 4750 2381 4750 
research/robot-position-observer-results/benchmark.svg:1613: trailing whitespace.
+Q 2619 4750 2861 4703 
research/robot-position-observer-results/benchmark.svg:1614: trailing whitespace.
+Q 3103 4656 3366 4563 
research/robot-position-observer-results/benchmark.svg:1626: trailing whitespace.
+      <path d="M 55.882344 136.721216 
research/robot-position-observer-results/benchmark.svg:1627: trailing whitespace.
+L 750.6 136.721216 
research/robot-position-observer-results/benchmark.svg:1639: trailing whitespace.
+        <path id="DejaVuSans-1a" d="M 525 4666 
research/robot-position-observer-results/benchmark.svg:1640: trailing whitespace.
+L 3525 4666 
research/robot-position-observer-results/benchmark.svg:1641: trailing whitespace.
+L 3525 4397 
research/robot-position-observer-results/benchmark.svg:1642: trailing whitespace.
+L 1831 0 
research/robot-position-observer-results/benchmark.svg:1643: trailing whitespace.
+L 1172 0 
research/robot-position-observer-results/benchmark.svg:1644: trailing whitespace.
+L 2766 4134 
research/robot-position-observer-results/benchmark.svg:1645: trailing whitespace.
+L 525 4134 
research/robot-position-observer-results/benchmark.svg:1646: trailing whitespace.
+L 525 4666 
research/robot-position-observer-results/benchmark.svg:1658: trailing whitespace.
+      <path d="M 55.882344 114.015001 
research/robot-position-observer-results/benchmark.svg:1659: trailing whitespace.
+L 750.6 114.015001 
research/robot-position-observer-results/benchmark.svg:1671: trailing whitespace.
+        <path id="DejaVuSans-1b" d="M 2034 2216 
research/robot-position-observer-results/benchmark.svg:1672: trailing whitespace.
+Q 1584 2216 1326 1975 
research/robot-position-observer-results/benchmark.svg:1673: trailing whitespace.
+Q 1069 1734 1069 1313 
research/robot-position-observer-results/benchmark.svg:1674: trailing whitespace.
+Q 1069 891 1326 650 
research/robot-position-observer-results/benchmark.svg:1675: trailing whitespace.
+Q 1584 409 2034 409 
research/robot-position-observer-results/benchmark.svg:1676: trailing whitespace.
+Q 2484 409 2743 651 
research/robot-position-observer-results/benchmark.svg:1677: trailing whitespace.
+Q 3003 894 3003 1313 
research/robot-position-observer-results/benchmark.svg:1678: trailing whitespace.
+Q 3003 1734 2745 1975 
research/robot-position-observer-results/benchmark.svg:1679: trailing whitespace.
+Q 2488 2216 2034 2216 
research/robot-position-observer-results/benchmark.svg:1681: trailing whitespace.
+M 1403 2484 
research/robot-position-observer-results/benchmark.svg:1682: trailing whitespace.
+Q 997 2584 770 2862 
research/robot-position-observer-results/benchmark.svg:1683: trailing whitespace.
+Q 544 3141 544 3541 
research/robot-position-observer-results/benchmark.svg:1684: trailing whitespace.
+Q 544 4100 942 4425 
research/robot-position-observer-results/benchmark.svg:1685: trailing whitespace.
+Q 1341 4750 2034 4750 
research/robot-position-observer-results/benchmark.svg:1686: trailing whitespace.
+Q 2731 4750 3128 4425 
research/robot-position-observer-results/benchmark.svg:1687: trailing whitespace.
+Q 3525 4100 3525 3541 
research/robot-position-observer-results/benchmark.svg:1688: trailing whitespace.
+Q 3525 3141 3298 2862 
research/robot-position-observer-results/benchmark.svg:1689: trailing whitespace.
+Q 3072 2584 2669 2484 
research/robot-position-observer-results/benchmark.svg:1690: trailing whitespace.
+Q 3125 2378 3379 2068 
research/robot-position-observer-results/benchmark.svg:1691: trailing whitespace.
+Q 3634 1759 3634 1313 
research/robot-position-observer-results/benchmark.svg:1692: trailing whitespace.
+Q 3634 634 3220 271 
research/robot-position-observer-results/benchmark.svg:1693: trailing whitespace.
+Q 2806 -91 2034 -91 
research/robot-position-observer-results/benchmark.svg:1694: trailing whitespace.
+Q 1263 -91 848 271 
research/robot-position-observer-results/benchmark.svg:1695: trailing whitespace.
+Q 434 634 434 1313 
research/robot-position-observer-results/benchmark.svg:1696: trailing whitespace.
+Q 434 1759 690 2068 
research/robot-position-observer-results/benchmark.svg:1697: trailing whitespace.
+Q 947 2378 1403 2484 
research/robot-position-observer-results/benchmark.svg:1699: trailing whitespace.
+M 1172 3481 
research/robot-position-observer-results/benchmark.svg:1700: trailing whitespace.
+Q 1172 3119 1398 2916 
research/robot-position-observer-results/benchmark.svg:1701: trailing whitespace.
+Q 1625 2713 2034 2713 
research/robot-position-observer-results/benchmark.svg:1702: trailing whitespace.
+Q 2441 2713 2670 2916 
research/robot-position-observer-results/benchmark.svg:1703: trailing whitespace.
+Q 2900 3119 2900 3481 
research/robot-position-observer-results/benchmark.svg:1704: trailing whitespace.
+Q 2900 3844 2670 4047 
research/robot-position-observer-results/benchmark.svg:1705: trailing whitespace.
+Q 2441 4250 2034 4250 
research/robot-position-observer-results/benchmark.svg:1706: trailing whitespace.
+Q 1625 4250 1398 4047 
research/robot-position-observer-results/benchmark.svg:1707: trailing whitespace.
+Q 1172 3844 1172 3481 
research/robot-position-observer-results/benchmark.svg:1719: trailing whitespace.
+      <path d="M 55.882344 91.308787 
research/robot-position-observer-results/benchmark.svg:1720: trailing whitespace.
+L 750.6 91.308787 
research/robot-position-observer-results/benchmark.svg:1732: trailing whitespace.
+        <path id="DejaVuSans-1c" d="M 703 97 
research/robot-position-observer-results/benchmark.svg:1733: trailing whitespace.
+L 703 672 
research/robot-position-observer-results/benchmark.svg:1734: trailing whitespace.
+Q 941 559 1184 500 
research/robot-position-observer-results/benchmark.svg:1735: trailing whitespace.
+Q 1428 441 1663 441 
research/robot-position-observer-results/benchmark.svg:1736: trailing whitespace.
+Q 2288 441 2617 861 
research/robot-position-observer-results/benchmark.svg:1737: trailing whitespace.
+Q 2947 1281 2994 2138 
research/robot-position-observer-results/benchmark.svg:1738: trailing whitespace.
+Q 2813 1869 2534 1725 
research/robot-position-observer-results/benchmark.svg:1739: trailing whitespace.
+Q 2256 1581 1919 1581 
research/robot-position-observer-results/benchmark.svg:1740: trailing whitespace.
+Q 1219 1581 811 2004 
research/robot-position-observer-results/benchmark.svg:1741: trailing whitespace.
+Q 403 2428 403 3163 
research/robot-position-observer-results/benchmark.svg:1742: trailing whitespace.
+Q 403 3881 828 4315 
research/robot-position-observer-results/benchmark.svg:1743: trailing whitespace.
+Q 1253 4750 1959 4750 
research/robot-position-observer-results/benchmark.svg:1744: trailing whitespace.
+Q 2769 4750 3195 4129 
research/robot-position-observer-results/benchmark.svg:1745: trailing whitespace.
+Q 3622 3509 3622 2328 
research/robot-position-observer-results/benchmark.svg:1746: trailing whitespace.
+Q 3622 1225 3098 567 
research/robot-position-observer-results/benchmark.svg:1747: trailing whitespace.
+Q 2575 -91 1691 -91 
research/robot-position-observer-results/benchmark.svg:1748: trailing whitespace.
+Q 1453 -91 1209 -44 
research/robot-position-observer-results/benchmark.svg:1749: trailing whitespace.
+Q 966 3 703 97 
research/robot-position-observer-results/benchmark.svg:1751: trailing whitespace.
+M 1959 2075 
research/robot-position-observer-results/benchmark.svg:1752: trailing whitespace.
+Q 2384 2075 2632 2365 
research/robot-position-observer-results/benchmark.svg:1753: trailing whitespace.
+Q 2881 2656 2881 3163 
research/robot-position-observer-results/benchmark.svg:1754: trailing whitespace.
+Q 2881 3666 2632 3958 
research/robot-position-observer-results/benchmark.svg:1755: trailing whitespace.
+Q 2384 4250 1959 4250 
research/robot-position-observer-results/benchmark.svg:1756: trailing whitespace.
+Q 1534 4250 1286 3958 
research/robot-position-observer-results/benchmark.svg:1757: trailing whitespace.
+Q 1038 3666 1038 3163 
research/robot-position-observer-results/benchmark.svg:1758: trailing whitespace.
+Q 1038 2656 1286 2365 
research/robot-position-observer-results/benchmark.svg:1759: trailing whitespace.
+Q 1534 2075 1959 2075 
research/robot-position-observer-results/benchmark.svg:1773: trailing whitespace.
+       <path id="DejaVuSans-2b" d="M 628 4666 
research/robot-position-observer-results/benchmark.svg:1774: trailing whitespace.
+L 1259 4666 
research/robot-position-observer-results/benchmark.svg:1775: trailing whitespace.
+L 1259 2753 
research/robot-position-observer-results/benchmark.svg:1776: trailing whitespace.
+L 3553 2753 
research/robot-position-observer-results/benchmark.svg:1777: trailing whitespace.
+L 3553 4666 
research/robot-position-observer-results/benchmark.svg:1778: trailing whitespace.
+L 4184 4666 
research/robot-position-observer-results/benchmark.svg:1779: trailing whitespace.
+L 4184 0 
research/robot-position-observer-results/benchmark.svg:1780: trailing whitespace.
+L 3553 0 
research/robot-position-observer-results/benchmark.svg:1781: trailing whitespace.
+L 3553 2222 
research/robot-position-observer-results/benchmark.svg:1782: trailing whitespace.
+L 1259 2222 
research/robot-position-observer-results/benchmark.svg:1783: trailing whitespace.
+L 1259 0 
research/robot-position-observer-results/benchmark.svg:1784: trailing whitespace.
+L 628 0 
research/robot-position-observer-results/benchmark.svg:1785: trailing whitespace.
+L 628 4666 
research/robot-position-observer-results/benchmark.svg:1788: trailing whitespace.
+       <path id="DejaVuSans-30" d="M 628 4666 
research/robot-position-observer-results/benchmark.svg:1789: trailing whitespace.
+L 1569 4666 
research/robot-position-observer-results/benchmark.svg:1790: trailing whitespace.
+L 2759 1491 
research/robot-position-observer-results/benchmark.svg:1791: trailing whitespace.
+L 3956 4666 
research/robot-position-observer-results/benchmark.svg:1792: trailing whitespace.
+L 4897 4666 
research/robot-position-observer-results/benchmark.svg:1793: trailing whitespace.
+L 4897 0 
research/robot-position-observer-results/benchmark.svg:1794: trailing whitespace.
+L 4281 0 
research/robot-position-observer-results/benchmark.svg:1795: trailing whitespace.
+L 4281 4097 
research/robot-position-observer-results/benchmark.svg:1796: trailing whitespace.
+L 3078 897 
research/robot-position-observer-results/benchmark.svg:1797: trailing whitespace.
+L 2444 897 
research/robot-position-observer-results/benchmark.svg:1798: trailing whitespace.
+L 1241 4097 
research/robot-position-observer-results/benchmark.svg:1799: trailing whitespace.
+L 1241 0 
research/robot-position-observer-results/benchmark.svg:1800: trailing whitespace.
+L 628 0 
research/robot-position-observer-results/benchmark.svg:1801: trailing whitespace.
+L 628 4666 
research/robot-position-observer-results/benchmark.svg:1804: trailing whitespace.
+       <path id="DejaVuSans-36" d="M 3425 4513 
research/robot-position-observer-results/benchmark.svg:1805: trailing whitespace.
+L 3425 3897 
research/robot-position-observer-results/benchmark.svg:1806: trailing whitespace.
+Q 3066 4069 2747 4153 
research/robot-position-observer-results/benchmark.svg:1807: trailing whitespace.
+Q 2428 4238 2131 4238 
research/robot-position-observer-results/benchmark.svg:1808: trailing whitespace.
+Q 1616 4238 1336 4038 
research/robot-position-observer-results/benchmark.svg:1809: trailing whitespace.
+Q 1056 3838 1056 3469 
research/robot-position-observer-results/benchmark.svg:1810: trailing whitespace.
+Q 1056 3159 1242 3001 
research/robot-position-observer-results/benchmark.svg:1811: trailing whitespace.
+Q 1428 2844 1947 2747 
research/robot-position-observer-results/benchmark.svg:1812: trailing whitespace.
+L 2328 2669 
research/robot-position-observer-results/benchmark.svg:1813: trailing whitespace.
+Q 3034 2534 3370 2195 
research/robot-position-observer-results/benchmark.svg:1814: trailing whitespace.
+Q 3706 1856 3706 1288 
research/robot-position-observer-results/benchmark.svg:1815: trailing whitespace.
+Q 3706 609 3251 259 
research/robot-position-observer-results/benchmark.svg:1816: trailing whitespace.
+Q 2797 -91 1919 -91 
research/robot-position-observer-results/benchmark.svg:1817: trailing whitespace.
+Q 1588 -91 1214 -16 
research/robot-position-observer-results/benchmark.svg:1818: trailing whitespace.
+Q 841 59 441 206 
research/robot-position-observer-results/benchmark.svg:1819: trailing whitespace.
+L 441 856 
research/robot-position-observer-results/benchmark.svg:1820: trailing whitespace.
+Q 825 641 1194 531 
research/robot-position-observer-results/benchmark.svg:1821: trailing whitespace.
+Q 1563 422 1919 422 
research/robot-position-observer-results/benchmark.svg:1822: trailing whitespace.
+Q 2459 422 2753 634 
research/robot-position-observer-results/benchmark.svg:1823: trailing whitespace.
+Q 3047 847 3047 1241 
research/robot-position-observer-results/benchmark.svg:1824: trailing whitespace.
+Q 3047 1584 2836 1778 
research/robot-position-observer-results/benchmark.svg:1825: trailing whitespace.
+Q 2625 1972 2144 2069 
research/robot-position-observer-results/benchmark.svg:1826: trailing whitespace.
+L 1759 2144 
research/robot-position-observer-results/benchmark.svg:1827: trailing whitespace.
+Q 1053 2284 737 2584 
research/robot-position-observer-results/benchmark.svg:1828: trailing whitespace.
+Q 422 2884 422 3419 
research/robot-position-observer-results/benchmark.svg:1829: trailing whitespace.
+Q 422 4038 858 4394 
research/robot-position-observer-results/benchmark.svg:1830: trailing whitespace.
+Q 1294 4750 2059 4750 
research/robot-position-observer-results/benchmark.svg:1831: trailing whitespace.
+Q 2388 4750 2728 4690 
research/robot-position-observer-results/benchmark.svg:1832: trailing whitespace.
+Q 3069 4631 3425 4513 
research/robot-position-observer-results/benchmark.svg:1835: trailing whitespace.
+       <path id="DejaVuSans-28" d="M 628 4666 
research/robot-position-observer-results/benchmark.svg:1836: trailing whitespace.
+L 3578 4666 
research/robot-position-observer-results/benchmark.svg:1837: trailing whitespace.
+L 3578 4134 
research/robot-position-observer-results/benchmark.svg:1838: trailing whitespace.
+L 1259 4134 
research/robot-position-observer-results/benchmark.svg:1839: trailing whitespace.
+L 1259 2753 
research/robot-position-observer-results/benchmark.svg:1840: trailing whitespace.
+L 3481 2753 
research/robot-position-observer-results/benchmark.svg:1841: trailing whitespace.
+L 3481 2222 
research/robot-position-observer-results/benchmark.svg:1842: trailing whitespace.
+L 1259 2222 
research/robot-position-observer-results/benchmark.svg:1843: trailing whitespace.
+L 1259 531 
research/robot-position-observer-results/benchmark.svg:1844: trailing whitespace.
+L 3634 531 
research/robot-position-observer-results/benchmark.svg:1845: trailing whitespace.
+L 3634 0 
research/robot-position-observer-results/benchmark.svg:1846: trailing whitespace.
+L 628 0 
research/robot-position-observer-results/benchmark.svg:1847: trailing whitespace.
+L 628 4666 
research/robot-position-observer-results/benchmark.svg:1850: trailing whitespace.
+       <path id="DejaVuSans-b" d="M 1984 4856 
research/robot-position-observer-results/benchmark.svg:1851: trailing whitespace.
+Q 1566 4138 1362 3434 
research/robot-position-observer-results/benchmark.svg:1852: trailing whitespace.
+Q 1159 2731 1159 2009 
research/robot-position-observer-results/benchmark.svg:1853: trailing whitespace.
+Q 1159 1288 1364 580 
research/robot-position-observer-results/benchmark.svg:1854: trailing whitespace.
+Q 1569 -128 1984 -844 
research/robot-position-observer-results/benchmark.svg:1855: trailing whitespace.
+L 1484 -844 
research/robot-position-observer-results/benchmark.svg:1856: trailing whitespace.
+Q 1016 -109 783 600 
research/robot-position-observer-results/benchmark.svg:1857: trailing whitespace.
+Q 550 1309 550 2009 
research/robot-position-observer-results/benchmark.svg:1858: trailing whitespace.
+Q 550 2706 781 3412 
research/robot-position-observer-results/benchmark.svg:1859: trailing whitespace.
+Q 1013 4119 1484 4856 
research/robot-position-observer-results/benchmark.svg:1860: trailing whitespace.
+L 1984 4856 
research/robot-position-observer-results/benchmark.svg:1863: trailing whitespace.
+       <path id="DejaVuSans-1e" d="M 750 3309 
research/robot-position-observer-results/benchmark.svg:1864: trailing whitespace.
+L 1409 3309 
research/robot-position-observer-results/benchmark.svg:1865: trailing whitespace.
+L 1409 2516 
research/robot-position-observer-results/benchmark.svg:1866: trailing whitespace.
+L 750 2516 
research/robot-position-observer-results/benchmark.svg:1867: trailing whitespace.
+L 750 3309 
research/robot-position-observer-results/benchmark.svg:1869: trailing whitespace.
+M 750 794 
research/robot-position-observer-results/benchmark.svg:1870: trailing whitespace.
+L 1409 794 
research/robot-position-observer-results/benchmark.svg:1871: trailing whitespace.
+L 1409 256 
research/robot-position-observer-results/benchmark.svg:1872: trailing whitespace.
+L 897 -744 
research/robot-position-observer-results/benchmark.svg:1873: trailing whitespace.
+L 494 -744 
research/robot-position-observer-results/benchmark.svg:1874: trailing whitespace.
+L 750 256 
research/robot-position-observer-results/benchmark.svg:1875: trailing whitespace.
+L 750 794 
research/robot-position-observer-results/benchmark.svg:1878: trailing whitespace.
+       <path id="DejaVuSans-4b" d="M 3513 2113 
research/robot-position-observer-results/benchmark.svg:1879: trailing whitespace.
+L 3513 0 
research/robot-position-observer-results/benchmark.svg:1880: trailing whitespace.
+L 2938 0 
research/robot-position-observer-results/benchmark.svg:1881: trailing whitespace.
+L 2938 2094 
research/robot-position-observer-results/benchmark.svg:1882: trailing whitespace.
+Q 2938 2591 2744 2837 
research/robot-position-observer-results/benchmark.svg:1883: trailing whitespace.
+Q 2550 3084 2163 3084 
research/robot-position-observer-results/benchmark.svg:1884: trailing whitespace.
+Q 1697 3084 1428 2787 
research/robot-position-observer-results/benchmark.svg:1885: trailing whitespace.
+Q 1159 2491 1159 1978 
research/robot-position-observer-results/benchmark.svg:1886: trailing whitespace.
+L 1159 0 
research/robot-position-observer-results/benchmark.svg:1887: trailing whitespace.
+L 581 0 
research/robot-position-observer-results/benchmark.svg:1888: trailing whitespace.
+L 581 4863 
research/robot-position-observer-results/benchmark.svg:1889: trailing whitespace.
+L 1159 4863 
research/robot-position-observer-results/benchmark.svg:1890: trailing whitespace.
+L 1159 2956 
research/robot-position-observer-results/benchmark.svg:1891: trailing whitespace.
+Q 1366 3272 1645 3428 
research/robot-position-observer-results/benchmark.svg:1892: trailing whitespace.
+Q 1925 3584 2291 3584 
research/robot-position-observer-results/benchmark.svg:1893: trailing whitespace.
+Q 2894 3584 3203 3211 
research/robot-position-observer-results/benchmark.svg:1894: trailing whitespace.
+Q 3513 2838 3513 2113 
research/robot-position-observer-results/benchmark.svg:1897: trailing whitespace.
+       <path id="DejaVuSans-11" d="M 684 794 
research/robot-position-observer-results/benchmark.svg:1898: trailing whitespace.
+L 1344 794 
research/robot-position-observer-results/benchmark.svg:1899: trailing whitespace.
+L 1344 0 
research/robot-position-observer-results/benchmark.svg:1900: trailing whitespace.
+L 684 0 
research/robot-position-observer-results/benchmark.svg:1901: trailing whitespace.
+L 684 794 
research/robot-position-observer-results/benchmark.svg:1904: trailing whitespace.
+       <path id="DejaVuSans-c" d="M 513 4856 
research/robot-position-observer-results/benchmark.svg:1905: trailing whitespace.
+L 1013 4856 
research/robot-position-observer-results/benchmark.svg:1906: trailing whitespace.
+Q 1481 4119 1714 3412 
research/robot-position-observer-results/benchmark.svg:1907: trailing whitespace.
+Q 1947 2706 1947 2009 
research/robot-position-observer-results/benchmark.svg:1908: trailing whitespace.
+Q 1947 1309 1714 600 
research/robot-position-observer-results/benchmark.svg:1909: trailing whitespace.
+Q 1481 -109 1013 -844 
research/robot-position-observer-results/benchmark.svg:1910: trailing whitespace.
+L 513 -844 
research/robot-position-observer-results/benchmark.svg:1911: trailing whitespace.
+Q 928 -128 1133 580 
research/robot-position-observer-results/benchmark.svg:1912: trailing whitespace.
+Q 1338 1288 1338 2009 
research/robot-position-observer-results/benchmark.svg:1913: trailing whitespace.
+Q 1338 2731 1133 3434 
research/robot-position-observer-results/benchmark.svg:1914: trailing whitespace.
+Q 928 4138 513 4856 
research/robot-position-observer-results/benchmark.svg:1975: trailing whitespace.
+    <path d="M 87.460419 300.483128 
research/robot-position-observer-results/benchmark.svg:1976: trailing whitespace.
+L 105.855414 300.483128 
research/robot-position-observer-results/benchmark.svg:1980: trailing whitespace.
+    <path d="M 121.525225 300.310528 
research/robot-position-observer-results/benchmark.svg:1981: trailing whitespace.
+L 139.92022 300.310528 
research/robot-position-observer-results/benchmark.svg:1985: trailing whitespace.
+    <path d="M 155.590031 300.552323 
research/robot-position-observer-results/benchmark.svg:1986: trailing whitespace.
+L 173.985027 300.552323 
research/robot-position-observer-results/benchmark.svg:1990: trailing whitespace.
+    <path d="M 189.654837 300.630519 
research/robot-position-observer-results/benchmark.svg:1991: trailing whitespace.
+L 208.049833 300.630519 
research/robot-position-observer-results/benchmark.svg:1995: trailing whitespace.
+    <path d="M 257.78445 300.40555 
research/robot-position-observer-results/benchmark.svg:1996: trailing whitespace.
+L 276.179445 300.40555 
research/robot-position-observer-results/benchmark.svg:2000: trailing whitespace.
+    <path d="M 291.849256 120.088048 
research/robot-position-observer-results/benchmark.svg:2001: trailing whitespace.
+L 310.244251 120.088048 
research/robot-position-observer-results/benchmark.svg:2005: trailing whitespace.
+    <path d="M 325.914062 299.732429 
research/robot-position-observer-results/benchmark.svg:2006: trailing whitespace.
+L 344.309057 299.732429 
research/robot-position-observer-results/benchmark.svg:2010: trailing whitespace.
+    <path d="M 359.978868 300.345024 
research/robot-position-observer-results/benchmark.svg:2011: trailing whitespace.
+L 378.373863 300.345024 
research/robot-position-observer-results/benchmark.svg:2015: trailing whitespace.
+    <path d="M 394.043674 301.09083 
research/robot-position-observer-results/benchmark.svg:2016: trailing whitespace.
+L 412.43867 301.09083 
research/robot-position-observer-results/benchmark.svg:2020: trailing whitespace.
+    <path d="M 428.10848 300.115604 
research/robot-position-observer-results/benchmark.svg:2021: trailing whitespace.
+L 446.503476 300.115604 
research/robot-position-observer-results/benchmark.svg:2025: trailing whitespace.
+    <path d="M 462.173286 299.917706 
research/robot-position-observer-results/benchmark.svg:2026: trailing whitespace.
+L 480.568282 299.917706 
research/robot-position-observer-results/benchmark.svg:2030: trailing whitespace.
+    <path d="M 496.238093 298.598512 
research/robot-position-observer-results/benchmark.svg:2031: trailing whitespace.
+L 514.633088 298.598512 
research/robot-position-observer-results/benchmark.svg:2035: trailing whitespace.
+    <path d="M 530.302899 300.286568 
research/robot-position-observer-results/benchmark.svg:2036: trailing whitespace.
+L 548.697894 300.286568 
research/robot-position-observer-results/benchmark.svg:2040: trailing whitespace.
+    <path d="M 564.367705 299.435249 
research/robot-position-observer-results/benchmark.svg:2041: trailing whitespace.
+L 582.7627 299.435249 
research/robot-position-observer-results/benchmark.svg:2045: trailing whitespace.
+    <path d="M 598.432511 298.577835 
research/robot-position-observer-results/benchmark.svg:2046: trailing whitespace.
+L 616.827506 298.577835 
research/robot-position-observer-results/benchmark.svg:2050: trailing whitespace.
+    <path d="M 632.497317 299.534048 
research/robot-position-observer-results/benchmark.svg:2051: trailing whitespace.
+L 650.892312 299.534048 
research/robot-position-observer-results/benchmark.svg:2055: trailing whitespace.
+    <path d="M 666.562123 294.835065 
research/robot-position-observer-results/benchmark.svg:2056: trailing whitespace.
+L 684.957119 294.835065 
research/robot-position-observer-results/benchmark.svg:2060: trailing whitespace.
+    <path d="M 700.626929 293.599789 
research/robot-position-observer-results/benchmark.svg:2061: trailing whitespace.
+L 719.021925 293.599789 
research/robot-position-observer-results/benchmark.svg:2065: trailing whitespace.
+    <path d="M 55.882344 343.600059 
research/robot-position-observer-results/benchmark.svg:2066: trailing whitespace.
+L 55.882344 90.963516 
research/robot-position-observer-results/benchmark.svg:2070: trailing whitespace.
+    <path d="M 750.6 343.600059 
research/robot-position-observer-results/benchmark.svg:2071: trailing whitespace.
+L 750.6 90.963516 
research/robot-position-observer-results/benchmark.svg:2075: trailing whitespace.
+    <path d="M 55.882344 343.600059 
research/robot-position-observer-results/benchmark.svg:2076: trailing whitespace.
+L 750.6 343.600059 
research/robot-position-observer-results/benchmark.svg:2080: trailing whitespace.
+    <path d="M 55.882344 90.963516 
research/robot-position-observer-results/benchmark.svg:2081: trailing whitespace.
+L 750.6 90.963516 
research/robot-position-observer-results/benchmark.svg:2086: trailing whitespace.
+     <path id="m7a9752bfcb" d="M -2.738613 2.738613 
research/robot-position-observer-results/benchmark.svg:2087: trailing whitespace.
+L 2.738613 -2.738613 
research/robot-position-observer-results/benchmark.svg:2088: trailing whitespace.
+M -2.738613 -2.738613 
research/robot-position-observer-results/benchmark.svg:2089: trailing whitespace.
+L 2.738613 2.738613 
research/robot-position-observer-results/benchmark.svg:2098: trailing whitespace.
+     <path id="m210fd054d9" d="M 0 2.738613 
research/robot-position-observer-results/benchmark.svg:2099: trailing whitespace.
+C 0.726289 2.738613 1.422928 2.450055 1.936492 1.936492 
research/robot-position-observer-results/benchmark.svg:2100: trailing whitespace.
+C 2.450055 1.422928 2.738613 0.726289 2.738613 0 
research/robot-position-observer-results/benchmark.svg:2101: trailing whitespace.
+C 2.738613 -0.726289 2.450055 -1.422928 1.936492 -1.936492 
research/robot-position-observer-results/benchmark.svg:2102: trailing whitespace.
+C 1.422928 -2.450055 0.726289 -2.738613 0 -2.738613 
research/robot-position-observer-results/benchmark.svg:2103: trailing whitespace.
+C -0.726289 -2.738613 -1.422928 -2.450055 -1.936492 -1.936492 
research/robot-position-observer-results/benchmark.svg:2104: trailing whitespace.
+C -2.450055 -1.422928 -2.738613 -0.726289 -2.738613 0 
research/robot-position-observer-results/benchmark.svg:2105: trailing whitespace.
+C -2.738613 0.726289 -2.450055 1.422928 -1.936492 1.936492 
research/robot-position-observer-results/benchmark.svg:2106: trailing whitespace.
+C -1.422928 2.450055 -0.726289 2.738613 0 2.738613 
research/robot-position-observer-results/benchmark.svg:2136: trailing whitespace.
+     <path id="m6868811b0a" d="M 0 2.738613 
research/robot-position-observer-results/benchmark.svg:2137: trailing whitespace.
+C 0.726289 2.738613 1.422928 2.450055 1.936492 1.936492 
research/robot-position-observer-results/benchmark.svg:2138: trailing whitespace.
+C 2.450055 1.422928 2.738613 0.726289 2.738613 0 
research/robot-position-observer-results/benchmark.svg:2139: trailing whitespace.
+C 2.738613 -0.726289 2.450055 -1.422928 1.936492 -1.936492 
research/robot-position-observer-results/benchmark.svg:2140: trailing whitespace.
+C 1.422928 -2.450055 0.726289 -2.738613 0 -2.738613 
research/robot-position-observer-results/benchmark.svg:2141: trailing whitespace.
+C -0.726289 -2.738613 -1.422928 -2.450055 -1.936492 -1.936492 
research/robot-position-observer-results/benchmark.svg:2142: trailing whitespace.
+C -2.450055 -1.422928 -2.738613 -0.726289 -2.738613 0 
research/robot-position-observer-results/benchmark.svg:2143: trailing whitespace.
+C -2.738613 0.726289 -2.450055 1.422928 -1.936492 1.936492 
research/robot-position-observer-results/benchmark.svg:2144: trailing whitespace.
+C -1.422928 2.450055 -0.726289 2.738613 0 2.738613 
research/robot-position-observer-results/benchmark.svg:2164: trailing whitespace.
+     <path id="ma3aea229e5" d="M -2.738613 2.738613 
research/robot-position-observer-results/benchmark.svg:2165: trailing whitespace.
+L 2.738613 -2.738613 
research/robot-position-observer-results/benchmark.svg:2166: trailing whitespace.
+M -2.738613 -2.738613 
research/robot-position-observer-results/benchmark.svg:2167: trailing whitespace.
+L 2.738613 2.738613 
research/robot-position-observer-results/benchmark.svg:2176: trailing whitespace.
+     <path id="mc08f0e7753" d="M 0 2.738613 
research/robot-position-observer-results/benchmark.svg:2177: trailing whitespace.
+C 0.726289 2.738613 1.422928 2.450055 1.936492 1.936492 
research/robot-position-observer-results/benchmark.svg:2178: trailing whitespace.
+C 2.450055 1.422928 2.738613 0.726289 2.738613 0 
research/robot-position-observer-results/benchmark.svg:2179: trailing whitespace.
+C 2.738613 -0.726289 2.450055 -1.422928 1.936492 -1.936492 
research/robot-position-observer-results/benchmark.svg:2180: trailing whitespace.
+C 1.422928 -2.450055 0.726289 -2.738613 0 -2.738613 
research/robot-position-observer-results/benchmark.svg:2181: trailing whitespace.
+C -0.726289 -2.738613 -1.422928 -2.450055 -1.936492 -1.936492 
research/robot-position-observer-results/benchmark.svg:2182: trailing whitespace.
+C -2.450055 -1.422928 -2.738613 -0.726289 -2.738613 0 
research/robot-position-observer-results/benchmark.svg:2183: trailing whitespace.
+C -2.738613 0.726289 -2.450055 1.422928 -1.936492 1.936492 
research/robot-position-observer-results/benchmark.svg:2184: trailing whitespace.
+C -1.422928 2.450055 -0.726289 2.738613 0 2.738613 
research/robot-position-observer-results/benchmark.svg:2214: trailing whitespace.
+     <path id="m5c48282cb3" d="M 0 2.738613 
research/robot-position-observer-results/benchmark.svg:2215: trailing whitespace.
+C 0.726289 2.738613 1.422928 2.450055 1.936492 1.936492 
research/robot-position-observer-results/benchmark.svg:2216: trailing whitespace.
+C 2.450055 1.422928 2.738613 0.726289 2.738613 0 
research/robot-position-observer-results/benchmark.svg:2217: trailing whitespace.
+C 2.738613 -0.726289 2.450055 -1.422928 1.936492 -1.936492 
research/robot-position-observer-results/benchmark.svg:2218: trailing whitespace.
+C 1.422928 -2.450055 0.726289 -2.738613 0 -2.738613 
research/robot-position-observer-results/benchmark.svg:2219: trailing whitespace.
+C -0.726289 -2.738613 -1.422928 -2.450055 -1.936492 -1.936492 
research/robot-position-observer-results/benchmark.svg:2220: trailing whitespace.
+C -2.450055 -1.422928 -2.738613 -0.726289 -2.738613 0 
research/robot-position-observer-results/benchmark.svg:2221: trailing whitespace.
+C -2.738613 0.726289 -2.450055 1.422928 -1.936492 1.936492 
research/robot-position-observer-results/benchmark.svg:2222: trailing whitespace.
+C -1.422928 2.450055 -0.726289 2.738613 0 2.738613 
research/robot-position-observer-results/benchmark.svg:2232: trailing whitespace.
+     <path id="mb754292f95" d="M -2.738613 2.738613 
research/robot-position-observer-results/benchmark.svg:2233: trailing whitespace.
+L 2.738613 -2.738613 
research/robot-position-observer-results/benchmark.svg:2234: trailing whitespace.
+M -2.738613 -2.738613 
research/robot-position-observer-results/benchmark.svg:2235: trailing whitespace.
+L 2.738613 2.738613 
research/robot-position-observer-results/benchmark.svg:2264: trailing whitespace.
+     <path id="m3e28e9f828" d="M -2.738613 2.738613 
research/robot-position-observer-results/benchmark.svg:2265: trailing whitespace.
+L 2.738613 -2.738613 
research/robot-position-observer-results/benchmark.svg:2266: trailing whitespace.
+M -2.738613 -2.738613 
research/robot-position-observer-results/benchmark.svg:2267: trailing whitespace.
+L 2.738613 2.738613 
research/robot-position-observer-results/benchmark.svg:2283: trailing whitespace.
+      <path id="DejaVuSans-49" d="M 2375 4863 
research/robot-position-observer-results/benchmark.svg:2284: trailing whitespace.
+L 2375 4384 
research/robot-position-observer-results/benchmark.svg:2285: trailing whitespace.
+L 1825 4384 
research/robot-position-observer-results/benchmark.svg:2286: trailing whitespace.
+Q 1516 4384 1395 4259 
research/robot-position-observer-results/benchmark.svg:2287: trailing whitespace.
+Q 1275 4134 1275 3809 
research/robot-position-observer-results/benchmark.svg:2288: trailing whitespace.
+L 1275 3500 
research/robot-position-observer-results/benchmark.svg:2289: trailing whitespace.
+L 2222 3500 
research/robot-position-observer-results/benchmark.svg:2290: trailing whitespace.
+L 2222 3053 
research/robot-position-observer-results/benchmark.svg:2291: trailing whitespace.
+L 1275 3053 
research/robot-position-observer-results/benchmark.svg:2292: trailing whitespace.
+L 1275 0 
research/robot-position-observer-results/benchmark.svg:2293: trailing whitespace.
+L 697 0 
research/robot-position-observer-results/benchmark.svg:2294: trailing whitespace.
+L 697 3053 
research/robot-position-observer-results/benchmark.svg:2295: trailing whitespace.
+L 147 3053 
research/robot-position-observer-results/benchmark.svg:2296: trailing whitespace.
+L 147 3500 
research/robot-position-observer-results/benchmark.svg:2297: trailing whitespace.
+L 697 3500 
research/robot-position-observer-results/benchmark.svg:2298: trailing whitespace.
+L 697 3744 
research/robot-position-observer-results/benchmark.svg:2299: trailing whitespace.
+Q 697 4328 969 4595 
research/robot-position-observer-results/benchmark.svg:2300: trailing whitespace.
+Q 1241 4863 1831 4863 
research/robot-position-observer-results/benchmark.svg:2301: trailing whitespace.
+L 2375 4863 
research/robot-position-observer-results/benchmark.svg:2342: trailing whitespace.
+     <path id="m4cabc6dcc9" d="M 0 2.738613 
research/robot-position-observer-results/benchmark.svg:2343: trailing whitespace.
+C 0.726289 2.738613 1.422928 2.450055 1.936492 1.936492 
research/robot-position-observer-results/benchmark.svg:2344: trailing whitespace.
+C 2.450055 1.422928 2.738613 0.726289 2.738613 0 
research/robot-position-observer-results/benchmark.svg:2345: trailing whitespace.
+C 2.738613 -0.726289 2.450055 -1.422928 1.936492 -1.936492 
research/robot-position-observer-results/benchmark.svg:2346: trailing whitespace.
+C 1.422928 -2.450055 0.726289 -2.738613 0 -2.738613 
research/robot-position-observer-results/benchmark.svg:2347: trailing whitespace.
+C -0.726289 -2.738613 -1.422928 -2.450055 -1.936492 -1.936492 
research/robot-position-observer-results/benchmark.svg:2348: trailing whitespace.
+C -2.450055 -1.422928 -2.738613 -0.726289 -2.738613 0 
research/robot-position-observer-results/benchmark.svg:2349: trailing whitespace.
+C -2.738613 0.726289 -2.450055 1.422928 -1.936492 1.936492 
research/robot-position-observer-results/benchmark.svg:2350: trailing whitespace.
+C -1.422928 2.450055 -0.726289 2.738613 0 2.738613 
research/robot-position-observer-results/benchmark.svg:2370: trailing whitespace.
+     <path id="mf64b465467" d="M 0 2.738613 
research/robot-position-observer-results/benchmark.svg:2371: trailing whitespace.
+C 0.726289 2.738613 1.422928 2.450055 1.936492 1.936492 
research/robot-position-observer-results/benchmark.svg:2372: trailing whitespace.
+C 2.450055 1.422928 2.738613 0.726289 2.738613 0 
research/robot-position-observer-results/benchmark.svg:2373: trailing whitespace.
+C 2.738613 -0.726289 2.450055 -1.422928 1.936492 -1.936492 
research/robot-position-observer-results/benchmark.svg:2374: trailing whitespace.
+C 1.422928 -2.450055 0.726289 -2.738613 0 -2.738613 
research/robot-position-observer-results/benchmark.svg:2375: trailing whitespace.
+C -0.726289 -2.738613 -1.422928 -2.450055 -1.936492 -1.936492 
research/robot-position-observer-results/benchmark.svg:2376: trailing whitespace.
+C -2.450055 -1.422928 -2.738613 -0.726289 -2.738613 0 
research/robot-position-observer-results/benchmark.svg:2377: trailing whitespace.
+C -2.738613 0.726289 -2.450055 1.422928 -1.936492 1.936492 
research/robot-position-observer-results/benchmark.svg:2378: trailing whitespace.
+C -1.422928 2.450055 -0.726289 2.738613 0 2.738613 
research/robot-position-observer-results/benchmark.svg:2398: trailing whitespace.
+     <path id="ma03f011713" d="M 0 2.738613 
research/robot-position-observer-results/benchmark.svg:2399: trailing whitespace.
+C 0.726289 2.738613 1.422928 2.450055 1.936492 1.936492 
research/robot-position-observer-results/benchmark.svg:2400: trailing whitespace.
+C 2.450055 1.422928 2.738613 0.726289 2.738613 0 
research/robot-position-observer-results/benchmark.svg:2401: trailing whitespace.
+C 2.738613 -0.726289 2.450055 -1.422928 1.936492 -1.936492 
research/robot-position-observer-results/benchmark.svg:2402: trailing whitespace.
+C 1.422928 -2.450055 0.726289 -2.738613 0 -2.738613 
research/robot-position-observer-results/benchmark.svg:2403: trailing whitespace.
+C -0.726289 -2.738613 -1.422928 -2.450055 -1.936492 -1.936492 
research/robot-position-observer-results/benchmark.svg:2404: trailing whitespace.
+C -2.450055 -1.422928 -2.738613 -0.726289 -2.738613 0 
research/robot-position-observer-results/benchmark.svg:2405: trailing whitespace.
+C -2.738613 0.726289 -2.450055 1.422928 -1.936492 1.936492 
research/robot-position-observer-results/benchmark.svg:2406: trailing whitespace.
+C -1.422928 2.450055 -0.726289 2.738613 0 2.738613 
research/robot-position-observer-results/benchmark.svg:2426: trailing whitespace.
+     <path id="m51353a36e7" d="M 0 2.738613 
research/robot-position-observer-results/benchmark.svg:2427: trailing whitespace.
+C 0.726289 2.738613 1.422928 2.450055 1.936492 1.936492 
research/robot-position-observer-results/benchmark.svg:2428: trailing whitespace.
+C 2.450055 1.422928 2.738613 0.726289 2.738613 0 
research/robot-position-observer-results/benchmark.svg:2429: trailing whitespace.
+C 2.738613 -0.726289 2.450055 -1.422928 1.936492 -1.936492 
research/robot-position-observer-results/benchmark.svg:2430: trailing whitespace.
+C 1.422928 -2.450055 0.726289 -2.738613 0 -2.738613 
research/robot-position-observer-results/benchmark.svg:2431: trailing whitespace.
+C -0.726289 -2.738613 -1.422928 -2.450055 -1.936492 -1.936492 
research/robot-position-observer-results/benchmark.svg:2432: trailing whitespace.
+C -2.450055 -1.422928 -2.738613 -0.726289 -2.738613 0 
research/robot-position-observer-results/benchmark.svg:2433: trailing whitespace.
+C -2.738613 0.726289 -2.450055 1.422928 -1.936492 1.936492 
research/robot-position-observer-results/benchmark.svg:2434: trailing whitespace.
+C -1.422928 2.450055 -0.726289 2.738613 0 2.738613 
research/robot-position-observer-results/benchmark.svg:2454: trailing whitespace.
+     <path id="m30040cb9a8" d="M 0 2.738613 
research/robot-position-observer-results/benchmark.svg:2455: trailing whitespace.
+C 0.726289 2.738613 1.422928 2.450055 1.936492 1.936492 
research/robot-position-observer-results/benchmark.svg:2456: trailing whitespace.
+C 2.450055 1.422928 2.738613 0.726289 2.738613 0 
research/robot-position-observer-results/benchmark.svg:2457: trailing whitespace.
+C 2.738613 -0.726289 2.450055 -1.422928 1.936492 -1.936492 
research/robot-position-observer-results/benchmark.svg:2458: trailing whitespace.
+C 1.422928 -2.450055 0.726289 -2.738613 0 -2.738613 
research/robot-position-observer-results/benchmark.svg:2459: trailing whitespace.
+C -0.726289 -2.738613 -1.422928 -2.450055 -1.936492 -1.936492 
research/robot-position-observer-results/benchmark.svg:2460: trailing whitespace.
+C -2.450055 -1.422928 -2.738613 -0.726289 -2.738613 0 
research/robot-position-observer-results/benchmark.svg:2461: trailing whitespace.
+C -2.738613 0.726289 -2.450055 1.422928 -1.936492 1.936492 
research/robot-position-observer-results/benchmark.svg:2462: trailing whitespace.
+C -1.422928 2.450055 -0.726289 2.738613 0 2.738613 
research/robot-position-observer-results/benchmark.svg:2482: trailing whitespace.
+     <path id="m65ba049974" d="M 0 2.738613 
research/robot-position-observer-results/benchmark.svg:2483: trailing whitespace.
+C 0.726289 2.738613 1.422928 2.450055 1.936492 1.936492 
research/robot-position-observer-results/benchmark.svg:2484: trailing whitespace.
+C 2.450055 1.422928 2.738613 0.726289 2.738613 0 
research/robot-position-observer-results/benchmark.svg:2485: trailing whitespace.
+C 2.738613 -0.726289 2.450055 -1.422928 1.936492 -1.936492 
research/robot-position-observer-results/benchmark.svg:2486: trailing whitespace.
+C 1.422928 -2.450055 0.726289 -2.738613 0 -2.738613 
research/robot-position-observer-results/benchmark.svg:2487: trailing whitespace.
+C -0.726289 -2.738613 -1.422928 -2.450055 -1.936492 -1.936492 
research/robot-position-observer-results/benchmark.svg:2488: trailing whitespace.
+C -2.450055 -1.422928 -2.738613 -0.726289 -2.738613 0 
research/robot-position-observer-results/benchmark.svg:2489: trailing whitespace.
+C -2.738613 0.726289 -2.450055 1.422928 -1.936492 1.936492 
research/robot-position-observer-results/benchmark.svg:2490: trailing whitespace.
+C -1.422928 2.450055 -0.726289 2.738613 0 2.738613 
research/robot-position-observer-results/benchmark.svg:2510: trailing whitespace.
+     <path id="mf3fe7b0a32" d="M 0 2.738613 
research/robot-position-observer-results/benchmark.svg:2511: trailing whitespace.
+C 0.726289 2.738613 1.422928 2.450055 1.936492 1.936492 
research/robot-position-observer-results/benchmark.svg:2512: trailing whitespace.
+C 2.450055 1.422928 2.738613 0.726289 2.738613 0 
research/robot-position-observer-results/benchmark.svg:2513: trailing whitespace.
+C 2.738613 -0.726289 2.450055 -1.422928 1.936492 -1.936492 
research/robot-position-observer-results/benchmark.svg:2514: trailing whitespace.
+C 1.422928 -2.450055 0.726289 -2.738613 0 -2.738613 
research/robot-position-observer-results/benchmark.svg:2515: trailing whitespace.
+C -0.726289 -2.738613 -1.422928 -2.450055 -1.936492 -1.936492 
research/robot-position-observer-results/benchmark.svg:2516: trailing whitespace.
+C -2.450055 -1.422928 -2.738613 -0.726289 -2.738613 0 
research/robot-position-observer-results/benchmark.svg:2517: trailing whitespace.
+C -2.738613 0.726289 -2.450055 1.422928 -1.936492 1.936492 
research/robot-position-observer-results/benchmark.svg:2518: trailing whitespace.
+C -1.422928 2.450055 -0.726289 2.738613 0 2.738613 
research/robot-position-observer-results/benchmark.svg:2538: trailing whitespace.
+     <path id="m362d907693" d="M 0 2.738613 
research/robot-position-observer-results/benchmark.svg:2539: trailing whitespace.
+C 0.726289 2.738613 1.422928 2.450055 1.936492 1.936492 
research/robot-position-observer-results/benchmark.svg:2540: trailing whitespace.
+C 2.450055 1.422928 2.738613 0.726289 2.738613 0 
research/robot-position-observer-results/benchmark.svg:2541: trailing whitespace.
+C 2.738613 -0.726289 2.450055 -1.422928 1.936492 -1.936492 
research/robot-position-observer-results/benchmark.svg:2542: trailing whitespace.
+C 1.422928 -2.450055 0.726289 -2.738613 0 -2.738613 
research/robot-position-observer-results/benchmark.svg:2543: trailing whitespace.
+C -0.726289 -2.738613 -1.422928 -2.450055 -1.936492 -1.936492 
research/robot-position-observer-results/benchmark.svg:2544: trailing whitespace.
+C -2.450055 -1.422928 -2.738613 -0.726289 -2.738613 0 
research/robot-position-observer-results/benchmark.svg:2545: trailing whitespace.
+C -2.738613 0.726289 -2.450055 1.422928 -1.936492 1.936492 
research/robot-position-observer-results/benchmark.svg:2546: trailing whitespace.
+C -1.422928 2.450055 -0.726289 2.738613 0 2.738613 
research/robot-position-observer-results/benchmark.svg:2566: trailing whitespace.
+     <path id="m0cd2235ee2" d="M 0 2.738613 
research/robot-position-observer-results/benchmark.svg:2567: trailing whitespace.
+C 0.726289 2.738613 1.422928 2.450055 1.936492 1.936492 
research/robot-position-observer-results/benchmark.svg:2568: trailing whitespace.
+C 2.450055 1.422928 2.738613 0.726289 2.738613 0 
research/robot-position-observer-results/benchmark.svg:2569: trailing whitespace.
+C 2.738613 -0.726289 2.450055 -1.422928 1.936492 -1.936492 
research/robot-position-observer-results/benchmark.svg:2570: trailing whitespace.
+C 1.422928 -2.450055 0.726289 -2.738613 0 -2.738613 
research/robot-position-observer-results/benchmark.svg:2571: trailing whitespace.
+C -0.726289 -2.738613 -1.422928 -2.450055 -1.936492 -1.936492 
research/robot-position-observer-results/benchmark.svg:2572: trailing whitespace.
+C -2.450055 -1.422928 -2.738613 -0.726289 -2.738613 0 
research/robot-position-observer-results/benchmark.svg:2573: trailing whitespace.
+C -2.738613 0.726289 -2.450055 1.422928 -1.936492 1.936492 
research/robot-position-observer-results/benchmark.svg:2574: trailing whitespace.
+C -1.422928 2.450055 -0.726289 2.738613 0 2.738613 
research/robot-position-observer-results/benchmark.svg:2594: trailing whitespace.
+     <path id="mdd4251da46" d="M 0 2.738613 
research/robot-position-observer-results/benchmark.svg:2595: trailing whitespace.
+C 0.726289 2.738613 1.422928 2.450055 1.936492 1.936492 
research/robot-position-observer-results/benchmark.svg:2596: trailing whitespace.
+C 2.450055 1.422928 2.738613 0.726289 2.738613 0 
research/robot-position-observer-results/benchmark.svg:2597: trailing whitespace.
+C 2.738613 -0.726289 2.450055 -1.422928 1.936492 -1.936492 
research/robot-position-observer-results/benchmark.svg:2598: trailing whitespace.
+C 1.422928 -2.450055 0.726289 -2.738613 0 -2.738613 
research/robot-position-observer-results/benchmark.svg:2599: trailing whitespace.
+C -0.726289 -2.738613 -1.422928 -2.450055 -1.936492 -1.936492 
research/robot-position-observer-results/benchmark.svg:2600: trailing whitespace.
+C -2.450055 -1.422928 -2.738613 -0.726289 -2.738613 0 
research/robot-position-observer-results/benchmark.svg:2601: trailing whitespace.
+C -2.738613 0.726289 -2.450055 1.422928 -1.936492 1.936492 
research/robot-position-observer-results/benchmark.svg:2602: trailing whitespace.
+C -1.422928 2.450055 -0.726289 2.738613 0 2.738613 
research/robot-position-observer-results/benchmark.svg:2622: trailing whitespace.
+     <path id="m75b4dbdcc9" d="M 0 2.738613 
research/robot-position-observer-results/benchmark.svg:2623: trailing whitespace.
+C 0.726289 2.738613 1.422928 2.450055 1.936492 1.936492 
research/robot-position-observer-results/benchmark.svg:2624: trailing whitespace.
+C 2.450055 1.422928 2.738613 0.726289 2.738613 0 
research/robot-position-observer-results/benchmark.svg:2625: trailing whitespace.
+C 2.738613 -0.726289 2.450055 -1.422928 1.936492 -1.936492 
research/robot-position-observer-results/benchmark.svg:2626: trailing whitespace.
+C 1.422928 -2.450055 0.726289 -2.738613 0 -2.738613 
research/robot-position-observer-results/benchmark.svg:2627: trailing whitespace.
+C -0.726289 -2.738613 -1.422928 -2.450055 -1.936492 -1.936492 
research/robot-position-observer-results/benchmark.svg:2628: trailing whitespace.
+C -2.450055 -1.422928 -2.738613 -0.726289 -2.738613 0 
research/robot-position-observer-results/benchmark.svg:2629: trailing whitespace.
+C -2.738613 0.726289 -2.450055 1.422928 -1.936492 1.936492 
research/robot-position-observer-results/benchmark.svg:2630: trailing whitespace.
+C -1.422928 2.450055 -0.726289 2.738613 0 2.738613 
research/robot-position-observer-results/benchmark.svg:2640: trailing whitespace.
+     <path id="mcb2c970dcd" d="M 0 2.738613 
research/robot-position-observer-results/benchmark.svg:2641: trailing whitespace.
+C 0.726289 2.738613 1.422928 2.450055 1.936492 1.936492 
research/robot-position-observer-results/benchmark.svg:2642: trailing whitespace.
+C 2.450055 1.422928 2.738613 0.726289 2.738613 0 
research/robot-position-observer-results/benchmark.svg:2643: trailing whitespace.
+C 2.738613 -0.726289 2.450055 -1.422928 1.936492 -1.936492 
research/robot-position-observer-results/benchmark.svg:2644: trailing whitespace.
+C 1.422928 -2.450055 0.726289 -2.738613 0 -2.738613 
research/robot-position-observer-results/benchmark.svg:2645: trailing whitespace.
+C -0.726289 -2.738613 -1.422928 -2.450055 -1.936492 -1.936492 
research/robot-position-observer-results/benchmark.svg:2646: trailing whitespace.
+C -2.450055 -1.422928 -2.738613 -0.726289 -2.738613 0 
research/robot-position-observer-results/benchmark.svg:2647: trailing whitespace.
+C -2.738613 0.726289 -2.450055 1.422928 -1.936492 1.936492 
research/robot-position-observer-results/benchmark.svg:2648: trailing whitespace.
+C -1.422928 2.450055 -0.726289 2.738613 0 2.738613 
research/robot-position-observer-results/benchmark.svg:2658: trailing whitespace.
+     <path id="mfe341b23c7" d="M 0 2.738613 
research/robot-position-observer-results/benchmark.svg:2659: trailing whitespace.
+C 0.726289 2.738613 1.422928 2.450055 1.936492 1.936492 
research/robot-position-observer-results/benchmark.svg:2660: trailing whitespace.
+C 2.450055 1.422928 2.738613 0.726289 2.738613 0 
research/robot-position-observer-results/benchmark.svg:2661: trailing whitespace.
+C 2.738613 -0.726289 2.450055 -1.422928 1.936492 -1.936492 
research/robot-position-observer-results/benchmark.svg:2662: trailing whitespace.
+C 1.422928 -2.450055 0.726289 -2.738613 0 -2.738613 
research/robot-position-observer-results/benchmark.svg:2663: trailing whitespace.
+C -0.726289 -2.738613 -1.422928 -2.450055 -1.936492 -1.936492 
research/robot-position-observer-results/benchmark.svg:2664: trailing whitespace.
+C -2.450055 -1.422928 -2.738613 -0.726289 -2.738613 0 
research/robot-position-observer-results/benchmark.svg:2665: trailing whitespace.
+C -2.738613 0.726289 -2.450055 1.422928 -1.936492 1.936492 
research/robot-position-observer-results/benchmark.svg:2666: trailing whitespace.
+C -1.422928 2.450055 -0.726289 2.738613 0 2.738613 
research/robot-position-observer-results/benchmark.svg:2676: trailing whitespace.
+     <path id="me6485a4534" d="M 0 2.738613 
research/robot-position-observer-results/benchmark.svg:2677: trailing whitespace.
+C 0.726289 2.738613 1.422928 2.450055 1.936492 1.936492 
research/robot-position-observer-results/benchmark.svg:2678: trailing whitespace.
+C 2.450055 1.422928 2.738613 0.726289 2.738613 0 
research/robot-position-observer-results/benchmark.svg:2679: trailing whitespace.
+C 2.738613 -0.726289 2.450055 -1.422928 1.936492 -1.936492 
research/robot-position-observer-results/benchmark.svg:2680: trailing whitespace.
+C 1.422928 -2.450055 0.726289 -2.738613 0 -2.738613 
research/robot-position-observer-results/benchmark.svg:2681: trailing whitespace.
+C -0.726289 -2.738613 -1.422928 -2.450055 -1.936492 -1.936492 
research/robot-position-observer-results/benchmark.svg:2682: trailing whitespace.
+C -2.450055 -1.422928 -2.738613 -0.726289 -2.738613 0 
research/robot-position-observer-results/benchmark.svg:2683: trailing whitespace.
+C -2.738613 0.726289 -2.450055 1.422928 -1.936492 1.936492 
research/robot-position-observer-results/benchmark.svg:2684: trailing whitespace.
+C -1.422928 2.450055 -0.726289 2.738613 0 2.738613 
research/robot-position-observer-results/benchmark.svg:2696: trailing whitespace.
+      <path id="DejaVuSans-42" d="M 3263 -1063 
research/robot-position-observer-results/benchmark.svg:2697: trailing whitespace.
+L 3263 -1509 
research/robot-position-observer-results/benchmark.svg:2698: trailing whitespace.
+L -63 -1509 
research/robot-position-observer-results/benchmark.svg:2699: trailing whitespace.
+L -63 -1063 
research/robot-position-observer-results/benchmark.svg:2700: trailing whitespace.
+L 3263 -1063 
research/robot-position-observer-results/benchmark.svg:2738: trailing whitespace.
+    <path d="M 806.482344 343.600059 
research/robot-position-observer-results/benchmark.svg:2739: trailing whitespace.
+L 1501.2 343.600059 
research/robot-position-observer-results/benchmark.svg:2740: trailing whitespace.
+L 1501.2 90.963516 
research/robot-position-observer-results/benchmark.svg:2741: trailing whitespace.
+L 806.482344 90.963516 
research/robot-position-observer-results/benchmark.svg:3214: trailing whitespace.
+      <path d="M 806.482344 343.600059 
research/robot-position-observer-results/benchmark.svg:3215: trailing whitespace.
+L 1501.2 343.600059 
research/robot-position-observer-results/benchmark.svg:3232: trailing whitespace.
+      <path d="M 806.482344 318.370932 
research/robot-position-observer-results/benchmark.svg:3233: trailing whitespace.
+L 1501.2 318.370932 
research/robot-position-observer-results/benchmark.svg:3253: trailing whitespace.
+      <path d="M 806.482344 295.664718 
research/robot-position-observer-results/benchmark.svg:3254: trailing whitespace.
+L 1501.2 295.664718 
research/robot-position-observer-results/benchmark.svg:3273: trailing whitespace.
+      <path d="M 806.482344 272.958503 
research/robot-position-observer-results/benchmark.svg:3274: trailing whitespace.
+L 1501.2 272.958503 
research/robot-position-observer-results/benchmark.svg:3293: trailing whitespace.
+      <path d="M 806.482344 250.252288 
research/robot-position-observer-results/benchmark.svg:3294: trailing whitespace.
+L 1501.2 250.252288 
research/robot-position-observer-results/benchmark.svg:3313: trailing whitespace.
+      <path d="M 806.482344 227.546074 
research/robot-position-observer-results/benchmark.svg:3314: trailing whitespace.
+L 1501.2 227.546074 
research/robot-position-observer-results/benchmark.svg:3333: trailing whitespace.
+      <path d="M 806.482344 204.839859 
research/robot-position-observer-results/benchmark.svg:3334: trailing whitespace.
+L 1501.2 204.839859 
research/robot-position-observer-results/benchmark.svg:3353: trailing whitespace.
+      <path d="M 806.482344 182.133645 
research/robot-position-observer-results/benchmark.svg:3354: trailing whitespace.
+L 1501.2 182.133645 
research/robot-position-observer-results/benchmark.svg:3373: trailing whitespace.
+      <path d="M 806.482344 159.42743 
research/robot-position-observer-results/benchmark.svg:3374: trailing whitespace.
+L 1501.2 159.42743 
research/robot-position-observer-results/benchmark.svg:3393: trailing whitespace.
+      <path d="M 806.482344 136.721216 
research/robot-position-observer-results/benchmark.svg:3394: trailing whitespace.
+L 1501.2 136.721216 
research/robot-position-observer-results/benchmark.svg:3413: trailing whitespace.
+      <path d="M 806.482344 114.015001 
research/robot-position-observer-results/benchmark.svg:3414: trailing whitespace.
+L 1501.2 114.015001 
research/robot-position-observer-results/benchmark.svg:3433: trailing whitespace.
+      <path d="M 806.482344 91.308787 
research/robot-position-observer-results/benchmark.svg:3434: trailing whitespace.
+L 1501.2 91.308787 
research/robot-position-observer-results/benchmark.svg:3511: trailing whitespace.
+    <path d="M 838.060419 299.380259 
research/robot-position-observer-results/benchmark.svg:3512: trailing whitespace.
+L 856.455414 299.380259 
research/robot-position-observer-results/benchmark.svg:3516: trailing whitespace.
+    <path d="M 872.125225 299.284522 
research/robot-position-observer-results/benchmark.svg:3517: trailing whitespace.
+L 890.52022 299.284522 
research/robot-position-observer-results/benchmark.svg:3521: trailing whitespace.
+    <path d="M 906.190031 299.593169 
research/robot-position-observer-results/benchmark.svg:3522: trailing whitespace.
+L 924.585027 299.593169 
research/robot-position-observer-results/benchmark.svg:3526: trailing whitespace.
+    <path d="M 940.254837 299.481897 
research/robot-position-observer-results/benchmark.svg:3527: trailing whitespace.
+L 958.649833 299.481897 
research/robot-position-observer-results/benchmark.svg:3531: trailing whitespace.
+    <path d="M 1008.38445 299.490047 
research/robot-position-observer-results/benchmark.svg:3532: trailing whitespace.
+L 1026.779445 299.490047 
research/robot-position-observer-results/benchmark.svg:3536: trailing whitespace.
+    <path d="M 1042.449256 101.927963 
research/robot-position-observer-results/benchmark.svg:3537: trailing whitespace.
+L 1060.844251 101.927963 
research/robot-position-observer-results/benchmark.svg:3541: trailing whitespace.
+    <path d="M 1076.514062 298.452144 
research/robot-position-observer-results/benchmark.svg:3542: trailing whitespace.
+L 1094.909057 298.452144 
research/robot-position-observer-results/benchmark.svg:3546: trailing whitespace.
+    <path d="M 1110.578868 299.802206 
research/robot-position-observer-results/benchmark.svg:3547: trailing whitespace.
+L 1128.973863 299.802206 
research/robot-position-observer-results/benchmark.svg:3551: trailing whitespace.
+    <path d="M 1144.643674 300.127808 
research/robot-position-observer-results/benchmark.svg:3552: trailing whitespace.
+L 1163.03867 300.127808 
research/robot-position-observer-results/benchmark.svg:3556: trailing whitespace.
+    <path d="M 1178.70848 299.578086 
research/robot-position-observer-results/benchmark.svg:3557: trailing whitespace.
+L 1197.103476 299.578086 
research/robot-position-observer-results/benchmark.svg:3561: trailing whitespace.
+    <path d="M 1212.773286 299.293313 
research/robot-position-observer-results/benchmark.svg:3562: trailing whitespace.
+L 1231.168282 299.293313 
research/robot-position-observer-results/benchmark.svg:3566: trailing whitespace.
+    <path d="M 1246.838093 297.966629 
research/robot-position-observer-results/benchmark.svg:3567: trailing whitespace.
+L 1265.233088 297.966629 
research/robot-position-observer-results/benchmark.svg:3571: trailing whitespace.
+    <path d="M 1280.902899 299.473728 
research/robot-position-observer-results/benchmark.svg:3572: trailing whitespace.
+L 1299.297894 299.473728 
research/robot-position-observer-results/benchmark.svg:3576: trailing whitespace.
+    <path d="M 1314.967705 298.825583 
research/robot-position-observer-results/benchmark.svg:3577: trailing whitespace.
+L 1333.3627 298.825583 
research/robot-position-observer-results/benchmark.svg:3581: trailing whitespace.
+    <path d="M 1349.032511 297.726293 
research/robot-position-observer-results/benchmark.svg:3582: trailing whitespace.
+L 1367.427506 297.726293 
research/robot-position-observer-results/benchmark.svg:3586: trailing whitespace.
+    <path d="M 1383.097317 298.623767 
research/robot-position-observer-results/benchmark.svg:3587: trailing whitespace.
+L 1401.492312 298.623767 
research/robot-position-observer-results/benchmark.svg:3591: trailing whitespace.
+    <path d="M 1417.162123 294.84976 
research/robot-position-observer-results/benchmark.svg:3592: trailing whitespace.
+L 1435.557119 294.84976 
research/robot-position-observer-results/benchmark.svg:3596: trailing whitespace.
+    <path d="M 1451.226929 292.729713 
research/robot-position-observer-results/benchmark.svg:3597: trailing whitespace.
+L 1469.621925 292.729713 
research/robot-position-observer-results/benchmark.svg:3601: trailing whitespace.
+    <path d="M 806.482344 343.600059 
research/robot-position-observer-results/benchmark.svg:3602: trailing whitespace.
+L 806.482344 90.963516 
research/robot-position-observer-results/benchmark.svg:3606: trailing whitespace.
+    <path d="M 1501.2 343.600059 
research/robot-position-observer-results/benchmark.svg:3607: trailing whitespace.
+L 1501.2 90.963516 
research/robot-position-observer-results/benchmark.svg:3611: trailing whitespace.
+    <path d="M 806.482344 343.600059 
research/robot-position-observer-results/benchmark.svg:3612: trailing whitespace.
+L 1501.2 343.600059 
research/robot-position-observer-results/benchmark.svg:3616: trailing whitespace.
+    <path d="M 806.482344 90.963516 
research/robot-position-observer-results/benchmark.svg:3617: trailing whitespace.
+L 1501.2 90.963516 
research/robot-position-observer-results/benchmark.svg:3980: trailing whitespace.
+    <path d="M 55.882344 728.798887 
research/robot-position-observer-results/benchmark.svg:3981: trailing whitespace.
+L 750.6 728.798887 
research/robot-position-observer-results/benchmark.svg:3982: trailing whitespace.
+L 750.6 476.162344 
research/robot-position-observer-results/benchmark.svg:3983: trailing whitespace.
+L 55.882344 476.162344 
research/robot-position-observer-results/benchmark.svg:4456: trailing whitespace.
+      <path d="M 55.882344 728.798887 
research/robot-position-observer-results/benchmark.svg:4457: trailing whitespace.
+L 750.6 728.798887 
research/robot-position-observer-results/benchmark.svg:4474: trailing whitespace.
+      <path d="M 55.882344 703.56976 
research/robot-position-observer-results/benchmark.svg:4475: trailing whitespace.
+L 750.6 703.56976 
research/robot-position-observer-results/benchmark.svg:4495: trailing whitespace.
+      <path d="M 55.882344 680.863546 
research/robot-position-observer-results/benchmark.svg:4496: trailing whitespace.
+L 750.6 680.863546 
research/robot-position-observer-results/benchmark.svg:4515: trailing whitespace.
+      <path d="M 55.882344 658.157331 
research/robot-position-observer-results/benchmark.svg:4516: trailing whitespace.
+L 750.6 658.157331 
research/robot-position-observer-results/benchmark.svg:4535: trailing whitespace.
+      <path d="M 55.882344 635.451117 
research/robot-position-observer-results/benchmark.svg:4536: trailing whitespace.
+L 750.6 635.451117 
research/robot-position-observer-results/benchmark.svg:4555: trailing whitespace.
+      <path d="M 55.882344 612.744902 
research/robot-position-observer-results/benchmark.svg:4556: trailing whitespace.
+L 750.6 612.744902 
research/robot-position-observer-results/benchmark.svg:4575: trailing whitespace.
+      <path d="M 55.882344 590.038687 
research/robot-position-observer-results/benchmark.svg:4576: trailing whitespace.
+L 750.6 590.038687 
research/robot-position-observer-results/benchmark.svg:4595: trailing whitespace.
+      <path d="M 55.882344 567.332473 
research/robot-position-observer-results/benchmark.svg:4596: trailing whitespace.
+L 750.6 567.332473 
research/robot-position-observer-results/benchmark.svg:4615: trailing whitespace.
+      <path d="M 55.882344 544.626258 
research/robot-position-observer-results/benchmark.svg:4616: trailing whitespace.
+L 750.6 544.626258 
research/robot-position-observer-results/benchmark.svg:4635: trailing whitespace.
+      <path d="M 55.882344 521.920044 
research/robot-position-observer-results/benchmark.svg:4636: trailing whitespace.
+L 750.6 521.920044 
research/robot-position-observer-results/benchmark.svg:4655: trailing whitespace.
+      <path d="M 55.882344 499.213829 
research/robot-position-observer-results/benchmark.svg:4656: trailing whitespace.
+L 750.6 499.213829 
research/robot-position-observer-results/benchmark.svg:4675: trailing whitespace.
+      <path d="M 55.882344 476.507615 
research/robot-position-observer-results/benchmark.svg:4676: trailing whitespace.
+L 750.6 476.507615 
research/robot-position-observer-results/benchmark.svg:4753: trailing whitespace.
+    <path d="M 87.460419 685.675696 
research/robot-position-observer-results/benchmark.svg:4754: trailing whitespace.
+L 105.855414 685.675696 
research/robot-position-observer-results/benchmark.svg:4758: trailing whitespace.
+    <path d="M 121.525225 685.525914 
research/robot-position-observer-results/benchmark.svg:4759: trailing whitespace.
+L 139.92022 685.525914 
research/robot-position-observer-results/benchmark.svg:4763: trailing whitespace.
+    <path d="M 155.590031 685.618143 
research/robot-position-observer-results/benchmark.svg:4764: trailing whitespace.
+L 173.985027 685.618143 
research/robot-position-observer-results/benchmark.svg:4768: trailing whitespace.
+    <path d="M 189.654837 685.752889 
research/robot-position-observer-results/benchmark.svg:4769: trailing whitespace.
+L 208.049833 685.752889 
research/robot-position-observer-results/benchmark.svg:4773: trailing whitespace.
+    <path d="M 257.78445 685.622272 
research/robot-position-observer-results/benchmark.svg:4774: trailing whitespace.
+L 276.179445 685.622272 
research/robot-position-observer-results/benchmark.svg:4778: trailing whitespace.
+    <path d="M 291.849256 487.835056 
research/robot-position-observer-results/benchmark.svg:4779: trailing whitespace.
+L 310.244251 487.835056 
research/robot-position-observer-results/benchmark.svg:4783: trailing whitespace.
+    <path d="M 325.914062 685.019127 
research/robot-position-observer-results/benchmark.svg:4784: trailing whitespace.
+L 344.309057 685.019127 
research/robot-position-observer-results/benchmark.svg:4788: trailing whitespace.
+    <path d="M 359.978868 686.035203 
research/robot-position-observer-results/benchmark.svg:4789: trailing whitespace.
+L 378.373863 686.035203 
research/robot-position-observer-results/benchmark.svg:4793: trailing whitespace.
+    <path d="M 394.043674 685.726006 
research/robot-position-observer-results/benchmark.svg:4794: trailing whitespace.
+L 412.43867 685.726006 
research/robot-position-observer-results/benchmark.svg:4798: trailing whitespace.
+    <path d="M 428.10848 685.536631 
research/robot-position-observer-results/benchmark.svg:4799: trailing whitespace.
+L 446.503476 685.536631 
research/robot-position-observer-results/benchmark.svg:4803: trailing whitespace.
+    <path d="M 462.173286 684.155923 
research/robot-position-observer-results/benchmark.svg:4804: trailing whitespace.
+L 480.568282 684.155923 
research/robot-position-observer-results/benchmark.svg:4808: trailing whitespace.
+    <path d="M 496.238093 684.145101 
research/robot-position-observer-results/benchmark.svg:4809: trailing whitespace.
+L 514.633088 684.145101 
research/robot-position-observer-results/benchmark.svg:4813: trailing whitespace.
+    <path d="M 530.302899 685.449119 
research/robot-position-observer-results/benchmark.svg:4814: trailing whitespace.
+L 548.697894 685.449119 
research/robot-position-observer-results/benchmark.svg:4818: trailing whitespace.
+    <path d="M 564.367705 685.428565 
research/robot-position-observer-results/benchmark.svg:4819: trailing whitespace.
+L 582.7627 685.428565 
research/robot-position-observer-results/benchmark.svg:4823: trailing whitespace.
+    <path d="M 598.432511 683.661068 
research/robot-position-observer-results/benchmark.svg:4824: trailing whitespace.
+L 616.827506 683.661068 
research/robot-position-observer-results/benchmark.svg:4828: trailing whitespace.
+    <path d="M 632.497317 684.945516 
research/robot-position-observer-results/benchmark.svg:4829: trailing whitespace.
+L 650.892312 684.945516 
research/robot-position-observer-results/benchmark.svg:4833: trailing whitespace.
+    <path d="M 666.562123 680.771212 
research/robot-position-observer-results/benchmark.svg:4834: trailing whitespace.
+L 684.957119 680.771212 
research/robot-position-observer-results/benchmark.svg:4838: trailing whitespace.
+    <path d="M 700.626929 678.394891 
research/robot-position-observer-results/benchmark.svg:4839: trailing whitespace.
+L 719.021925 678.394891 
research/robot-position-observer-results/benchmark.svg:4843: trailing whitespace.
+    <path d="M 55.882344 728.798887 
research/robot-position-observer-results/benchmark.svg:4844: trailing whitespace.
+L 55.882344 476.162344 
research/robot-position-observer-results/benchmark.svg:4848: trailing whitespace.
+    <path d="M 750.6 728.798887 
research/robot-position-observer-results/benchmark.svg:4849: trailing whitespace.
+L 750.6 476.162344 
research/robot-position-observer-results/benchmark.svg:4853: trailing whitespace.
+    <path d="M 55.882344 728.798887 
research/robot-position-observer-results/benchmark.svg:4854: trailing whitespace.
+L 750.6 728.798887 
research/robot-position-observer-results/benchmark.svg:4858: trailing whitespace.
+    <path d="M 55.882344 476.162344 
research/robot-position-observer-results/benchmark.svg:4859: trailing whitespace.
+L 750.6 476.162344 
research/robot-position-observer-results/benchmark.svg:5222: trailing whitespace.
+    <path d="M 806.482344 728.798887 
research/robot-position-observer-results/benchmark.svg:5223: trailing whitespace.
+L 1501.2 728.798887 
research/robot-position-observer-results/benchmark.svg:5224: trailing whitespace.
+L 1501.2 476.162344 
research/robot-position-observer-results/benchmark.svg:5225: trailing whitespace.
+L 806.482344 476.162344 
research/robot-position-observer-results/benchmark.svg:5698: trailing whitespace.
+      <path d="M 806.482344 728.798887 
research/robot-position-observer-results/benchmark.svg:5699: trailing whitespace.
+L 1501.2 728.798887 
research/robot-position-observer-results/benchmark.svg:5716: trailing whitespace.
+      <path d="M 806.482344 703.56976 
research/robot-position-observer-results/benchmark.svg:5717: trailing whitespace.
+L 1501.2 703.56976 
research/robot-position-observer-results/benchmark.svg:5737: trailing whitespace.
+      <path d="M 806.482344 680.863546 
research/robot-position-observer-results/benchmark.svg:5738: trailing whitespace.
+L 1501.2 680.863546 
research/robot-position-observer-results/benchmark.svg:5757: trailing whitespace.
+      <path d="M 806.482344 658.157331 
research/robot-position-observer-results/benchmark.svg:5758: trailing whitespace.
+L 1501.2 658.157331 
research/robot-position-observer-results/benchmark.svg:5777: trailing whitespace.
+      <path d="M 806.482344 635.451117 
research/robot-position-observer-results/benchmark.svg:5778: trailing whitespace.
+L 1501.2 635.451117 
research/robot-position-observer-results/benchmark.svg:5797: trailing whitespace.
+      <path d="M 806.482344 612.744902 
research/robot-position-observer-results/benchmark.svg:5798: trailing whitespace.
+L 1501.2 612.744902 
research/robot-position-observer-results/benchmark.svg:5817: trailing whitespace.
+      <path d="M 806.482344 590.038687 
research/robot-position-observer-results/benchmark.svg:5818: trailing whitespace.
+L 1501.2 590.038687 
research/robot-position-observer-results/benchmark.svg:5837: trailing whitespace.
+      <path d="M 806.482344 567.332473 
research/robot-position-observer-results/benchmark.svg:5838: trailing whitespace.
+L 1501.2 567.332473 
research/robot-position-observer-results/benchmark.svg:5857: trailing whitespace.
+      <path d="M 806.482344 544.626258 
research/robot-position-observer-results/benchmark.svg:5858: trailing whitespace.
+L 1501.2 544.626258 
research/robot-position-observer-results/benchmark.svg:5877: trailing whitespace.
+      <path d="M 806.482344 521.920044 
research/robot-position-observer-results/benchmark.svg:5878: trailing whitespace.
+L 1501.2 521.920044 
research/robot-position-observer-results/benchmark.svg:5897: trailing whitespace.
+      <path d="M 806.482344 499.213829 
research/robot-position-observer-results/benchmark.svg:5898: trailing whitespace.
+L 1501.2 499.213829 
research/robot-position-observer-results/benchmark.svg:5917: trailing whitespace.
+      <path d="M 806.482344 476.507615 
research/robot-position-observer-results/benchmark.svg:5918: trailing whitespace.
+L 1501.2 476.507615 
research/robot-position-observer-results/benchmark.svg:5995: trailing whitespace.
+    <path d="M 838.060419 684.597986 
research/robot-position-observer-results/benchmark.svg:5996: trailing whitespace.
+L 856.455414 684.597986 
research/robot-position-observer-results/benchmark.svg:6000: trailing whitespace.
+    <path d="M 872.125225 684.366 
research/robot-position-observer-results/benchmark.svg:6001: trailing whitespace.
+L 890.52022 684.366 
research/robot-position-observer-results/benchmark.svg:6005: trailing whitespace.
+    <path d="M 906.190031 684.727831 
research/robot-position-observer-results/benchmark.svg:6006: trailing whitespace.
+L 924.585027 684.727831 
research/robot-position-observer-results/benchmark.svg:6010: trailing whitespace.
+    <path d="M 940.254837 684.748433 
research/robot-position-observer-results/benchmark.svg:6011: trailing whitespace.
+L 958.649833 684.748433 
research/robot-position-observer-results/benchmark.svg:6015: trailing whitespace.
+    <path d="M 1008.38445 684.597782 
research/robot-position-observer-results/benchmark.svg:6016: trailing whitespace.
+L 1026.779445 684.597782 
research/robot-position-observer-results/benchmark.svg:6020: trailing whitespace.
+    <path d="M 1042.449256 524.782768 
research/robot-position-observer-results/benchmark.svg:6021: trailing whitespace.
+L 1060.844251 524.782768 
research/robot-position-observer-results/benchmark.svg:6025: trailing whitespace.
+    <path d="M 1076.514062 683.216964 
research/robot-position-observer-results/benchmark.svg:6026: trailing whitespace.
+L 1094.909057 683.216964 
research/robot-position-observer-results/benchmark.svg:6030: trailing whitespace.
+    <path d="M 1110.578868 684.950475 
research/robot-position-observer-results/benchmark.svg:6031: trailing whitespace.
+L 1128.973863 684.950475 
research/robot-position-observer-results/benchmark.svg:6035: trailing whitespace.
+    <path d="M 1144.643674 685.310092 
research/robot-position-observer-results/benchmark.svg:6036: trailing whitespace.
+L 1163.03867 685.310092 
research/robot-position-observer-results/benchmark.svg:6040: trailing whitespace.
+    <path d="M 1178.70848 684.59686 
research/robot-position-observer-results/benchmark.svg:6041: trailing whitespace.
+L 1197.103476 684.59686 
research/robot-position-observer-results/benchmark.svg:6045: trailing whitespace.
+    <path d="M 1212.773286 683.649267 
research/robot-position-observer-results/benchmark.svg:6046: trailing whitespace.
+L 1231.168282 683.649267 
research/robot-position-observer-results/benchmark.svg:6050: trailing whitespace.
+    <path d="M 1246.838093 683.544785 
research/robot-position-observer-results/benchmark.svg:6051: trailing whitespace.
+L 1265.233088 683.544785 
research/robot-position-observer-results/benchmark.svg:6055: trailing whitespace.
+    <path d="M 1280.902899 684.085895 
research/robot-position-observer-results/benchmark.svg:6056: trailing whitespace.
+L 1299.297894 684.085895 
research/robot-position-observer-results/benchmark.svg:6060: trailing whitespace.
+    <path d="M 1314.967705 683.881109 
research/robot-position-observer-results/benchmark.svg:6061: trailing whitespace.
+L 1333.3627 683.881109 
research/robot-position-observer-results/benchmark.svg:6065: trailing whitespace.
+    <path d="M 1349.032511 682.63918 
research/robot-position-observer-results/benchmark.svg:6066: trailing whitespace.
+L 1367.427506 682.63918 
research/robot-position-observer-results/benchmark.svg:6070: trailing whitespace.
+    <path d="M 1383.097317 684.02498 
research/robot-position-observer-results/benchmark.svg:6071: trailing whitespace.
+L 1401.492312 684.02498 
research/robot-position-observer-results/benchmark.svg:6075: trailing whitespace.
+    <path d="M 1417.162123 680.617201 
research/robot-position-observer-results/benchmark.svg:6076: trailing whitespace.
+L 1435.557119 680.617201 
research/robot-position-observer-results/benchmark.svg:6080: trailing whitespace.
+    <path d="M 1451.226929 678.613031 
research/robot-position-observer-results/benchmark.svg:6081: trailing whitespace.
+L 1469.621925 678.613031 
research/robot-position-observer-results/benchmark.svg:6085: trailing whitespace.
+    <path d="M 806.482344 728.798887 
research/robot-position-observer-results/benchmark.svg:6086: trailing whitespace.
+L 806.482344 476.162344 
research/robot-position-observer-results/benchmark.svg:6090: trailing whitespace.
+    <path d="M 1501.2 728.798887 
research/robot-position-observer-results/benchmark.svg:6091: trailing whitespace.
+L 1501.2 476.162344 
research/robot-position-observer-results/benchmark.svg:6095: trailing whitespace.
+    <path d="M 806.482344 728.798887 
research/robot-position-observer-results/benchmark.svg:6096: trailing whitespace.
+L 1501.2 728.798887 
research/robot-position-observer-results/benchmark.svg:6100: trailing whitespace.
+    <path d="M 806.482344 476.162344 
research/robot-position-observer-results/benchmark.svg:6101: trailing whitespace.
+L 1501.2 476.162344 
research/robot-position-observer-results/benchmark.svg:6464: trailing whitespace.
+    <path d="M 55.882344 1113.997716 
research/robot-position-observer-results/benchmark.svg:6465: trailing whitespace.
+L 750.6 1113.997716 
research/robot-position-observer-results/benchmark.svg:6466: trailing whitespace.
+L 750.6 861.361172 
research/robot-position-observer-results/benchmark.svg:6467: trailing whitespace.
+L 55.882344 861.361172 
research/robot-position-observer-results/benchmark.svg:6940: trailing whitespace.
+      <path d="M 55.882344 1098.974771 
research/robot-position-observer-results/benchmark.svg:6941: trailing whitespace.
+L 750.6 1098.974771 
research/robot-position-observer-results/benchmark.svg:6961: trailing whitespace.
+      <path d="M 55.882344 1016.176333 
research/robot-position-observer-results/benchmark.svg:6962: trailing whitespace.
+L 750.6 1016.176333 
research/robot-position-observer-results/benchmark.svg:6982: trailing whitespace.
+      <path d="M 55.882344 933.377895 
research/robot-position-observer-results/benchmark.svg:6983: trailing whitespace.
+L 750.6 933.377895 
research/robot-position-observer-results/benchmark.svg:7003: trailing whitespace.
+       <path id="maef20de9c1" d="M 0 0 
research/robot-position-observer-results/benchmark.svg:7004: trailing whitespace.
+L -2 0 
research/robot-position-observer-results/benchmark.svg:7184: trailing whitespace.
+       <path id="DejaVuSans-54" d="M 947 1747 
research/robot-position-observer-results/benchmark.svg:7185: trailing whitespace.
+Q 947 1113 1208 752 
research/robot-position-observer-results/benchmark.svg:7186: trailing whitespace.
+Q 1469 391 1925 391 
research/robot-position-observer-results/benchmark.svg:7187: trailing whitespace.
+Q 2381 391 2643 752 
research/robot-position-observer-results/benchmark.svg:7188: trailing whitespace.
+Q 2906 1113 2906 1747 
research/robot-position-observer-results/benchmark.svg:7189: trailing whitespace.
+Q 2906 2381 2643 2742 
research/robot-position-observer-results/benchmark.svg:7190: trailing whitespace.
+Q 2381 3103 1925 3103 
research/robot-position-observer-results/benchmark.svg:7191: trailing whitespace.
+Q 1469 3103 1208 2742 
research/robot-position-observer-results/benchmark.svg:7192: trailing whitespace.
+Q 947 2381 947 1747 
research/robot-position-observer-results/benchmark.svg:7194: trailing whitespace.
+M 2906 525 
research/robot-position-observer-results/benchmark.svg:7195: trailing whitespace.
+Q 2725 213 2448 61 
research/robot-position-observer-results/benchmark.svg:7196: trailing whitespace.
+Q 2172 -91 1784 -91 
research/robot-position-observer-results/benchmark.svg:7197: trailing whitespace.
+Q 1150 -91 751 415 
research/robot-position-observer-results/benchmark.svg:7198: trailing whitespace.
+Q 353 922 353 1747 
research/robot-position-observer-results/benchmark.svg:7199: trailing whitespace.
+Q 353 2572 751 3078 
research/robot-position-observer-results/benchmark.svg:7200: trailing whitespace.
+Q 1150 3584 1784 3584 
research/robot-position-observer-results/benchmark.svg:7201: trailing whitespace.
+Q 2172 3584 2448 3432 
research/robot-position-observer-results/benchmark.svg:7202: trailing whitespace.
+Q 2725 3281 2906 2969 
research/robot-position-observer-results/benchmark.svg:7203: trailing whitespace.
+L 2906 3500 
research/robot-position-observer-results/benchmark.svg:7204: trailing whitespace.
+L 3481 3500 
research/robot-position-observer-results/benchmark.svg:7205: trailing whitespace.
+L 3481 -1331 
research/robot-position-observer-results/benchmark.svg:7206: trailing whitespace.
+L 2906 -1331 
research/robot-position-observer-results/benchmark.svg:7207: trailing whitespace.
+L 2906 525 
research/robot-position-observer-results/benchmark.svg:7256: trailing whitespace.
+    <path d="M 87.460419 873.441936 
research/robot-position-observer-results/benchmark.svg:7257: trailing whitespace.
+L 105.855414 873.441936 
research/robot-position-observer-results/benchmark.svg:7261: trailing whitespace.
+    <path d="M 121.525225 873.145771 
research/robot-position-observer-results/benchmark.svg:7262: trailing whitespace.
+L 139.92022 873.145771 
research/robot-position-observer-results/benchmark.svg:7266: trailing whitespace.
+    <path d="M 155.590031 883.853934 
research/robot-position-observer-results/benchmark.svg:7267: trailing whitespace.
+L 173.985027 883.853934 
research/robot-position-observer-results/benchmark.svg:7271: trailing whitespace.
+    <path d="M 189.654837 884.970637 
research/robot-position-observer-results/benchmark.svg:7272: trailing whitespace.
+L 208.049833 884.970637 
research/robot-position-observer-results/benchmark.svg:7276: trailing whitespace.
+    <path d="M 257.78445 884.701249 
research/robot-position-observer-results/benchmark.svg:7277: trailing whitespace.
+L 276.179445 884.701249 
research/robot-position-observer-results/benchmark.svg:7281: trailing whitespace.
+    <path d="M 291.849256 872.886141 
research/robot-position-observer-results/benchmark.svg:7282: trailing whitespace.
+L 310.244251 872.886141 
research/robot-position-observer-results/benchmark.svg:7286: trailing whitespace.
+    <path d="M 325.914062 874.233519 
research/robot-position-observer-results/benchmark.svg:7287: trailing whitespace.
+L 344.309057 874.233519 
research/robot-position-observer-results/benchmark.svg:7291: trailing whitespace.
+    <path d="M 359.978868 885.099337 
research/robot-position-observer-results/benchmark.svg:7292: trailing whitespace.
+L 378.373863 885.099337 
research/robot-position-observer-results/benchmark.svg:7296: trailing whitespace.
+    <path d="M 394.043674 884.952319 
research/robot-position-observer-results/benchmark.svg:7297: trailing whitespace.
+L 412.43867 884.952319 
research/robot-position-observer-results/benchmark.svg:7301: trailing whitespace.
+    <path d="M 428.10848 880.281263 
research/robot-position-observer-results/benchmark.svg:7302: trailing whitespace.
+L 446.503476 880.281263 
research/robot-position-observer-results/benchmark.svg:7306: trailing whitespace.
+    <path d="M 462.173286 880.626 
research/robot-position-observer-results/benchmark.svg:7307: trailing whitespace.
+L 480.568282 880.626 
research/robot-position-observer-results/benchmark.svg:7311: trailing whitespace.
+    <path d="M 496.238093 906.648375 
research/robot-position-observer-results/benchmark.svg:7312: trailing whitespace.
+L 514.633088 906.648375 
research/robot-position-observer-results/benchmark.svg:7316: trailing whitespace.
+    <path d="M 530.302899 881.921107 
research/robot-position-observer-results/benchmark.svg:7317: trailing whitespace.
+L 548.697894 881.921107 
research/robot-position-observer-results/benchmark.svg:7321: trailing whitespace.
+    <path d="M 564.367705 906.933427 
research/robot-position-observer-results/benchmark.svg:7322: trailing whitespace.
+L 582.7627 906.933427 
research/robot-position-observer-results/benchmark.svg:7326: trailing whitespace.
+    <path d="M 598.432511 956.827636 
research/robot-position-observer-results/benchmark.svg:7327: trailing whitespace.
+L 616.827506 956.827636 
research/robot-position-observer-results/benchmark.svg:7331: trailing whitespace.
+    <path d="M 632.497317 956.334862 
research/robot-position-observer-results/benchmark.svg:7332: trailing whitespace.
+L 650.892312 956.334862 
research/robot-position-observer-results/benchmark.svg:7336: trailing whitespace.
+    <path d="M 666.562123 984.748505 
research/robot-position-observer-results/benchmark.svg:7337: trailing whitespace.
+L 684.957119 984.748505 
research/robot-position-observer-results/benchmark.svg:7341: trailing whitespace.
+    <path d="M 700.626929 1102.514236 
research/robot-position-observer-results/benchmark.svg:7342: trailing whitespace.
+L 719.021925 1102.514236 
research/robot-position-observer-results/benchmark.svg:7346: trailing whitespace.
+    <path d="M 55.882344 1113.997716 
research/robot-position-observer-results/benchmark.svg:7347: trailing whitespace.
+L 55.882344 861.361172 
research/robot-position-observer-results/benchmark.svg:7351: trailing whitespace.
+    <path d="M 750.6 1113.997716 
research/robot-position-observer-results/benchmark.svg:7352: trailing whitespace.
+L 750.6 861.361172 
research/robot-position-observer-results/benchmark.svg:7356: trailing whitespace.
+    <path d="M 55.882344 1113.997716 
research/robot-position-observer-results/benchmark.svg:7357: trailing whitespace.
+L 750.6 1113.997716 
research/robot-position-observer-results/benchmark.svg:7361: trailing whitespace.
+    <path d="M 55.882344 861.361172 
research/robot-position-observer-results/benchmark.svg:7362: trailing whitespace.
+L 750.6 861.361172 
research/robot-position-observer-results/benchmark.svg:7619: trailing whitespace.
+    <path d="M 806.482344 1113.997716 
research/robot-position-observer-results/benchmark.svg:7620: trailing whitespace.
+L 1501.2 1113.997716 
research/robot-position-observer-results/benchmark.svg:7621: trailing whitespace.
+L 1501.2 861.361172 
research/robot-position-observer-results/benchmark.svg:7622: trailing whitespace.
+L 806.482344 861.361172 
research/robot-position-observer-results/benchmark.svg:8095: trailing whitespace.
+      <path d="M 806.482344 1068.393741 
research/robot-position-observer-results/benchmark.svg:8096: trailing whitespace.
+L 1501.2 1068.393741 
research/robot-position-observer-results/benchmark.svg:8115: trailing whitespace.
+      <path d="M 806.482344 1013.341927 
research/robot-position-observer-results/benchmark.svg:8116: trailing whitespace.
+L 1501.2 1013.341927 
research/robot-position-observer-results/benchmark.svg:8135: trailing whitespace.
+      <path d="M 806.482344 958.290114 
research/robot-position-observer-results/benchmark.svg:8136: trailing whitespace.
+L 1501.2 958.290114 
research/robot-position-observer-results/benchmark.svg:8155: trailing whitespace.
+      <path d="M 806.482344 903.2383 
research/robot-position-observer-results/benchmark.svg:8156: trailing whitespace.
+L 1501.2 903.2383 
research/robot-position-observer-results/benchmark.svg:8468: trailing whitespace.
+    <path d="M 838.060419 1043.03703 
research/robot-position-observer-results/benchmark.svg:8469: trailing whitespace.
+L 856.455414 1043.03703 
research/robot-position-observer-results/benchmark.svg:8473: trailing whitespace.
+    <path d="M 872.125225 1043.03703 
research/robot-position-observer-results/benchmark.svg:8474: trailing whitespace.
+L 890.52022 1043.03703 
research/robot-position-observer-results/benchmark.svg:8478: trailing whitespace.
+    <path d="M 906.190031 1034.728958 
research/robot-position-observer-results/benchmark.svg:8479: trailing whitespace.
+L 924.585027 1034.728958 
research/robot-position-observer-results/benchmark.svg:8483: trailing whitespace.
+    <path d="M 940.254837 1034.728958 
research/robot-position-observer-results/benchmark.svg:8484: trailing whitespace.
+L 958.649833 1034.728958 
research/robot-position-observer-results/benchmark.svg:8488: trailing whitespace.
+    <path d="M 1008.38445 1045.548706 
research/robot-position-observer-results/benchmark.svg:8489: trailing whitespace.
+L 1026.779445 1045.548706 
research/robot-position-observer-results/benchmark.svg:8493: trailing whitespace.
+    <path d="M 1042.449256 1043.03703 
research/robot-position-observer-results/benchmark.svg:8494: trailing whitespace.
+L 1060.844251 1043.03703 
research/robot-position-observer-results/benchmark.svg:8498: trailing whitespace.
+    <path d="M 1076.514062 1043.03703 
research/robot-position-observer-results/benchmark.svg:8499: trailing whitespace.
+L 1094.909057 1043.03703 
research/robot-position-observer-results/benchmark.svg:8503: trailing whitespace.
+    <path d="M 1110.578868 1034.728958 
research/robot-position-observer-results/benchmark.svg:8504: trailing whitespace.
+L 1128.973863 1034.728958 
research/robot-position-observer-results/benchmark.svg:8508: trailing whitespace.
+    <path d="M 1144.643674 1034.728958 
research/robot-position-observer-results/benchmark.svg:8509: trailing whitespace.
+L 1163.03867 1034.728958 
research/robot-position-observer-results/benchmark.svg:8513: trailing whitespace.
+    <path d="M 1178.70848 1038.689 
research/robot-position-observer-results/benchmark.svg:8514: trailing whitespace.
+L 1197.103476 1038.689 
research/robot-position-observer-results/benchmark.svg:8518: trailing whitespace.
+    <path d="M 1212.773286 1038.689 
research/robot-position-observer-results/benchmark.svg:8519: trailing whitespace.
+L 1231.168282 1038.689 
research/robot-position-observer-results/benchmark.svg:8523: trailing whitespace.
+    <path d="M 1246.838093 992.354887 
research/robot-position-observer-results/benchmark.svg:8524: trailing whitespace.
+L 1265.233088 992.354887 
research/robot-position-observer-results/benchmark.svg:8528: trailing whitespace.
+    <path d="M 1280.902899 1033.542405 
research/robot-position-observer-results/benchmark.svg:8529: trailing whitespace.
+L 1299.297894 1033.542405 
research/robot-position-observer-results/benchmark.svg:8533: trailing whitespace.
+    <path d="M 1314.967705 1027.687654 
research/robot-position-observer-results/benchmark.svg:8534: trailing whitespace.
+L 1333.3627 1027.687654 
research/robot-position-observer-results/benchmark.svg:8538: trailing whitespace.
+    <path d="M 1349.032511 872.844651 
research/robot-position-observer-results/benchmark.svg:8539: trailing whitespace.
+L 1367.427506 872.844651 
research/robot-position-observer-results/benchmark.svg:8543: trailing whitespace.
+    <path d="M 1383.097317 872.844651 
research/robot-position-observer-results/benchmark.svg:8544: trailing whitespace.
+L 1401.492312 872.844651 
research/robot-position-observer-results/benchmark.svg:8548: trailing whitespace.
+    <path d="M 1417.162123 1058.132567 
research/robot-position-observer-results/benchmark.svg:8549: trailing whitespace.
+L 1435.557119 1058.132567 
research/robot-position-observer-results/benchmark.svg:8553: trailing whitespace.
+    <path d="M 1451.226929 1102.514236 
research/robot-position-observer-results/benchmark.svg:8554: trailing whitespace.
+L 1469.621925 1102.514236 
research/robot-position-observer-results/benchmark.svg:8558: trailing whitespace.
+    <path d="M 806.482344 1113.997716 
research/robot-position-observer-results/benchmark.svg:8559: trailing whitespace.
+L 806.482344 861.361172 
research/robot-position-observer-results/benchmark.svg:8563: trailing whitespace.
+    <path d="M 1501.2 1113.997716 
research/robot-position-observer-results/benchmark.svg:8564: trailing whitespace.
+L 1501.2 861.361172 
research/robot-position-observer-results/benchmark.svg:8568: trailing whitespace.
+    <path d="M 806.482344 1113.997716 
research/robot-position-observer-results/benchmark.svg:8569: trailing whitespace.
+L 1501.2 1113.997716 
research/robot-position-observer-results/benchmark.svg:8573: trailing whitespace.
+    <path d="M 806.482344 861.361172 
research/robot-position-observer-results/benchmark.svg:8574: trailing whitespace.
+L 1501.2 861.361172 
research/robot-position-observer-results/benchmark.svg:8833: trailing whitespace.
+     <path id="DejaVuSans-10" d="M 313 2009 
research/robot-position-observer-results/benchmark.svg:8834: trailing whitespace.
+L 1997 2009 
research/robot-position-observer-results/benchmark.svg:8835: trailing whitespace.
+L 1997 1497 
research/robot-position-observer-results/benchmark.svg:8836: trailing whitespace.
+L 313 1497 
research/robot-position-observer-results/benchmark.svg:8837: trailing whitespace.
+L 313 2009 
research/robot-position-observer-results/benchmark.svg:8840: trailing whitespace.
+     <path id="DejaVuSans-1d" d="M 750 794 
research/robot-position-observer-results/benchmark.svg:8841: trailing whitespace.
+L 1409 794 
research/robot-position-observer-results/benchmark.svg:8842: trailing whitespace.
+L 1409 0 
research/robot-position-observer-results/benchmark.svg:8843: trailing whitespace.
+L 750 0 
research/robot-position-observer-results/benchmark.svg:8844: trailing whitespace.
+L 750 794 
research/robot-position-observer-results/benchmark.svg:8846: trailing whitespace.
+M 750 3309 
research/robot-position-observer-results/benchmark.svg:8847: trailing whitespace.
+L 1409 3309 
research/robot-position-observer-results/benchmark.svg:8848: trailing whitespace.
+L 1409 2516 
research/robot-position-observer-results/benchmark.svg:8849: trailing whitespace.
+L 750 2516 
research/robot-position-observer-results/benchmark.svg:8850: trailing whitespace.
+L 750 3309 
research/robot-position-observer-results/benchmark.svg:8853: trailing whitespace.
+     <path id="DejaVuSans-5f" d="M 1344 4891 
research/robot-position-observer-results/benchmark.svg:8854: trailing whitespace.
+L 1344 -1509 
research/robot-position-observer-results/benchmark.svg:8855: trailing whitespace.
+L 813 -1509 
research/robot-position-observer-results/benchmark.svg:8856: trailing whitespace.
+L 813 4891 
research/robot-position-observer-results/benchmark.svg:8857: trailing whitespace.
+L 1344 4891 
research/robot-position-observer-results/benchmark.svg:8860: trailing whitespace.
+     <path id="DejaVuSans-29" d="M 628 4666 
research/robot-position-observer-results/benchmark.svg:8861: trailing whitespace.
+L 3309 4666 
research/robot-position-observer-results/benchmark.svg:8862: trailing whitespace.
+L 3309 4134 
research/robot-position-observer-results/benchmark.svg:8863: trailing whitespace.
+L 1259 4134 
research/robot-position-observer-results/benchmark.svg:8864: trailing whitespace.
+L 1259 2759 
research/robot-position-observer-results/benchmark.svg:8865: trailing whitespace.
+L 3109 2759 
research/robot-position-observer-results/benchmark.svg:8866: trailing whitespace.
+L 3109 2228 
research/robot-position-observer-results/benchmark.svg:8867: trailing whitespace.
+L 1259 2228 
research/robot-position-observer-results/benchmark.svg:8868: trailing whitespace.
+L 1259 0 
research/robot-position-observer-results/benchmark.svg:8869: trailing whitespace.
+L 628 0 
research/robot-position-observer-results/benchmark.svg:8870: trailing whitespace.
+L 628 4666 
research/robot-position-observer-results/benchmark.svg:8873: trailing whitespace.
+     <path id="DejaVuSans-31" d="M 628 4666 
research/robot-position-observer-results/benchmark.svg:8874: trailing whitespace.
+L 1478 4666 
research/robot-position-observer-results/benchmark.svg:8875: trailing whitespace.
+L 3547 763 
research/robot-position-observer-results/benchmark.svg:8876: trailing whitespace.
+L 3547 4666 
research/robot-position-observer-results/benchmark.svg:8877: trailing whitespace.
+L 4159 4666 
research/robot-position-observer-results/benchmark.svg:8878: trailing whitespace.
+L 4159 0 
research/robot-position-observer-results/benchmark.svg:8879: trailing whitespace.
+L 3309 0 
research/robot-position-observer-results/benchmark.svg:8880: trailing whitespace.
+L 1241 3903 
research/robot-position-observer-results/benchmark.svg:8881: trailing whitespace.
+L 1241 0 
research/robot-position-observer-results/benchmark.svg:8882: trailing whitespace.
+L 628 0 
research/robot-position-observer-results/benchmark.svg:8883: trailing whitespace.
+L 628 4666 
research/robot-position-observer-results/benchmark.svg:8979: trailing whitespace.
+     <path id="DejaVuSans-f" d="M 750 794 
research/robot-position-observer-results/benchmark.svg:8980: trailing whitespace.
+L 1409 794 
research/robot-position-observer-results/benchmark.svg:8981: trailing whitespace.
+L 1409 256 
research/robot-position-observer-results/benchmark.svg:8982: trailing whitespace.
+L 897 -744 
research/robot-position-observer-results/benchmark.svg:8983: trailing whitespace.
+L 494 -744 
research/robot-position-observer-results/benchmark.svg:8984: trailing whitespace.
+L 750 256 
research/robot-position-observer-results/benchmark.svg:8985: trailing whitespace.
+L 750 794 
research/robot-position-observer-results/benchmark.svg:8988: trailing whitespace.
+     <path id="DejaVuSans-4e" d="M 581 4863 
research/robot-position-observer-results/benchmark.svg:8989: trailing whitespace.
+L 1159 4863 
research/robot-position-observer-results/benchmark.svg:8990: trailing whitespace.
+L 1159 1991 
research/robot-position-observer-results/benchmark.svg:8991: trailing whitespace.
+L 2875 3500 
research/robot-position-observer-results/benchmark.svg:8992: trailing whitespace.
+L 3609 3500 
research/robot-position-observer-results/benchmark.svg:8993: trailing whitespace.
+L 1753 1863 
research/robot-position-observer-results/benchmark.svg:8994: trailing whitespace.
+L 3688 0 
research/robot-position-observer-results/benchmark.svg:8995: trailing whitespace.
+L 2938 0 
research/robot-position-observer-results/benchmark.svg:8996: trailing whitespace.
+L 1159 1709 
research/robot-position-observer-results/benchmark.svg:8997: trailing whitespace.
+L 1159 0 
research/robot-position-observer-results/benchmark.svg:8998: trailing whitespace.
+L 581 0 
research/robot-position-observer-results/benchmark.svg:8999: trailing whitespace.
+L 581 4863 
research/robot-position-observer-results/benchmark.svg:9002: trailing whitespace.
+     <path id="DejaVuSans-12" d="M 1625 4666 
research/robot-position-observer-results/benchmark.svg:9003: trailing whitespace.
+L 2156 4666 
research/robot-position-observer-results/benchmark.svg:9004: trailing whitespace.
+L 531 -594 
research/robot-position-observer-results/benchmark.svg:9005: trailing whitespace.
+L 0 -594 
research/robot-position-observer-results/benchmark.svg:9006: trailing whitespace.
+L 1625 4666 
research/robot-position-observer-results/benchmark.svg:9009: trailing whitespace.
+     <path id="DejaVuSans-39" d="M 1831 0 
research/robot-position-observer-results/benchmark.svg:9010: trailing whitespace.
+L 50 4666 
research/robot-position-observer-results/benchmark.svg:9011: trailing whitespace.
+L 709 4666 
research/robot-position-observer-results/benchmark.svg:9012: trailing whitespace.
+L 2188 738 
research/robot-position-observer-results/benchmark.svg:9013: trailing whitespace.
+L 3669 4666 
research/robot-position-observer-results/benchmark.svg:9014: trailing whitespace.
+L 4325 4666 
research/robot-position-observer-results/benchmark.svg:9015: trailing whitespace.
+L 2547 0 
research/robot-position-observer-results/benchmark.svg:9016: trailing whitespace.
+L 1831 0 
research/robot-position-observer-results/benchmark.svg:9019: trailing whitespace.
+     <path id="DejaVuSans-af5" d="M 313 1978 
research/robot-position-observer-results/benchmark.svg:9020: trailing whitespace.
+L 2888 1978 
research/robot-position-observer-results/benchmark.svg:9021: trailing whitespace.
+L 2888 1528 
research/robot-position-observer-results/benchmark.svg:9022: trailing whitespace.
+L 313 1528 
research/robot-position-observer-results/benchmark.svg:9023: trailing whitespace.
+L 313 1978 
research/robot-position-observer-results/costs.csv:1: trailing whitespace.
+key,arm,seed,learning_rate,origin,status,parameter_bytes,buffer_bytes,state_bytes,normalizer_bytes,persistent_bytes,median_seconds,p95_seconds,error
research/robot-position-observer-results/costs.csv:2: trailing whitespace.
+observer_position-8101-lr1,observer_position,8101,0.003,fresh,PASS,2648,0,48,192,2888,0.005334270652383566,0.005681745568290353,null
research/robot-position-observer-results/costs.csv:3: trailing whitespace.
+observer_position-8102-lr1,observer_position,8102,0.003,fresh,PASS,2648,0,48,192,2888,0.005295145441778004,0.00564953152788803,null
research/robot-position-observer-results/costs.csv:4: trailing whitespace.
+observer_position-8103-lr1,observer_position,8103,0.003,fresh,PASS,2648,0,48,192,2888,0.0052845211466774344,0.005710367124993354,null
research/robot-position-observer-results/costs.csv:5: trailing whitespace.
+observer_position_fixed-8101-fixed,observer_position_fixed,8101,,fixed,PASS,2360,288,48,192,2888,0.005275000119581819,0.005776839295867831,null
research/robot-position-observer-results/costs.csv:6: trailing whitespace.
+observer_position_fixed-8102-fixed,observer_position_fixed,8102,,fixed,PASS,2360,288,48,192,2888,0.005338937393389642,0.006046794168651105,null
research/robot-position-observer-results/costs.csv:7: trailing whitespace.
+observer_position_fixed-8103-fixed,observer_position_fixed,8103,,fixed,PASS,2360,288,48,192,2888,0.005368479643948376,0.00576583897927776,null
research/robot-position-observer-results/costs.csv:8: trailing whitespace.
+temporal_affine-8101-lr0,temporal_affine,8101,0.001,fresh,PASS,3848,0,48,192,4088,0.0038427289109677076,0.00418949598679319,null
research/robot-position-observer-results/costs.csv:9: trailing whitespace.
+local_affine-8101-lr1,local_affine,8101,0.003,fresh,PASS,3848,0,48,192,4088,0.0038807084783911705,0.004277042183093727,null
research/robot-position-observer-results/costs.csv:10: trailing whitespace.
+temporal_affine-8102-lr0,temporal_affine,8102,0.001,fresh,PASS,3848,0,48,192,4088,0.004149833461269736,0.004459506226703524,null
research/robot-position-observer-results/costs.csv:11: trailing whitespace.
+local_affine-8102-lr1,local_affine,8102,0.003,fresh,PASS,3848,0,48,192,4088,0.003963937051594257,0.004331605695188046,null
research/robot-position-observer-results/costs.csv:12: trailing whitespace.
+temporal_affine-8103-lr0,temporal_affine,8103,0.001,fresh,PASS,3848,0,48,192,4088,0.003738853964023292,0.004205470590386539,null
research/robot-position-observer-results/costs.csv:13: trailing whitespace.
+local_affine-8103-lr1,local_affine,8103,0.003,fresh,PASS,3848,0,48,192,4088,0.00400747952517122,0.004453054489567876,null
research/robot-position-observer-results/costs.csv:14: trailing whitespace.
+last_two-8101-fixed,last_two,8101,,fixed,PASS,2360,0,48,192,2600,0.0038233124651014805,0.004281270853243768,null
research/robot-position-observer-results/costs.csv:15: trailing whitespace.
+last_two-8102-fixed,last_two,8102,,fixed,PASS,2360,0,48,192,2600,0.003939208458177745,0.004234027012716979,null
research/robot-position-observer-results/costs.csv:16: trailing whitespace.
+last_two-8103-fixed,last_two,8103,,fixed,PASS,2360,0,48,192,2600,0.003871625056490302,0.004270874848589301,null
research/robot-position-observer-results/costs.csv:17: trailing whitespace.
+observer_fixed-8101-fixed,observer_fixed,8101,,fixed,PASS,2360,288,48,192,2888,0.005383833427913487,0.005600320780649782,null
research/robot-position-observer-results/costs.csv:18: trailing whitespace.
+observer_fixed-8102-fixed,observer_fixed,8102,,fixed,PASS,2360,288,48,192,2888,0.0053776249988004565,0.005824558704625816,null
research/robot-position-observer-results/costs.csv:19: trailing whitespace.
+observer_fixed-8103-fixed,observer_fixed,8103,,fixed,PASS,2360,288,48,192,2888,0.0052655000472441316,0.005524235381744802,null
research/robot-position-observer-results/costs.csv:20: trailing whitespace.
+observer_zero-8101-fixed,observer_zero,8101,,fixed,PASS,2360,288,48,192,2888,0.005120978923514485,0.005534096562769264,null
research/robot-position-observer-results/costs.csv:21: trailing whitespace.
+observer_zero-8102-fixed,observer_zero,8102,,fixed,PASS,2360,288,48,192,2888,0.005313896108418703,0.006069401977583766,null
research/robot-position-observer-results/costs.csv:22: trailing whitespace.
+observer_zero-8103-fixed,observer_zero,8103,,fixed,PASS,2360,288,48,192,2888,0.005179854109883308,0.0054929309990257025,null
research/robot-position-observer-results/costs.csv:23: trailing whitespace.
+joint_local_affine-8101-cached,joint_local_affine,8101,0.003,cached,PASS,3848,0,48,192,4088,0.0038223329465836287,0.004089445399586111,null
research/robot-position-observer-results/costs.csv:24: trailing whitespace.
+joint_local_affine-8102-cached,joint_local_affine,8102,0.003,cached,PASS,3848,0,48,192,4088,0.003829000052064657,0.004150430753361434,null
research/robot-position-observer-results/costs.csv:25: trailing whitespace.
+joint_local_affine-8103-cached,joint_local_affine,8103,0.003,cached,PASS,3848,0,48,192,4088,0.003913499996997416,0.004191193752922118,null
research/robot-position-observer-results/costs.csv:26: trailing whitespace.
+joint_temporal_affine-8101-cached,joint_temporal_affine,8101,0.003,cached,PASS,3848,0,48,192,4088,0.0040246250573545694,0.004515031457412988,null
research/robot-position-observer-results/costs.csv:27: trailing whitespace.
+joint_temporal_affine-8102-cached,joint_temporal_affine,8102,0.003,cached,PASS,3848,0,48,192,4088,0.003844686900265515,0.004409482004120946,null
research/robot-position-observer-results/costs.csv:28: trailing whitespace.
+joint_temporal_affine-8103-cached,joint_temporal_affine,8103,0.003,cached,PASS,3848,0,48,192,4088,0.0038058749632909894,0.004204739956185222,null
research/robot-position-observer-results/costs.csv:29: trailing whitespace.
+dense_bounded-8101-cached,dense_bounded,8101,0.001,cached,PASS,3224,0,48,192,3464,0.004452354158274829,0.004701024724636227,null
research/robot-position-observer-results/costs.csv:30: trailing whitespace.
+dense_bounded-8102-cached,dense_bounded,8102,0.001,cached,PASS,3224,0,48,192,3464,0.004354313015937805,0.004758599668275565,null
research/robot-position-observer-results/costs.csv:31: trailing whitespace.
+dense_bounded-8103-cached,dense_bounded,8103,0.001,cached,PASS,3224,0,48,192,3464,0.004378000041469932,0.0048644754686392845,null
research/robot-position-observer-results/costs.csv:32: trailing whitespace.
+dense_unbounded-8101-cached,dense_unbounded,8101,0.003,cached,PASS,3224,0,48,192,3464,0.004336228943429887,0.004667601536493748,null
research/robot-position-observer-results/costs.csv:33: trailing whitespace.
+dense_unbounded-8102-cached,dense_unbounded,8102,0.003,cached,PASS,3224,0,48,192,3464,0.004393582930788398,0.004979058122262359,null
research/robot-position-observer-results/costs.csv:34: trailing whitespace.
+dense_unbounded-8103-cached,dense_unbounded,8103,0.003,cached,PASS,3224,0,48,192,3464,0.004215624998323619,0.0046630670200102035,null
research/robot-position-observer-results/costs.csv:35: trailing whitespace.
+gru32-8101-cached,gru32,8101,0.003,cached,PASS,23664,0,200,192,24056,0.002149166422896087,0.0024987291311845184,null
research/robot-position-observer-results/costs.csv:36: trailing whitespace.
+gru32-8102-cached,gru32,8102,0.003,cached,PASS,23664,0,200,192,24056,0.002102937549352646,0.0025143826263956726,null
research/robot-position-observer-results/costs.csv:37: trailing whitespace.
+gru32-8103-cached,gru32,8103,0.003,cached,PASS,23664,0,200,192,24056,0.0020534584764391184,0.0024485436151735485,null
research/robot-position-observer-results/costs.csv:38: trailing whitespace.
+legacy_instant-8101-cached,legacy_instant,8101,0.001,cached,PASS,4056,0,48,192,4296,0.003987500094808638,0.004628698341548443,null
research/robot-position-observer-results/costs.csv:39: trailing whitespace.
+legacy_instant-8102-cached,legacy_instant,8102,0.001,cached,PASS,4056,0,48,192,4296,0.004290021024644375,0.004643641016446054,null
research/robot-position-observer-results/costs.csv:40: trailing whitespace.
+legacy_instant-8103-cached,legacy_instant,8103,0.001,cached,PASS,4056,0,48,192,4296,0.004182832897640765,0.004846915078815073,null
research/robot-position-observer-results/costs.csv:41: trailing whitespace.
+gru10-8101-cached,gru10,8101,0.003,cached,PASS,5184,0,112,192,5488,0.0021059790160506964,0.0024054061970673504,null
research/robot-position-observer-results/costs.csv:42: trailing whitespace.
+gru10-8102-cached,gru10,8102,0.003,cached,PASS,5184,0,112,192,5488,0.0020863331155851483,0.0024914347915910183,null
research/robot-position-observer-results/costs.csv:43: trailing whitespace.
+gru10-8103-cached,gru10,8103,0.003,cached,PASS,5184,0,112,192,5488,0.002049458445981145,0.002516935719177127,null
research/robot-position-observer-results/costs.csv:44: trailing whitespace.
+causal_ridge_1,causal_ridge_1,,,reference,PASS,3563520,16,1536,192,3565264,0.0005209370283409953,0.0006606605718843642,null
research/robot-position-observer-results/costs.csv:45: trailing whitespace.
+causal_ridge_100,causal_ridge_100,,,reference,PASS,3563520,16,1536,192,3565264,0.0005281249759718776,0.0007893916801549495,null
research/robot-position-observer-results/costs.csv:46: trailing whitespace.
+linear_frozen,linear_frozen,,,reference,PASS,1200,0,144,192,1536,0.0002396460622549057,0.0002556297578848899,null
research/robot-position-observer-results/costs.csv:47: trailing whitespace.
+persistence,persistence,,,reference,PASS,0,0,48,192,240,9.062583558261395e-06,9.722483810037374e-06,null
research/robot-position-observer-results/diagnostic-probes.svg:24: trailing whitespace.
+   <path d="M 0 504 
research/robot-position-observer-results/diagnostic-probes.svg:25: trailing whitespace.
+L 1224 504 
research/robot-position-observer-results/diagnostic-probes.svg:26: trailing whitespace.
+L 1224 0 
research/robot-position-observer-results/diagnostic-probes.svg:27: trailing whitespace.
+L 0 0 
research/robot-position-observer-results/diagnostic-probes.svg:33: trailing whitespace.
+    <path d="M 90.820484 355.773692 
research/robot-position-observer-results/diagnostic-probes.svg:34: trailing whitespace.
+L 606.6 355.773692 
research/robot-position-observer-results/diagnostic-probes.svg:35: trailing whitespace.
+L 606.6 81.2 
research/robot-position-observer-results/diagnostic-probes.svg:36: trailing whitespace.
+L 90.820484 81.2 
research/robot-position-observer-results/diagnostic-probes.svg:44: trailing whitespace.
+       <path id="me36cf5efc4" d="M 0 0 
research/robot-position-observer-results/diagnostic-probes.svg:45: trailing whitespace.
+L 0 3.5 
research/robot-position-observer-results/diagnostic-probes.svg:56: trailing whitespace.
+        <path id="DejaVuSans-4c" d="M 603 3500 
research/robot-position-observer-results/diagnostic-probes.svg:57: trailing whitespace.
+L 1178 3500 
research/robot-position-observer-results/diagnostic-probes.svg:58: trailing whitespace.
+L 1178 0 
research/robot-position-observer-results/diagnostic-probes.svg:59: trailing whitespace.
+L 603 0 
research/robot-position-observer-results/diagnostic-probes.svg:60: trailing whitespace.
+L 603 3500 
research/robot-position-observer-results/diagnostic-probes.svg:62: trailing whitespace.
+M 603 4863 
research/robot-position-observer-results/diagnostic-probes.svg:63: trailing whitespace.
+L 1178 4863 
research/robot-position-observer-results/diagnostic-probes.svg:64: trailing whitespace.
+L 1178 4134 
research/robot-position-observer-results/diagnostic-probes.svg:65: trailing whitespace.
+L 603 4134 
research/robot-position-observer-results/diagnostic-probes.svg:66: trailing whitespace.
+L 603 4863 
research/robot-position-observer-results/diagnostic-probes.svg:69: trailing whitespace.
+        <path id="DejaVuSans-47" d="M 2906 2969 
research/robot-position-observer-results/diagnostic-probes.svg:70: trailing whitespace.
+L 2906 4863 
research/robot-position-observer-results/diagnostic-probes.svg:71: trailing whitespace.
+L 3481 4863 
research/robot-position-observer-results/diagnostic-probes.svg:72: trailing whitespace.
+L 3481 0 
research/robot-position-observer-results/diagnostic-probes.svg:73: trailing whitespace.
+L 2906 0 
research/robot-position-observer-results/diagnostic-probes.svg:74: trailing whitespace.
+L 2906 525 
research/robot-position-observer-results/diagnostic-probes.svg:75: trailing whitespace.
+Q 2725 213 2448 61 
research/robot-position-observer-results/diagnostic-probes.svg:76: trailing whitespace.
+Q 2172 -91 1784 -91 
research/robot-position-observer-results/diagnostic-probes.svg:77: trailing whitespace.
+Q 1150 -91 751 415 
research/robot-position-observer-results/diagnostic-probes.svg:78: trailing whitespace.
+Q 353 922 353 1747 
research/robot-position-observer-results/diagnostic-probes.svg:79: trailing whitespace.
+Q 353 2572 751 3078 
research/robot-position-observer-results/diagnostic-probes.svg:80: trailing whitespace.
+Q 1150 3584 1784 3584 
research/robot-position-observer-results/diagnostic-probes.svg:81: trailing whitespace.
+Q 2172 3584 2448 3432 
research/robot-position-observer-results/diagnostic-probes.svg:82: trailing whitespace.
+Q 2725 3281 2906 2969 
research/robot-position-observer-results/diagnostic-probes.svg:84: trailing whitespace.
+M 947 1747 
research/robot-position-observer-results/diagnostic-probes.svg:85: trailing whitespace.
+Q 947 1113 1208 752 
research/robot-position-observer-results/diagnostic-probes.svg:86: trailing whitespace.
+Q 1469 391 1925 391 
research/robot-position-observer-results/diagnostic-probes.svg:87: trailing whitespace.
+Q 2381 391 2643 752 
research/robot-position-observer-results/diagnostic-probes.svg:88: trailing whitespace.
+Q 2906 1113 2906 1747 
research/robot-position-observer-results/diagnostic-probes.svg:89: trailing whitespace.
+Q 2906 2381 2643 2742 
research/robot-position-observer-results/diagnostic-probes.svg:90: trailing whitespace.
+Q 2381 3103 1925 3103 
research/robot-position-observer-results/diagnostic-probes.svg:91: trailing whitespace.
+Q 1469 3103 1208 2742 
research/robot-position-observer-results/diagnostic-probes.svg:92: trailing whitespace.
+Q 947 2381 947 1747 
research/robot-position-observer-results/diagnostic-probes.svg:95: trailing whitespace.
+        <path id="DejaVuSans-48" d="M 3597 1894 
research/robot-position-observer-results/diagnostic-probes.svg:96: trailing whitespace.
+L 3597 1613 
research/robot-position-observer-results/diagnostic-probes.svg:97: trailing whitespace.
+L 953 1613 
research/robot-position-observer-results/diagnostic-probes.svg:98: trailing whitespace.
+Q 991 1019 1311 708 
research/robot-position-observer-results/diagnostic-probes.svg:99: trailing whitespace.
+Q 1631 397 2203 397 
research/robot-position-observer-results/diagnostic-probes.svg:100: trailing whitespace.
+Q 2534 397 2845 478 
research/robot-position-observer-results/diagnostic-probes.svg:101: trailing whitespace.
+Q 3156 559 3463 722 
research/robot-position-observer-results/diagnostic-probes.svg:102: trailing whitespace.
+L 3463 178 
research/robot-position-observer-results/diagnostic-probes.svg:103: trailing whitespace.
+Q 3153 47 2828 -22 
research/robot-position-observer-results/diagnostic-probes.svg:104: trailing whitespace.
+Q 2503 -91 2169 -91 
research/robot-position-observer-results/diagnostic-probes.svg:105: trailing whitespace.
+Q 1331 -91 842 396 
research/robot-position-observer-results/diagnostic-probes.svg:106: trailing whitespace.
+Q 353 884 353 1716 
research/robot-position-observer-results/diagnostic-probes.svg:107: trailing whitespace.
+Q 353 2575 817 3079 
research/robot-position-observer-results/diagnostic-probes.svg:108: trailing whitespace.
+Q 1281 3584 2069 3584 
research/robot-position-observer-results/diagnostic-probes.svg:109: trailing whitespace.
+Q 2775 3584 3186 3129 
research/robot-position-observer-results/diagnostic-probes.svg:110: trailing whitespace.
+Q 3597 2675 3597 1894 
research/robot-position-observer-results/diagnostic-probes.svg:112: trailing whitespace.
+M 3022 2063 
research/robot-position-observer-results/diagnostic-probes.svg:113: trailing whitespace.
+Q 3016 2534 2758 2815 
research/robot-position-observer-results/diagnostic-probes.svg:114: trailing whitespace.
+Q 2500 3097 2075 3097 
research/robot-position-observer-results/diagnostic-probes.svg:115: trailing whitespace.
+Q 1594 3097 1305 2825 
research/robot-position-observer-results/diagnostic-probes.svg:116: trailing whitespace.
+Q 1016 2553 972 2059 
research/robot-position-observer-results/diagnostic-probes.svg:117: trailing whitespace.
+L 3022 2063 
research/robot-position-observer-results/diagnostic-probes.svg:120: trailing whitespace.
+        <path id="DejaVuSans-51" d="M 3513 2113 
research/robot-position-observer-results/diagnostic-probes.svg:121: trailing whitespace.
+L 3513 0 
research/robot-position-observer-results/diagnostic-probes.svg:122: trailing whitespace.
+L 2938 0 
research/robot-position-observer-results/diagnostic-probes.svg:123: trailing whitespace.
+L 2938 2094 
research/robot-position-observer-results/diagnostic-probes.svg:124: trailing whitespace.
+Q 2938 2591 2744 2837 
research/robot-position-observer-results/diagnostic-probes.svg:125: trailing whitespace.
+Q 2550 3084 2163 3084 
research/robot-position-observer-results/diagnostic-probes.svg:126: trailing whitespace.
+Q 1697 3084 1428 2787 
research/robot-position-observer-results/diagnostic-probes.svg:127: trailing whitespace.
+Q 1159 2491 1159 1978 
research/robot-position-observer-results/diagnostic-probes.svg:128: trailing whitespace.
+L 1159 0 
research/robot-position-observer-results/diagnostic-probes.svg:129: trailing whitespace.
+L 581 0 
research/robot-position-observer-results/diagnostic-probes.svg:130: trailing whitespace.
+L 581 3500 
research/robot-position-observer-results/diagnostic-probes.svg:131: trailing whitespace.
+L 1159 3500 
research/robot-position-observer-results/diagnostic-probes.svg:132: trailing whitespace.
+L 1159 2956 
research/robot-position-observer-results/diagnostic-probes.svg:133: trailing whitespace.
+Q 1366 3272 1645 3428 
research/robot-position-observer-results/diagnostic-probes.svg:134: trailing whitespace.
+Q 1925 3584 2291 3584 
research/robot-position-observer-results/diagnostic-probes.svg:135: trailing whitespace.
+Q 2894 3584 3203 3211 
research/robot-position-observer-results/diagnostic-probes.svg:136: trailing whitespace.
+Q 3513 2838 3513 2113 
research/robot-position-observer-results/diagnostic-probes.svg:139: trailing whitespace.
+        <path id="DejaVuSans-57" d="M 1172 4494 
research/robot-position-observer-results/diagnostic-probes.svg:140: trailing whitespace.
+L 1172 3500 
research/robot-position-observer-results/diagnostic-probes.svg:141: trailing whitespace.
+L 2356 3500 
research/robot-position-observer-results/diagnostic-probes.svg:142: trailing whitespace.
+L 2356 3053 
research/robot-position-observer-results/diagnostic-probes.svg:143: trailing whitespace.
+L 1172 3053 
research/robot-position-observer-results/diagnostic-probes.svg:144: trailing whitespace.
+L 1172 1153 
research/robot-position-observer-results/diagnostic-probes.svg:145: trailing whitespace.
+Q 1172 725 1289 603 
research/robot-position-observer-results/diagnostic-probes.svg:146: trailing whitespace.
+Q 1406 481 1766 481 
research/robot-position-observer-results/diagnostic-probes.svg:147: trailing whitespace.
+L 2356 481 
research/robot-position-observer-results/diagnostic-probes.svg:148: trailing whitespace.
+L 2356 0 
research/robot-position-observer-results/diagnostic-probes.svg:149: trailing whitespace.
+L 1766 0 
research/robot-position-observer-results/diagnostic-probes.svg:150: trailing whitespace.
+Q 1100 0 847 248 
research/robot-position-observer-results/diagnostic-probes.svg:151: trailing whitespace.
+Q 594 497 594 1153 
research/robot-position-observer-results/diagnostic-probes.svg:152: trailing whitespace.
+L 594 3053 
research/robot-position-observer-results/diagnostic-probes.svg:153: trailing whitespace.
+L 172 3053 
research/robot-position-observer-results/diagnostic-probes.svg:154: trailing whitespace.
+L 172 3500 
research/robot-position-observer-results/diagnostic-probes.svg:155: trailing whitespace.
+L 594 3500 
research/robot-position-observer-results/diagnostic-probes.svg:156: trailing whitespace.
+L 594 4494 
research/robot-position-observer-results/diagnostic-probes.svg:157: trailing whitespace.
+L 1172 4494 
research/robot-position-observer-results/diagnostic-probes.svg:160: trailing whitespace.
+        <path id="DejaVuSans-5c" d="M 2059 -325 
research/robot-position-observer-results/diagnostic-probes.svg:161: trailing whitespace.
+Q 1816 -950 1584 -1140 
research/robot-position-observer-results/diagnostic-probes.svg:162: trailing whitespace.
+Q 1353 -1331 966 -1331 
research/robot-position-observer-results/diagnostic-probes.svg:163: trailing whitespace.
+L 506 -1331 
research/robot-position-observer-results/diagnostic-probes.svg:164: trailing whitespace.
+L 506 -850 
research/robot-position-observer-results/diagnostic-probes.svg:165: trailing whitespace.
+L 844 -850 
research/robot-position-observer-results/diagnostic-probes.svg:166: trailing whitespace.
+Q 1081 -850 1212 -737 
research/robot-position-observer-results/diagnostic-probes.svg:167: trailing whitespace.
+Q 1344 -625 1503 -206 
research/robot-position-observer-results/diagnostic-probes.svg:168: trailing whitespace.
+L 1606 56 
research/robot-position-observer-results/diagnostic-probes.svg:169: trailing whitespace.
+L 191 3500 
research/robot-position-observer-results/diagnostic-probes.svg:170: trailing whitespace.
+L 800 3500 
research/robot-position-observer-results/diagnostic-probes.svg:171: trailing whitespace.
+L 1894 763 
research/robot-position-observer-results/diagnostic-probes.svg:172: trailing whitespace.
+L 2988 3500 
research/robot-position-observer-results/diagnostic-probes.svg:173: trailing whitespace.
+L 3597 3500 
research/robot-position-observer-results/diagnostic-probes.svg:174: trailing whitespace.
+L 2059 -325 
research/robot-position-observer-results/diagnostic-probes.svg:190: trailing whitespace.
+        <path id="DejaVuSans-56" d="M 2834 3397 
research/robot-position-observer-results/diagnostic-probes.svg:191: trailing whitespace.
+L 2834 2853 
research/robot-position-observer-results/diagnostic-probes.svg:192: trailing whitespace.
+Q 2591 2978 2328 3040 
research/robot-position-observer-results/diagnostic-probes.svg:193: trailing whitespace.
+Q 2066 3103 1784 3103 
research/robot-position-observer-results/diagnostic-probes.svg:194: trailing whitespace.
+Q 1356 3103 1142 2972 
research/robot-position-observer-results/diagnostic-probes.svg:195: trailing whitespace.
+Q 928 2841 928 2578 
research/robot-position-observer-results/diagnostic-probes.svg:196: trailing whitespace.
+Q 928 2378 1081 2264 
research/robot-position-observer-results/diagnostic-probes.svg:197: trailing whitespace.
+Q 1234 2150 1697 2047 
research/robot-position-observer-results/diagnostic-probes.svg:198: trailing whitespace.
+L 1894 2003 
research/robot-position-observer-results/diagnostic-probes.svg:199: trailing whitespace.
+Q 2506 1872 2764 1633 
research/robot-position-observer-results/diagnostic-probes.svg:200: trailing whitespace.
+Q 3022 1394 3022 966 
research/robot-position-observer-results/diagnostic-probes.svg:201: trailing whitespace.
+Q 3022 478 2636 193 
research/robot-position-observer-results/diagnostic-probes.svg:202: trailing whitespace.
+Q 2250 -91 1575 -91 
research/robot-position-observer-results/diagnostic-probes.svg:203: trailing whitespace.
+Q 1294 -91 989 -36 
research/robot-position-observer-results/diagnostic-probes.svg:204: trailing whitespace.
+Q 684 19 347 128 
research/robot-position-observer-results/diagnostic-probes.svg:205: trailing whitespace.
+L 347 722 
research/robot-position-observer-results/diagnostic-probes.svg:206: trailing whitespace.
+Q 666 556 975 473 
research/robot-position-observer-results/diagnostic-probes.svg:207: trailing whitespace.
+Q 1284 391 1588 391 
research/robot-position-observer-results/diagnostic-probes.svg:208: trailing whitespace.
+Q 1994 391 2212 530 
research/robot-position-observer-results/diagnostic-probes.svg:209: trailing whitespace.
+Q 2431 669 2431 922 
research/robot-position-observer-results/diagnostic-probes.svg:210: trailing whitespace.
+Q 2431 1156 2273 1281 
research/robot-position-observer-results/diagnostic-probes.svg:211: trailing whitespace.
+Q 2116 1406 1581 1522 
research/robot-position-observer-results/diagnostic-probes.svg:212: trailing whitespace.
+L 1381 1569 
research/robot-position-observer-results/diagnostic-probes.svg:213: trailing whitespace.
+Q 847 1681 609 1914 
research/robot-position-observer-results/diagnostic-probes.svg:214: trailing whitespace.
+Q 372 2147 372 2553 
research/robot-position-observer-results/diagnostic-probes.svg:215: trailing whitespace.
+Q 372 3047 722 3315 
research/robot-position-observer-results/diagnostic-probes.svg:216: trailing whitespace.
+Q 1072 3584 1716 3584 
research/robot-position-observer-results/diagnostic-probes.svg:217: trailing whitespace.
+Q 2034 3584 2315 3537 
research/robot-position-observer-results/diagnostic-probes.svg:218: trailing whitespace.
+Q 2597 3491 2834 3397 
research/robot-position-observer-results/diagnostic-probes.svg:222: trailing whitespace.
+        <path id="DejaVuSans-1b" d="M 2034 2216 
research/robot-position-observer-results/diagnostic-probes.svg:223: trailing whitespace.
+Q 1584 2216 1326 1975 
research/robot-position-observer-results/diagnostic-probes.svg:224: trailing whitespace.
+Q 1069 1734 1069 1313 
research/robot-position-observer-results/diagnostic-probes.svg:225: trailing whitespace.
+Q 1069 891 1326 650 
research/robot-position-observer-results/diagnostic-probes.svg:226: trailing whitespace.
+Q 1584 409 2034 409 
research/robot-position-observer-results/diagnostic-probes.svg:227: trailing whitespace.
+Q 2484 409 2743 651 
research/robot-position-observer-results/diagnostic-probes.svg:228: trailing whitespace.
+Q 3003 894 3003 1313 
research/robot-position-observer-results/diagnostic-probes.svg:229: trailing whitespace.
+Q 3003 1734 2745 1975 
research/robot-position-observer-results/diagnostic-probes.svg:230: trailing whitespace.
+Q 2488 2216 2034 2216 
research/robot-position-observer-results/diagnostic-probes.svg:232: trailing whitespace.
+M 1403 2484 
research/robot-position-observer-results/diagnostic-probes.svg:233: trailing whitespace.
+Q 997 2584 770 2862 
research/robot-position-observer-results/diagnostic-probes.svg:234: trailing whitespace.
+Q 544 3141 544 3541 
research/robot-position-observer-results/diagnostic-probes.svg:235: trailing whitespace.
+Q 544 4100 942 4425 
research/robot-position-observer-results/diagnostic-probes.svg:236: trailing whitespace.
+Q 1341 4750 2034 4750 
research/robot-position-observer-results/diagnostic-probes.svg:237: trailing whitespace.
+Q 2731 4750 3128 4425 
research/robot-position-observer-results/diagnostic-probes.svg:238: trailing whitespace.
+Q 3525 4100 3525 3541 
research/robot-position-observer-results/diagnostic-probes.svg:239: trailing whitespace.
+Q 3525 3141 3298 2862 
research/robot-position-observer-results/diagnostic-probes.svg:240: trailing whitespace.
+Q 3072 2584 2669 2484 
research/robot-position-observer-results/diagnostic-probes.svg:241: trailing whitespace.
+Q 3125 2378 3379 2068 
research/robot-position-observer-results/diagnostic-probes.svg:242: trailing whitespace.
+Q 3634 1759 3634 1313 
research/robot-position-observer-results/diagnostic-probes.svg:243: trailing whitespace.
+Q 3634 634 3220 271 
research/robot-position-observer-results/diagnostic-probes.svg:244: trailing whitespace.
+Q 2806 -91 2034 -91 
research/robot-position-observer-results/diagnostic-probes.svg:245: trailing whitespace.
+Q 1263 -91 848 271 
research/robot-position-observer-results/diagnostic-probes.svg:246: trailing whitespace.
+Q 434 634 434 1313 
research/robot-position-observer-results/diagnostic-probes.svg:247: trailing whitespace.
+Q 434 1759 690 2068 
research/robot-position-observer-results/diagnostic-probes.svg:248: trailing whitespace.
+Q 947 2378 1403 2484 
research/robot-position-observer-results/diagnostic-probes.svg:250: trailing whitespace.
+M 1172 3481 
research/robot-position-observer-results/diagnostic-probes.svg:251: trailing whitespace.
+Q 1172 3119 1398 2916 
research/robot-position-observer-results/diagnostic-probes.svg:252: trailing whitespace.
+Q 1625 2713 2034 2713 
research/robot-position-observer-results/diagnostic-probes.svg:253: trailing whitespace.
+Q 2441 2713 2670 2916 
research/robot-position-observer-results/diagnostic-probes.svg:254: trailing whitespace.
+Q 2900 3119 2900 3481 
research/robot-position-observer-results/diagnostic-probes.svg:255: trailing whitespace.
+Q 2900 3844 2670 4047 
research/robot-position-observer-results/diagnostic-probes.svg:256: trailing whitespace.
+Q 2441 4250 2034 4250 
research/robot-position-observer-results/diagnostic-probes.svg:257: trailing whitespace.
+Q 1625 4250 1398 4047 
research/robot-position-observer-results/diagnostic-probes.svg:258: trailing whitespace.
+Q 1172 3844 1172 3481 
research/robot-position-observer-results/diagnostic-probes.svg:261: trailing whitespace.
+        <path id="DejaVuSans-14" d="M 794 531 
research/robot-position-observer-results/diagnostic-probes.svg:262: trailing whitespace.
+L 1825 531 
research/robot-position-observer-results/diagnostic-probes.svg:263: trailing whitespace.
+L 1825 4091 
research/robot-position-observer-results/diagnostic-probes.svg:264: trailing whitespace.
+L 703 3866 
research/robot-position-observer-results/diagnostic-probes.svg:265: trailing whitespace.
+L 703 4441 
research/robot-position-observer-results/diagnostic-probes.svg:266: trailing whitespace.
+L 1819 4666 
research/robot-position-observer-results/diagnostic-probes.svg:267: trailing whitespace.
+L 2450 4666 
research/robot-position-observer-results/diagnostic-probes.svg:268: trailing whitespace.
+L 2450 531 
research/robot-position-observer-results/diagnostic-probes.svg:269: trailing whitespace.
+L 3481 531 
research/robot-position-observer-results/diagnostic-probes.svg:270: trailing whitespace.
+L 3481 0 
research/robot-position-observer-results/diagnostic-probes.svg:271: trailing whitespace.
+L 794 0 
research/robot-position-observer-results/diagnostic-probes.svg:272: trailing whitespace.
+L 794 531 
research/robot-position-observer-results/diagnostic-probes.svg:275: trailing whitespace.
+        <path id="DejaVuSans-13" d="M 2034 4250 
research/robot-position-observer-results/diagnostic-probes.svg:276: trailing whitespace.
+Q 1547 4250 1301 3770 
research/robot-position-observer-results/diagnostic-probes.svg:277: trailing whitespace.
+Q 1056 3291 1056 2328 
research/robot-position-observer-results/diagnostic-probes.svg:278: trailing whitespace.
+Q 1056 1369 1301 889 
research/robot-position-observer-results/diagnostic-probes.svg:279: trailing whitespace.
+Q 1547 409 2034 409 
research/robot-position-observer-results/diagnostic-probes.svg:280: trailing whitespace.
+Q 2525 409 2770 889 
research/robot-position-observer-results/diagnostic-probes.svg:281: trailing whitespace.
+Q 3016 1369 3016 2328 
research/robot-position-observer-results/diagnostic-probes.svg:282: trailing whitespace.
+Q 3016 3291 2770 3770 
research/robot-position-observer-results/diagnostic-probes.svg:283: trailing whitespace.
+Q 2525 4250 2034 4250 
research/robot-position-observer-results/diagnostic-probes.svg:285: trailing whitespace.
+M 2034 4750 
research/robot-position-observer-results/diagnostic-probes.svg:286: trailing whitespace.
+Q 2819 4750 3233 4129 
research/robot-position-observer-results/diagnostic-probes.svg:287: trailing whitespace.
+Q 3647 3509 3647 2328 
research/robot-position-observer-results/diagnostic-probes.svg:288: trailing whitespace.
+Q 3647 1150 3233 529 
research/robot-position-observer-results/diagnostic-probes.svg:289: trailing whitespace.
+Q 2819 -91 2034 -91 
research/robot-position-observer-results/diagnostic-probes.svg:290: trailing whitespace.
+Q 1250 -91 836 529 
research/robot-position-observer-results/diagnostic-probes.svg:291: trailing whitespace.
+Q 422 1150 422 2328 
research/robot-position-observer-results/diagnostic-probes.svg:292: trailing whitespace.
+Q 422 3509 836 4129 
research/robot-position-observer-results/diagnostic-probes.svg:293: trailing whitespace.
+Q 1250 4750 2034 4750 
research/robot-position-observer-results/diagnostic-probes.svg:296: trailing whitespace.
+        <path id="DejaVuSans-12" d="M 1625 4666 
research/robot-position-observer-results/diagnostic-probes.svg:297: trailing whitespace.
+L 2156 4666 
research/robot-position-observer-results/diagnostic-probes.svg:298: trailing whitespace.
+L 531 -594 
research/robot-position-observer-results/diagnostic-probes.svg:299: trailing whitespace.
+L 0 -594 
research/robot-position-observer-results/diagnostic-probes.svg:300: trailing whitespace.
+L 1625 4666 
research/robot-position-observer-results/diagnostic-probes.svg:303: trailing whitespace.
+        <path id="DejaVuSans-45" d="M 3116 1747 
research/robot-position-observer-results/diagnostic-probes.svg:304: trailing whitespace.
+Q 3116 2381 2855 2742 
research/robot-position-observer-results/diagnostic-probes.svg:305: trailing whitespace.
+Q 2594 3103 2138 3103 
research/robot-position-observer-results/diagnostic-probes.svg:306: trailing whitespace.
+Q 1681 3103 1420 2742 
research/robot-position-observer-results/diagnostic-probes.svg:307: trailing whitespace.
+Q 1159 2381 1159 1747 
research/robot-position-observer-results/diagnostic-probes.svg:308: trailing whitespace.
+Q 1159 1113 1420 752 
research/robot-position-observer-results/diagnostic-probes.svg:309: trailing whitespace.
+Q 1681 391 2138 391 
research/robot-position-observer-results/diagnostic-probes.svg:310: trailing whitespace.
+Q 2594 391 2855 752 
research/robot-position-observer-results/diagnostic-probes.svg:311: trailing whitespace.
+Q 3116 1113 3116 1747 
research/robot-position-observer-results/diagnostic-probes.svg:313: trailing whitespace.
+M 1159 2969 
research/robot-position-observer-results/diagnostic-probes.svg:314: trailing whitespace.
+Q 1341 3281 1617 3432 
research/robot-position-observer-results/diagnostic-probes.svg:315: trailing whitespace.
+Q 1894 3584 2278 3584 
research/robot-position-observer-results/diagnostic-probes.svg:316: trailing whitespace.
+Q 2916 3584 3314 3078 
research/robot-position-observer-results/diagnostic-probes.svg:317: trailing whitespace.
+Q 3713 2572 3713 1747 
research/robot-position-observer-results/diagnostic-probes.svg:318: trailing whitespace.
+Q 3713 922 3314 415 
research/robot-position-observer-results/diagnostic-probes.svg:319: trailing whitespace.
+Q 2916 -91 2278 -91 
research/robot-position-observer-results/diagnostic-probes.svg:320: trailing whitespace.
+Q 1894 -91 1617 61 
research/robot-position-observer-results/diagnostic-probes.svg:321: trailing whitespace.
+Q 1341 213 1159 525 
research/robot-position-observer-results/diagnostic-probes.svg:322: trailing whitespace.
+L 1159 0 
research/robot-position-observer-results/diagnostic-probes.svg:323: trailing whitespace.
+L 581 0 
research/robot-position-observer-results/diagnostic-probes.svg:324: trailing whitespace.
+L 581 4863 
research/robot-position-observer-results/diagnostic-probes.svg:325: trailing whitespace.
+L 1159 4863 
research/robot-position-observer-results/diagnostic-probes.svg:326: trailing whitespace.
+L 1159 2969 
research/robot-position-observer-results/diagnostic-probes.svg:329: trailing whitespace.
+        <path id="DejaVuSans-44" d="M 2194 1759 
research/robot-position-observer-results/diagnostic-probes.svg:330: trailing whitespace.
+Q 1497 1759 1228 1600 
research/robot-position-observer-results/diagnostic-probes.svg:331: trailing whitespace.
+Q 959 1441 959 1056 
research/robot-position-observer-results/diagnostic-probes.svg:332: trailing whitespace.
+Q 959 750 1161 570 
research/robot-position-observer-results/diagnostic-probes.svg:333: trailing whitespace.
+Q 1363 391 1709 391 
research/robot-position-observer-results/diagnostic-probes.svg:334: trailing whitespace.
+Q 2188 391 2477 730 
research/robot-position-observer-results/diagnostic-probes.svg:335: trailing whitespace.
+Q 2766 1069 2766 1631 
research/robot-position-observer-results/diagnostic-probes.svg:336: trailing whitespace.
+L 2766 1759 
research/robot-position-observer-results/diagnostic-probes.svg:337: trailing whitespace.
+L 2194 1759 
research/robot-position-observer-results/diagnostic-probes.svg:339: trailing whitespace.
+M 3341 1997 
research/robot-position-observer-results/diagnostic-probes.svg:340: trailing whitespace.
+L 3341 0 
research/robot-position-observer-results/diagnostic-probes.svg:341: trailing whitespace.
+L 2766 0 
research/robot-position-observer-results/diagnostic-probes.svg:342: trailing whitespace.
+L 2766 531 
research/robot-position-observer-results/diagnostic-probes.svg:343: trailing whitespace.
+Q 2569 213 2275 61 
research/robot-position-observer-results/diagnostic-probes.svg:344: trailing whitespace.
+Q 1981 -91 1556 -91 
research/robot-position-observer-results/diagnostic-probes.svg:345: trailing whitespace.
+Q 1019 -91 701 211 
research/robot-position-observer-results/diagnostic-probes.svg:346: trailing whitespace.
+Q 384 513 384 1019 
research/robot-position-observer-results/diagnostic-probes.svg:347: trailing whitespace.
+Q 384 1609 779 1909 
research/robot-position-observer-results/diagnostic-probes.svg:348: trailing whitespace.
+Q 1175 2209 1959 2209 
research/robot-position-observer-results/diagnostic-probes.svg:349: trailing whitespace.
+L 2766 2209 
research/robot-position-observer-results/diagnostic-probes.svg:350: trailing whitespace.
+L 2766 2266 
research/robot-position-observer-results/diagnostic-probes.svg:351: trailing whitespace.
+Q 2766 2663 2505 2880 
research/robot-position-observer-results/diagnostic-probes.svg:352: trailing whitespace.
+Q 2244 3097 1772 3097 
research/robot-position-observer-results/diagnostic-probes.svg:353: trailing whitespace.
+Q 1472 3097 1187 3025 
research/robot-position-observer-results/diagnostic-probes.svg:354: trailing whitespace.
+Q 903 2953 641 2809 
research/robot-position-observer-results/diagnostic-probes.svg:355: trailing whitespace.
+L 641 3341 
research/robot-position-observer-results/diagnostic-probes.svg:356: trailing whitespace.
+Q 956 3463 1253 3523 
research/robot-position-observer-results/diagnostic-probes.svg:357: trailing whitespace.
+Q 1550 3584 1831 3584 
research/robot-position-observer-results/diagnostic-probes.svg:358: trailing whitespace.
+Q 2591 3584 2966 3190 
research/robot-position-observer-results/diagnostic-probes.svg:359: trailing whitespace.
+Q 3341 2797 3341 1997 
research/robot-position-observer-results/diagnostic-probes.svg:362: trailing whitespace.
+        <path id="DejaVuSans-46" d="M 3122 3366 
research/robot-position-observer-results/diagnostic-probes.svg:363: trailing whitespace.
+L 3122 2828 
research/robot-position-observer-results/diagnostic-probes.svg:364: trailing whitespace.
+Q 2878 2963 2633 3030 
research/robot-position-observer-results/diagnostic-probes.svg:365: trailing whitespace.
+Q 2388 3097 2138 3097 
research/robot-position-observer-results/diagnostic-probes.svg:366: trailing whitespace.
+Q 1578 3097 1268 2742 
research/robot-position-observer-results/diagnostic-probes.svg:367: trailing whitespace.
+Q 959 2388 959 1747 
research/robot-position-observer-results/diagnostic-probes.svg:368: trailing whitespace.
+Q 959 1106 1268 751 
research/robot-position-observer-results/diagnostic-probes.svg:369: trailing whitespace.
+Q 1578 397 2138 397 
research/robot-position-observer-results/diagnostic-probes.svg:370: trailing whitespace.
+Q 2388 397 2633 464 
research/robot-position-observer-results/diagnostic-probes.svg:371: trailing whitespace.
+Q 2878 531 3122 666 
research/robot-position-observer-results/diagnostic-probes.svg:372: trailing whitespace.
+L 3122 134 
research/robot-position-observer-results/diagnostic-probes.svg:373: trailing whitespace.
+Q 2881 22 2623 -34 
research/robot-position-observer-results/diagnostic-probes.svg:374: trailing whitespace.
+Q 2366 -91 2075 -91 
research/robot-position-observer-results/diagnostic-probes.svg:375: trailing whitespace.
+Q 1284 -91 818 406 
research/robot-position-observer-results/diagnostic-probes.svg:376: trailing whitespace.
+Q 353 903 353 1747 
research/robot-position-observer-results/diagnostic-probes.svg:377: trailing whitespace.
+Q 353 2603 823 3093 
research/robot-position-observer-results/diagnostic-probes.svg:378: trailing whitespace.
+Q 1294 3584 2113 3584 
research/robot-position-observer-results/diagnostic-probes.svg:379: trailing whitespace.
+Q 2378 3584 2631 3529 
research/robot-position-observer-results/diagnostic-probes.svg:380: trailing whitespace.
+Q 2884 3475 3122 3366 
research/robot-position-observer-results/diagnostic-probes.svg:383: trailing whitespace.
+        <path id="DejaVuSans-4b" d="M 3513 2113 
research/robot-position-observer-results/diagnostic-probes.svg:384: trailing whitespace.
+L 3513 0 
research/robot-position-observer-results/diagnostic-probes.svg:385: trailing whitespace.
+L 2938 0 
research/robot-position-observer-results/diagnostic-probes.svg:386: trailing whitespace.
+L 2938 2094 
research/robot-position-observer-results/diagnostic-probes.svg:387: trailing whitespace.
+Q 2938 2591 2744 2837 
research/robot-position-observer-results/diagnostic-probes.svg:388: trailing whitespace.
+Q 2550 3084 2163 3084 
research/robot-position-observer-results/diagnostic-probes.svg:389: trailing whitespace.
+Q 1697 3084 1428 2787 
research/robot-position-observer-results/diagnostic-probes.svg:390: trailing whitespace.
+Q 1159 2491 1159 1978 
research/robot-position-observer-results/diagnostic-probes.svg:391: trailing whitespace.
+L 1159 0 
research/robot-position-observer-results/diagnostic-probes.svg:392: trailing whitespace.
+L 581 0 
research/robot-position-observer-results/diagnostic-probes.svg:393: trailing whitespace.
+L 581 4863 
research/robot-position-observer-results/diagnostic-probes.svg:394: trailing whitespace.
+L 1159 4863 
research/robot-position-observer-results/diagnostic-probes.svg:395: trailing whitespace.
+L 1159 2956 
research/robot-position-observer-results/diagnostic-probes.svg:396: trailing whitespace.
+Q 1366 3272 1645 3428 
research/robot-position-observer-results/diagnostic-probes.svg:397: trailing whitespace.
+Q 1925 3584 2291 3584 
research/robot-position-observer-results/diagnostic-probes.svg:398: trailing whitespace.
+Q 2894 3584 3203 3211 
research/robot-position-observer-results/diagnostic-probes.svg:399: trailing whitespace.
+Q 3513 2838 3513 2113 
research/robot-position-observer-results/diagnostic-probes.svg:435: trailing whitespace.
+        <path id="DejaVuSans-53" d="M 1159 525 
research/robot-position-observer-results/diagnostic-probes.svg:436: trailing whitespace.
+L 1159 -1331 
research/robot-position-observer-results/diagnostic-probes.svg:437: trailing whitespace.
+L 581 -1331 
research/robot-position-observer-results/diagnostic-probes.svg:438: trailing whitespace.
+L 581 3500 
research/robot-position-observer-results/diagnostic-probes.svg:439: trailing whitespace.
+L 1159 3500 
research/robot-position-observer-results/diagnostic-probes.svg:440: trailing whitespace.
+L 1159 2969 
research/robot-position-observer-results/diagnostic-probes.svg:441: trailing whitespace.
+Q 1341 3281 1617 3432 
research/robot-position-observer-results/diagnostic-probes.svg:442: trailing whitespace.
+Q 1894 3584 2278 3584 
research/robot-position-observer-results/diagnostic-probes.svg:443: trailing whitespace.
+Q 2916 3584 3314 3078 
research/robot-position-observer-results/diagnostic-probes.svg:444: trailing whitespace.
+Q 3713 2572 3713 1747 
research/robot-position-observer-results/diagnostic-probes.svg:445: trailing whitespace.
+Q 3713 922 3314 415 
research/robot-position-observer-results/diagnostic-probes.svg:446: trailing whitespace.
+Q 2916 -91 2278 -91 
research/robot-position-observer-results/diagnostic-probes.svg:447: trailing whitespace.
+Q 1894 -91 1617 61 
research/robot-position-observer-results/diagnostic-probes.svg:448: trailing whitespace.
+Q 1341 213 1159 525 
research/robot-position-observer-results/diagnostic-probes.svg:450: trailing whitespace.
+M 3116 1747 
research/robot-position-observer-results/diagnostic-probes.svg:451: trailing whitespace.
+Q 3116 2381 2855 2742 
research/robot-position-observer-results/diagnostic-probes.svg:452: trailing whitespace.
+Q 2594 3103 2138 3103 
research/robot-position-observer-results/diagnostic-probes.svg:453: trailing whitespace.
+Q 1681 3103 1420 2742 
research/robot-position-observer-results/diagnostic-probes.svg:454: trailing whitespace.
+Q 1159 2381 1159 1747 
research/robot-position-observer-results/diagnostic-probes.svg:455: trailing whitespace.
+Q 1159 1113 1420 752 
research/robot-position-observer-results/diagnostic-probes.svg:456: trailing whitespace.
+Q 1681 391 2138 391 
research/robot-position-observer-results/diagnostic-probes.svg:457: trailing whitespace.
+Q 2594 391 2855 752 
research/robot-position-observer-results/diagnostic-probes.svg:458: trailing whitespace.
+Q 3116 1113 3116 1747 
research/robot-position-observer-results/diagnostic-probes.svg:461: trailing whitespace.
+        <path id="DejaVuSans-52" d="M 1959 3097 
research/robot-position-observer-results/diagnostic-probes.svg:462: trailing whitespace.
+Q 1497 3097 1228 2736 
research/robot-position-observer-results/diagnostic-probes.svg:463: trailing whitespace.
+Q 959 2375 959 1747 
research/robot-position-observer-results/diagnostic-probes.svg:464: trailing whitespace.
+Q 959 1119 1226 758 
research/robot-position-observer-results/diagnostic-probes.svg:465: trailing whitespace.
+Q 1494 397 1959 397 
research/robot-position-observer-results/diagnostic-probes.svg:466: trailing whitespace.
+Q 2419 397 2687 759 
research/robot-position-observer-results/diagnostic-probes.svg:467: trailing whitespace.
+Q 2956 1122 2956 1747 
research/robot-position-observer-results/diagnostic-probes.svg:468: trailing whitespace.
+Q 2956 2369 2687 2733 
research/robot-position-observer-results/diagnostic-probes.svg:469: trailing whitespace.
+Q 2419 3097 1959 3097 
research/robot-position-observer-results/diagnostic-probes.svg:471: trailing whitespace.
+M 1959 3584 
research/robot-position-observer-results/diagnostic-probes.svg:472: trailing whitespace.
+Q 2709 3584 3137 3096 
research/robot-position-observer-results/diagnostic-probes.svg:473: trailing whitespace.
+Q 3566 2609 3566 1747 
research/robot-position-observer-results/diagnostic-probes.svg:474: trailing whitespace.
+Q 3566 888 3137 398 
research/robot-position-observer-results/diagnostic-probes.svg:475: trailing whitespace.
+Q 2709 -91 1959 -91 
research/robot-position-observer-results/diagnostic-probes.svg:476: trailing whitespace.
+Q 1206 -91 779 398 
research/robot-position-observer-results/diagnostic-probes.svg:477: trailing whitespace.
+Q 353 888 353 1747 
research/robot-position-observer-results/diagnostic-probes.svg:478: trailing whitespace.
+Q 353 2609 779 3096 
research/robot-position-observer-results/diagnostic-probes.svg:479: trailing whitespace.
+Q 1206 3584 1959 3584 
research/robot-position-observer-results/diagnostic-probes.svg:537: trailing whitespace.
+        <path id="DejaVuSans-15" d="M 1228 531 
research/robot-position-observer-results/diagnostic-probes.svg:538: trailing whitespace.
+L 3431 531 
research/robot-position-observer-results/diagnostic-probes.svg:539: trailing whitespace.
+L 3431 0 
research/robot-position-observer-results/diagnostic-probes.svg:540: trailing whitespace.
+L 469 0 
research/robot-position-observer-results/diagnostic-probes.svg:541: trailing whitespace.
+L 469 531 
research/robot-position-observer-results/diagnostic-probes.svg:542: trailing whitespace.
+Q 828 903 1448 1529 
research/robot-position-observer-results/diagnostic-probes.svg:543: trailing whitespace.
+Q 2069 2156 2228 2338 
research/robot-position-observer-results/diagnostic-probes.svg:544: trailing whitespace.
+Q 2531 2678 2651 2914 
research/robot-position-observer-results/diagnostic-probes.svg:545: trailing whitespace.
+Q 2772 3150 2772 3378 
research/robot-position-observer-results/diagnostic-probes.svg:546: trailing whitespace.
+Q 2772 3750 2511 3984 
research/robot-position-observer-results/diagnostic-probes.svg:547: trailing whitespace.
+Q 2250 4219 1831 4219 
research/robot-position-observer-results/diagnostic-probes.svg:548: trailing whitespace.
+Q 1534 4219 1204 4116 
research/robot-position-observer-results/diagnostic-probes.svg:549: trailing whitespace.
+Q 875 4013 500 3803 
research/robot-position-observer-results/diagnostic-probes.svg:550: trailing whitespace.
+L 500 4441 
research/robot-position-observer-results/diagnostic-probes.svg:551: trailing whitespace.
+Q 881 4594 1212 4672 
research/robot-position-observer-results/diagnostic-probes.svg:552: trailing whitespace.
+Q 1544 4750 1819 4750 
research/robot-position-observer-results/diagnostic-probes.svg:553: trailing whitespace.
+Q 2544 4750 2975 4387 
research/robot-position-observer-results/diagnostic-probes.svg:554: trailing whitespace.
+Q 3406 4025 3406 3419 
research/robot-position-observer-results/diagnostic-probes.svg:555: trailing whitespace.
+Q 3406 3131 3298 2873 
research/robot-position-observer-results/diagnostic-probes.svg:556: trailing whitespace.
+Q 3191 2616 2906 2266 
research/robot-position-observer-results/diagnostic-probes.svg:557: trailing whitespace.
+Q 2828 2175 2409 1742 
research/robot-position-observer-results/diagnostic-probes.svg:558: trailing whitespace.
+Q 1991 1309 1228 531 
research/robot-position-observer-results/diagnostic-probes.svg:647: trailing whitespace.
+        <path id="DejaVuSans-16" d="M 2597 2516 
research/robot-position-observer-results/diagnostic-probes.svg:648: trailing whitespace.
+Q 3050 2419 3304 2112 
research/robot-position-observer-results/diagnostic-probes.svg:649: trailing whitespace.
+Q 3559 1806 3559 1356 
research/robot-position-observer-results/diagnostic-probes.svg:650: trailing whitespace.
+Q 3559 666 3084 287 
research/robot-position-observer-results/diagnostic-probes.svg:651: trailing whitespace.
+Q 2609 -91 1734 -91 
research/robot-position-observer-results/diagnostic-probes.svg:652: trailing whitespace.
+Q 1441 -91 1130 -33 
research/robot-position-observer-results/diagnostic-probes.svg:653: trailing whitespace.
+Q 819 25 488 141 
research/robot-position-observer-results/diagnostic-probes.svg:654: trailing whitespace.
+L 488 750 
research/robot-position-observer-results/diagnostic-probes.svg:655: trailing whitespace.
+Q 750 597 1062 519 
research/robot-position-observer-results/diagnostic-probes.svg:656: trailing whitespace.
+Q 1375 441 1716 441 
research/robot-position-observer-results/diagnostic-probes.svg:657: trailing whitespace.
+Q 2309 441 2620 675 
research/robot-position-observer-results/diagnostic-probes.svg:658: trailing whitespace.
+Q 2931 909 2931 1356 
research/robot-position-observer-results/diagnostic-probes.svg:659: trailing whitespace.
+Q 2931 1769 2642 2001 
research/robot-position-observer-results/diagnostic-probes.svg:660: trailing whitespace.
+Q 2353 2234 1838 2234 
research/robot-position-observer-results/diagnostic-probes.svg:661: trailing whitespace.
+L 1294 2234 
research/robot-position-observer-results/diagnostic-probes.svg:662: trailing whitespace.
+L 1294 2753 
research/robot-position-observer-results/diagnostic-probes.svg:663: trailing whitespace.
+L 1863 2753 
research/robot-position-observer-results/diagnostic-probes.svg:664: trailing whitespace.
+Q 2328 2753 2575 2939 
research/robot-position-observer-results/diagnostic-probes.svg:665: trailing whitespace.
+Q 2822 3125 2822 3475 
research/robot-position-observer-results/diagnostic-probes.svg:666: trailing whitespace.
+Q 2822 3834 2567 4026 
research/robot-position-observer-results/diagnostic-probes.svg:667: trailing whitespace.
+Q 2313 4219 1838 4219 
research/robot-position-observer-results/diagnostic-probes.svg:668: trailing whitespace.
+Q 1578 4219 1281 4162 
research/robot-position-observer-results/diagnostic-probes.svg:669: trailing whitespace.
+Q 984 4106 628 3988 
research/robot-position-observer-results/diagnostic-probes.svg:670: trailing whitespace.
+L 628 4550 
research/robot-position-observer-results/diagnostic-probes.svg:671: trailing whitespace.
+Q 988 4650 1302 4700 
research/robot-position-observer-results/diagnostic-probes.svg:672: trailing whitespace.
+Q 1616 4750 1894 4750 
research/robot-position-observer-results/diagnostic-probes.svg:673: trailing whitespace.
+Q 2613 4750 3031 4423 
research/robot-position-observer-results/diagnostic-probes.svg:674: trailing whitespace.
+Q 3450 4097 3450 3541 
research/robot-position-observer-results/diagnostic-probes.svg:675: trailing whitespace.
+Q 3450 3153 3228 2886 
research/robot-position-observer-results/diagnostic-probes.svg:676: trailing whitespace.
+Q 3006 2619 2597 2516 
research/robot-position-observer-results/diagnostic-probes.svg:754: trailing whitespace.
+        <path id="DejaVuSans-55" d="M 2631 2963 
research/robot-position-observer-results/diagnostic-probes.svg:755: trailing whitespace.
+Q 2534 3019 2420 3045 
research/robot-position-observer-results/diagnostic-probes.svg:756: trailing whitespace.
+Q 2306 3072 2169 3072 
research/robot-position-observer-results/diagnostic-probes.svg:757: trailing whitespace.
+Q 1681 3072 1420 2755 
research/robot-position-observer-results/diagnostic-probes.svg:758: trailing whitespace.
+Q 1159 2438 1159 1844 
research/robot-position-observer-results/diagnostic-probes.svg:759: trailing whitespace.
+L 1159 0 
research/robot-position-observer-results/diagnostic-probes.svg:760: trailing whitespace.
+L 581 0 
research/robot-position-observer-results/diagnostic-probes.svg:761: trailing whitespace.
+L 581 3500 
research/robot-position-observer-results/diagnostic-probes.svg:762: trailing whitespace.
+L 1159 3500 
research/robot-position-observer-results/diagnostic-probes.svg:763: trailing whitespace.
+L 1159 2956 
research/robot-position-observer-results/diagnostic-probes.svg:764: trailing whitespace.
+Q 1341 3275 1631 3429 
research/robot-position-observer-results/diagnostic-probes.svg:765: trailing whitespace.
+Q 1922 3584 2338 3584 
research/robot-position-observer-results/diagnostic-probes.svg:766: trailing whitespace.
+Q 2397 3584 2469 3576 
research/robot-position-observer-results/diagnostic-probes.svg:767: trailing whitespace.
+Q 2541 3569 2628 3553 
research/robot-position-observer-results/diagnostic-probes.svg:768: trailing whitespace.
+L 2631 2963 
research/robot-position-observer-results/diagnostic-probes.svg:771: trailing whitespace.
+        <path id="DejaVuSans-59" d="M 191 3500 
research/robot-position-observer-results/diagnostic-probes.svg:772: trailing whitespace.
+L 800 3500 
research/robot-position-observer-results/diagnostic-probes.svg:773: trailing whitespace.
+L 1894 563 
research/robot-position-observer-results/diagnostic-probes.svg:774: trailing whitespace.
+L 2988 3500 
research/robot-position-observer-results/diagnostic-probes.svg:775: trailing whitespace.
+L 3597 3500 
research/robot-position-observer-results/diagnostic-probes.svg:776: trailing whitespace.
+L 2284 0 
research/robot-position-observer-results/diagnostic-probes.svg:777: trailing whitespace.
+L 1503 0 
research/robot-position-observer-results/diagnostic-probes.svg:778: trailing whitespace.
+L 191 3500 
research/robot-position-observer-results/diagnostic-probes.svg:820: trailing whitespace.
+      <path d="M 90.820484 337.186814 
research/robot-position-observer-results/diagnostic-probes.svg:821: trailing whitespace.
+L 606.6 337.186814 
research/robot-position-observer-results/diagnostic-probes.svg:826: trailing whitespace.
+       <path id="m3e47aa89e3" d="M 0 0 
research/robot-position-observer-results/diagnostic-probes.svg:827: trailing whitespace.
+L -3.5 0 
research/robot-position-observer-results/diagnostic-probes.svg:845: trailing whitespace.
+      <path d="M 90.820484 301.066903 
research/robot-position-observer-results/diagnostic-probes.svg:846: trailing whitespace.
+L 606.6 301.066903 
research/robot-position-observer-results/diagnostic-probes.svg:858: trailing whitespace.
+        <path id="DejaVuSans-17" d="M 2419 4116 
research/robot-position-observer-results/diagnostic-probes.svg:859: trailing whitespace.
+L 825 1625 
research/robot-position-observer-results/diagnostic-probes.svg:860: trailing whitespace.
+L 2419 1625 
research/robot-position-observer-results/diagnostic-probes.svg:861: trailing whitespace.
+L 2419 4116 
research/robot-position-observer-results/diagnostic-probes.svg:863: trailing whitespace.
+M 2253 4666 
research/robot-position-observer-results/diagnostic-probes.svg:864: trailing whitespace.
+L 3047 4666 
research/robot-position-observer-results/diagnostic-probes.svg:865: trailing whitespace.
+L 3047 1625 
research/robot-position-observer-results/diagnostic-probes.svg:866: trailing whitespace.
+L 3713 1625 
research/robot-position-observer-results/diagnostic-probes.svg:867: trailing whitespace.
+L 3713 1100 
research/robot-position-observer-results/diagnostic-probes.svg:868: trailing whitespace.
+L 3047 1100 
research/robot-position-observer-results/diagnostic-probes.svg:869: trailing whitespace.
+L 3047 0 
research/robot-position-observer-results/diagnostic-probes.svg:870: trailing whitespace.
+L 2419 0 
research/robot-position-observer-results/diagnostic-probes.svg:871: trailing whitespace.
+L 2419 1100 
research/robot-position-observer-results/diagnostic-probes.svg:872: trailing whitespace.
+L 313 1100 
research/robot-position-observer-results/diagnostic-probes.svg:873: trailing whitespace.
+L 313 1709 
research/robot-position-observer-results/diagnostic-probes.svg:874: trailing whitespace.
+L 2253 4666 
research/robot-position-observer-results/diagnostic-probes.svg:886: trailing whitespace.
+      <path d="M 90.820484 264.946992 
research/robot-position-observer-results/diagnostic-probes.svg:887: trailing whitespace.
+L 606.6 264.946992 
research/robot-position-observer-results/diagnostic-probes.svg:906: trailing whitespace.
+      <path d="M 90.820484 228.82708 
research/robot-position-observer-results/diagnostic-probes.svg:907: trailing whitespace.
+L 606.6 228.82708 
research/robot-position-observer-results/diagnostic-probes.svg:927: trailing whitespace.
+      <path d="M 90.820484 192.707169 
research/robot-position-observer-results/diagnostic-probes.svg:928: trailing whitespace.
+L 606.6 192.707169 
research/robot-position-observer-results/diagnostic-probes.svg:940: trailing whitespace.
+        <path id="DejaVuSans-19" d="M 2113 2584 
research/robot-position-observer-results/diagnostic-probes.svg:941: trailing whitespace.
+Q 1688 2584 1439 2293 
research/robot-position-observer-results/diagnostic-probes.svg:942: trailing whitespace.
+Q 1191 2003 1191 1497 
research/robot-position-observer-results/diagnostic-probes.svg:943: trailing whitespace.
+Q 1191 994 1439 701 
research/robot-position-observer-results/diagnostic-probes.svg:944: trailing whitespace.
+Q 1688 409 2113 409 
research/robot-position-observer-results/diagnostic-probes.svg:945: trailing whitespace.
+Q 2538 409 2786 701 
research/robot-position-observer-results/diagnostic-probes.svg:946: trailing whitespace.
+Q 3034 994 3034 1497 
research/robot-position-observer-results/diagnostic-probes.svg:947: trailing whitespace.
+Q 3034 2003 2786 2293 
research/robot-position-observer-results/diagnostic-probes.svg:948: trailing whitespace.
+Q 2538 2584 2113 2584 
research/robot-position-observer-results/diagnostic-probes.svg:950: trailing whitespace.
+M 3366 4563 
research/robot-position-observer-results/diagnostic-probes.svg:951: trailing whitespace.
+L 3366 3988 
research/robot-position-observer-results/diagnostic-probes.svg:952: trailing whitespace.
+Q 3128 4100 2886 4159 
research/robot-position-observer-results/diagnostic-probes.svg:953: trailing whitespace.
+Q 2644 4219 2406 4219 
research/robot-position-observer-results/diagnostic-probes.svg:954: trailing whitespace.
+Q 1781 4219 1451 3797 
research/robot-position-observer-results/diagnostic-probes.svg:955: trailing whitespace.
+Q 1122 3375 1075 2522 
research/robot-position-observer-results/diagnostic-probes.svg:956: trailing whitespace.
+Q 1259 2794 1537 2939 
research/robot-position-observer-results/diagnostic-probes.svg:957: trailing whitespace.
+Q 1816 3084 2150 3084 
research/robot-position-observer-results/diagnostic-probes.svg:958: trailing whitespace.
+Q 2853 3084 3261 2657 
research/robot-position-observer-results/diagnostic-probes.svg:959: trailing whitespace.
+Q 3669 2231 3669 1497 
research/robot-position-observer-results/diagnostic-probes.svg:960: trailing whitespace.
+Q 3669 778 3244 343 
research/robot-position-observer-results/diagnostic-probes.svg:961: trailing whitespace.
+Q 2819 -91 2113 -91 
research/robot-position-observer-results/diagnostic-probes.svg:962: trailing whitespace.
+Q 1303 -91 875 529 
research/robot-position-observer-results/diagnostic-probes.svg:963: trailing whitespace.
+Q 447 1150 447 2328 
research/robot-position-observer-results/diagnostic-probes.svg:964: trailing whitespace.
+Q 447 3434 972 4092 
research/robot-position-observer-results/diagnostic-probes.svg:965: trailing whitespace.
+Q 1497 4750 2381 4750 
research/robot-position-observer-results/diagnostic-probes.svg:966: trailing whitespace.
+Q 2619 4750 2861 4703 
research/robot-position-observer-results/diagnostic-probes.svg:967: trailing whitespace.
+Q 3103 4656 3366 4563 
research/robot-position-observer-results/diagnostic-probes.svg:980: trailing whitespace.
+      <path d="M 90.820484 156.587257 
research/robot-position-observer-results/diagnostic-probes.svg:981: trailing whitespace.
+L 606.6 156.587257 
research/robot-position-observer-results/diagnostic-probes.svg:1001: trailing whitespace.
+      <path d="M 90.820484 120.467346 
research/robot-position-observer-results/diagnostic-probes.svg:1002: trailing whitespace.
+L 606.6 120.467346 
research/robot-position-observer-results/diagnostic-probes.svg:1022: trailing whitespace.
+      <path d="M 90.820484 84.347434 
research/robot-position-observer-results/diagnostic-probes.svg:1023: trailing whitespace.
+L 606.6 84.347434 
research/robot-position-observer-results/diagnostic-probes.svg:1043: trailing whitespace.
+    <path d="M 90.820484 355.773692 
research/robot-position-observer-results/diagnostic-probes.svg:1044: trailing whitespace.
+L 90.820484 81.2 
research/robot-position-observer-results/diagnostic-probes.svg:1048: trailing whitespace.
+    <path d="M 606.6 355.773692 
research/robot-position-observer-results/diagnostic-probes.svg:1049: trailing whitespace.
+L 606.6 81.2 
research/robot-position-observer-results/diagnostic-probes.svg:1053: trailing whitespace.
+    <path d="M 90.820484 355.773692 
research/robot-position-observer-results/diagnostic-probes.svg:1054: trailing whitespace.
+L 606.6 355.773692 
research/robot-position-observer-results/diagnostic-probes.svg:1058: trailing whitespace.
+    <path d="M 90.820484 81.2 
research/robot-position-observer-results/diagnostic-probes.svg:1059: trailing whitespace.
+L 606.6 81.2 
research/robot-position-observer-results/diagnostic-probes.svg:1064: trailing whitespace.
+     <path id="m61d2d6e74d" d="M 0 4.031129 
research/robot-position-observer-results/diagnostic-probes.svg:1065: trailing whitespace.
+C 1.069068 4.031129 2.094493 3.606384 2.850439 2.850439 
research/robot-position-observer-results/diagnostic-probes.svg:1066: trailing whitespace.
+C 3.606384 2.094493 4.031129 1.069068 4.031129 0 
research/robot-position-observer-results/diagnostic-probes.svg:1067: trailing whitespace.
+C 4.031129 -1.069068 3.606384 -2.094493 2.850439 -2.850439 
research/robot-position-observer-results/diagnostic-probes.svg:1068: trailing whitespace.
+C 2.094493 -3.606384 1.069068 -4.031129 0 -4.031129 
research/robot-position-observer-results/diagnostic-probes.svg:1069: trailing whitespace.
+C -1.069068 -4.031129 -2.094493 -3.606384 -2.850439 -2.850439 
research/robot-position-observer-results/diagnostic-probes.svg:1070: trailing whitespace.
+C -3.606384 -2.094493 -4.031129 -1.069068 -4.031129 0 
research/robot-position-observer-results/diagnostic-probes.svg:1071: trailing whitespace.
+C -4.031129 1.069068 -3.606384 2.094493 -2.850439 2.850439 
research/robot-position-observer-results/diagnostic-probes.svg:1072: trailing whitespace.
+C -2.094493 3.606384 -1.069068 4.031129 0 4.031129 
research/robot-position-observer-results/diagnostic-probes.svg:1087: trailing whitespace.
+     <path id="mdd246d4429" d="M -2.015564 4.031129 
research/robot-position-observer-results/diagnostic-probes.svg:1088: trailing whitespace.
+L 0 2.015564 
research/robot-position-observer-results/diagnostic-probes.svg:1089: trailing whitespace.
+L 2.015564 4.031129 
research/robot-position-observer-results/diagnostic-probes.svg:1090: trailing whitespace.
+L 4.031129 2.015564 
research/robot-position-observer-results/diagnostic-probes.svg:1091: trailing whitespace.
+L 2.015564 0 
research/robot-position-observer-results/diagnostic-probes.svg:1092: trailing whitespace.
+L 4.031129 -2.015564 
research/robot-position-observer-results/diagnostic-probes.svg:1093: trailing whitespace.
+L 2.015564 -4.031129 
research/robot-position-observer-results/diagnostic-probes.svg:1094: trailing whitespace.
+L 0 -2.015564 
research/robot-position-observer-results/diagnostic-probes.svg:1095: trailing whitespace.
+L -2.015564 -4.031129 
research/robot-position-observer-results/diagnostic-probes.svg:1096: trailing whitespace.
+L -4.031129 -2.015564 
research/robot-position-observer-results/diagnostic-probes.svg:1097: trailing whitespace.
+L -2.015564 0 
research/robot-position-observer-results/diagnostic-probes.svg:1098: trailing whitespace.
+L -4.031129 2.015564 
research/robot-position-observer-results/diagnostic-probes.svg:1110: trailing whitespace.
+      <path id="DejaVuSans-13b0" d="M 1831 4863 
research/robot-position-observer-results/diagnostic-probes.svg:1111: trailing whitespace.
+L 3431 4863 
research/robot-position-observer-results/diagnostic-probes.svg:1112: trailing whitespace.
+L 3431 0 
research/robot-position-observer-results/diagnostic-probes.svg:1113: trailing whitespace.
+L 2853 0 
research/robot-position-observer-results/diagnostic-probes.svg:1114: trailing whitespace.
+L 2853 4384 
research/robot-position-observer-results/diagnostic-probes.svg:1115: trailing whitespace.
+L 1825 4384 
research/robot-position-observer-results/diagnostic-probes.svg:1116: trailing whitespace.
+Q 1516 4384 1395 4259 
research/robot-position-observer-results/diagnostic-probes.svg:1117: trailing whitespace.
+Q 1275 4134 1275 3809 
research/robot-position-observer-results/diagnostic-probes.svg:1118: trailing whitespace.
+L 1275 3500 
research/robot-position-observer-results/diagnostic-probes.svg:1119: trailing whitespace.
+L 2222 3500 
research/robot-position-observer-results/diagnostic-probes.svg:1120: trailing whitespace.
+L 2222 3053 
research/robot-position-observer-results/diagnostic-probes.svg:1121: trailing whitespace.
+L 1275 3053 
research/robot-position-observer-results/diagnostic-probes.svg:1122: trailing whitespace.
+L 1275 0 
research/robot-position-observer-results/diagnostic-probes.svg:1123: trailing whitespace.
+L 697 0 
research/robot-position-observer-results/diagnostic-probes.svg:1124: trailing whitespace.
+L 697 3053 
research/robot-position-observer-results/diagnostic-probes.svg:1125: trailing whitespace.
+L 147 3053 
research/robot-position-observer-results/diagnostic-probes.svg:1126: trailing whitespace.
+L 147 3500 
research/robot-position-observer-results/diagnostic-probes.svg:1127: trailing whitespace.
+L 697 3500 
research/robot-position-observer-results/diagnostic-probes.svg:1128: trailing whitespace.
+L 697 3744 
research/robot-position-observer-results/diagnostic-probes.svg:1129: trailing whitespace.
+Q 697 4328 969 4595 
research/robot-position-observer-results/diagnostic-probes.svg:1130: trailing whitespace.
+Q 1241 4863 1831 4863 
research/robot-position-observer-results/diagnostic-probes.svg:1151: trailing whitespace.
+      <path id="DejaVuSans-42" d="M 3263 -1063 
research/robot-position-observer-results/diagnostic-probes.svg:1152: trailing whitespace.
+L 3263 -1509 
research/robot-position-observer-results/diagnostic-probes.svg:1153: trailing whitespace.
+L -63 -1509 
research/robot-position-observer-results/diagnostic-probes.svg:1154: trailing whitespace.
+L -63 -1063 
research/robot-position-observer-results/diagnostic-probes.svg:1155: trailing whitespace.
+L 3263 -1063 
research/robot-position-observer-results/diagnostic-probes.svg:1158: trailing whitespace.
+      <path id="DejaVuSans-13af" d="M 3431 3500 
research/robot-position-observer-results/diagnostic-probes.svg:1159: trailing whitespace.
+L 3431 0 
research/robot-position-observer-results/diagnostic-probes.svg:1160: trailing whitespace.
+L 2853 0 
research/robot-position-observer-results/diagnostic-probes.svg:1161: trailing whitespace.
+L 2853 3053 
research/robot-position-observer-results/diagnostic-probes.svg:1162: trailing whitespace.
+L 1275 3053 
research/robot-position-observer-results/diagnostic-probes.svg:1163: trailing whitespace.
+L 1275 0 
research/robot-position-observer-results/diagnostic-probes.svg:1164: trailing whitespace.
+L 697 0 
research/robot-position-observer-results/diagnostic-probes.svg:1165: trailing whitespace.
+L 697 3053 
research/robot-position-observer-results/diagnostic-probes.svg:1166: trailing whitespace.
+L 147 3053 
research/robot-position-observer-results/diagnostic-probes.svg:1167: trailing whitespace.
+L 147 3500 
research/robot-position-observer-results/diagnostic-probes.svg:1168: trailing whitespace.
+L 697 3500 
research/robot-position-observer-results/diagnostic-probes.svg:1169: trailing whitespace.
+L 697 3744 
research/robot-position-observer-results/diagnostic-probes.svg:1170: trailing whitespace.
+Q 697 4316 967 4589 
research/robot-position-observer-results/diagnostic-probes.svg:1171: trailing whitespace.
+Q 1238 4863 1797 4863 
research/robot-position-observer-results/diagnostic-probes.svg:1172: trailing whitespace.
+L 2375 4863 
research/robot-position-observer-results/diagnostic-probes.svg:1173: trailing whitespace.
+L 2375 4384 
research/robot-position-observer-results/diagnostic-probes.svg:1174: trailing whitespace.
+L 1825 4384 
research/robot-position-observer-results/diagnostic-probes.svg:1175: trailing whitespace.
+Q 1516 4384 1395 4259 
research/robot-position-observer-results/diagnostic-probes.svg:1176: trailing whitespace.
+Q 1275 4134 1275 3809 
research/robot-position-observer-results/diagnostic-probes.svg:1177: trailing whitespace.
+L 1275 3500 
research/robot-position-observer-results/diagnostic-probes.svg:1178: trailing whitespace.
+L 3431 3500 
research/robot-position-observer-results/diagnostic-probes.svg:1180: trailing whitespace.
+M 2853 4856 
research/robot-position-observer-results/diagnostic-probes.svg:1181: trailing whitespace.
+L 3431 4856 
research/robot-position-observer-results/diagnostic-probes.svg:1182: trailing whitespace.
+L 3431 4128 
research/robot-position-observer-results/diagnostic-probes.svg:1183: trailing whitespace.
+L 2853 4128 
research/robot-position-observer-results/diagnostic-probes.svg:1184: trailing whitespace.
+L 2853 4856 
research/robot-position-observer-results/diagnostic-probes.svg:1267: trailing whitespace.
+      <path id="DejaVuSans-33" d="M 1259 4147 
research/robot-position-observer-results/diagnostic-probes.svg:1268: trailing whitespace.
+L 1259 2394 
research/robot-position-observer-results/diagnostic-probes.svg:1269: trailing whitespace.
+L 2053 2394 
research/robot-position-observer-results/diagnostic-probes.svg:1270: trailing whitespace.
+Q 2494 2394 2734 2622 
research/robot-position-observer-results/diagnostic-probes.svg:1271: trailing whitespace.
+Q 2975 2850 2975 3272 
research/robot-position-observer-results/diagnostic-probes.svg:1272: trailing whitespace.
+Q 2975 3691 2734 3919 
research/robot-position-observer-results/diagnostic-probes.svg:1273: trailing whitespace.
+Q 2494 4147 2053 4147 
research/robot-position-observer-results/diagnostic-probes.svg:1274: trailing whitespace.
+L 1259 4147 
research/robot-position-observer-results/diagnostic-probes.svg:1276: trailing whitespace.
+M 628 4666 
research/robot-position-observer-results/diagnostic-probes.svg:1277: trailing whitespace.
+L 2053 4666 
research/robot-position-observer-results/diagnostic-probes.svg:1278: trailing whitespace.
+Q 2838 4666 3239 4311 
research/robot-position-observer-results/diagnostic-probes.svg:1279: trailing whitespace.
+Q 3641 3956 3641 3272 
research/robot-position-observer-results/diagnostic-probes.svg:1280: trailing whitespace.
+Q 3641 2581 3239 2228 
research/robot-position-observer-results/diagnostic-probes.svg:1281: trailing whitespace.
+Q 2838 1875 2053 1875 
research/robot-position-observer-results/diagnostic-probes.svg:1282: trailing whitespace.
+L 1259 1875 
research/robot-position-observer-results/diagnostic-probes.svg:1283: trailing whitespace.
+L 1259 0 
research/robot-position-observer-results/diagnostic-probes.svg:1284: trailing whitespace.
+L 628 0 
research/robot-position-observer-results/diagnostic-probes.svg:1285: trailing whitespace.
+L 628 4666 
research/robot-position-observer-results/diagnostic-probes.svg:1288: trailing whitespace.
+      <path id="DejaVuSans-10" d="M 313 2009 
research/robot-position-observer-results/diagnostic-probes.svg:1289: trailing whitespace.
+L 1997 2009 
research/robot-position-observer-results/diagnostic-probes.svg:1290: trailing whitespace.
+L 1997 1497 
research/robot-position-observer-results/diagnostic-probes.svg:1291: trailing whitespace.
+L 313 1497 
research/robot-position-observer-results/diagnostic-probes.svg:1292: trailing whitespace.
+L 313 2009 
research/robot-position-observer-results/diagnostic-probes.svg:1295: trailing whitespace.
+      <path id="DejaVuSans-4f" d="M 603 4863 
research/robot-position-observer-results/diagnostic-probes.svg:1296: trailing whitespace.
+L 1178 4863 
research/robot-position-observer-results/diagnostic-probes.svg:1297: trailing whitespace.
+L 1178 0 
research/robot-position-observer-results/diagnostic-probes.svg:1298: trailing whitespace.
+L 603 0 
research/robot-position-observer-results/diagnostic-probes.svg:1299: trailing whitespace.
+L 603 4863 
research/robot-position-observer-results/diagnostic-probes.svg:1302: trailing whitespace.
+      <path id="DejaVuSans-4a" d="M 2906 1791 
research/robot-position-observer-results/diagnostic-probes.svg:1303: trailing whitespace.
+Q 2906 2416 2648 2759 
research/robot-position-observer-results/diagnostic-probes.svg:1304: trailing whitespace.
+Q 2391 3103 1925 3103 
research/robot-position-observer-results/diagnostic-probes.svg:1305: trailing whitespace.
+Q 1463 3103 1205 2759 
research/robot-position-observer-results/diagnostic-probes.svg:1306: trailing whitespace.
+Q 947 2416 947 1791 
research/robot-position-observer-results/diagnostic-probes.svg:1307: trailing whitespace.
+Q 947 1169 1205 825 
research/robot-position-observer-results/diagnostic-probes.svg:1308: trailing whitespace.
+Q 1463 481 1925 481 
research/robot-position-observer-results/diagnostic-probes.svg:1309: trailing whitespace.
+Q 2391 481 2648 825 
research/robot-position-observer-results/diagnostic-probes.svg:1310: trailing whitespace.
+Q 2906 1169 2906 1791 
research/robot-position-observer-results/diagnostic-probes.svg:1312: trailing whitespace.
+M 3481 434 
research/robot-position-observer-results/diagnostic-probes.svg:1313: trailing whitespace.
+Q 3481 -459 3084 -895 
research/robot-position-observer-results/diagnostic-probes.svg:1314: trailing whitespace.
+Q 2688 -1331 1869 -1331 
research/robot-position-observer-results/diagnostic-probes.svg:1315: trailing whitespace.
+Q 1566 -1331 1297 -1286 
research/robot-position-observer-results/diagnostic-probes.svg:1316: trailing whitespace.
+Q 1028 -1241 775 -1147 
research/robot-position-observer-results/diagnostic-probes.svg:1317: trailing whitespace.
+L 775 -588 
research/robot-position-observer-results/diagnostic-probes.svg:1318: trailing whitespace.
+Q 1028 -725 1275 -790 
research/robot-position-observer-results/diagnostic-probes.svg:1319: trailing whitespace.
+Q 1522 -856 1778 -856 
research/robot-position-observer-results/diagnostic-probes.svg:1320: trailing whitespace.
+Q 2344 -856 2625 -561 
research/robot-position-observer-results/diagnostic-probes.svg:1321: trailing whitespace.
+Q 2906 -266 2906 331 
research/robot-position-observer-results/diagnostic-probes.svg:1322: trailing whitespace.
+L 2906 616 
research/robot-position-observer-results/diagnostic-probes.svg:1323: trailing whitespace.
+Q 2728 306 2450 153 
research/robot-position-observer-results/diagnostic-probes.svg:1324: trailing whitespace.
+Q 2172 0 1784 0 
research/robot-position-observer-results/diagnostic-probes.svg:1325: trailing whitespace.
+Q 1141 0 747 490 
research/robot-position-observer-results/diagnostic-probes.svg:1326: trailing whitespace.
+Q 353 981 353 1791 
research/robot-position-observer-results/diagnostic-probes.svg:1327: trailing whitespace.
+Q 353 2603 747 3093 
research/robot-position-observer-results/diagnostic-probes.svg:1328: trailing whitespace.
+Q 1141 3584 1784 3584 
research/robot-position-observer-results/diagnostic-probes.svg:1329: trailing whitespace.
+Q 2172 3584 2450 3431 
research/robot-position-observer-results/diagnostic-probes.svg:1330: trailing whitespace.
+Q 2728 3278 2906 2969 
research/robot-position-observer-results/diagnostic-probes.svg:1331: trailing whitespace.
+L 2906 3500 
research/robot-position-observer-results/diagnostic-probes.svg:1332: trailing whitespace.
+L 3481 3500 
research/robot-position-observer-results/diagnostic-probes.svg:1333: trailing whitespace.
+L 3481 434 
research/robot-position-observer-results/diagnostic-probes.svg:1336: trailing whitespace.
+      <path id="DejaVuSans-2f" d="M 628 4666 
research/robot-position-observer-results/diagnostic-probes.svg:1337: trailing whitespace.
+L 1259 4666 
research/robot-position-observer-results/diagnostic-probes.svg:1338: trailing whitespace.
+L 1259 531 
research/robot-position-observer-results/diagnostic-probes.svg:1339: trailing whitespace.
+L 3531 531 
research/robot-position-observer-results/diagnostic-probes.svg:1340: trailing whitespace.
+L 3531 0 
research/robot-position-observer-results/diagnostic-probes.svg:1341: trailing whitespace.
+L 628 0 
research/robot-position-observer-results/diagnostic-probes.svg:1342: trailing whitespace.
+L 628 4666 
research/robot-position-observer-results/diagnostic-probes.svg:1345: trailing whitespace.
+      <path id="DejaVuSans-50" d="M 3328 2828 
research/robot-position-observer-results/diagnostic-probes.svg:1346: trailing whitespace.
+Q 3544 3216 3844 3400 
research/robot-position-observer-results/diagnostic-probes.svg:1347: trailing whitespace.
+Q 4144 3584 4550 3584 
research/robot-position-observer-results/diagnostic-probes.svg:1348: trailing whitespace.
+Q 5097 3584 5394 3201 
research/robot-position-observer-results/diagnostic-probes.svg:1349: trailing whitespace.
+Q 5691 2819 5691 2113 
research/robot-position-observer-results/diagnostic-probes.svg:1350: trailing whitespace.
+L 5691 0 
research/robot-position-observer-results/diagnostic-probes.svg:1351: trailing whitespace.
+L 5113 0 
research/robot-position-observer-results/diagnostic-probes.svg:1352: trailing whitespace.
+L 5113 2094 
research/robot-position-observer-results/diagnostic-probes.svg:1353: trailing whitespace.
+Q 5113 2597 4934 2840 
research/robot-position-observer-results/diagnostic-probes.svg:1354: trailing whitespace.
+Q 4756 3084 4391 3084 
research/robot-position-observer-results/diagnostic-probes.svg:1355: trailing whitespace.
+Q 3944 3084 3684 2787 
research/robot-position-observer-results/diagnostic-probes.svg:1356: trailing whitespace.
+Q 3425 2491 3425 1978 
research/robot-position-observer-results/diagnostic-probes.svg:1357: trailing whitespace.
+L 3425 0 
research/robot-position-observer-results/diagnostic-probes.svg:1358: trailing whitespace.
+L 2847 0 
research/robot-position-observer-results/diagnostic-probes.svg:1359: trailing whitespace.
+L 2847 2094 
research/robot-position-observer-results/diagnostic-probes.svg:1360: trailing whitespace.
+Q 2847 2600 2669 2842 
research/robot-position-observer-results/diagnostic-probes.svg:1361: trailing whitespace.
+Q 2491 3084 2119 3084 
research/robot-position-observer-results/diagnostic-probes.svg:1362: trailing whitespace.
+Q 1678 3084 1418 2786 
research/robot-position-observer-results/diagnostic-probes.svg:1363: trailing whitespace.
+Q 1159 2488 1159 1978 
research/robot-position-observer-results/diagnostic-probes.svg:1364: trailing whitespace.
+L 1159 0 
research/robot-position-observer-results/diagnostic-probes.svg:1365: trailing whitespace.
+L 581 0 
research/robot-position-observer-results/diagnostic-probes.svg:1366: trailing whitespace.
+L 581 3500 
research/robot-position-observer-results/diagnostic-probes.svg:1367: trailing whitespace.
+L 1159 3500 
research/robot-position-observer-results/diagnostic-probes.svg:1368: trailing whitespace.
+L 1159 2956 
research/robot-position-observer-results/diagnostic-probes.svg:1369: trailing whitespace.
+Q 1356 3278 1631 3431 
research/robot-position-observer-results/diagnostic-probes.svg:1370: trailing whitespace.
+Q 1906 3584 2284 3584 
research/robot-position-observer-results/diagnostic-probes.svg:1371: trailing whitespace.
+Q 2666 3584 2933 3390 
research/robot-position-observer-results/diagnostic-probes.svg:1372: trailing whitespace.
+Q 3200 3197 3328 2828 
research/robot-position-observer-results/diagnostic-probes.svg:1375: trailing whitespace.
+      <path id="DejaVuSans-b" d="M 1984 4856 
research/robot-position-observer-results/diagnostic-probes.svg:1376: trailing whitespace.
+Q 1566 4138 1362 3434 
research/robot-position-observer-results/diagnostic-probes.svg:1377: trailing whitespace.
+Q 1159 2731 1159 2009 
research/robot-position-observer-results/diagnostic-probes.svg:1378: trailing whitespace.
+Q 1159 1288 1364 580 
research/robot-position-observer-results/diagnostic-probes.svg:1379: trailing whitespace.
+Q 1569 -128 1984 -844 
research/robot-position-observer-results/diagnostic-probes.svg:1380: trailing whitespace.
+L 1484 -844 
research/robot-position-observer-results/diagnostic-probes.svg:1381: trailing whitespace.
+Q 1016 -109 783 600 
research/robot-position-observer-results/diagnostic-probes.svg:1382: trailing whitespace.
+Q 550 1309 550 2009 
research/robot-position-observer-results/diagnostic-probes.svg:1383: trailing whitespace.
+Q 550 2706 781 3412 
research/robot-position-observer-results/diagnostic-probes.svg:1384: trailing whitespace.
+Q 1013 4119 1484 4856 
research/robot-position-observer-results/diagnostic-probes.svg:1385: trailing whitespace.
+L 1984 4856 
research/robot-position-observer-results/diagnostic-probes.svg:1388: trailing whitespace.
+      <path id="DejaVuSans-c" d="M 513 4856 
research/robot-position-observer-results/diagnostic-probes.svg:1389: trailing whitespace.
+L 1013 4856 
research/robot-position-observer-results/diagnostic-probes.svg:1390: trailing whitespace.
+Q 1481 4119 1714 3412 
research/robot-position-observer-results/diagnostic-probes.svg:1391: trailing whitespace.
+Q 1947 2706 1947 2009 
research/robot-position-observer-results/diagnostic-probes.svg:1392: trailing whitespace.
+Q 1947 1309 1714 600 
research/robot-position-observer-results/diagnostic-probes.svg:1393: trailing whitespace.
+Q 1481 -109 1013 -844 
research/robot-position-observer-results/diagnostic-probes.svg:1394: trailing whitespace.
+L 513 -844 
research/robot-position-observer-results/diagnostic-probes.svg:1395: trailing whitespace.
+Q 928 -128 1133 580 
research/robot-position-observer-results/diagnostic-probes.svg:1396: trailing whitespace.
+Q 1338 1288 1338 2009 
research/robot-position-observer-results/diagnostic-probes.svg:1397: trailing whitespace.
+Q 1338 2731 1133 3434 
research/robot-position-observer-results/diagnostic-probes.svg:1398: trailing whitespace.
+Q 928 4138 513 4856 
research/robot-position-observer-results/diagnostic-probes.svg:1456: trailing whitespace.
+    <path d="M 697.420484 355.773692 
research/robot-position-observer-results/diagnostic-probes.svg:1457: trailing whitespace.
+L 1213.2 355.773692 
research/robot-position-observer-results/diagnostic-probes.svg:1458: trailing whitespace.
+L 1213.2 81.2 
research/robot-position-observer-results/diagnostic-probes.svg:1459: trailing whitespace.
+L 697.420484 81.2 
research/robot-position-observer-results/diagnostic-probes.svg:1763: trailing whitespace.
+      <path d="M 697.420484 355.060795 
research/robot-position-observer-results/diagnostic-probes.svg:1764: trailing whitespace.
+L 1213.2 355.060795 
research/robot-position-observer-results/diagnostic-probes.svg:1783: trailing whitespace.
+      <path d="M 697.420484 301.981518 
research/robot-position-observer-results/diagnostic-probes.svg:1784: trailing whitespace.
+L 1213.2 301.981518 
research/robot-position-observer-results/diagnostic-probes.svg:1803: trailing whitespace.
+      <path d="M 697.420484 248.90224 
research/robot-position-observer-results/diagnostic-probes.svg:1804: trailing whitespace.
+L 1213.2 248.90224 
research/robot-position-observer-results/diagnostic-probes.svg:1823: trailing whitespace.
+      <path d="M 697.420484 195.822963 
research/robot-position-observer-results/diagnostic-probes.svg:1824: trailing whitespace.
+L 1213.2 195.822963 
research/robot-position-observer-results/diagnostic-probes.svg:1843: trailing whitespace.
+      <path d="M 697.420484 142.743685 
research/robot-position-observer-results/diagnostic-probes.svg:1844: trailing whitespace.
+L 1213.2 142.743685 
research/robot-position-observer-results/diagnostic-probes.svg:1863: trailing whitespace.
+      <path d="M 697.420484 89.664408 
research/robot-position-observer-results/diagnostic-probes.svg:1864: trailing whitespace.
+L 1213.2 89.664408 
research/robot-position-observer-results/diagnostic-probes.svg:1884: trailing whitespace.
+    <path d="M 697.420484 355.773692 
research/robot-position-observer-results/diagnostic-probes.svg:1885: trailing whitespace.
+L 697.420484 81.2 
research/robot-position-observer-results/diagnostic-probes.svg:1889: trailing whitespace.
+    <path d="M 1213.2 355.773692 
research/robot-position-observer-results/diagnostic-probes.svg:1890: trailing whitespace.
+L 1213.2 81.2 
research/robot-position-observer-results/diagnostic-probes.svg:1894: trailing whitespace.
+    <path d="M 697.420484 355.773692 
research/robot-position-observer-results/diagnostic-probes.svg:1895: trailing whitespace.
+L 1213.2 355.773692 
research/robot-position-observer-results/diagnostic-probes.svg:1899: trailing whitespace.
+    <path d="M 697.420484 81.2 
research/robot-position-observer-results/diagnostic-probes.svg:1900: trailing whitespace.
+L 1213.2 81.2 
research/robot-position-observer-results/diagnostic-probes.svg:2016: trailing whitespace.
+      <path id="DejaVuSans-30" d="M 628 4666 
research/robot-position-observer-results/diagnostic-probes.svg:2017: trailing whitespace.
+L 1569 4666 
research/robot-position-observer-results/diagnostic-probes.svg:2018: trailing whitespace.
+L 2759 1491 
research/robot-position-observer-results/diagnostic-probes.svg:2019: trailing whitespace.
+L 3956 4666 
research/robot-position-observer-results/diagnostic-probes.svg:2020: trailing whitespace.
+L 4897 4666 
research/robot-position-observer-results/diagnostic-probes.svg:2021: trailing whitespace.
+L 4897 0 
research/robot-position-observer-results/diagnostic-probes.svg:2022: trailing whitespace.
+L 4281 0 
research/robot-position-observer-results/diagnostic-probes.svg:2023: trailing whitespace.
+L 4281 4097 
research/robot-position-observer-results/diagnostic-probes.svg:2024: trailing whitespace.
+L 3078 897 
research/robot-position-observer-results/diagnostic-probes.svg:2025: trailing whitespace.
+L 2444 897 
research/robot-position-observer-results/diagnostic-probes.svg:2026: trailing whitespace.
+L 1241 4097 
research/robot-position-observer-results/diagnostic-probes.svg:2027: trailing whitespace.
+L 1241 0 
research/robot-position-observer-results/diagnostic-probes.svg:2028: trailing whitespace.
+L 628 0 
research/robot-position-observer-results/diagnostic-probes.svg:2029: trailing whitespace.
+L 628 4666 
research/robot-position-observer-results/diagnostic-probes.svg:2032: trailing whitespace.
+      <path id="DejaVuSans-5b" d="M 3513 3500 
research/robot-position-observer-results/diagnostic-probes.svg:2033: trailing whitespace.
+L 2247 1797 
research/robot-position-observer-results/diagnostic-probes.svg:2034: trailing whitespace.
+L 3578 0 
research/robot-position-observer-results/diagnostic-probes.svg:2035: trailing whitespace.
+L 2900 0 
research/robot-position-observer-results/diagnostic-probes.svg:2036: trailing whitespace.
+L 1881 1375 
research/robot-position-observer-results/diagnostic-probes.svg:2037: trailing whitespace.
+L 863 0 
research/robot-position-observer-results/diagnostic-probes.svg:2038: trailing whitespace.
+L 184 0 
research/robot-position-observer-results/diagnostic-probes.svg:2039: trailing whitespace.
+L 1544 1831 
research/robot-position-observer-results/diagnostic-probes.svg:2040: trailing whitespace.
+L 300 3500 
research/robot-position-observer-results/diagnostic-probes.svg:2041: trailing whitespace.
+L 978 3500 
research/robot-position-observer-results/diagnostic-probes.svg:2042: trailing whitespace.
+L 1906 2253 
research/robot-position-observer-results/diagnostic-probes.svg:2043: trailing whitespace.
+L 2834 3500 
research/robot-position-observer-results/diagnostic-probes.svg:2044: trailing whitespace.
+L 3513 3500 
research/robot-position-observer-results/diagnostic-probes.svg:2047: trailing whitespace.
+      <path id="DejaVuSans-58" d="M 544 1381 
research/robot-position-observer-results/diagnostic-probes.svg:2048: trailing whitespace.
+L 544 3500 
research/robot-position-observer-results/diagnostic-probes.svg:2049: trailing whitespace.
+L 1119 3500 
research/robot-position-observer-results/diagnostic-probes.svg:2050: trailing whitespace.
+L 1119 1403 
research/robot-position-observer-results/diagnostic-probes.svg:2051: trailing whitespace.
+Q 1119 906 1312 657 
research/robot-position-observer-results/diagnostic-probes.svg:2052: trailing whitespace.
+Q 1506 409 1894 409 
research/robot-position-observer-results/diagnostic-probes.svg:2053: trailing whitespace.
+Q 2359 409 2629 706 
research/robot-position-observer-results/diagnostic-probes.svg:2054: trailing whitespace.
+Q 2900 1003 2900 1516 
research/robot-position-observer-results/diagnostic-probes.svg:2055: trailing whitespace.
+L 2900 3500 
research/robot-position-observer-results/diagnostic-probes.svg:2056: trailing whitespace.
+L 3475 3500 
research/robot-position-observer-results/diagnostic-probes.svg:2057: trailing whitespace.
+L 3475 0 
research/robot-position-observer-results/diagnostic-probes.svg:2058: trailing whitespace.
+L 2900 0 
research/robot-position-observer-results/diagnostic-probes.svg:2059: trailing whitespace.
+L 2900 538 
research/robot-position-observer-results/diagnostic-probes.svg:2060: trailing whitespace.
+Q 2691 219 2414 64 
research/robot-position-observer-results/diagnostic-probes.svg:2061: trailing whitespace.
+Q 2138 -91 1772 -91 
research/robot-position-observer-results/diagnostic-probes.svg:2062: trailing whitespace.
+Q 1169 -91 856 284 
research/robot-position-observer-results/diagnostic-probes.svg:2063: trailing whitespace.
+Q 544 659 544 1381 
research/robot-position-observer-results/diagnostic-probes.svg:2065: trailing whitespace.
+M 1991 3584 
research/robot-position-observer-results/diagnostic-probes.svg:2066: trailing whitespace.
+L 1991 3584 
research/robot-position-observer-results/diagnostic-probes.svg:2122: trailing whitespace.
+     <path id="DejaVuSans-36" d="M 3425 4513 
research/robot-position-observer-results/diagnostic-probes.svg:2123: trailing whitespace.
+L 3425 3897 
research/robot-position-observer-results/diagnostic-probes.svg:2124: trailing whitespace.
+Q 3066 4069 2747 4153 
research/robot-position-observer-results/diagnostic-probes.svg:2125: trailing whitespace.
+Q 2428 4238 2131 4238 
research/robot-position-observer-results/diagnostic-probes.svg:2126: trailing whitespace.
+Q 1616 4238 1336 4038 
research/robot-position-observer-results/diagnostic-probes.svg:2127: trailing whitespace.
+Q 1056 3838 1056 3469 
research/robot-position-observer-results/diagnostic-probes.svg:2128: trailing whitespace.
+Q 1056 3159 1242 3001 
research/robot-position-observer-results/diagnostic-probes.svg:2129: trailing whitespace.
+Q 1428 2844 1947 2747 
research/robot-position-observer-results/diagnostic-probes.svg:2130: trailing whitespace.
+L 2328 2669 
research/robot-position-observer-results/diagnostic-probes.svg:2131: trailing whitespace.
+Q 3034 2534 3370 2195 
research/robot-position-observer-results/diagnostic-probes.svg:2132: trailing whitespace.
+Q 3706 1856 3706 1288 
research/robot-position-observer-results/diagnostic-probes.svg:2133: trailing whitespace.
+Q 3706 609 3251 259 
research/robot-position-observer-results/diagnostic-probes.svg:2134: trailing whitespace.
+Q 2797 -91 1919 -91 
research/robot-position-observer-results/diagnostic-probes.svg:2135: trailing whitespace.
+Q 1588 -91 1214 -16 
research/robot-position-observer-results/diagnostic-probes.svg:2136: trailing whitespace.
+Q 841 59 441 206 
research/robot-position-observer-results/diagnostic-probes.svg:2137: trailing whitespace.
+L 441 856 
research/robot-position-observer-results/diagnostic-probes.svg:2138: trailing whitespace.
+Q 825 641 1194 531 
research/robot-position-observer-results/diagnostic-probes.svg:2139: trailing whitespace.
+Q 1563 422 1919 422 
research/robot-position-observer-results/diagnostic-probes.svg:2140: trailing whitespace.
+Q 2459 422 2753 634 
research/robot-position-observer-results/diagnostic-probes.svg:2141: trailing whitespace.
+Q 3047 847 3047 1241 
research/robot-position-observer-results/diagnostic-probes.svg:2142: trailing whitespace.
+Q 3047 1584 2836 1778 
research/robot-position-observer-results/diagnostic-probes.svg:2143: trailing whitespace.
+Q 2625 1972 2144 2069 
research/robot-position-observer-results/diagnostic-probes.svg:2144: trailing whitespace.
+L 1759 2144 
research/robot-position-observer-results/diagnostic-probes.svg:2145: trailing whitespace.
+Q 1053 2284 737 2584 
research/robot-position-observer-results/diagnostic-probes.svg:2146: trailing whitespace.
+Q 422 2884 422 3419 
research/robot-position-observer-results/diagnostic-probes.svg:2147: trailing whitespace.
+Q 422 4038 858 4394 
research/robot-position-observer-results/diagnostic-probes.svg:2148: trailing whitespace.
+Q 1294 4750 2059 4750 
research/robot-position-observer-results/diagnostic-probes.svg:2149: trailing whitespace.
+Q 2388 4750 2728 4690 
research/robot-position-observer-results/diagnostic-probes.svg:2150: trailing whitespace.
+Q 3069 4631 3425 4513 
research/robot-position-observer-results/diagnostic-probes.svg:2153: trailing whitespace.
+     <path id="DejaVuSans-29" d="M 628 4666 
research/robot-position-observer-results/diagnostic-probes.svg:2154: trailing whitespace.
+L 3309 4666 
research/robot-position-observer-results/diagnostic-probes.svg:2155: trailing whitespace.
+L 3309 4134 
research/robot-position-observer-results/diagnostic-probes.svg:2156: trailing whitespace.
+L 1259 4134 
research/robot-position-observer-results/diagnostic-probes.svg:2157: trailing whitespace.
+L 1259 2759 
research/robot-position-observer-results/diagnostic-probes.svg:2158: trailing whitespace.
+L 3109 2759 
research/robot-position-observer-results/diagnostic-probes.svg:2159: trailing whitespace.
+L 3109 2228 
research/robot-position-observer-results/diagnostic-probes.svg:2160: trailing whitespace.
+L 1259 2228 
research/robot-position-observer-results/diagnostic-probes.svg:2161: trailing whitespace.
+L 1259 0 
research/robot-position-observer-results/diagnostic-probes.svg:2162: trailing whitespace.
+L 628 0 
research/robot-position-observer-results/diagnostic-probes.svg:2163: trailing whitespace.
+L 628 4666 
research/robot-position-observer-results/diagnostic-probes.svg:2166: trailing whitespace.
+     <path id="DejaVuSans-2c" d="M 628 4666 
research/robot-position-observer-results/diagnostic-probes.svg:2167: trailing whitespace.
+L 1259 4666 
research/robot-position-observer-results/diagnostic-probes.svg:2168: trailing whitespace.
+L 1259 0 
research/robot-position-observer-results/diagnostic-probes.svg:2169: trailing whitespace.
+L 628 0 
research/robot-position-observer-results/diagnostic-probes.svg:2170: trailing whitespace.
+L 628 4666 
research/robot-position-observer-results/diagnostic-probes.svg:2173: trailing whitespace.
+     <path id="DejaVuSans-37" d="M -19 4666 
research/robot-position-observer-results/diagnostic-probes.svg:2174: trailing whitespace.
+L 3928 4666 
research/robot-position-observer-results/diagnostic-probes.svg:2175: trailing whitespace.
+L 3928 4134 
research/robot-position-observer-results/diagnostic-probes.svg:2176: trailing whitespace.
+L 2272 4134 
research/robot-position-observer-results/diagnostic-probes.svg:2177: trailing whitespace.
+L 2272 0 
research/robot-position-observer-results/diagnostic-probes.svg:2178: trailing whitespace.
+L 1638 0 
research/robot-position-observer-results/diagnostic-probes.svg:2179: trailing whitespace.
+L 1638 4134 
research/robot-position-observer-results/diagnostic-probes.svg:2180: trailing whitespace.
+L -19 4134 
research/robot-position-observer-results/diagnostic-probes.svg:2181: trailing whitespace.
+L -19 4666 
research/robot-position-observer-results/diagnostic-probes.svg:2184: trailing whitespace.
+     <path id="DejaVuSans-1d" d="M 750 794 
research/robot-position-observer-results/diagnostic-probes.svg:2185: trailing whitespace.
+L 1409 794 
research/robot-position-observer-results/diagnostic-probes.svg:2186: trailing whitespace.
+L 1409 0 
research/robot-position-observer-results/diagnostic-probes.svg:2187: trailing whitespace.
+L 750 0 
research/robot-position-observer-results/diagnostic-probes.svg:2188: trailing whitespace.
+L 750 794 
research/robot-position-observer-results/diagnostic-probes.svg:2190: trailing whitespace.
+M 750 3309 
research/robot-position-observer-results/diagnostic-probes.svg:2191: trailing whitespace.
+L 1409 3309 
research/robot-position-observer-results/diagnostic-probes.svg:2192: trailing whitespace.
+L 1409 2516 
research/robot-position-observer-results/diagnostic-probes.svg:2193: trailing whitespace.
+L 750 2516 
research/robot-position-observer-results/diagnostic-probes.svg:2194: trailing whitespace.
+L 750 3309 
research/robot-position-observer-results/diagnostic-probes.svg:2197: trailing whitespace.
+     <path id="DejaVuSans-49" d="M 2375 4863 
research/robot-position-observer-results/diagnostic-probes.svg:2198: trailing whitespace.
+L 2375 4384 
research/robot-position-observer-results/diagnostic-probes.svg:2199: trailing whitespace.
+L 1825 4384 
research/robot-position-observer-results/diagnostic-probes.svg:2200: trailing whitespace.
+Q 1516 4384 1395 4259 
research/robot-position-observer-results/diagnostic-probes.svg:2201: trailing whitespace.
+Q 1275 4134 1275 3809 
research/robot-position-observer-results/diagnostic-probes.svg:2202: trailing whitespace.
+L 1275 3500 
research/robot-position-observer-results/diagnostic-probes.svg:2203: trailing whitespace.
+L 2222 3500 
research/robot-position-observer-results/diagnostic-probes.svg:2204: trailing whitespace.
+L 2222 3053 
research/robot-position-observer-results/diagnostic-probes.svg:2205: trailing whitespace.
+L 1275 3053 
research/robot-position-observer-results/diagnostic-probes.svg:2206: trailing whitespace.
+L 1275 0 
research/robot-position-observer-results/diagnostic-probes.svg:2207: trailing whitespace.
+L 697 0 
research/robot-position-observer-results/diagnostic-probes.svg:2208: trailing whitespace.
+L 697 3053 
research/robot-position-observer-results/diagnostic-probes.svg:2209: trailing whitespace.
+L 147 3053 
research/robot-position-observer-results/diagnostic-probes.svg:2210: trailing whitespace.
+L 147 3500 
research/robot-position-observer-results/diagnostic-probes.svg:2211: trailing whitespace.
+L 697 3500 
research/robot-position-observer-results/diagnostic-probes.svg:2212: trailing whitespace.
+L 697 3744 
research/robot-position-observer-results/diagnostic-probes.svg:2213: trailing whitespace.
+Q 697 4328 969 4595 
research/robot-position-observer-results/diagnostic-probes.svg:2214: trailing whitespace.
+Q 1241 4863 1831 4863 
research/robot-position-observer-results/diagnostic-probes.svg:2215: trailing whitespace.
+L 2375 4863 
research/robot-position-observer-results/diagnostic-probes.svg:2304: trailing whitespace.
+     <path id="DejaVuSans-28" d="M 628 4666 
research/robot-position-observer-results/diagnostic-probes.svg:2305: trailing whitespace.
+L 3578 4666 
research/robot-position-observer-results/diagnostic-probes.svg:2306: trailing whitespace.
+L 3578 4134 
research/robot-position-observer-results/diagnostic-probes.svg:2307: trailing whitespace.
+L 1259 4134 
research/robot-position-observer-results/diagnostic-probes.svg:2308: trailing whitespace.
+L 1259 2753 
research/robot-position-observer-results/diagnostic-probes.svg:2309: trailing whitespace.
+L 3481 2753 
research/robot-position-observer-results/diagnostic-probes.svg:2310: trailing whitespace.
+L 3481 2222 
research/robot-position-observer-results/diagnostic-probes.svg:2311: trailing whitespace.
+L 1259 2222 
research/robot-position-observer-results/diagnostic-probes.svg:2312: trailing whitespace.
+L 1259 531 
research/robot-position-observer-results/diagnostic-probes.svg:2313: trailing whitespace.
+L 3634 531 
research/robot-position-observer-results/diagnostic-probes.svg:2314: trailing whitespace.
+L 3634 0 
research/robot-position-observer-results/diagnostic-probes.svg:2315: trailing whitespace.
+L 628 0 
research/robot-position-observer-results/diagnostic-probes.svg:2316: trailing whitespace.
+L 628 4666 
research/robot-position-observer-results/diagnostic-probes.svg:2319: trailing whitespace.
+     <path id="DejaVuSans-5a" d="M 269 3500 
research/robot-position-observer-results/diagnostic-probes.svg:2320: trailing whitespace.
+L 844 3500 
research/robot-position-observer-results/diagnostic-probes.svg:2321: trailing whitespace.
+L 1563 769 
research/robot-position-observer-results/diagnostic-probes.svg:2322: trailing whitespace.
+L 2278 3500 
research/robot-position-observer-results/diagnostic-probes.svg:2323: trailing whitespace.
+L 2956 3500 
research/robot-position-observer-results/diagnostic-probes.svg:2324: trailing whitespace.
+L 3675 769 
research/robot-position-observer-results/diagnostic-probes.svg:2325: trailing whitespace.
+L 4391 3500 
research/robot-position-observer-results/diagnostic-probes.svg:2326: trailing whitespace.
+L 4966 3500 
research/robot-position-observer-results/diagnostic-probes.svg:2327: trailing whitespace.
+L 4050 0 
research/robot-position-observer-results/diagnostic-probes.svg:2328: trailing whitespace.
+L 3372 0 
research/robot-position-observer-results/diagnostic-probes.svg:2329: trailing whitespace.
+L 2619 2869 
research/robot-position-observer-results/diagnostic-probes.svg:2330: trailing whitespace.
+L 1863 0 
research/robot-position-observer-results/diagnostic-probes.svg:2331: trailing whitespace.
+L 1184 0 
research/robot-position-observer-results/diagnostic-probes.svg:2332: trailing whitespace.
+L 269 3500 
research/robot-position-observer-results/diagnostic-probes.svg:2335: trailing whitespace.
+     <path id="DejaVuSans-4e" d="M 581 4863 
research/robot-position-observer-results/diagnostic-probes.svg:2336: trailing whitespace.
+L 1159 4863 
research/robot-position-observer-results/diagnostic-probes.svg:2337: trailing whitespace.
+L 1159 1991 
research/robot-position-observer-results/diagnostic-probes.svg:2338: trailing whitespace.
+L 2875 3500 
research/robot-position-observer-results/diagnostic-probes.svg:2339: trailing whitespace.
+L 3609 3500 
research/robot-position-observer-results/diagnostic-probes.svg:2340: trailing whitespace.
+L 1753 1863 
research/robot-position-observer-results/diagnostic-probes.svg:2341: trailing whitespace.
+L 3688 0 
research/robot-position-observer-results/diagnostic-probes.svg:2342: trailing whitespace.
+L 2938 0 
research/robot-position-observer-results/diagnostic-probes.svg:2343: trailing whitespace.
+L 1159 1709 
research/robot-position-observer-results/diagnostic-probes.svg:2344: trailing whitespace.
+L 1159 0 
research/robot-position-observer-results/diagnostic-probes.svg:2345: trailing whitespace.
+L 581 0 
research/robot-position-observer-results/diagnostic-probes.svg:2346: trailing whitespace.
+L 581 4863 
research/robot-position-observer-results/diagnostic-probes.svg:2349: trailing whitespace.
+     <path id="DejaVuSans-5d" d="M 353 3500 
research/robot-position-observer-results/diagnostic-probes.svg:2350: trailing whitespace.
+L 3084 3500 
research/robot-position-observer-results/diagnostic-probes.svg:2351: trailing whitespace.
+L 3084 2975 
research/robot-position-observer-results/diagnostic-probes.svg:2352: trailing whitespace.
+L 922 459 
research/robot-position-observer-results/diagnostic-probes.svg:2353: trailing whitespace.
+L 3084 459 
research/robot-position-observer-results/diagnostic-probes.svg:2354: trailing whitespace.
+L 3084 0 
research/robot-position-observer-results/diagnostic-probes.svg:2355: trailing whitespace.
+L 275 0 
research/robot-position-observer-results/diagnostic-probes.svg:2356: trailing whitespace.
+L 275 525 
research/robot-position-observer-results/diagnostic-probes.svg:2357: trailing whitespace.
+L 2438 3041 
research/robot-position-observer-results/diagnostic-probes.svg:2358: trailing whitespace.
+L 353 3041 
research/robot-position-observer-results/diagnostic-probes.svg:2359: trailing whitespace.
+L 353 3500 
research/robot-position-observer-results/diagnostic-probes.svg:2362: trailing whitespace.
+     <path id="DejaVuSans-11" d="M 684 794 
research/robot-position-observer-results/diagnostic-probes.svg:2363: trailing whitespace.
+L 1344 794 
research/robot-position-observer-results/diagnostic-probes.svg:2364: trailing whitespace.
+L 1344 0 
research/robot-position-observer-results/diagnostic-probes.svg:2365: trailing whitespace.
+L 684 0 
research/robot-position-observer-results/diagnostic-probes.svg:2366: trailing whitespace.
+L 684 794 
research/robot-position-observer-results/diagnostic-probes.svg:2369: trailing whitespace.
+     <path id="DejaVuSans-35" d="M 2841 2188 
research/robot-position-observer-results/diagnostic-probes.svg:2370: trailing whitespace.
+Q 3044 2119 3236 1894 
research/robot-position-observer-results/diagnostic-probes.svg:2371: trailing whitespace.
+Q 3428 1669 3622 1275 
research/robot-position-observer-results/diagnostic-probes.svg:2372: trailing whitespace.
+L 4263 0 
research/robot-position-observer-results/diagnostic-probes.svg:2373: trailing whitespace.
+L 3584 0 
research/robot-position-observer-results/diagnostic-probes.svg:2374: trailing whitespace.
+L 2988 1197 
research/robot-position-observer-results/diagnostic-probes.svg:2375: trailing whitespace.
+Q 2756 1666 2539 1819 
research/robot-position-observer-results/diagnostic-probes.svg:2376: trailing whitespace.
+Q 2322 1972 1947 1972 
research/robot-position-observer-results/diagnostic-probes.svg:2377: trailing whitespace.
+L 1259 1972 
research/robot-position-observer-results/diagnostic-probes.svg:2378: trailing whitespace.
+L 1259 0 
research/robot-position-observer-results/diagnostic-probes.svg:2379: trailing whitespace.
+L 628 0 
research/robot-position-observer-results/diagnostic-probes.svg:2380: trailing whitespace.
+L 628 4666 
research/robot-position-observer-results/diagnostic-probes.svg:2381: trailing whitespace.
+L 2053 4666 
research/robot-position-observer-results/diagnostic-probes.svg:2382: trailing whitespace.
+Q 2853 4666 3247 4331 
research/robot-position-observer-results/diagnostic-probes.svg:2383: trailing whitespace.
+Q 3641 3997 3641 3322 
research/robot-position-observer-results/diagnostic-probes.svg:2384: trailing whitespace.
+Q 3641 2881 3436 2590 
research/robot-position-observer-results/diagnostic-probes.svg:2385: trailing whitespace.
+Q 3231 2300 2841 2188 
research/robot-position-observer-results/diagnostic-probes.svg:2387: trailing whitespace.
+M 1259 4147 
research/robot-position-observer-results/diagnostic-probes.svg:2388: trailing whitespace.
+L 1259 2491 
research/robot-position-observer-results/diagnostic-probes.svg:2389: trailing whitespace.
+L 2053 2491 
research/robot-position-observer-results/diagnostic-probes.svg:2390: trailing whitespace.
+Q 2509 2491 2742 2702 
research/robot-position-observer-results/diagnostic-probes.svg:2391: trailing whitespace.
+Q 2975 2913 2975 3322 
research/robot-position-observer-results/diagnostic-probes.svg:2392: trailing whitespace.
+Q 2975 3731 2742 3939 
research/robot-position-observer-results/diagnostic-probes.svg:2393: trailing whitespace.
+Q 2509 4147 2053 4147 
research/robot-position-observer-results/diagnostic-probes.svg:2394: trailing whitespace.
+L 1259 4147 
research/robot-position-observer-results/diagnostic-probes.svg:2397: trailing whitespace.
+     <path id="DejaVuSans-3b" d="M 403 4666 
research/robot-position-observer-results/diagnostic-probes.svg:2398: trailing whitespace.
+L 1081 4666 
research/robot-position-observer-results/diagnostic-probes.svg:2399: trailing whitespace.
+L 2241 2931 
research/robot-position-observer-results/diagnostic-probes.svg:2400: trailing whitespace.
+L 3406 4666 
research/robot-position-observer-results/diagnostic-probes.svg:2401: trailing whitespace.
+L 4084 4666 
research/robot-position-observer-results/diagnostic-probes.svg:2402: trailing whitespace.
+L 2584 2425 
research/robot-position-observer-results/diagnostic-probes.svg:2403: trailing whitespace.
+L 4184 0 
research/robot-position-observer-results/diagnostic-probes.svg:2404: trailing whitespace.
+L 3506 0 
research/robot-position-observer-results/diagnostic-probes.svg:2405: trailing whitespace.
+L 2194 1984 
research/robot-position-observer-results/diagnostic-probes.svg:2406: trailing whitespace.
+L 872 0 
research/robot-position-observer-results/diagnostic-probes.svg:2407: trailing whitespace.
+L 191 0 
research/robot-position-observer-results/diagnostic-probes.svg:2408: trailing whitespace.
+L 1856 2491 
research/robot-position-observer-results/diagnostic-probes.svg:2409: trailing whitespace.
+L 403 4666 
research/robot-position-observer-results/diagnostic-probes.svg:2527: trailing whitespace.
+     <path id="DejaVuSans-f" d="M 750 794 
research/robot-position-observer-results/diagnostic-probes.svg:2528: trailing whitespace.
+L 1409 794 
research/robot-position-observer-results/diagnostic-probes.svg:2529: trailing whitespace.
+L 1409 256 
research/robot-position-observer-results/diagnostic-probes.svg:2530: trailing whitespace.
+L 897 -744 
research/robot-position-observer-results/diagnostic-probes.svg:2531: trailing whitespace.
+L 494 -744 
research/robot-position-observer-results/diagnostic-probes.svg:2532: trailing whitespace.
+L 750 256 
research/robot-position-observer-results/diagnostic-probes.svg:2533: trailing whitespace.
+L 750 794 
research/robot-position-observer-results/diagnostic-probes.svg:2669: trailing whitespace.
+     <path id="DejaVuSans-31" d="M 628 4666 
research/robot-position-observer-results/diagnostic-probes.svg:2670: trailing whitespace.
+L 1478 4666 
research/robot-position-observer-results/diagnostic-probes.svg:2671: trailing whitespace.
+L 3547 763 
research/robot-position-observer-results/diagnostic-probes.svg:2672: trailing whitespace.
+L 3547 4666 
research/robot-position-observer-results/diagnostic-probes.svg:2673: trailing whitespace.
+L 4159 4666 
research/robot-position-observer-results/diagnostic-probes.svg:2674: trailing whitespace.
+L 4159 0 
research/robot-position-observer-results/diagnostic-probes.svg:2675: trailing whitespace.
+L 3309 0 
research/robot-position-observer-results/diagnostic-probes.svg:2676: trailing whitespace.
+L 1241 3903 
research/robot-position-observer-results/diagnostic-probes.svg:2677: trailing whitespace.
+L 1241 0 
research/robot-position-observer-results/diagnostic-probes.svg:2678: trailing whitespace.
+L 628 0 
research/robot-position-observer-results/diagnostic-probes.svg:2679: trailing whitespace.
+L 628 4666 
research/robot-position-observer-results/diagnostic-probes.svg:2682: trailing whitespace.
+     <path id="DejaVuSans-13ae" d="M 4531 4863 
research/robot-position-observer-results/diagnostic-probes.svg:2683: trailing whitespace.
+L 4531 4384 
research/robot-position-observer-results/diagnostic-probes.svg:2684: trailing whitespace.
+L 3981 4384 
research/robot-position-observer-results/diagnostic-probes.svg:2685: trailing whitespace.
+Q 3672 4384 3551 4259 
research/robot-position-observer-results/diagnostic-probes.svg:2686: trailing whitespace.
+Q 3431 4134 3431 3809 
research/robot-position-observer-results/diagnostic-probes.svg:2687: trailing whitespace.
+L 3431 3500 
research/robot-position-observer-results/diagnostic-probes.svg:2688: trailing whitespace.
+L 4378 3500 
research/robot-position-observer-results/diagnostic-probes.svg:2689: trailing whitespace.
+L 4378 3053 
research/robot-position-observer-results/diagnostic-probes.svg:2690: trailing whitespace.
+L 3431 3053 
research/robot-position-observer-results/diagnostic-probes.svg:2691: trailing whitespace.
+L 3431 0 
research/robot-position-observer-results/diagnostic-probes.svg:2692: trailing whitespace.
+L 2853 0 
research/robot-position-observer-results/diagnostic-probes.svg:2693: trailing whitespace.
+L 2853 3053 
research/robot-position-observer-results/diagnostic-probes.svg:2694: trailing whitespace.
+L 1275 3053 
research/robot-position-observer-results/diagnostic-probes.svg:2695: trailing whitespace.
+L 1275 0 
research/robot-position-observer-results/diagnostic-probes.svg:2696: trailing whitespace.
+L 697 0 
research/robot-position-observer-results/diagnostic-probes.svg:2697: trailing whitespace.
+L 697 3053 
research/robot-position-observer-results/diagnostic-probes.svg:2698: trailing whitespace.
+L 147 3053 
research/robot-position-observer-results/diagnostic-probes.svg:2699: trailing whitespace.
+L 147 3500 
research/robot-position-observer-results/diagnostic-probes.svg:2700: trailing whitespace.
+L 697 3500 
research/robot-position-observer-results/diagnostic-probes.svg:2701: trailing whitespace.
+L 697 3744 
research/robot-position-observer-results/diagnostic-probes.svg:2702: trailing whitespace.
+Q 697 4328 969 4595 
research/robot-position-observer-results/diagnostic-probes.svg:2703: trailing whitespace.
+Q 1241 4863 1831 4863 
research/robot-position-observer-results/diagnostic-probes.svg:2704: trailing whitespace.
+L 2375 4863 
research/robot-position-observer-results/diagnostic-probes.svg:2705: trailing whitespace.
+L 2375 4384 
research/robot-position-observer-results/diagnostic-probes.svg:2706: trailing whitespace.
+L 1825 4384 
research/robot-position-observer-results/diagnostic-probes.svg:2707: trailing whitespace.
+Q 1516 4384 1394 4259 
research/robot-position-observer-results/diagnostic-probes.svg:2708: trailing whitespace.
+Q 1275 4134 1275 3809 
research/robot-position-observer-results/diagnostic-probes.svg:2709: trailing whitespace.
+L 1275 3500 
research/robot-position-observer-results/diagnostic-probes.svg:2710: trailing whitespace.
+L 2853 3500 
research/robot-position-observer-results/diagnostic-probes.svg:2711: trailing whitespace.
+L 2853 3744 
research/robot-position-observer-results/diagnostic-probes.svg:2712: trailing whitespace.
+Q 2853 4328 3125 4595 
research/robot-position-observer-results/diagnostic-probes.svg:2713: trailing whitespace.
+Q 3397 4863 3988 4863 
research/robot-position-observer-results/diagnostic-probes.svg:2714: trailing whitespace.
+L 4531 4863 
research/robot-position-observer-results/diagnostic-probes.svg:2717: trailing whitespace.
+     <path id="DejaVuSans-1e" d="M 750 3309 
research/robot-position-observer-results/diagnostic-probes.svg:2718: trailing whitespace.
+L 1409 3309 
research/robot-position-observer-results/diagnostic-probes.svg:2719: trailing whitespace.
+L 1409 2516 
research/robot-position-observer-results/diagnostic-probes.svg:2720: trailing whitespace.
+L 750 2516 
research/robot-position-observer-results/diagnostic-probes.svg:2721: trailing whitespace.
+L 750 3309 
research/robot-position-observer-results/diagnostic-probes.svg:2723: trailing whitespace.
+M 750 794 
research/robot-position-observer-results/diagnostic-probes.svg:2724: trailing whitespace.
+L 1409 794 
research/robot-position-observer-results/diagnostic-probes.svg:2725: trailing whitespace.
+L 1409 256 
research/robot-position-observer-results/diagnostic-probes.svg:2726: trailing whitespace.
+L 897 -744 
research/robot-position-observer-results/diagnostic-probes.svg:2727: trailing whitespace.
+L 494 -744 
research/robot-position-observer-results/diagnostic-probes.svg:2728: trailing whitespace.
+L 750 256 
research/robot-position-observer-results/diagnostic-probes.svg:2729: trailing whitespace.
+L 750 794 
research/robot-position-observer-results/scores.csv:1: trailing whitespace.
+recording,fit_key,arm,seed,learning_rate,horizon,status,selected,error_type,error_message,standardized_rmse,standardized_sse,scalars,physical_rmse_deg,windows,joint_1_rmse_deg,joint_2_rmse_deg,joint_3_rmse_deg,joint_4_rmse_deg,joint_5_rmse_deg,joint_6_rmse_deg
research/robot-position-observer-results/scores.csv:2: trailing whitespace.
+recording_2021_12_15_21H_54M.mat,local_affine-8101-lr0,local_affine,8101,0.001,64,PASS,False,,,0.542408555442764,2485.4610825158907,8448,16.03309852201512,22,6.4222059416954895,4.112521415423068,14.50939986042672,28.33272080821196,17.172822106524446,13.26771856582079
research/robot-position-observer-results/scores.csv:3: trailing whitespace.
+recording_2021_12_15_21H_54M.mat,local_affine-8101-lr0,local_affine,8101,0.001,128,PASS,False,,,0.6350820292036081,6814.649889778328,16896,19.252750321283887,22,8.767394640700712,4.490277892476055,14.169635756487668,35.48563007061881,20.756073019904193,15.36741614835753
research/robot-position-observer-results/scores.csv:4: trailing whitespace.
+recording_2021_12_15_21H_54M.mat,temporal_affine-8101-lr0,temporal_affine,8101,0.001,64,PASS,True,,,0.5379626679381628,2444.8835735397943,8448,15.873058570395921,22,6.5813116941547065,4.098786089488657,14.151219869542103,28.403219830658923,17.179406173039105,12.226131941427743
research/robot-position-observer-results/scores.csv:5: trailing whitespace.
+recording_2021_12_15_21H_54M.mat,temporal_affine-8101-lr0,temporal_affine,8101,0.001,128,PASS,True,,,0.6318061727066925,6744.529057648233,16896,19.163187642764818,22,8.834225040955898,4.503947144689312,13.950908061111267,35.56225172354057,20.596498521631624,14.883553241913072
research/robot-position-observer-results/scores.csv:6: trailing whitespace.
+recording_2021_12_15_21H_54M.mat,observer_learned-8101-lr0,observer_learned,8101,0.001,64,PASS,False,,,0.5812492672709442,2854.1628040190244,8448,17.50014935109514,22,7.575015385086515,4.105553031573176,14.767156089568175,32.927772024157164,18.306876671199536,11.218116472091443
research/robot-position-observer-results/scores.csv:7: trailing whitespace.
+recording_2021_12_15_21H_54M.mat,observer_learned-8101-lr0,observer_learned,8101,0.001,128,PASS,False,,,0.6561359666136323,7273.971415332959,16896,19.964771600723736,22,9.495472295528886,4.496891555631222,14.305700766013853,37.572175854095086,21.489521638543483,14.249406639047201
research/robot-position-observer-results/scores.csv:8: trailing whitespace.
+recording_2021_12_15_21H_54M.mat,local_affine-8101-lr1,local_affine,8101,0.003,64,PASS,True,,,0.5435585860628961,2496.011751405806,8448,16.244824108983813,22,6.315883155966813,4.072598015689542,14.340122829025434,29.27437521119504,16.949378876830576,13.303376123600707
research/robot-position-observer-results/scores.csv:9: trailing whitespace.
+recording_2021_12_15_21H_54M.mat,local_affine-8101-lr1,local_affine,8101,0.003,128,PASS,True,,,0.6357034971543328,6827.993547627629,16896,19.36528661656241,22,8.665955850189437,4.45678518670001,14.040919190875567,35.94798046587555,20.688148987076346,15.418171410407584
research/robot-position-observer-results/scores.csv:10: trailing whitespace.
+recording_2021_12_15_21H_54M.mat,temporal_affine-8101-lr1,temporal_affine,8101,0.003,64,PASS,False,,,0.5399480351502024,2462.962703837342,8448,16.091324815527035,22,6.709156360925338,3.997778423771984,13.859210314585635,29.198986572485083,17.201916236804,12.329839613302095
research/robot-position-observer-results/scores.csv:11: trailing whitespace.
+recording_2021_12_15_21H_54M.mat,temporal_affine-8101-lr1,temporal_affine,8101,0.003,128,PASS,False,,,0.6338608951227351,6788.468702244472,16896,19.33974669261844,22,8.750096914844537,4.432082189627526,13.705263234338794,36.151216214023876,20.689903463649433,15.004348864323823
research/robot-position-observer-results/scores.csv:12: trailing whitespace.
+recording_2021_12_15_21H_54M.mat,observer_learned-8101-lr1,observer_learned,8101,0.003,64,PASS,False,,,0.5773486813400469,2815.984510691329,8448,17.379350546254475,22,7.780565362436374,4.046537706021409,15.019566532977448,32.59635691809164,17.895072158235678,11.269242076269292
research/robot-position-observer-results/scores.csv:13: trailing whitespace.
+recording_2021_12_15_21H_54M.mat,observer_learned-8101-lr1,observer_learned,8101,0.003,128,PASS,False,,,0.6545269177127986,7238.339091635379,16896,19.906561287182864,22,9.675498609327681,4.455477395482711,14.531202579260649,37.40591919081231,21.276653323458888,14.181182107486629
research/robot-position-observer-results/scores.csv:14: trailing whitespace.
+recording_2021_12_15_21H_54M.mat,local_affine-8102-lr0,local_affine,8102,0.001,64,PASS,False,,,0.510842528116481,2204.590827922034,8448,15.26402339708611,22,7.794823826610034,3.854682172301015,11.78853013551892,27.65165017756504,16.37236788012299,12.275462441914645
research/robot-position-observer-results/scores.csv:15: trailing whitespace.
+recording_2021_12_15_21H_54M.mat,local_affine-8102-lr0,local_affine,8102,0.001,128,PASS,False,,,0.5857270349658974,5796.614790742053,16896,17.842681047037672,22,9.915900087973997,3.8872749525065267,12.590472970786882,32.882257884439085,18.839711765891458,14.21386604474999
research/robot-position-observer-results/scores.csv:16: trailing whitespace.
+recording_2021_12_15_21H_54M.mat,temporal_affine-8102-lr0,temporal_affine,8102,0.001,64,PASS,True,,,0.5056895572333059,2160.338850234614,8448,15.075244093567518,22,8.007082841356986,3.920802074662207,11.571024215262481,27.678907953298193,16.035046017017546,11.267590456775133
research/robot-position-observer-results/scores.csv:17: trailing whitespace.
+recording_2021_12_15_21H_54M.mat,temporal_affine-8102-lr0,temporal_affine,8102,0.001,128,PASS,True,,,0.5835611088692348,5753.8241212901385,16896,17.759287112946048,22,10.08225825753723,3.9456318091056772,12.440776545172808,32.93597007623064,18.65974168845095,13.689292342068295
research/robot-position-observer-results/scores.csv:18: trailing whitespace.
+recording_2021_12_15_21H_54M.mat,observer_learned-8102-lr0,observer_learned,8102,0.001,64,FAILED,False,FailedTrainingAttempt,,,,,,,,,,,,
research/robot-position-observer-results/scores.csv:19: trailing whitespace.
+recording_2021_12_15_21H_54M.mat,observer_learned-8102-lr0,observer_learned,8102,0.001,128,FAILED,False,FailedTrainingAttempt,,,,,,,,,,,,
research/robot-position-observer-results/scores.csv:20: trailing whitespace.
+recording_2021_12_15_21H_54M.mat,local_affine-8102-lr1,local_affine,8102,0.003,64,PASS,True,,,0.5249555391717047,2328.0856313684017,8448,15.479338246199159,22,8.113876208699748,3.926348007812343,12.17157197218193,27.19295392688607,17.42613052521698,12.850460956995127
research/robot-position-observer-results/scores.csv:21: trailing whitespace.
+recording_2021_12_15_21H_54M.mat,local_affine-8102-lr1,local_affine,8102,0.003,128,PASS,True,,,0.593465971464331,5950.802614497981,16896,17.97908561981914,22,10.21287129361807,3.936265003765836,12.825512073261393,32.69427348913171,19.280338072320777,14.64743940087649
research/robot-position-observer-results/scores.csv:22: trailing whitespace.
+recording_2021_12_15_21H_54M.mat,temporal_affine-8102-lr1,temporal_affine,8102,0.003,64,PASS,False,,,0.5116663492203435,2211.7071223059606,8448,15.003432751416447,22,8.135268274481401,4.111715755310633,11.607315771886183,26.56330002307874,16.738517884149864,12.124871178904279
research/robot-position-observer-results/scores.csv:23: trailing whitespace.
+recording_2021_12_15_21H_54M.mat,temporal_affine-8102-lr1,temporal_affine,8102,0.003,128,PASS,False,,,0.5869520599778844,5820.886929154717,16896,17.734998587688484,22,10.267299601457722,4.070083399677427,12.527195702132445,32.418902367732485,18.91684342603131,14.12215285827099
research/robot-position-observer-results/scores.csv:24: trailing whitespace.
+recording_2021_12_15_21H_54M.mat,observer_learned-8102-lr1,observer_learned,8102,0.003,64,FAILED,False,FailedTrainingAttempt,,,,,,,,,,,,
research/robot-position-observer-results/scores.csv:25: trailing whitespace.
+recording_2021_12_15_21H_54M.mat,observer_learned-8102-lr1,observer_learned,8102,0.003,128,FAILED,False,FailedTrainingAttempt,,,,,,,,,,,,
research/robot-position-observer-results/scores.csv:26: trailing whitespace.
+recording_2021_12_15_21H_54M.mat,local_affine-8103-lr0,local_affine,8103,0.001,64,PASS,False,,,0.49566845426998274,2075.565605485312,8448,14.694224125890615,22,6.623715290629039,3.9678728286441345,10.30989239981354,25.436183766906254,16.85223195601669,14.09300071371889
research/robot-position-observer-results/scores.csv:27: trailing whitespace.
+recording_2021_12_15_21H_54M.mat,local_affine-8103-lr0,local_affine,8103,0.001,128,PASS,False,,,0.5995642351845271,6073.727989611228,16896,18.2326547291437,22,8.62977068050123,4.251428595816372,11.71415343567114,32.420997554589675,20.24994077294515,17.4249255169912
research/robot-position-observer-results/scores.csv:28: trailing whitespace.
+recording_2021_12_15_21H_54M.mat,temporal_affine-8103-lr0,temporal_affine,8103,0.001,64,PASS,True,,,0.49756937750412605,2091.516011311318,8448,14.752173918945198,22,6.818342969397185,4.087632504930643,10.376896486881973,26.044522639822365,16.62097591539368,13.427855042759738
research/robot-position-observer-results/scores.csv:29: trailing whitespace.
+recording_2021_12_15_21H_54M.mat,temporal_affine-8103-lr0,temporal_affine,8103,0.001,128,PASS,True,,,0.597739439833646,6036.8130313099,16896,18.19006666443062,22,8.734838158333337,4.309478378736321,11.720501317586818,32.56044105723345,19.950361926102207,17.170694104488394
research/robot-position-observer-results/scores.csv:30: trailing whitespace.
+recording_2021_12_15_21H_54M.mat,observer_learned-8103-lr0,observer_learned,8103,0.001,64,FAILED,False,FailedTrainingAttempt,,,,,,,,,,,,
research/robot-position-observer-results/scores.csv:31: trailing whitespace.
+recording_2021_12_15_21H_54M.mat,observer_learned-8103-lr0,observer_learned,8103,0.001,128,FAILED,False,FailedTrainingAttempt,,,,,,,,,,,,
research/robot-position-observer-results/scores.csv:32: trailing whitespace.
+recording_2021_12_15_21H_54M.mat,local_affine-8103-lr1,local_affine,8103,0.003,64,PASS,True,,,0.4975713768619016,2091.5328198103552,8448,14.756276483455188,22,6.567414992693767,3.9512105862960056,10.486279715692204,25.616080846001996,16.912972515655223,13.983878920155243
research/robot-position-observer-results/scores.csv:33: trailing whitespace.
+recording_2021_12_15_21H_54M.mat,local_affine-8103-lr1,local_affine,8103,0.003,128,PASS,True,,,0.5983716388497152,6049.58945276411,16896,18.243370853798414,22,8.32666736069614,4.22279512593749,11.768296469343634,32.54840347634746,20.173291787819867,17.461529727890717
research/robot-position-observer-results/scores.csv:34: trailing whitespace.
+recording_2021_12_15_21H_54M.mat,temporal_affine-8103-lr1,temporal_affine,8103,0.003,64,PASS,False,,,0.5100624724867829,2197.863155890662,8448,15.115297894345714,22,7.552712435041058,4.138462702672819,11.224740625478129,26.663285685217506,16.600275015054937,13.570862453241247
research/robot-position-observer-results/scores.csv:35: trailing whitespace.
+recording_2021_12_15_21H_54M.mat,temporal_affine-8103-lr1,temporal_affine,8103,0.003,128,PASS,False,,,0.6007257639937266,6097.283909812702,16896,18.32584885168103,22,8.719649666187687,4.3040720116354585,12.163008983607021,32.87512247695123,19.77845440635592,17.33676343817997
research/robot-position-observer-results/scores.csv:36: trailing whitespace.
+recording_2021_12_15_21H_54M.mat,observer_learned-8103-lr1,observer_learned,8103,0.003,64,PASS,False,,,0.5072336440731771,2173.5518718545654,8448,15.021641120573635,22,9.202823703879643,3.9170099114688357,11.269605789824404,25.555892304766505,16.11249910233278,14.633625917286388
research/robot-position-observer-results/scores.csv:37: trailing whitespace.
+recording_2021_12_15_21H_54M.mat,observer_learned-8103-lr1,observer_learned,8103,0.003,128,PASS,False,,,0.6026074097576625,6135.540623221605,16896,18.298708544952895,22,10.427323339919237,4.172675659287531,12.145102864088171,31.77148324036158,19.668412695719617,18.415726525037055
research/robot-position-observer-results/scores.csv:38: trailing whitespace.
+recording_2021_12_15_21H_54M.mat,last_two-8101-fixed,last_two,8101,,64,PASS,True,,,0.5650032003522554,2696.8433514172407,8448,16.50275627156743,22,7.03596034037591,4.3353720626951056,13.941848671783987,29.05794069869066,19.07954141184305,12.766269462823807
research/robot-position-observer-results/scores.csv:39: trailing whitespace.
+recording_2021_12_15_21H_54M.mat,last_two-8101-fixed,last_two,8101,,128,PASS,True,,,0.6465557248892753,7063.107623820378,16896,19.464346955809212,22,9.2422187847714,4.591264716507241,13.77685210495862,35.83202177370905,21.759942488751012,14.813370963655668
research/robot-position-observer-results/scores.csv:40: trailing whitespace.
+recording_2021_12_15_21H_54M.mat,last_two-8102-fixed,last_two,8102,,64,PASS,True,,,0.5289602216424747,2363.7412430443123,8448,15.702698901222432,22,8.236523555350427,3.8958870096216573,12.6301571415358,28.164513716456277,17.09153441298173,12.310524356446054
research/robot-position-observer-results/scores.csv:41: trailing whitespace.
+recording_2021_12_15_21H_54M.mat,last_two-8102-fixed,last_two,8102,,128,PASS,True,,,0.5947825411777006,5977.234919712513,16896,18.02020578848964,22,10.335035252271739,3.9104079333662245,12.974647030902636,32.97102962554147,19.251576657017647,14.149529750496653
research/robot-position-observer-results/scores.csv:42: trailing whitespace.
+recording_2021_12_15_21H_54M.mat,last_two-8103-fixed,last_two,8103,,64,PASS,True,,,0.5223030082810185,2304.6180534170257,8448,15.446391536030747,22,7.248505940034474,4.000933432593558,11.431260542317682,26.09556262154631,17.792986345023035,15.321726176114872
research/robot-position-observer-results/scores.csv:43: trailing whitespace.
+recording_2021_12_15_21H_54M.mat,last_two-8103-fixed,last_two,8103,,128,PASS,True,,,0.6136072489103702,6361.578109545805,16896,18.66475329018887,22,8.931725228794349,4.240881977596225,12.272219715495114,32.701799863030544,20.71709548665313,18.527389464274798
research/robot-position-observer-results/scores.csv:44: trailing whitespace.
+recording_2021_12_15_21H_54M.mat,observer_fixed-8101-fixed,observer_fixed,8101,,64,PASS,True,,,9480562.363443686,7.593152179189204e+17,8448,252563200.24171448,22,58522547.17803913,28235386.58352122,346300722.34553635,354837546.96785885,362545828.42519057,35121821.857302144
research/robot-position-observer-results/scores.csv:45: trailing whitespace.
+recording_2021_12_15_21H_54M.mat,observer_fixed-8101-fixed,observer_fixed,8101,,128,PASS,True,,,7030332.471907106,8.350945095491579e+17,16896,189250225.43746462,22,59507559.92447389,23543192.991141055,255764374.80783015,272815420.4134378,260655478.64084637,54895425.6993641
research/robot-position-observer-results/scores.csv:46: trailing whitespace.
+recording_2021_12_15_21H_54M.mat,observer_fixed-8102-fixed,observer_fixed,8102,,64,PASS,True,,,176643207.44300118,2.636014464716257e+20,8448,4301868109.967627,22,951309032.1918576,738848489.4667603,4813770409.142493,3701190559.5300097,8500624140.785367,673588565.3932847
research/robot-position-observer-results/scores.csv:47: trailing whitespace.
+recording_2021_12_15_21H_54M.mat,observer_fixed-8102-fixed,observer_fixed,8102,,128,PASS,True,,,126237204.0411712,2.6925181213509917e+20,16896,3082212632.106874,22,689628949.2578682,523039971.0114916,3418937260.1727977,2722669447.9989896,6075251540.567044,490211347.2346864
research/robot-position-observer-results/scores.csv:48: trailing whitespace.
+recording_2021_12_15_21H_54M.mat,observer_fixed-8103-fixed,observer_fixed,8103,,64,PASS,True,,,38556891.08291459,1.2559082764628832e+19,8448,934438005.9681164,22,638243206.4003513,45280454.73522029,775344206.9819632,574805535.6122438,1949085114.6631124,314878999.9610979
research/robot-position-observer-results/scores.csv:49: trailing whitespace.
+recording_2021_12_15_21H_54M.mat,observer_fixed-8103-fixed,observer_fixed,8103,,128,PASS,True,,,28786315.74812451,1.4000903758629784e+19,16896,703259643.8191869,22,566125142.0414773,37336371.50940597,574740309.6547726,492635563.24922913,1417985706.1467347,248703425.9972389
research/robot-position-observer-results/scores.csv:50: trailing whitespace.
+recording_2021_12_15_21H_54M.mat,observer_zero-8101-fixed,observer_zero,8101,,64,PASS,True,,,0.6450725746214049,3515.3701569143564,8448,19.08993828137677,22,10.14001533285508,4.6192516212763675,13.93693236623085,34.45258308170568,22.109735120366132,13.868601701468247
research/robot-position-observer-results/scores.csv:51: trailing whitespace.
+recording_2021_12_15_21H_54M.mat,observer_zero-8101-fixed,observer_zero,8101,,128,PASS,True,,,0.6884612854584481,8008.3481968528695,16896,20.719389242596723,22,10.872140841924836,4.748341461496968,13.79859873605733,38.15364213801576,23.497123796828504,15.388040427481227
research/robot-position-observer-results/scores.csv:52: trailing whitespace.
+recording_2021_12_15_21H_54M.mat,observer_zero-8102-fixed,observer_zero,8102,,64,PASS,True,,,0.6194916872987307,3242.0885429410646,8448,19.073999998591407,22,11.790602422772057,4.042606143948131,13.020575830134952,36.00984402072571,18.903475489492983,14.281394848664913
research/robot-position-observer-results/scores.csv:53: trailing whitespace.
+recording_2021_12_15_21H_54M.mat,observer_zero-8102-fixed,observer_zero,8102,,128,PASS,True,,,0.6387967558927299,6894.603646049028,16896,19.587172486247404,22,11.886325054071431,3.9944556057613174,13.17429612382862,36.45683610675948,20.350516704423104,15.096259462136581
research/robot-position-observer-results/scores.csv:54: trailing whitespace.
+recording_2021_12_15_21H_54M.mat,observer_zero-8103-fixed,observer_zero,8103,,64,PASS,True,,,0.6219427575745209,3267.7944811725247,8448,18.680980236603304,22,10.979093160285121,4.150917791663325,13.150078525825974,32.748427911634415,20.699878484470513,16.799835275265714
research/robot-position-observer-results/scores.csv:55: trailing whitespace.
+recording_2021_12_15_21H_54M.mat,observer_zero-8103-fixed,observer_zero,8103,,128,PASS,True,,,0.6587269454251811,7331.532403078786,16896,20.040034538922885,22,11.285907270630483,4.328706969552283,13.07919095144915,35.18151946058893,21.93141075895675,19.33176592035663
research/robot-position-observer-results/scores.csv:56: trailing whitespace.
+recording_2021_12_15_21H_54M.mat,joint_local_affine-8101-cached,joint_local_affine,8101,0.003,64,PASS,True,,,0.5322774040387,2393.4808960143,8448,15.724541236799453,22,8.24522842671545,4.163935452399256,11.094902031705095,28.006114588214714,17.974015836423717,12.951466390992849
research/robot-position-observer-results/scores.csv:57: trailing whitespace.
+recording_2021_12_15_21H_54M.mat,joint_local_affine-8101-cached,joint_local_affine,8101,0.003,128,PASS,True,,,0.6461695026247275,7054.671801362172,16896,20.02652795430819,22,10.084397091745645,4.376560609607629,11.605992275187718,38.1697372119813,21.212233976991747,15.618412791845271
research/robot-position-observer-results/scores.csv:58: trailing whitespace.
+recording_2021_12_15_21H_54M.mat,joint_local_affine-8102-cached,joint_local_affine,8102,0.003,64,PASS,True,,,0.5149218247929879,2239.9406147554905,8448,15.098407720039754,22,6.364208166041528,4.229401265638829,13.097581182091469,27.233546652429634,16.405156497329983,11.27114269466114
research/robot-position-observer-results/scores.csv:59: trailing whitespace.
+recording_2021_12_15_21H_54M.mat,joint_local_affine-8102-cached,joint_local_affine,8102,0.003,128,PASS,True,,,0.5917914926723495,5917.269317826115,16896,18.204597790405344,22,7.654244605779564,4.368684365464673,13.400892075736174,34.82213359067319,18.22564862418774,13.654019799599327
research/robot-position-observer-results/scores.csv:60: trailing whitespace.
+recording_2021_12_15_21H_54M.mat,joint_local_affine-8103-cached,joint_local_affine,8103,0.003,64,PASS,True,,,0.5215142556229135,2297.662699773802,8448,15.226951353349818,22,7.8427236643148275,3.9788080436664446,11.061862848023273,26.009300975548214,18.292716222283676,13.429409647725086
research/robot-position-observer-results/scores.csv:61: trailing whitespace.
+recording_2021_12_15_21H_54M.mat,joint_local_affine-8103-cached,joint_local_affine,8103,0.003,128,PASS,True,,,0.6284049506772642,6672.1084452751,16896,18.812550153638366,22,9.537762339058547,4.231679411506393,11.474048878023718,33.63084478519383,22.60941776747215,15.515248893126422
research/robot-position-observer-results/scores.csv:62: trailing whitespace.
+recording_2021_12_15_21H_54M.mat,joint_temporal_affine-8101-cached,joint_temporal_affine,8101,0.003,64,PASS,True,,,0.47339710365320703,1893.237500328728,8448,13.440541860521444,22,6.578109421295007,4.332348954016324,13.4004785970073,22.724312153833118,14.056572578440072,11.32668529897547
research/robot-position-observer-results/scores.csv:63: trailing whitespace.
+recording_2021_12_15_21H_54M.mat,joint_temporal_affine-8101-cached,joint_temporal_affine,8101,0.003,128,PASS,True,,,0.5555395274668987,5214.513918504339,16896,16.544892495539106,22,7.989236312468469,4.36347864593527,13.40246139364652,29.778059045829977,17.445025977996142,13.742098095472816
research/robot-position-observer-results/scores.csv:64: trailing whitespace.
+recording_2021_12_15_21H_54M.mat,joint_temporal_affine-8102-cached,joint_temporal_affine,8102,0.003,64,PASS,True,,,0.5009516766306054,2120.047415431035,8448,14.631547617189325,22,6.486760787176546,3.96707969593213,12.88655838180234,26.632610841518005,16.21481653551148,9.402005359331817
research/robot-position-observer-results/scores.csv:65: trailing whitespace.
+recording_2021_12_15_21H_54M.mat,joint_temporal_affine-8102-cached,joint_temporal_affine,8102,0.003,128,PASS,True,,,0.5720783164461299,5529.614748097877,16896,17.455264225746674,22,7.717053009553331,4.040079028016578,13.338852944244977,33.280707822019295,18.038033411720257,11.888700058196806
research/robot-position-observer-results/scores.csv:66: trailing whitespace.
+recording_2021_12_15_21H_54M.mat,joint_temporal_affine-8103-cached,joint_temporal_affine,8103,0.003,64,PASS,True,,,0.521582615314115,2298.265091003161,8448,15.494504554641098,22,5.905140336963621,4.119731240874628,11.73599758892413,27.83615055171547,17.562683592972082,12.946134115427508
research/robot-position-observer-results/scores.csv:67: trailing whitespace.
+recording_2021_12_15_21H_54M.mat,joint_temporal_affine-8103-cached,joint_temporal_affine,8103,0.003,128,PASS,True,,,0.602799670280812,6139.456308322118,16896,18.266132789938446,22,7.0903530587894394,4.28737468114097,12.536734328567716,31.99250656822201,20.669157796816055,18.037480042143205
research/robot-position-observer-results/scores.csv:68: trailing whitespace.
+recording_2021_12_15_21H_54M.mat,dense_bounded-8101-cached,dense_bounded,8101,0.001,64,PASS,True,,,0.5267609253931314,2344.1263086576455,8448,15.07102173289141,22,7.976109748611415,3.5481753256459605,11.863681544257732,24.195167615607335,19.651766371287277,13.200806957672759
research/robot-position-observer-results/scores.csv:69: trailing whitespace.
+recording_2021_12_15_21H_54M.mat,dense_bounded-8101-cached,dense_bounded,8101,0.001,128,PASS,True,,,0.6686414336804565,7553.8867740315945,16896,19.451955152905498,22,9.923392409167569,4.092085496960175,14.009517578616892,31.777845962405642,25.346495640667076,17.50741434206699
research/robot-position-observer-results/scores.csv:70: trailing whitespace.
+recording_2021_12_15_21H_54M.mat,dense_bounded-8102-cached,dense_bounded,8102,0.001,64,PASS,True,,,0.5099497197223455,2196.8915582161044,8448,14.722175281278677,22,8.17310402678404,3.4799649608568455,13.00794512323204,25.23923165123538,17.487885140496804,10.463904966779166
research/robot-position-observer-results/scores.csv:71: trailing whitespace.
+recording_2021_12_15_21H_54M.mat,dense_bounded-8102-cached,dense_bounded,8102,0.001,128,PASS,True,,,0.6005466971295215,6093.649443478961,16896,17.132091004758635,22,10.399595036929782,3.73263487317854,13.287218096204098,28.85748813036272,22.566000503018245,10.9744224682235
research/robot-position-observer-results/scores.csv:72: trailing whitespace.
+recording_2021_12_15_21H_54M.mat,dense_bounded-8103-cached,dense_bounded,8103,0.001,64,PASS,True,,,0.5524675149369562,2578.501559552083,8448,16.084612153738735,22,7.909548857925594,4.157203926728943,12.327818451509753,28.111311983835776,19.39663221533634,12.409466977671512
research/robot-position-observer-results/scores.csv:73: trailing whitespace.
+recording_2021_12_15_21H_54M.mat,dense_bounded-8103-cached,dense_bounded,8103,0.001,128,PASS,True,,,0.6411076925754768,6944.578265508822,16896,19.045430850659294,22,9.625924021568617,4.389481153586671,13.525003134117544,34.564993933970044,22.46428885866743,13.495772312018278
research/robot-position-observer-results/scores.csv:74: trailing whitespace.
+recording_2021_12_15_21H_54M.mat,dense_unbounded-8101-cached,dense_unbounded,8101,0.003,64,PASS,True,,,0.5801127371402044,2843.0120952693496,8448,17.60827457968067,22,6.866139811693366,4.284935791862433,11.92796273968476,33.00325047000219,19.547298695373563,13.461639142218376
research/robot-position-observer-results/scores.csv:75: trailing whitespace.
+recording_2021_12_15_21H_54M.mat,dense_unbounded-8101-cached,dense_unbounded,8101,0.003,128,PASS,True,,,0.6975152082730378,8220.368061686742,16896,22.470985250623727,22,9.43034048377065,4.717145989435898,13.349878524527792,45.7202930262814,20.213858836633783,15.534598185371847
research/robot-position-observer-results/scores.csv:76: trailing whitespace.
+recording_2021_12_15_21H_54M.mat,dense_unbounded-8102-cached,dense_unbounded,8102,0.003,64,PASS,True,,,0.5338855168140342,2407.9650782988847,8448,15.489955731165377,22,9.531469724905737,4.3004616296444205,12.643456482841886,26.6401360080998,17.10264912265954,12.970545115744404
research/robot-position-observer-results/scores.csv:77: trailing whitespace.
+recording_2021_12_15_21H_54M.mat,dense_unbounded-8102-cached,dense_unbounded,8102,0.003,128,PASS,True,,,0.6071076292874356,6227.5221641151165,16896,18.11797867542581,22,11.564937077798628,4.725995605785618,12.724061695301126,31.345379167080345,18.966283371023444,17.587770113233105
research/robot-position-observer-results/scores.csv:78: trailing whitespace.
+recording_2021_12_15_21H_54M.mat,dense_unbounded-8103-cached,dense_unbounded,8103,0.003,64,PASS,True,,,0.5460353361636656,2518.8099622909754,8448,15.491599199343687,22,8.79433570616811,3.706667992292698,11.98191499241306,24.218507221982925,20.628270823475482,13.900726969747415
research/robot-position-observer-results/scores.csv:79: trailing whitespace.
+recording_2021_12_15_21H_54M.mat,dense_unbounded-8103-cached,dense_unbounded,8103,0.003,128,PASS,True,,,0.6443968104785538,7016.017525100951,16896,18.8585945422149,22,10.595652120566498,3.994296864819484,12.886819050990066,31.68041198662858,23.98770311804784,16.140903554835187
research/robot-position-observer-results/scores.csv:80: trailing whitespace.
+recording_2021_12_15_21H_54M.mat,gru32-8101-cached,gru32,8101,0.003,64,PASS,True,,,0.6324667612678083,3379.319996309375,8448,17.916648524802387,22,16.11587254457483,3.779550803651306,13.670407704145724,25.06566235957188,21.80536559372159,19.01025957266172
research/robot-position-observer-results/scores.csv:81: trailing whitespace.
+recording_2021_12_15_21H_54M.mat,gru32-8101-cached,gru32,8101,0.003,128,PASS,True,,,0.7191769325260312,8738.872416849514,16896,20.661849263734986,22,18.92247281171045,4.344628958600703,13.883538586121242,31.725944430924038,24.414304107775752,19.72789581056859
research/robot-position-observer-results/scores.csv:82: trailing whitespace.
+recording_2021_12_15_21H_54M.mat,gru32-8102-cached,gru32,8102,0.003,64,PASS,True,,,0.6044138033323568,3086.189953724571,8448,18.061084027475005,22,13.691251842337971,4.382998541901286,13.33405662812428,25.59057792876566,17.806618255492786,24.5113256611988
research/robot-position-observer-results/scores.csv:83: trailing whitespace.
+recording_2021_12_15_21H_54M.mat,gru32-8102-cached,gru32,8102,0.003,128,PASS,True,,,0.7313386070163059,9036.929647469657,16896,21.55413545180076,22,16.373695095651406,4.877461781196361,16.948713756912774,28.817519675222776,22.87823336866667,29.23140615191591
research/robot-position-observer-results/scores.csv:84: trailing whitespace.
+recording_2021_12_15_21H_54M.mat,gru32-8103-cached,gru32,8103,0.003,64,PASS,True,,,0.6418336580512338,3480.1573560435527,8448,18.961349028836523,22,11.330599907875513,5.217760124404763,10.22775032023849,31.269367060884207,22.280386973910563,20.561935469778344
research/robot-position-observer-results/scores.csv:85: trailing whitespace.
+recording_2021_12_15_21H_54M.mat,gru32-8103-cached,gru32,8103,0.003,128,PASS,True,,,0.7774813658745969,10213.248026272538,16896,23.519887314499844,22,14.514508202918861,5.336177930685073,10.422778592990214,41.393779405688264,27.538581851515847,22.349766776460545
research/robot-position-observer-results/scores.csv:86: trailing whitespace.
+recording_2021_12_15_21H_54M.mat,legacy_instant-8101-cached,legacy_instant,8101,0.001,64,PASS,True,,,0.5632404210260593,2680.041592822071,8448,16.96529350978547,22,6.678051693037522,4.025509527067416,13.9767904824369,32.09661082064893,18.097480384441376,10.633160736311936
research/robot-position-observer-results/scores.csv:87: trailing whitespace.
+recording_2021_12_15_21H_54M.mat,legacy_instant-8101-cached,legacy_instant,8101,0.001,128,PASS,True,,,0.6599701886196262,7359.232740146496,16896,20.446768925078036,22,8.940002622803664,4.429390544921287,14.783614701634873,39.68183326882398,20.62153164715143,13.799575597185518
research/robot-position-observer-results/scores.csv:88: trailing whitespace.
+recording_2021_12_15_21H_54M.mat,legacy_instant-8102-cached,legacy_instant,8102,0.001,64,PASS,True,,,0.5142773041676378,2234.336717876171,8448,14.571550181346414,22,8.30986502130534,4.053066965103512,11.693811962965691,22.559230448407558,18.327725029270297,14.385048426437564
research/robot-position-observer-results/scores.csv:89: trailing whitespace.
+recording_2021_12_15_21H_54M.mat,legacy_instant-8102-cached,legacy_instant,8102,0.001,128,PASS,True,,,0.6052605492744619,6189.686258055563,16896,17.863955650041277,22,10.863795468864067,4.421708278743701,12.222361662865596,29.651136091222394,20.6556552095238,17.9421243016378
research/robot-position-observer-results/scores.csv:90: trailing whitespace.
+recording_2021_12_15_21H_54M.mat,legacy_instant-8103-cached,legacy_instant,8103,0.001,64,PASS,True,,,0.5150740659623785,2241.2653268714366,8448,15.188754000817447,22,6.425733718363178,3.480044170599593,13.29652508955614,25.846313320820386,17.432223992705506,13.493583744446227
research/robot-position-observer-results/scores.csv:91: trailing whitespace.
+recording_2021_12_15_21H_54M.mat,legacy_instant-8103-cached,legacy_instant,8103,0.001,128,PASS,True,,,0.6122315963210513,6333.085905211469,16896,18.291492683032576,22,8.121662228715593,3.7875279992440896,14.17937805888393,31.997863940467262,21.470650190537132,15.53250086896427
research/robot-position-observer-results/scores.csv:92: trailing whitespace.
+recording_2021_12_15_21H_54M.mat,gru10-8101-cached,gru10,8101,0.003,64,PASS,True,,,0.5913189523019977,2953.9116571137442,8448,16.881204705973726,22,10.47421526969893,4.595909581696719,12.392084716438461,25.444170594578313,21.07259989822047,18.275525059897404
research/robot-position-observer-results/scores.csv:93: trailing whitespace.
+recording_2021_12_15_21H_54M.mat,gru10-8101-cached,gru10,8101,0.003,128,PASS,True,,,0.6762935431171664,7727.773472381454,16896,19.710582048008465,22,11.984140768396072,5.126857103202646,14.273036248282585,30.30320738273749,23.20925245883414,22.371066876444818
research/robot-position-observer-results/scores.csv:94: trailing whitespace.
+recording_2021_12_15_21H_54M.mat,gru10-8102-cached,gru10,8102,0.003,64,PASS,True,,,0.6194710239265745,3241.872264446227,8448,18.093982825144092,22,13.604220277188928,4.7067555950576105,13.0442826865313,22.787979070049115,19.820662117913027,25.97731667401702
research/robot-position-observer-results/scores.csv:95: trailing whitespace.
+recording_2021_12_15_21H_54M.mat,gru10-8102-cached,gru10,8102,0.003,128,PASS,True,,,0.7087213813251627,8486.624194286458,16896,21.403566916516926,22,15.359484400629668,4.8254189752808,12.870537993698312,28.88461317119165,22.870628853945483,31.087623593436458
research/robot-position-observer-results/scores.csv:96: trailing whitespace.
+recording_2021_12_15_21H_54M.mat,gru10-8103-cached,gru10,8103,0.003,64,PASS,True,,,0.5760446281095957,2803.2779898724957,8448,17.341645083332278,22,11.170147879405736,4.41161780182865,11.54948173381009,27.047370327240323,17.946076062270837,21.7519868961221
research/robot-position-observer-results/scores.csv:97: trailing whitespace.
+recording_2021_12_15_21H_54M.mat,gru10-8103-cached,gru10,8103,0.003,128,PASS,True,,,0.6617312783837281,7398.56045983487,16896,20.13962020291688,22,12.3533770243588,4.5943919424430915,11.632482224044137,31.389910920610617,21.958443769536064,25.633904252049376
research/robot-position-observer-results/scores.csv:98: trailing whitespace.
+recording_2021_12_15_21H_54M.mat,causal_ridge_1,causal_ridge_1,,,64,PASS,True,,,0.5599151897565028,2648.4904065950714,8448,16.271883209864082,22,10.499510295911932,5.659646894957718,12.582046779628348,27.724421147817804,15.183705490634116,16.99639485804384
research/robot-position-observer-results/scores.csv:99: trailing whitespace.
+recording_2021_12_15_21H_54M.mat,causal_ridge_1,causal_ridge_1,,,128,PASS,True,,,0.7442245238288899,9358.189917007438,16896,21.91315915052798,22,14.053230406707497,7.2315882571217305,15.90852542488149,36.36754569585619,20.625129317972245,25.104871830708348
research/robot-position-observer-results/scores.csv:100: trailing whitespace.
+recording_2021_12_15_21H_54M.mat,causal_ridge_100,causal_ridge_100,,,64,PASS,True,,,0.5844021519934689,2885.2105941508394,8448,17.38522921818423,22,9.478970796657395,4.957414484545274,12.216408466956493,28.62236646866448,18.442880090016907,19.759301606194985
research/robot-position-observer-results/scores.csv:101: trailing whitespace.
+recording_2021_12_15_21H_54M.mat,causal_ridge_100,causal_ridge_100,,,128,PASS,True,,,0.6754474634486927,7708.449845256197,16896,20.23529265862581,22,11.759510201274846,5.712201969730269,13.598085645362522,33.44591922255935,20.8447141721552,23.406142945498498
research/robot-position-observer-results/scores.csv:102: trailing whitespace.
+recording_2021_12_15_21H_54M.mat,linear_frozen,linear_frozen,,,64,PASS,True,,,0.7300262060516359,4502.262433339085,8448,21.221134171642312,22,10.75192044754271,5.339142994362352,23.062256900856205,28.093629642368878,20.866774739892755,28.308425672782153
research/robot-position-observer-results/scores.csv:103: trailing whitespace.
+recording_2021_12_15_21H_54M.mat,linear_frozen,linear_frozen,,,128,PASS,True,,,1.0877737441922855,19992.221036690134,16896,30.807745145679764,22,19.781331622661934,7.270114934345849,40.49145179780395,37.024305882345196,26.079284124834153,39.49761206219232
research/robot-position-observer-results/scores.csv:104: trailing whitespace.
+recording_2021_12_15_21H_54M.mat,persistence,persistence,,,64,PASS,True,,,1.1373568827339755,10928.169573677422,8448,32.675368891449345,22,20.8189388894093,10.447661965068235,29.656910117358812,49.01927058803764,32.264521883302216,39.24380151165329
research/robot-position-observer-results/scores.csv:105: trailing whitespace.
+recording_2021_12_15_21H_54M.mat,persistence,persistence,,,128,PASS,True,,,1.2329376342156586,25684.2045058842,16896,35.41623169008753,22,26.93241108668039,11.103634496979767,31.105734039379048,53.328174692174436,33.63462167147826,41.6468805033482
research/robot-position-observer-results/scores.csv:106: trailing whitespace.
+recording_2021_12_15_22H_10M.mat,local_affine-8101-lr0,local_affine,8101,0.001,64,PASS,False,,,0.5976716002025375,3017.721414585815,8448,17.731128017323453,22,7.77274996183688,5.035597791640106,12.506338796391791,31.754203731001006,19.79413871969568,15.621735664684056
research/robot-position-observer-results/scores.csv:107: trailing whitespace.
+recording_2021_12_15_22H_10M.mat,local_affine-8101-lr0,local_affine,8101,0.001,128,PASS,False,,,0.6731347237620019,7655.75258062174,16896,20.427781555387277,22,11.088980291347646,5.327244657349538,12.698946602164142,36.19879490001713,21.481388779113686,20.478146283514384
research/robot-position-observer-results/scores.csv:108: trailing whitespace.
+recording_2021_12_15_22H_10M.mat,temporal_affine-8101-lr0,temporal_affine,8101,0.001,64,PASS,True,,,0.6056771187001879,3099.1046348440905,8448,17.73624303923337,22,8.808387662869723,5.116774217513221,12.986044106971,30.81634967842468,20.181288178019138,16.065730288185616
research/robot-position-observer-results/scores.csv:109: trailing whitespace.
+recording_2021_12_15_22H_10M.mat,temporal_affine-8101-lr0,temporal_affine,8101,0.001,128,PASS,True,,,0.6805128041323816,7824.4983436328275,16896,20.580981764132353,22,11.632014857352733,5.377058518794881,12.953612352193964,35.91726417937066,21.699599808451833,21.178426838377153
research/robot-position-observer-results/scores.csv:110: trailing whitespace.
+recording_2021_12_15_22H_10M.mat,observer_learned-8101-lr0,observer_learned,8101,0.001,64,PASS,False,,,0.6176745100208583,3223.0961691836783,8448,18.257345987726296,22,9.080561853551847,5.075599065306097,12.237571853513446,32.23349466095923,20.906947009626382,16.306716697546396
research/robot-position-observer-results/scores.csv:111: trailing whitespace.
+recording_2021_12_15_22H_10M.mat,observer_learned-8101-lr0,observer_learned,8101,0.001,128,PASS,False,,,0.6903256434299275,8051.7802502344375,16896,20.959360735868916,22,11.684906484822413,5.369678615028373,12.683239109153348,37.45566735870262,22.213183132602254,20.326860315397976
research/robot-position-observer-results/scores.csv:112: trailing whitespace.
+recording_2021_12_15_22H_10M.mat,local_affine-8101-lr1,local_affine,8101,0.003,64,PASS,True,,,0.5896048227284707,2936.8107393265036,8448,17.183168519406106,22,7.910039960791561,5.054875433464856,12.202397100646651,30.11434881155475,20.209995381545546,14.80644358719329
research/robot-position-observer-results/scores.csv:113: trailing whitespace.
+recording_2021_12_15_22H_10M.mat,local_affine-8101-lr1,local_affine,8101,0.003,128,PASS,True,,,0.6678480345086379,7535.970768641372,16896,20.114691420042103,22,11.08485936831093,5.3395138024402735,12.540230614184203,35.41435029739377,21.6588558836346,19.89172495405871
research/robot-position-observer-results/scores.csv:114: trailing whitespace.
+recording_2021_12_15_22H_10M.mat,temporal_affine-8101-lr1,temporal_affine,8101,0.003,64,PASS,False,,,0.6026697356258285,3068.404924901657,8448,17.278410320669455,22,9.194038689398864,5.238439408922445,12.830542393287383,29.07443344805133,20.68717600697761,15.53655157422666
research/robot-position-observer-results/scores.csv:115: trailing whitespace.
+recording_2021_12_15_22H_10M.mat,temporal_affine-8101-lr1,temporal_affine,8101,0.003,128,PASS,False,,,0.6758977413496029,7718.730738242213,16896,20.23564494515332,22,11.809169616917842,5.423488354869542,12.883331208644323,34.72311190421307,21.878678675283776,20.92046704021841
research/robot-position-observer-results/scores.csv:116: trailing whitespace.
+recording_2021_12_15_22H_10M.mat,observer_learned-8101-lr1,observer_learned,8101,0.003,64,PASS,False,,,0.616120748191644,3206.9011506236493,8448,18.209382057891723,22,9.246449672216155,5.070262283483567,12.185591843153732,31.71407317831048,20.79107765260178,17.080549825277515
research/robot-position-observer-results/scores.csv:117: trailing whitespace.
+recording_2021_12_15_22H_10M.mat,observer_learned-8101-lr1,observer_learned,8101,0.003,128,PASS,False,,,0.689732268427634,8037.944253256133,16896,20.92741782385439,22,11.818587192414318,5.371808101098999,12.65716687986146,36.98765968533763,22.171466749739324,20.960457888307904
research/robot-position-observer-results/scores.csv:118: trailing whitespace.
+recording_2021_12_15_22H_10M.mat,local_affine-8102-lr0,local_affine,8102,0.001,64,PASS,False,,,0.6138957709987045,3183.781013107993,8448,18.031652281952347,22,9.444141201388486,4.640000890950171,13.74970142577065,30.97735132704369,20.81668373258618,16.066629598151223
research/robot-position-observer-results/scores.csv:119: trailing whitespace.
+recording_2021_12_15_22H_10M.mat,local_affine-8102-lr0,local_affine,8102,0.001,128,PASS,False,,,0.6894463492248317,8031.281591890844,16896,20.913859378813846,22,12.586363653140452,4.970037885082739,13.150462046593564,35.519206118187704,22.323053564931325,22.54666011507142
research/robot-position-observer-results/scores.csv:120: trailing whitespace.
+recording_2021_12_15_22H_10M.mat,temporal_affine-8102-lr0,temporal_affine,8102,0.001,64,PASS,True,,,0.6139529296061622,3184.3739116737643,8448,17.79381318166464,22,9.50062194110605,4.605452007411394,13.78592687433062,28.9094961001167,21.51397365851043,17.308521389112467
research/robot-position-observer-results/scores.csv:121: trailing whitespace.
+recording_2021_12_15_22H_10M.mat,temporal_affine-8102-lr0,temporal_affine,8102,0.001,128,PASS,True,,,0.6917580433461809,8085.229203264772,16896,20.919343451467995,22,12.649344585418687,4.95120267019592,13.14943757251093,34.60039487911096,22.68530527547247,23.58972544595838
research/robot-position-observer-results/scores.csv:122: trailing whitespace.
+recording_2021_12_15_22H_10M.mat,observer_learned-8102-lr0,observer_learned,8102,0.001,64,FAILED,False,FailedTrainingAttempt,,,,,,,,,,,,
research/robot-position-observer-results/scores.csv:123: trailing whitespace.
+recording_2021_12_15_22H_10M.mat,observer_learned-8102-lr0,observer_learned,8102,0.001,128,FAILED,False,FailedTrainingAttempt,,,,,,,,,,,,
research/robot-position-observer-results/scores.csv:124: trailing whitespace.
+recording_2021_12_15_22H_10M.mat,local_affine-8102-lr1,local_affine,8102,0.003,64,PASS,True,,,0.6140184155644194,3185.053256582124,8448,17.923304756498727,22,10.372938800788642,4.740450317649143,12.631676788185823,30.33873135877106,21.200105854975593,16.369392920445524
research/robot-position-observer-results/scores.csv:125: trailing whitespace.
+recording_2021_12_15_22H_10M.mat,local_affine-8102-lr1,local_affine,8102,0.003,128,PASS,True,,,0.6893018577520458,8027.915615392722,16896,20.81319019208912,22,13.26469667327076,5.025439708185214,12.471155548627527,35.31380073127618,22.500924869017226,22.114254022472934
research/robot-position-observer-results/scores.csv:126: trailing whitespace.
+recording_2021_12_15_22H_10M.mat,temporal_affine-8102-lr1,temporal_affine,8102,0.003,64,PASS,False,,,0.6178146082385135,3224.5584320117664,8448,17.764259123599285,22,10.23828094817801,4.705940015322793,12.92539774978019,28.53347941684891,22.148147631286637,17.166226927942272
research/robot-position-observer-results/scores.csv:127: trailing whitespace.
+recording_2021_12_15_22H_10M.mat,temporal_affine-8102-lr1,temporal_affine,8102,0.003,128,PASS,False,,,0.6938531409644596,8134.278133998658,16896,20.896272244163306,22,13.148873701685194,5.014540617817802,12.626079966332773,34.71653266979628,22.97176595541953,23.011499254561652
research/robot-position-observer-results/scores.csv:128: trailing whitespace.
+recording_2021_12_15_22H_10M.mat,observer_learned-8102-lr1,observer_learned,8102,0.003,64,FAILED,False,FailedTrainingAttempt,,,,,,,,,,,,
research/robot-position-observer-results/scores.csv:129: trailing whitespace.
+recording_2021_12_15_22H_10M.mat,observer_learned-8102-lr1,observer_learned,8102,0.003,128,FAILED,False,FailedTrainingAttempt,,,,,,,,,,,,
research/robot-position-observer-results/scores.csv:130: trailing whitespace.
+recording_2021_12_15_22H_10M.mat,local_affine-8103-lr0,local_affine,8103,0.001,64,PASS,False,,,0.583409019207976,2875.4126750402593,8448,17.07970634742512,22,9.367133616448942,5.469908467881193,12.199742131245934,29.354760697871125,18.04392696676263,17.219643973386816
research/robot-position-observer-results/scores.csv:131: trailing whitespace.
+recording_2021_12_15_22H_10M.mat,local_affine-8103-lr0,local_affine,8103,0.001,128,PASS,False,,,0.6588934459736215,7335.239123891606,16896,19.703560879815942,22,12.584977021573332,5.588045386730889,13.685899463009811,34.78136688987527,19.501278078665813,19.03751025341313
research/robot-position-observer-results/scores.csv:132: trailing whitespace.
+recording_2021_12_15_22H_10M.mat,temporal_affine-8103-lr0,temporal_affine,8103,0.001,64,PASS,True,,,0.5896889480027436,2937.6488519903287,8448,16.994663837011153,22,9.50965213523295,5.407218110762651,11.640506569933837,27.466713034356264,19.707415573108563,18.30126103524118
research/robot-position-observer-results/scores.csv:133: trailing whitespace.
+recording_2021_12_15_22H_10M.mat,temporal_affine-8103-lr0,temporal_affine,8103,0.001,128,PASS,True,,,0.6648161895585046,7467.703641431017,16896,19.763988251438242,22,12.501856451244153,5.560132751156709,13.414316856287156,33.816899600651304,20.59522208425099,20.21855906485209
research/robot-position-observer-results/scores.csv:134: trailing whitespace.
+recording_2021_12_15_22H_10M.mat,observer_learned-8103-lr0,observer_learned,8103,0.001,64,FAILED,False,FailedTrainingAttempt,,,,,,,,,,,,
research/robot-position-observer-results/scores.csv:135: trailing whitespace.
+recording_2021_12_15_22H_10M.mat,observer_learned-8103-lr0,observer_learned,8103,0.001,128,FAILED,False,FailedTrainingAttempt,,,,,,,,,,,,
research/robot-position-observer-results/scores.csv:136: trailing whitespace.
+recording_2021_12_15_22H_10M.mat,local_affine-8103-lr1,local_affine,8103,0.003,64,PASS,True,,,0.5886116427695527,2926.9250504007073,8448,17.226571676048014,22,9.45602640417839,5.546960506992437,12.529177201045353,30.134081894832836,17.99981342639533,16.471398473497544
research/robot-position-observer-results/scores.csv:137: trailing whitespace.
+recording_2021_12_15_22H_10M.mat,local_affine-8103-lr1,local_affine,8103,0.003,128,PASS,True,,,0.6570801753201881,7294.921612472679,16896,19.619866600443522,22,12.612122409975756,5.6124767571770064,13.77096791318302,34.763987240160425,19.33154744831451,18.632937842292655
research/robot-position-observer-results/scores.csv:138: trailing whitespace.
+recording_2021_12_15_22H_10M.mat,temporal_affine-8103-lr1,temporal_affine,8103,0.003,64,PASS,False,,,0.5976901011970704,3017.908245318611,8448,17.07708056033213,22,9.801696602493246,5.429000061213164,11.976455983694102,27.445267119324985,20.326773238332812,17.730112503010094
research/robot-position-observer-results/scores.csv:139: trailing whitespace.
+recording_2021_12_15_22H_10M.mat,temporal_affine-8103-lr1,temporal_affine,8103,0.003,128,PASS,False,,,0.6609282110125009,7380.613787495477,16896,19.577646913544513,22,12.544368767509683,5.530953662571242,13.293312041961281,33.38486857955203,20.64689242905024,19.854398851137407
research/robot-position-observer-results/scores.csv:140: trailing whitespace.
+recording_2021_12_15_22H_10M.mat,observer_learned-8103-lr1,observer_learned,8103,0.003,64,PASS,False,,,0.5804489369872067,2846.308341462037,8448,17.066103831996955,22,9.615814003952778,5.475629565991405,12.909302969335258,30.46520129280297,16.969538420422417,15.566668710971829
research/robot-position-observer-results/scores.csv:141: trailing whitespace.
+recording_2021_12_15_22H_10M.mat,observer_learned-8103-lr1,observer_learned,8103,0.003,128,PASS,False,,,0.6765639838353639,7733.955174074825,16896,20.423626552338696,22,12.08764803280828,5.71885299242306,14.71049360067606,37.09420274967167,19.454238651862582,18.790548519121526
research/robot-position-observer-results/scores.csv:142: trailing whitespace.
+recording_2021_12_15_22H_10M.mat,last_two-8101-fixed,last_two,8101,,64,PASS,True,,,0.5908102358717818,2948.831295682234,8448,17.193431024339564,22,8.236785708346138,5.157598173602645,11.988022545799527,29.622184316014344,20.157076563234305,15.86646592093386
research/robot-position-observer-results/scores.csv:143: trailing whitespace.
+recording_2021_12_15_22H_10M.mat,last_two-8101-fixed,last_two,8101,,128,PASS,True,,,0.6737019391602772,7668.660220587259,16896,20.33415126143509,22,11.27813188407545,5.389405209561981,12.439351195844429,35.56127232094075,21.785245784013465,20.752971274074003
research/robot-position-observer-results/scores.csv:144: trailing whitespace.
+recording_2021_12_15_22H_10M.mat,last_two-8102-fixed,last_two,8102,,64,PASS,True,,,0.6129904305473192,3174.397399578981,8448,18.06980754375346,22,9.863649160013559,4.883159212801265,12.946150419049044,30.25759272480956,20.42853390266834,18.37174797820752
research/robot-position-observer-results/scores.csv:145: trailing whitespace.
+recording_2021_12_15_22H_10M.mat,last_two-8102-fixed,last_two,8102,,128,PASS,True,,,0.6949183617258697,8159.273201819802,16896,21.22341435180006,22,12.796879399617373,5.089474704140461,12.697072134767245,35.6106566222631,22.1665165571357,24.336147254952536
research/robot-position-observer-results/scores.csv:146: trailing whitespace.
+recording_2021_12_15_22H_10M.mat,last_two-8103-fixed,last_two,8103,,64,PASS,True,,,0.5889710163261883,2930.5001769948167,8448,17.21469061338727,22,9.340232060587457,5.6624635609044764,12.440512348005731,30.280436941797774,17.908044873292994,16.32178693993755
research/robot-position-observer-results/scores.csv:147: trailing whitespace.
+recording_2021_12_15_22H_10M.mat,last_two-8103-fixed,last_two,8103,,128,PASS,True,,,0.666783786815732,7511.972047816095,16896,20.04705294823557,22,11.97680064094821,5.6976137058274965,14.073623725787423,36.08578803666139,19.551970994611484,18.784804580997985
research/robot-position-observer-results/scores.csv:148: trailing whitespace.
+recording_2021_12_15_22H_10M.mat,observer_fixed-8101-fixed,observer_fixed,8101,,64,PASS,True,,,11438486.95992544,1.1053277362607828e+18,8448,303955361.08313113,22,105324748.98564827,35253193.176920585,415835523.355391,421144121.16099435,433871469.72819424,58915815.29758374
research/robot-position-observer-results/scores.csv:149: trailing whitespace.
+recording_2021_12_15_22H_10M.mat,observer_fixed-8101-fixed,observer_fixed,8101,,128,PASS,True,,,8494799.44659863,1.2192426916105057e+18,16896,227625914.36093324,22,105084331.90174979,28890219.701418616,306963258.2417713,323038720.2595982,310566683.90369034,63022677.48972695
research/robot-position-observer-results/scores.csv:150: trailing whitespace.
+recording_2021_12_15_22H_10M.mat,observer_fixed-8102-fixed,observer_fixed,8102,,64,PASS,True,,,1341710328.5332332,1.5207976444892407e+22,8448,32683127793.11757,22,7002761871.5624075,5580611973.189442,36448365801.53554,28185490393.85893,64657407736.691185,5045149814.308596
research/robot-position-observer-results/scores.csv:151: trailing whitespace.
+recording_2021_12_15_22H_10M.mat,observer_fixed-8102-fixed,observer_fixed,8102,,128,PASS,True,,,958919743.1819286,1.5536329440007765e+22,16896,23418630935.51851,22,5113182595.914946,3950403569.662669,25886840539.13224,20731622765.21326,46210619042.51811,3673325042.991652
research/robot-position-observer-results/scores.csv:152: trailing whitespace.
+recording_2021_12_15_22H_10M.mat,observer_fixed-8103-fixed,observer_fixed,8103,,64,PASS,True,,,72460703.95017138,4.4356676956030616e+19,8448,1767694489.8140812,22,1233860460.6024475,34950890.539947115,1389592784.5476563,1220790491.2661946,3665098688.0791016,608755887.9672134
research/robot-position-observer-results/scores.csv:153: trailing whitespace.
+recording_2021_12_15_22H_10M.mat,observer_fixed-8103-fixed,observer_fixed,8103,,128,PASS,True,,,54569577.94776775,5.031356499666816e+19,16896,1340238016.9983304,22,1117502519.5988667,49657461.34242571,1042553603.9490554,1028691257.3499856,2681082024.6548142,439118851.20807177
research/robot-position-observer-results/scores.csv:154: trailing whitespace.
+recording_2021_12_15_22H_10M.mat,observer_zero-8101-fixed,observer_zero,8101,,64,PASS,True,,,0.7293189500566822,4493.542993942729,8448,21.85125978347031,22,12.663552473646448,5.5939437007577135,12.354641412324153,38.42976736918286,24.83612420747594,20.661323946988443
research/robot-position-observer-results/scores.csv:155: trailing whitespace.
+recording_2021_12_15_22H_10M.mat,observer_zero-8101-fixed,observer_zero,8101,,128,PASS,True,,,0.7536813831363995,9597.529958630952,16896,23.042274430448753,22,13.92582606279259,5.6081664067576105,12.759942779971626,40.361338426006235,24.244479704546304,24.096674628685196
research/robot-position-observer-results/scores.csv:156: trailing whitespace.
+recording_2021_12_15_22H_10M.mat,observer_zero-8102-fixed,observer_zero,8102,,64,PASS,True,,,0.7147095324348014,4315.320478682801,8448,21.868657922650698,22,11.7495908135359,5.159139566153958,13.309904491123087,38.46151233279788,23.327292353022475,22.453408063515294
research/robot-position-observer-results/scores.csv:157: trailing whitespace.
+recording_2021_12_15_22H_10M.mat,observer_zero-8102-fixed,observer_zero,8102,,128,PASS,True,,,0.7441701411526044,9356.82230601824,16896,22.996991512812407,22,13.868859546843694,5.25435252730732,12.989524579285533,39.40073977217899,23.475309627698692,26.095593894827225
research/robot-position-observer-results/scores.csv:158: trailing whitespace.
+recording_2021_12_15_22H_10M.mat,observer_zero-8103-fixed,observer_zero,8103,,64,PASS,True,,,0.7073834870122057,4227.30652774888,8448,20.742233592174465,22,12.950489567935406,6.2195201245245935,14.704797157534404,31.97976066436188,22.101036634568157,25.44900673521055
research/robot-position-observer-results/scores.csv:159: trailing whitespace.
+recording_2021_12_15_22H_10M.mat,observer_zero-8103-fixed,observer_zero,8103,,128,PASS,True,,,0.7634617695371279,9848.236967412307,16896,23.035659137781686,22,14.698630635677343,6.3502934906291975,15.936022039482516,37.70314305601478,22.167138525991895,27.579118120699338
research/robot-position-observer-results/scores.csv:160: trailing whitespace.
+recording_2021_12_15_22H_10M.mat,joint_local_affine-8101-cached,joint_local_affine,8101,0.003,64,PASS,True,,,0.6133748350591995,3178.379958622389,8448,18.095342017773216,22,9.814927150123049,5.608051623865998,12.42903776746708,31.368650072809363,19.149004298946437,18.21284781703317
research/robot-position-observer-results/scores.csv:161: trailing whitespace.
+recording_2021_12_15_22H_10M.mat,joint_local_affine-8101-cached,joint_local_affine,8101,0.003,128,PASS,True,,,0.7174297485828497,8696.463184386295,16896,21.371024478448756,22,13.246917657676521,5.851764812807496,13.651533305001829,33.500742032863485,23.06806606069269,26.264051374198523
research/robot-position-observer-results/scores.csv:162: trailing whitespace.
+recording_2021_12_15_22H_10M.mat,joint_local_affine-8102-cached,joint_local_affine,8102,0.003,64,PASS,True,,,0.5681685659657518,2727.145507482139,8448,17.125259207105195,22,8.948657519953915,4.395052925222409,12.25618990123571,31.485862980528267,17.964528776115113,13.99835715956315
research/robot-position-observer-results/scores.csv:163: trailing whitespace.
+recording_2021_12_15_22H_10M.mat,joint_local_affine-8102-cached,joint_local_affine,8102,0.003,128,PASS,True,,,0.6326043246656524,6761.580360871752,16896,19.63687513904915,22,11.88611076021461,4.692696486068707,11.963110291491605,35.35221561680866,18.64526282814299,20.243497209003568
research/robot-position-observer-results/scores.csv:164: trailing whitespace.
+recording_2021_12_15_22H_10M.mat,joint_local_affine-8103-cached,joint_local_affine,8103,0.003,64,PASS,True,,,0.5371737357526831,2437.7178978873044,8448,15.878642874584349,22,8.974732060597336,4.796550879690263,10.853435887794237,28.664139621680604,16.762166626653567,13.741720434108691
research/robot-position-observer-results/scores.csv:165: trailing whitespace.
+recording_2021_12_15_22H_10M.mat,joint_local_affine-8103-cached,joint_local_affine,8103,0.003,128,PASS,True,,,0.6219477922659142,6535.694775319898,16896,18.798346621818727,22,11.714499638110823,5.0610820481248,11.70638443239974,33.77011760769172,19.054464153790278,17.80140660483241
research/robot-position-observer-results/scores.csv:166: trailing whitespace.
+recording_2021_12_15_22H_10M.mat,joint_temporal_affine-8101-cached,joint_temporal_affine,8101,0.003,64,PASS,True,,,0.5734151628168931,2777.7442087154413,8448,17.387894574830156,22,8.305493538095991,4.917839096105609,12.416023575761242,31.63263047435085,17.05587152336318,16.588646617604123
research/robot-position-observer-results/scores.csv:167: trailing whitespace.
+recording_2021_12_15_22H_10M.mat,joint_temporal_affine-8101-cached,joint_temporal_affine,8101,0.003,128,PASS,True,,,0.6447573296262096,7023.870190347153,16896,19.739838437624936,22,9.875101612138751,5.235241641670457,12.654401176973325,34.56133623346187,19.83765285111381,21.56129959749576
research/robot-position-observer-results/scores.csv:168: trailing whitespace.
+recording_2021_12_15_22H_10M.mat,joint_temporal_affine-8102-cached,joint_temporal_affine,8102,0.003,64,PASS,True,,,0.5610202553861018,2658.955005303057,8448,16.407056016891108,22,9.549485998099929,4.822089262337808,11.996767303378068,28.914828689691376,17.989006490927952,14.039572527335272
research/robot-position-observer-results/scores.csv:169: trailing whitespace.
+recording_2021_12_15_22H_10M.mat,joint_temporal_affine-8102-cached,joint_temporal_affine,8102,0.003,128,PASS,True,,,0.6250709703632396,6601.498979173264,16896,18.8265356620225,22,12.299613155844352,5.185607354519211,11.823553967836213,32.159015802944836,18.848011724760834,20.47470124228076
research/robot-position-observer-results/scores.csv:170: trailing whitespace.
+recording_2021_12_15_22H_10M.mat,joint_temporal_affine-8103-cached,joint_temporal_affine,8103,0.003,64,PASS,True,,,0.5596898357847744,2646.358913348095,8448,16.389922867942428,22,9.410553144402476,4.984442628130391,11.713992721026477,29.415893805535994,17.69048834150303,13.524364654141044
research/robot-position-observer-results/scores.csv:171: trailing whitespace.
+recording_2021_12_15_22H_10M.mat,joint_temporal_affine-8103-cached,joint_temporal_affine,8103,0.003,128,PASS,True,,,0.6381047718115398,6879.674415967074,16896,19.275628942918317,22,11.813926692217374,5.282621936949889,12.113630885454672,34.70580725989234,19.43959621777024,18.239880935817737
research/robot-position-observer-results/scores.csv:172: trailing whitespace.
+recording_2021_12_15_22H_10M.mat,dense_bounded-8101-cached,dense_bounded,8101,0.001,64,PASS,True,,,0.6257227344376631,3307.6364884328523,8448,17.402466199248774,22,10.415359473852126,5.7091965525365405,13.342345426802693,29.50420201876438,21.93022060781677,12.105769140836372
research/robot-position-observer-results/scores.csv:173: trailing whitespace.
+recording_2021_12_15_22H_10M.mat,dense_bounded-8101-cached,dense_bounded,8101,0.001,128,PASS,True,,,0.7077259877104133,8462.80214090877,16896,20.103176294716096,22,13.09732869604381,6.130411772397613,15.543705777906295,33.42335886265865,23.543342357665388,17.39791766289362
research/robot-position-observer-results/scores.csv:174: trailing whitespace.
+recording_2021_12_15_22H_10M.mat,dense_bounded-8102-cached,dense_bounded,8102,0.001,64,PASS,True,,,0.6022570573826611,3064.2041816366914,8448,16.978585186104024,22,8.001788126572324,5.145925326155415,12.839706283465839,27.63973331941464,22.017923890992684,15.017425909996904
research/robot-position-observer-results/scores.csv:175: trailing whitespace.
+recording_2021_12_15_22H_10M.mat,dense_bounded-8102-cached,dense_bounded,8102,0.001,128,PASS,True,,,0.6845965392893557,7918.689235471236,16896,19.699263256808315,22,11.950274841408744,5.4868272102054405,13.508617183896325,32.430632769987454,24.16581603807016,18.36399059784334
research/robot-position-observer-results/scores.csv:176: trailing whitespace.
+recording_2021_12_15_22H_10M.mat,dense_bounded-8103-cached,dense_bounded,8103,0.001,64,PASS,True,,,0.5583758208097598,2633.947491774492,8448,16.083338602521888,22,9.037220622143453,4.884295988287092,13.29968648410292,25.856022175986073,17.82477943748246,16.833795603200162
research/robot-position-observer-results/scores.csv:177: trailing whitespace.
+recording_2021_12_15_22H_10M.mat,dense_bounded-8103-cached,dense_bounded,8103,0.001,128,PASS,True,,,0.6249908086313656,6599.805879721836,16896,18.907984945081616,22,10.5492584095906,4.7980603176513785,13.28507883292254,31.0270442561879,19.4952510838891,22.170419991515068
research/robot-position-observer-results/scores.csv:178: trailing whitespace.
+recording_2021_12_15_22H_10M.mat,dense_unbounded-8101-cached,dense_unbounded,8101,0.003,64,PASS,True,,,0.642589406518187,3488.357836080655,8448,18.705786192878655,22,10.852896482729294,6.397268308569773,14.655768149674532,33.226070638138566,18.10825458703451,17.148061826020587
research/robot-position-observer-results/scores.csv:179: trailing whitespace.
+recording_2021_12_15_22H_10M.mat,dense_unbounded-8101-cached,dense_unbounded,8101,0.003,128,PASS,True,,,0.7349027654860171,9125.226734452153,16896,22.37664026687524,22,13.075436313854828,6.728463338150061,15.958898982263646,39.95011117239568,19.168205815098105,23.873143289594683
research/robot-position-observer-results/scores.csv:180: trailing whitespace.
+recording_2021_12_15_22H_10M.mat,dense_unbounded-8102-cached,dense_unbounded,8102,0.003,64,PASS,True,,,0.6053953774593268,3096.222100638972,8448,17.540147718393943,22,9.059381197639471,5.559295289136567,14.362607787945144,30.244314423618533,18.739144667161735,16.149425371221824
research/robot-position-observer-results/scores.csv:181: trailing whitespace.
+recording_2021_12_15_22H_10M.mat,dense_unbounded-8102-cached,dense_unbounded,8102,0.003,128,PASS,True,,,0.6849682484928606,7927.290648387303,16896,20.48777109974886,22,12.846570793854257,5.416832291667786,14.43004578736287,34.786187133800546,21.161434592666,21.401046325444053
research/robot-position-observer-results/scores.csv:182: trailing whitespace.
+recording_2021_12_15_22H_10M.mat,dense_unbounded-8103-cached,dense_unbounded,8103,0.003,64,PASS,True,,,0.5811469945437361,2853.158493649451,8448,16.422561019779447,22,11.838273588262574,5.180930987604083,13.168034155935551,26.762848839326775,18.423004440910184,14.905099834723288
research/robot-position-observer-results/scores.csv:183: trailing whitespace.
+recording_2021_12_15_22H_10M.mat,dense_unbounded-8103-cached,dense_unbounded,8103,0.003,128,PASS,True,,,0.6565480327411666,7283.110674830216,16896,18.81131220709513,22,14.566622218434881,5.3882126964989885,13.449865682906099,29.135235755655433,21.286835447079927,19.977068604343035
research/robot-position-observer-results/scores.csv:184: trailing whitespace.
+recording_2021_12_15_22H_10M.mat,gru32-8101-cached,gru32,8101,0.003,64,PASS,True,,,0.7376533178988994,4596.830662256489,8448,21.88806100226825,22,14.512738278577594,5.560992522875879,13.106489560829395,36.17446491885801,24.82203409821333,23.161902316205374
research/robot-position-observer-results/scores.csv:185: trailing whitespace.
+recording_2021_12_15_22H_10M.mat,gru32-8101-cached,gru32,8101,0.003,128,PASS,True,,,0.7998934502776973,10810.5597692448,16896,24.392201495788996,22,17.492814800918808,5.556715366215684,11.889451489262306,42.12343245275187,25.87203779544016,25.45380815400496
research/robot-position-observer-results/scores.csv:186: trailing whitespace.
+recording_2021_12_15_22H_10M.mat,gru32-8102-cached,gru32,8102,0.003,64,PASS,True,,,0.7643104595609618,4935.072203164549,8448,22.993202030568348,22,12.934553611527498,5.834397128566695,14.711937145614426,38.92696055605905,25.132763661798258,24.644999670087127
research/robot-position-observer-results/scores.csv:187: trailing whitespace.
+recording_2021_12_15_22H_10M.mat,gru32-8102-cached,gru32,8102,0.003,128,PASS,True,,,0.8173378462741034,11287.223354068823,16896,25.009486416764,22,13.89489419127817,5.957968948578584,14.11531334749103,42.168429619403504,26.94835172598296,28.646968394422508
research/robot-position-observer-results/scores.csv:188: trailing whitespace.
+recording_2021_12_15_22H_10M.mat,gru32-8103-cached,gru32,8103,0.003,64,PASS,True,,,0.6304170805546327,3357.452275204062,8448,18.120367393527165,22,13.244477948962526,5.375382595939701,11.878847539307813,28.097151703521693,20.860305419631107,20.001651375624128
research/robot-position-observer-results/scores.csv:189: trailing whitespace.
+recording_2021_12_15_22H_10M.mat,gru32-8103-cached,gru32,8103,0.003,128,PASS,True,,,0.7582040639854821,9713.061011074733,16896,22.506341536086257,22,15.535145197148895,5.945410842069254,13.522826617824737,35.26124897476189,24.731937753427637,26.918999714346025
research/robot-position-observer-results/scores.csv:190: trailing whitespace.
+recording_2021_12_15_22H_10M.mat,legacy_instant-8101-cached,legacy_instant,8101,0.001,64,PASS,True,,,0.6377212535684517,3435.703579992646,8448,18.809817191131057,22,9.046512467798275,5.1859268858199075,13.567391655573356,32.08055124710833,21.43825697192923,18.4739645024824
research/robot-position-observer-results/scores.csv:191: trailing whitespace.
+recording_2021_12_15_22H_10M.mat,legacy_instant-8101-cached,legacy_instant,8101,0.001,128,PASS,True,,,0.7002290926792969,8284.459936633628,16896,20.86658090284439,22,12.329785835887636,5.326957588298953,14.01707811304889,33.576629934942886,23.153400564972266,23.91937668932523
research/robot-position-observer-results/scores.csv:192: trailing whitespace.
+recording_2021_12_15_22H_10M.mat,legacy_instant-8102-cached,legacy_instant,8102,0.001,64,PASS,True,,,0.5649183692023483,2696.0335891082095,8448,15.902230603402243,22,9.277043208714796,5.067084509822879,15.013949327172975,25.78418830617323,17.612529692030726,14.321400409766737
research/robot-position-observer-results/scores.csv:193: trailing whitespace.
+recording_2021_12_15_22H_10M.mat,legacy_instant-8102-cached,legacy_instant,8102,0.001,128,PASS,True,,,0.6596384303432455,7351.835822043199,16896,19.09677873457801,22,12.80912183987592,5.5995840986367496,15.410951035003487,31.814506632956576,20.2542807413954,18.242715570471404
research/robot-position-observer-results/scores.csv:194: trailing whitespace.
+recording_2021_12_15_22H_10M.mat,legacy_instant-8103-cached,legacy_instant,8103,0.001,64,PASS,True,,,0.5975311214908036,3016.3029908356853,8448,17.25858996370633,22,9.165544213189623,5.151746392603649,15.642494665126577,29.058646074989063,18.285174038781637,15.911182636935152
research/robot-position-observer-results/scores.csv:195: trailing whitespace.
+recording_2021_12_15_22H_10M.mat,legacy_instant-8103-cached,legacy_instant,8103,0.001,128,PASS,True,,,0.6789077743744397,7787.632784127909,16896,20.073943214107224,22,12.563143692484763,5.460574481565554,16.76570447104384,34.600181671123124,19.892897621230276,18.871670037879827
research/robot-position-observer-results/scores.csv:196: trailing whitespace.
+recording_2021_12_15_22H_10M.mat,gru10-8101-cached,gru10,8101,0.003,64,PASS,True,,,0.6348588451522262,3404.9305236082196,8448,18.466262028653862,22,8.590472045688468,5.5077143738459,11.6194043271336,28.428315605460316,22.54089534984395,22.149813182510393
research/robot-position-observer-results/scores.csv:197: trailing whitespace.
+recording_2021_12_15_22H_10M.mat,gru10-8101-cached,gru10,8101,0.003,128,PASS,True,,,0.6962198934662013,8189.865278421466,16896,20.547902435402104,22,10.990194589876436,5.539837716225463,12.637900214301313,31.267605311838295,24.368581544780547,25.507178551443207
research/robot-position-observer-results/scores.csv:198: trailing whitespace.
+recording_2021_12_15_22H_10M.mat,gru10-8102-cached,gru10,8102,0.003,64,PASS,True,,,0.71790090068364,4353.9446286537195,8448,21.522151384294084,22,13.887693650216832,5.895569528950794,11.566656888637313,32.3966805033597,23.323998014369238,28.709769829577823
research/robot-position-observer-results/scores.csv:199: trailing whitespace.
+recording_2021_12_15_22H_10M.mat,gru10-8102-cached,gru10,8102,0.003,128,PASS,True,,,0.7624231501213383,9821.459955072603,16896,23.079397422181813,22,15.3874205858609,6.044130778510191,11.317264455556352,34.844608391878076,24.62232117606872,31.211558343574332
research/robot-position-observer-results/scores.csv:200: trailing whitespace.
+recording_2021_12_15_22H_10M.mat,gru10-8103-cached,gru10,8103,0.003,64,PASS,True,,,0.6893498252367066,4014.5164777671607,8448,20.616019047646297,22,14.670010954106024,5.983223642597949,13.791178326612354,34.22879230789806,19.515390292048153,23.5893192131936
research/robot-position-observer-results/scores.csv:201: trailing whitespace.
+recording_2021_12_15_22H_10M.mat,gru10-8103-cached,gru10,8103,0.003,128,PASS,True,,,0.718636588987013,8725.745690633903,16896,21.61679502803512,22,16.478155807501395,5.919796451803582,14.048241615899865,34.16894316709712,20.114601280255958,26.975440692206252
research/robot-position-observer-results/scores.csv:202: trailing whitespace.
+recording_2021_12_15_22H_10M.mat,causal_ridge_1,causal_ridge_1,,,64,PASS,True,,,0.6310333557816429,3364.0197559291823,8448,17.93232591783889,22,10.28615598479097,6.577650674276712,12.464371360880635,27.074745497636055,19.834619814065825,22.327669902008967
research/robot-position-observer-results/scores.csv:203: trailing whitespace.
+recording_2021_12_15_22H_10M.mat,causal_ridge_1,causal_ridge_1,,,128,PASS,True,,,0.8113468127378697,11122.360559522147,16896,24.244470158812778,22,14.38047699231581,7.807360371406114,14.38017047105143,33.86736114700363,24.029182725055666,36.43931844754603
research/robot-position-observer-results/scores.csv:204: trailing whitespace.
+recording_2021_12_15_22H_10M.mat,causal_ridge_100,causal_ridge_100,,,64,PASS,True,,,0.6263539544079613,3314.3132453586395,8448,18.899788940857253,22,10.110764751968834,5.8728308456208556,11.74256795389804,29.60835079645187,18.450087198298675,25.525406350933554
research/robot-position-observer-results/scores.csv:205: trailing whitespace.
+recording_2021_12_15_22H_10M.mat,causal_ridge_100,causal_ridge_100,,,128,PASS,True,,,0.740766028463826,9271.414883614876,16896,22.788821621107108,22,13.54851605855974,6.488668130312524,12.758511446265054,34.30550839359692,21.347988049084123,33.08977379139944
research/robot-position-observer-results/scores.csv:206: trailing whitespace.
+recording_2021_12_15_22H_10M.mat,linear_frozen,linear_frozen,,,64,PASS,True,,,0.7721459646430878,5036.77693275698,8448,22.307090743105768,22,11.16733905382351,7.496765066282817,22.295201766487597,34.37882963184696,19.937699239079784,26.985830298749136
research/robot-position-observer-results/scores.csv:207: trailing whitespace.
+recording_2021_12_15_22H_10M.mat,linear_frozen,linear_frozen,,,128,PASS,True,,,1.0861539278016477,19932.72407603469,16896,30.85390208654057,22,18.127046501332508,9.079623636394432,37.58593072705089,41.85822823469394,25.868284143088783,38.29841614846464
research/robot-position-observer-results/scores.csv:208: trailing whitespace.
+recording_2021_12_15_22H_10M.mat,persistence,persistence,,,64,PASS,True,,,1.265535369650866,13530.145912481965,8448,35.903150852245844,22,29.11713644263189,12.879330413736001,24.84468695447213,54.481867994794534,35.93000116220385,42.94223173760064
research/robot-position-observer-results/scores.csv:209: trailing whitespace.
+recording_2021_12_15_22H_10M.mat,persistence,persistence,,,128,PASS,True,,,1.3466662276393335,30641.063754712915,16896,38.38424221252104,22,29.683922734416047,13.411558121582338,29.08192754623158,55.91540762389287,37.73553073306415,48.814276005786894
research/robot-position-observer-results/scores.csv:210: trailing whitespace.
+recording_2021_12_15_22H_41M.mat,local_affine-8101-lr0,local_affine,8101,0.001,64,PASS,False,,,0.5710930254712753,2755.2919151318642,8448,16.388057625041764,22,5.836035333419472,4.241204040933157,12.867021569872252,26.004106659206656,21.43384704669934,16.067976529611084
research/robot-position-observer-results/scores.csv:211: trailing whitespace.
+recording_2021_12_15_22H_41M.mat,local_affine-8101-lr0,local_affine,8101,0.001,128,PASS,False,,,0.6289655527821454,6684.018174646344,16896,18.810566517884485,22,8.57901134205892,4.650134275542177,14.476014998420156,29.99552531284086,20.80032862294547,22.042256511176586
research/robot-position-observer-results/scores.csv:212: trailing whitespace.
+recording_2021_12_15_22H_41M.mat,temporal_affine-8101-lr0,temporal_affine,8101,0.001,64,PASS,True,,,0.5632400584689907,2680.0381425451565,8448,16.318435322419617,22,5.834433689872951,4.215880468842182,12.973753725187203,26.327534434598423,20.51384105047807,16.237570441781322
research/robot-position-observer-results/scores.csv:213: trailing whitespace.
+recording_2021_12_15_22H_41M.mat,temporal_affine-8101-lr0,temporal_affine,8101,0.001,128,PASS,True,,,0.6262469589219928,6626.362044133608,16896,18.83370866846591,22,8.428167033045998,4.646983188790167,14.48959809087006,30.05332272786851,20.368768486053007,22.5296615930927
research/robot-position-observer-results/scores.csv:214: trailing whitespace.
+recording_2021_12_15_22H_41M.mat,observer_learned-8101-lr0,observer_learned,8101,0.001,64,PASS,False,,,0.5709553571452685,2753.963687717139,8448,16.859483992429094,22,5.234406800507127,4.437779366778281,12.646937014046788,27.538552302944257,20.134461007778715,18.293356822393594
research/robot-position-observer-results/scores.csv:215: trailing whitespace.
+recording_2021_12_15_22H_41M.mat,observer_learned-8101-lr0,observer_learned,8101,0.001,128,PASS,False,,,0.6287182323511712,6678.762658711441,16896,19.06506967015698,22,7.992248920915985,4.77450349962472,14.339962916587323,30.84026659382976,20.06996667031039,23.122050525653325
research/robot-position-observer-results/scores.csv:216: trailing whitespace.
+recording_2021_12_15_22H_41M.mat,local_affine-8101-lr1,local_affine,8101,0.003,64,PASS,True,,,0.5787127409877836,2829.306472241302,8448,16.61185260944931,22,5.8386983437726245,4.352973763364102,13.196328442272454,26.351441649628857,21.549171960018523,16.42482055432344
research/robot-position-observer-results/scores.csv:217: trailing whitespace.
+recording_2021_12_15_22H_41M.mat,local_affine-8101-lr1,local_affine,8101,0.003,128,PASS,True,,,0.6337654945224249,6786.425429790401,16896,18.938458516303115,22,8.680565760864692,4.7103300573859705,14.655470703937945,30.150854139853852,20.9028188460928,22.2186221902911
research/robot-position-observer-results/scores.csv:218: trailing whitespace.
+recording_2021_12_15_22H_41M.mat,temporal_affine-8101-lr1,temporal_affine,8101,0.003,64,PASS,False,,,0.570801471059666,2752.4793699860475,8448,16.562148176749808,22,5.617587105078181,4.36604307700299,13.449056380317925,26.8332829860471,20.462678007344437,16.6007684091973
research/robot-position-observer-results/scores.csv:219: trailing whitespace.
+recording_2021_12_15_22H_41M.mat,temporal_affine-8101-lr1,temporal_affine,8101,0.003,128,PASS,False,,,0.6321189894304056,6751.209346227745,16896,19.088764911507283,22,8.29240488437314,4.72760481948858,14.686603714612906,30.46032085855308,20.296894341931647,23.23101490640262
research/robot-position-observer-results/scores.csv:220: trailing whitespace.
+recording_2021_12_15_22H_41M.mat,observer_learned-8101-lr1,observer_learned,8101,0.003,64,PASS,False,,,0.5731713838384781,2775.3828770031173,8448,16.98602937261509,22,5.66344978342079,4.391421476547571,12.749473104514832,27.923632220199412,20.02962599419677,18.339239318219686
research/robot-position-observer-results/scores.csv:221: trailing whitespace.
+recording_2021_12_15_22H_41M.mat,observer_learned-8101-lr1,observer_learned,8101,0.003,128,PASS,False,,,0.6316305662091403,6740.7803809788975,16896,19.177796043162484,22,8.110035359821413,4.74578418910366,14.422019584460216,31.098460515210068,20.146566966848802,23.18272998314423
research/robot-position-observer-results/scores.csv:222: trailing whitespace.
+recording_2021_12_15_22H_41M.mat,local_affine-8102-lr0,local_affine,8102,0.001,64,PASS,False,,,0.5787222554300542,2829.3995045610523,8448,16.765532567948046,22,7.5095999093195775,4.145575570787652,13.939014778208316,26.508670283014453,20.598941128795378,17.076196804971968
research/robot-position-observer-results/scores.csv:223: trailing whitespace.
+recording_2021_12_15_22H_41M.mat,local_affine-8102-lr0,local_affine,8102,0.001,128,PASS,False,,,0.6258603456201385,6618.1830058250525,16896,18.414570339498912,22,12.60247535875811,4.505660258870817,14.578366342043745,28.268430983667063,19.813195456689275,21.24286646164992
research/robot-position-observer-results/scores.csv:224: trailing whitespace.
+recording_2021_12_15_22H_41M.mat,temporal_affine-8102-lr0,temporal_affine,8102,0.001,64,PASS,True,,,0.5675262368746489,2720.9827775632134,8448,16.452839024832084,22,7.703776379652946,4.148927515256699,13.89863212394778,26.06165532211964,19.771415295865104,16.861879669251113
research/robot-position-observer-results/scores.csv:225: trailing whitespace.
+recording_2021_12_15_22H_41M.mat,temporal_affine-8102-lr0,temporal_affine,8102,0.001,128,PASS,True,,,0.6214545304777469,6525.3320723934485,16896,18.312218469954846,22,12.635445190425237,4.5139481655262435,14.57619766710611,28.135942076648227,19.37918995071825,21.268382412157294
research/robot-position-observer-results/scores.csv:226: trailing whitespace.
+recording_2021_12_15_22H_41M.mat,observer_learned-8102-lr0,observer_learned,8102,0.001,64,FAILED,False,FailedTrainingAttempt,,,,,,,,,,,,
research/robot-position-observer-results/scores.csv:227: trailing whitespace.
+recording_2021_12_15_22H_41M.mat,observer_learned-8102-lr0,observer_learned,8102,0.001,128,FAILED,False,FailedTrainingAttempt,,,,,,,,,,,,
research/robot-position-observer-results/scores.csv:228: trailing whitespace.
+recording_2021_12_15_22H_41M.mat,local_affine-8102-lr1,local_affine,8102,0.003,64,PASS,True,,,0.5793574656583851,2835.6140568231745,8448,16.61301647615598,22,7.54361863748252,4.159485843591509,14.346375551834038,25.64415766810159,20.80322983545805,16.897653932536365
research/robot-position-observer-results/scores.csv:229: trailing whitespace.
+recording_2021_12_15_22H_41M.mat,local_affine-8102-lr1,local_affine,8102,0.003,128,PASS,True,,,0.6262910322204479,6627.294762143685,16896,18.35462731917983,22,12.563357360390722,4.499926437147188,14.79910909282511,27.811170410471608,19.94909902133484,21.2796944702367
research/robot-position-observer-results/scores.csv:230: trailing whitespace.
+recording_2021_12_15_22H_41M.mat,temporal_affine-8102-lr1,temporal_affine,8102,0.003,64,PASS,False,,,0.5743813322132489,2787.112752188723,8448,16.570777144059015,22,7.55257497312039,4.24808469901885,13.990614573968832,26.101038645760536,20.27191908826842,16.867249347407956
research/robot-position-observer-results/scores.csv:231: trailing whitespace.
+recording_2021_12_15_22H_41M.mat,temporal_affine-8102-lr1,temporal_affine,8102,0.003,128,PASS,False,,,0.6255456384063417,6611.528913440523,16896,18.410304674132266,22,12.49653869024537,4.551697197315636,14.619633784592354,28.175628868086203,19.723972589903536,21.450399383657526
research/robot-position-observer-results/scores.csv:232: trailing whitespace.
+recording_2021_12_15_22H_41M.mat,observer_learned-8102-lr1,observer_learned,8102,0.003,64,FAILED,False,FailedTrainingAttempt,,,,,,,,,,,,
research/robot-position-observer-results/scores.csv:233: trailing whitespace.
+recording_2021_12_15_22H_41M.mat,observer_learned-8102-lr1,observer_learned,8102,0.003,128,FAILED,False,FailedTrainingAttempt,,,,,,,,,,,,
research/robot-position-observer-results/scores.csv:234: trailing whitespace.
+recording_2021_12_15_22H_41M.mat,local_affine-8103-lr0,local_affine,8103,0.001,64,PASS,False,,,0.554289437038896,2595.5363175489474,8448,16.66849660020244,22,6.382751817255893,5.073537641995058,13.841866814840774,26.489819291936193,15.559111068505343,21.567536442974372
research/robot-position-observer-results/scores.csv:235: trailing whitespace.
+recording_2021_12_15_22H_41M.mat,local_affine-8103-lr0,local_affine,8103,0.001,128,PASS,False,,,0.585641363293267,5794.919224934338,16896,17.950374984571933,22,8.216742566297242,5.287132922305489,13.49642664598285,29.19841672000244,15.71061803455785,23.58606684863881
research/robot-position-observer-results/scores.csv:236: trailing whitespace.
+recording_2021_12_15_22H_41M.mat,temporal_affine-8103-lr0,temporal_affine,8103,0.001,64,PASS,True,,,0.5476924628522594,2534.121502092986,8448,16.551264064365007,22,6.128857726819486,5.059590378191632,13.833990186288405,26.58430876603999,14.896439316302024,21.45914815626695
research/robot-position-observer-results/scores.csv:237: trailing whitespace.
+recording_2021_12_15_22H_41M.mat,temporal_affine-8103-lr0,temporal_affine,8103,0.001,128,PASS,True,,,0.5795175783539425,5674.363176704097,16896,17.774703395717214,22,8.04302078853798,5.26923012448893,13.52920791526675,28.8034014413821,15.305132768356312,23.585228954998662
research/robot-position-observer-results/scores.csv:238: trailing whitespace.
+recording_2021_12_15_22H_41M.mat,observer_learned-8103-lr0,observer_learned,8103,0.001,64,FAILED,False,FailedTrainingAttempt,,,,,,,,,,,,
research/robot-position-observer-results/scores.csv:239: trailing whitespace.
+recording_2021_12_15_22H_41M.mat,observer_learned-8103-lr0,observer_learned,8103,0.001,128,FAILED,False,FailedTrainingAttempt,,,,,,,,,,,,
research/robot-position-observer-results/scores.csv:240: trailing whitespace.
+recording_2021_12_15_22H_41M.mat,local_affine-8103-lr1,local_affine,8103,0.003,64,PASS,True,,,0.5655985107415039,2702.5293533822046,8448,16.96096160038425,22,6.7916936748554555,5.1598215225277295,14.38664337598072,26.84916366926375,15.768115498375284,21.835931067947996
research/robot-position-observer-results/scores.csv:241: trailing whitespace.
+recording_2021_12_15_22H_41M.mat,local_affine-8103-lr1,local_affine,8103,0.003,128,PASS,True,,,0.5923015913054279,5927.474573863471,16896,18.128654823676108,22,8.536467340247906,5.33144903086556,13.772320758904032,29.429357966986068,15.824691124158132,23.75727998458534
research/robot-position-observer-results/scores.csv:242: trailing whitespace.
+recording_2021_12_15_22H_41M.mat,temporal_affine-8103-lr1,temporal_affine,8103,0.003,64,PASS,False,,,0.5509220740895391,2564.0958327631224,8448,16.350679426658246,22,7.004213126465027,5.2456046442550655,14.680700022175252,25.735843499058184,14.60463767077408,20.888774531589704
research/robot-position-observer-results/scores.csv:243: trailing whitespace.
+recording_2021_12_15_22H_41M.mat,temporal_affine-8103-lr1,temporal_affine,8103,0.003,128,PASS,False,,,0.5805354001210475,5694.312743010436,16896,17.571443382023364,22,8.796269510275234,5.40112286210473,14.06530878507222,27.946743767155777,15.072910005264779,23.236635627036616
research/robot-position-observer-results/scores.csv:244: trailing whitespace.
+recording_2021_12_15_22H_41M.mat,observer_learned-8103-lr1,observer_learned,8103,0.003,64,PASS,False,,,0.5495232191389027,2551.0912912132662,8448,16.828282944991965,22,6.418635418395352,5.25751235213159,13.125939756331109,27.851727163648246,14.121979436083869,21.97423538635278
research/robot-position-observer-results/scores.csv:245: trailing whitespace.
+recording_2021_12_15_22H_41M.mat,observer_learned-8103-lr1,observer_learned,8103,0.003,128,PASS,False,,,0.5823770986488602,5730.499484678105,16896,17.99791635156374,22,8.351493689858009,5.370493940468064,13.02116430754404,29.67952623106421,14.969694636355102,23.883960124752438
research/robot-position-observer-results/scores.csv:246: trailing whitespace.
+recording_2021_12_15_22H_41M.mat,last_two-8101-fixed,last_two,8101,,64,PASS,True,,,0.5738212879945751,2781.6803144550017,8448,16.659959374279524,22,5.67759197676841,4.370294821802748,13.44259198270575,26.954259007058443,20.61663853282949,16.7842130707781
research/robot-position-observer-results/scores.csv:247: trailing whitespace.
+recording_2021_12_15_22H_41M.mat,last_two-8101-fixed,last_two,8101,,128,PASS,True,,,0.6309676039046551,6726.637499825662,16896,18.917438307357077,22,8.295117177684034,4.715678040112644,14.721425484805808,30.260401634864877,20.621301571499327,22.327558988741085
research/robot-position-observer-results/scores.csv:248: trailing whitespace.
+recording_2021_12_15_22H_41M.mat,last_two-8102-fixed,last_two,8102,,64,PASS,True,,,0.5963453741689271,3004.343699112541,8448,17.202673704938913,22,8.496850931429252,4.15849149131957,14.841583879235136,26.20529402132219,21.057033462604814,18.3224906419323
research/robot-position-observer-results/scores.csv:249: trailing whitespace.
+recording_2021_12_15_22H_41M.mat,last_two-8102-fixed,last_two,8102,,128,PASS,True,,,0.6375797445230829,6868.357995858918,16896,18.75785258075637,22,12.92387954010833,4.5043505949674385,15.124526414855866,28.1711460923262,20.124827282270196,22.281223472436412
research/robot-position-observer-results/scores.csv:250: trailing whitespace.
+recording_2021_12_15_22H_41M.mat,last_two-8103-fixed,last_two,8103,,64,PASS,True,,,0.5533756327429699,2586.9853440387874,8448,16.536231753181287,22,6.606871244377743,5.089133952877432,14.100048399815217,25.61839215468439,15.523182337660073,21.795622500466546
research/robot-position-observer-results/scores.csv:251: trailing whitespace.
+recording_2021_12_15_22H_41M.mat,last_two-8103-fixed,last_two,8103,,128,PASS,True,,,0.583035339987913,5743.460788873781,16896,17.825220156383832,22,8.023055110267709,5.327706703279046,13.595623946990422,28.594723217302647,15.585835696922114,23.838194331139672
research/robot-position-observer-results/scores.csv:252: trailing whitespace.
+recording_2021_12_15_22H_41M.mat,observer_fixed-8101-fixed,observer_fixed,8101,,64,PASS,True,,,8400057.964773662,5.960991067600374e+17,8448,223165134.244052,22,77045270.2075024,25891097.397636894,305405231.70503074,308966963.80980873,318773952.1066896,43127339.899654835
research/robot-position-observer-results/scores.csv:253: trailing whitespace.
+recording_2021_12_15_22H_41M.mat,observer_fixed-8101-fixed,observer_fixed,8101,,128,PASS,True,,,6238211.900415912,6.575127012240351e+17,16896,167113544.11560065,22,76876316.98552732,21226777.37875509,225455824.94259962,236959594.57323965,228222606.57070014,46209727.972879015
research/robot-position-observer-results/scores.csv:254: trailing whitespace.
+recording_2021_12_15_22H_41M.mat,observer_fixed-8102-fixed,observer_fixed,8102,,64,PASS,True,,,1121337072.6472723,1.0622488424006166e+22,8448,27411189408.675667,22,4949721073.900601,4621553187.721775,29798284742.041195,24669003132.82647,54322880681.517456,3861150287.136202
research/robot-position-observer-results/scores.csv:255: trailing whitespace.
+recording_2021_12_15_22H_41M.mat,observer_fixed-8102-fixed,observer_fixed,8102,,128,PASS,True,,,801658194.0585923,1.085831341227129e+22,16896,19651163550.856045,22,3881619697.707806,3270173965.6895237,21158866229.75153,18126057321.45474,38811973267.479485,2937264221.4698544
research/robot-position-observer-results/scores.csv:256: trailing whitespace.
+recording_2021_12_15_22H_41M.mat,observer_fixed-8103-fixed,observer_fixed,8103,,64,PASS,True,,,189972019.63185585,3.048829829169166e+20,8448,4637082135.274663,22,3285215150.2924867,84109963.20805772,3636275643.1756725,3243742950.7757726,9592239470.179647,1568452858.3753784
research/robot-position-observer-results/scores.csv:257: trailing whitespace.
+recording_2021_12_15_22H_41M.mat,observer_fixed-8103-fixed,observer_fixed,8103,,128,PASS,True,,,143259254.8922107,3.467602256409374e+20,16896,3520992644.081218,22,2974464794.4627304,128084192.38544159,2730082421.5108333,2736546928.660426,7021835489.813389,1127952151.9997752
research/robot-position-observer-results/scores.csv:258: trailing whitespace.
+recording_2021_12_15_22H_41M.mat,observer_zero-8101-fixed,observer_zero,8101,,64,PASS,True,,,0.6295953937559776,3348.7057599177133,8448,18.557614441843732,22,8.595095602540292,5.079978082782606,14.127288481624618,31.07674992690086,20.98140440813397,19.00169676882997
research/robot-position-observer-results/scores.csv:259: trailing whitespace.
+recording_2021_12_15_22H_41M.mat,observer_zero-8101-fixed,observer_zero,8101,,128,PASS,True,,,0.6669469711554477,7515.649360385558,16896,20.158273951145233,22,9.90245448977183,5.052908219113539,14.990114758068875,32.335744074912796,21.109593547796262,24.46684983099052
research/robot-position-observer-results/scores.csv:260: trailing whitespace.
+recording_2021_12_15_22H_41M.mat,observer_zero-8102-fixed,observer_zero,8102,,64,PASS,True,,,0.6382718902621467,3441.639217833179,8448,18.85872140905376,22,10.579192915890346,4.631165780346354,13.324498086820086,29.945309361219344,21.96478358703338,21.067171139930625
research/robot-position-observer-results/scores.csv:261: trailing whitespace.
+recording_2021_12_15_22H_41M.mat,observer_zero-8102-fixed,observer_zero,8102,,128,PASS,True,,,0.6619129181653932,7402.622705013492,16896,19.69133982041742,22,14.244731618041877,4.739228187489114,14.21839179228817,30.039885585887813,20.591388248205945,23.928181286826117
research/robot-position-observer-results/scores.csv:262: trailing whitespace.
+recording_2021_12_15_22H_41M.mat,observer_zero-8103-fixed,observer_zero,8103,,64,PASS,True,,,0.6228772026030993,3277.6213284474525,8448,19.75256000335242,22,8.91107171793657,4.947063761184003,12.486531748287309,34.08257124917398,17.2293793509894,24.95424753865543
research/robot-position-observer-results/scores.csv:263: trailing whitespace.
+recording_2021_12_15_22H_41M.mat,observer_zero-8103-fixed,observer_zero,8103,,128,PASS,True,,,0.6395072363377086,6909.948762026854,16896,20.153378347494808,22,10.456731201386413,5.226089202707447,13.34889126530041,33.737239333298206,16.802131448713347,26.487560855353088
research/robot-position-observer-results/scores.csv:264: trailing whitespace.
+recording_2021_12_15_22H_41M.mat,joint_local_affine-8101-cached,joint_local_affine,8101,0.003,64,PASS,True,,,0.5454598252161225,2513.503203972735,8448,16.05246479098776,22,7.910383727414371,5.517164329396196,12.459822814991027,28.055946827088903,15.187547897905631,16.734142766999383
research/robot-position-observer-results/scores.csv:265: trailing whitespace.
+recording_2021_12_15_22H_41M.mat,joint_local_affine-8101-cached,joint_local_affine,8101,0.003,128,PASS,True,,,0.5803200003985989,5690.087933166993,16896,17.317355882544298,22,10.320991393938987,5.571067384045102,12.990327533843068,29.175462895448103,15.426631202655342,20.095970704643417
research/robot-position-observer-results/scores.csv:266: trailing whitespace.
+recording_2021_12_15_22H_41M.mat,joint_local_affine-8102-cached,joint_local_affine,8102,0.003,64,PASS,True,,,0.5522828398494093,2576.7779997030993,8448,16.522145754600267,22,6.442328956177096,4.111616004851808,10.845765204426424,27.504496555069196,19.59137538730248,17.931226123247146
research/robot-position-observer-results/scores.csv:267: trailing whitespace.
+recording_2021_12_15_22H_41M.mat,joint_local_affine-8102-cached,joint_local_affine,8102,0.003,128,PASS,True,,,0.6071577929754078,6228.551333803699,16896,18.508788801271045,22,10.960740346499374,4.465638253074144,12.070734067395003,29.360506991664312,19.051211619696975,23.33840541849043
research/robot-position-observer-results/scores.csv:268: trailing whitespace.
+recording_2021_12_15_22H_41M.mat,joint_local_affine-8103-cached,joint_local_affine,8103,0.003,64,PASS,True,,,0.5617076894193882,2665.475183525028,8448,16.744035236298995,22,8.479597574072136,4.119543114449769,12.433036491371297,26.368147203312642,18.787765794834154,19.760120409138164
research/robot-position-observer-results/scores.csv:269: trailing whitespace.
+recording_2021_12_15_22H_41M.mat,joint_local_affine-8103-cached,joint_local_affine,8103,0.003,128,PASS,True,,,0.5881719352331689,5845.107424289651,16896,17.500631455600285,22,10.473018547300066,4.384523555943274,13.305581473237833,24.800459293094185,18.789513960843717,23.73978368455853
research/robot-position-observer-results/scores.csv:270: trailing whitespace.
+recording_2021_12_15_22H_41M.mat,joint_temporal_affine-8101-cached,joint_temporal_affine,8101,0.003,64,PASS,True,,,0.5686175978429276,2731.4578163276356,8448,16.017723579873127,22,6.39387205891442,5.073321139303343,12.6270641160296,24.086172276051258,20.506578694171882,17.682715061801627
research/robot-position-observer-results/scores.csv:271: trailing whitespace.
+recording_2021_12_15_22H_41M.mat,joint_temporal_affine-8101-cached,joint_temporal_affine,8101,0.003,128,PASS,True,,,0.6173645265171068,6439.723844534179,16896,17.431081931160854,22,11.759170403922571,5.394217818616607,13.25221753216726,23.669341516397623,20.82373365111182,22.049787952941703
research/robot-position-observer-results/scores.csv:272: trailing whitespace.
+recording_2021_12_15_22H_41M.mat,joint_temporal_affine-8102-cached,joint_temporal_affine,8102,0.003,64,PASS,True,,,0.5580750088726856,2631.1103007826396,8448,16.961689625802872,22,7.021788952045418,4.140179517341017,10.834091254290646,28.354812825950923,18.98892850004763,19.436937360824253
research/robot-position-observer-results/scores.csv:273: trailing whitespace.
+recording_2021_12_15_22H_41M.mat,joint_temporal_affine-8102-cached,joint_temporal_affine,8102,0.003,128,PASS,True,,,0.6151026520353923,6392.623100852277,16896,18.899510112515518,22,10.726373304978628,4.39478938072495,12.476625166511088,29.719235333042214,19.13541647778584,24.57063997691324
research/robot-position-observer-results/scores.csv:274: trailing whitespace.
+recording_2021_12_15_22H_41M.mat,joint_temporal_affine-8103-cached,joint_temporal_affine,8103,0.003,64,PASS,True,,,0.5506851504560712,2561.8909319125128,8448,16.336965374376877,22,6.5046402376319605,4.118257429510624,13.335665818507984,27.998960496895773,18.384678264882602,15.566954434053393
research/robot-position-observer-results/scores.csv:275: trailing whitespace.
+recording_2021_12_15_22H_41M.mat,joint_temporal_affine-8103-cached,joint_temporal_affine,8103,0.003,128,PASS,True,,,0.5997400752399633,6077.291115013948,16896,17.855649563846058,22,11.183096647661053,4.391192107502026,13.641812836578639,27.529387121102747,18.930040968595282,21.593713101754027
research/robot-position-observer-results/scores.csv:276: trailing whitespace.
+recording_2021_12_15_22H_41M.mat,dense_bounded-8101-cached,dense_bounded,8101,0.001,64,PASS,True,,,0.6007739819135307,3049.1313798041338,8448,17.990223637615188,22,6.512622802616797,4.618432343492171,15.66743707728628,29.351819653865736,18.748834308584698,20.484824056196434
research/robot-position-observer-results/scores.csv:277: trailing whitespace.
+recording_2021_12_15_22H_41M.mat,dense_bounded-8101-cached,dense_bounded,8101,0.001,128,PASS,True,,,0.6631867313131782,7431.141959406234,16896,20.672407851997438,22,8.626639589725608,5.158169642810552,15.735640373050565,33.10149769292798,18.58545972039448,27.826717615227583
research/robot-position-observer-results/scores.csv:278: trailing whitespace.
+recording_2021_12_15_22H_41M.mat,dense_bounded-8102-cached,dense_bounded,8102,0.001,64,PASS,True,,,0.5732441369489808,2776.0874849358343,8448,17.2651444709847,22,7.397037812676841,4.726044343172145,14.90094033781321,30.576956972817644,16.44578638782481,16.85251932221016
research/robot-position-observer-results/scores.csv:279: trailing whitespace.
+recording_2021_12_15_22H_41M.mat,dense_bounded-8102-cached,dense_bounded,8102,0.001,128,PASS,True,,,0.5974464884404805,6030.897211466456,16896,18.23482881122158,22,8.483268753413643,5.253853710666555,14.611102896546793,31.433491271373004,15.917925733248872,20.989425958835152
research/robot-position-observer-results/scores.csv:280: trailing whitespace.
+recording_2021_12_15_22H_41M.mat,dense_bounded-8103-cached,dense_bounded,8103,0.001,64,PASS,True,,,0.5839870344911257,2881.113155321189,8448,17.62549166835414,22,7.1906830391134156,4.412877666784844,14.334686361685861,27.968188892521976,18.34278884659286,21.64734629810181
research/robot-position-observer-results/scores.csv:281: trailing whitespace.
+recording_2021_12_15_22H_41M.mat,dense_bounded-8103-cached,dense_bounded,8103,0.001,128,PASS,True,,,0.6070998431412163,6227.3624293831435,16896,18.732860123517536,22,8.374774864489332,4.64499191095271,13.995633300481282,29.018074020812257,17.960061503612355,25.560072495740773
research/robot-position-observer-results/scores.csv:282: trailing whitespace.
+recording_2021_12_15_22H_41M.mat,dense_unbounded-8101-cached,dense_unbounded,8101,0.003,64,PASS,True,,,0.6975582151484468,4110.6908918261415,8448,21.089853871894714,22,9.963086085770522,5.49987000214364,14.579593974336541,33.425971790444464,22.480147673399383,26.53229680265804
research/robot-position-observer-results/scores.csv:283: trailing whitespace.
+recording_2021_12_15_22H_41M.mat,dense_unbounded-8101-cached,dense_unbounded,8101,0.003,128,PASS,True,,,0.8075942411142198,11019.714111113286,16896,25.116958758720802,22,14.457035444262843,6.171998904957788,15.261432572897307,39.10878737153805,23.811538286105716,34.765965109633775
research/robot-position-observer-results/scores.csv:284: trailing whitespace.
+recording_2021_12_15_22H_41M.mat,dense_unbounded-8102-cached,dense_unbounded,8102,0.003,64,PASS,True,,,0.6289605082101318,3341.955478861378,8448,18.772682746844836,22,7.751830666910289,5.9843626381593475,13.643705775297358,32.11677255670588,18.790206453002735,21.162905871362334
research/robot-position-observer-results/scores.csv:285: trailing whitespace.
+recording_2021_12_15_22H_41M.mat,dense_unbounded-8102-cached,dense_unbounded,8102,0.003,128,PASS,True,,,0.6794763141548337,7800.681487060717,16896,20.509596054260545,22,10.100248013559039,6.118129565619474,13.96432071731508,33.39313432643261,20.273869003692546,25.75424673560528
research/robot-position-observer-results/scores.csv:286: trailing whitespace.
+recording_2021_12_15_22H_41M.mat,dense_unbounded-8103-cached,dense_unbounded,8103,0.003,64,PASS,True,,,0.6188337044931191,3235.2051394432888,8448,19.045854702236518,22,6.163020290144189,4.275506202969918,15.264808821034253,31.67434358690794,19.430878791452752,22.502605072113674
research/robot-position-observer-results/scores.csv:287: trailing whitespace.
+recording_2021_12_15_22H_41M.mat,dense_unbounded-8103-cached,dense_unbounded,8103,0.003,128,PASS,True,,,0.6613647972359833,7390.367762308496,16896,20.70442062548983,22,7.331723075482874,4.940366237461167,15.35333911858902,32.74607913846981,19.406440661715216,28.447076451147684
research/robot-position-observer-results/scores.csv:288: trailing whitespace.
+recording_2021_12_15_22H_41M.mat,gru32-8101-cached,gru32,8101,0.003,64,PASS,True,,,0.6556070412867034,3631.1243661555905,8448,19.67634964421576,22,10.490683342986552,5.888947995149162,14.169816938000714,30.62213541744507,19.193959122681857,25.909675992806516
research/robot-position-observer-results/scores.csv:289: trailing whitespace.
+recording_2021_12_15_22H_41M.mat,gru32-8101-cached,gru32,8101,0.003,128,PASS,True,,,0.7265363609347086,8918.639495213169,16896,21.88486874853475,22,12.570496275859732,6.681933940850367,17.022083986855648,28.761010992981966,19.21906889422658,34.41946480230687
research/robot-position-observer-results/scores.csv:290: trailing whitespace.
+recording_2021_12_15_22H_41M.mat,gru32-8102-cached,gru32,8102,0.003,64,PASS,True,,,0.7428584089344418,4661.932625641508,8448,22.480795218807998,22,12.242645823682315,5.482991377791701,18.38010163614647,33.68594987243314,22.02992143349269,29.907901254982878
research/robot-position-observer-results/scores.csv:291: trailing whitespace.
+recording_2021_12_15_22H_41M.mat,gru32-8102-cached,gru32,8102,0.003,128,PASS,True,,,0.7390521911687463,9228.56379492031,16896,22.565934397134185,22,13.375248403354789,5.673311944083034,16.62053073006396,32.59926759858019,21.410218210559147,32.35572436975662
research/robot-position-observer-results/scores.csv:292: trailing whitespace.
+recording_2021_12_15_22H_41M.mat,gru32-8103-cached,gru32,8103,0.003,64,PASS,True,,,0.6775808233546604,3878.6100433595707,8448,19.648557344167624,22,8.954244683114826,5.229015969826738,14.038195950465846,29.045977341739043,24.703571329358166,23.619219857550057
research/robot-position-observer-results/scores.csv:293: trailing whitespace.
+recording_2021_12_15_22H_41M.mat,gru32-8103-cached,gru32,8103,0.003,128,PASS,True,,,0.6852058374412651,7932.790942155939,16896,20.163117090701448,22,11.199958150867074,5.179893954991456,14.014732013002519,26.286735510887226,23.75621149588474,28.90111795521181
research/robot-position-observer-results/scores.csv:294: trailing whitespace.
+recording_2021_12_15_22H_41M.mat,legacy_instant-8101-cached,legacy_instant,8101,0.001,64,PASS,True,,,0.5977410847599556,3018.4231284557513,8448,18.22632195358675,22,5.813076483001736,5.121242840341082,13.44864222633415,30.806483505548677,18.20913675338662,21.718559351271466
research/robot-position-observer-results/scores.csv:295: trailing whitespace.
+recording_2021_12_15_22H_41M.mat,legacy_instant-8101-cached,legacy_instant,8101,0.001,128,PASS,True,,,0.6263155851114732,6627.814400545993,16896,19.068049859063816,22,7.201554213296862,5.393454526533835,14.125718886954335,30.338060590794534,18.780046163569132,25.05927830883908
research/robot-position-observer-results/scores.csv:296: trailing whitespace.
+recording_2021_12_15_22H_41M.mat,legacy_instant-8102-cached,legacy_instant,8102,0.001,64,PASS,True,,,0.5777741637377022,2820.136571221103,8448,17.124310018471885,22,8.429263447180292,4.538088077783766,13.440573051417907,28.70554747327134,18.720428176307536,17.68313731196196
research/robot-position-observer-results/scores.csv:297: trailing whitespace.
+recording_2021_12_15_22H_41M.mat,legacy_instant-8102-cached,legacy_instant,8102,0.001,128,PASS,True,,,0.6397691884934645,6915.610767362223,16896,19.409113486544435,22,11.208979689484382,4.9106101666076185,14.398649538267483,29.609300852628053,19.10763622938019,25.71756660985035
research/robot-position-observer-results/scores.csv:298: trailing whitespace.
+recording_2021_12_15_22H_41M.mat,legacy_instant-8103-cached,legacy_instant,8103,0.001,64,PASS,True,,,0.5686764244680971,2732.023014300682,8448,17.01069110819195,22,6.990070422162725,4.416847338480011,13.40227466295604,27.208641452870715,18.46450175046216,20.172830396518066
research/robot-position-observer-results/scores.csv:299: trailing whitespace.
+recording_2021_12_15_22H_41M.mat,legacy_instant-8103-cached,legacy_instant,8103,0.001,128,PASS,True,,,0.6182971004322525,6459.193879191921,16896,18.899603316377153,22,10.861665659073067,4.968383291209756,13.875427486748611,31.510271117569374,17.456955838864523,22.590693629851536
research/robot-position-observer-results/scores.csv:300: trailing whitespace.
+recording_2021_12_15_22H_41M.mat,gru10-8101-cached,gru10,8101,0.003,64,PASS,True,,,0.5955280169566414,2996.113773145656,8448,17.974933231872757,22,8.244987041661494,5.174159543533371,12.885352725008637,25.085665033526457,18.15284929991697,26.813965896803165
research/robot-position-observer-results/scores.csv:301: trailing whitespace.
+recording_2021_12_15_22H_41M.mat,gru10-8101-cached,gru10,8101,0.003,128,PASS,True,,,0.6317122026439115,6742.52294655198,16896,19.06557740667266,22,10.413486308802359,5.04226986856902,14.586480995548786,25.224840121267665,18.92336524216102,28.982072553608372
research/robot-position-observer-results/scores.csv:302: trailing whitespace.
+recording_2021_12_15_22H_41M.mat,gru10-8102-cached,gru10,8102,0.003,64,PASS,True,,,0.5971803247293151,3012.762426379709,8448,17.916756235181886,22,11.72864555289402,4.865775982089768,12.3323908014839,22.377958892746367,17.980273184412887,28.083320506310926
research/robot-position-observer-results/scores.csv:303: trailing whitespace.
+recording_2021_12_15_22H_41M.mat,gru10-8102-cached,gru10,8102,0.003,128,PASS,True,,,0.6205926005728313,6507.243931765626,16896,19.180809269381268,22,12.100342096415186,4.769041309722582,12.747847337775157,22.77832341190256,17.5830321227885,32.36875010980058
research/robot-position-observer-results/scores.csv:304: trailing whitespace.
+recording_2021_12_15_22H_41M.mat,gru10-8103-cached,gru10,8103,0.003,64,PASS,True,,,0.5997586776647809,3038.834062676177,8448,17.800334774179802,22,11.825130210719887,5.076512423596987,11.903590749401772,25.07535109814301,18.45324672647287,24.990314231265007
research/robot-position-observer-results/scores.csv:305: trailing whitespace.
+recording_2021_12_15_22H_41M.mat,gru10-8103-cached,gru10,8103,0.003,128,PASS,True,,,0.6360087522070683,6834.552517207929,16896,19.17312220001378,22,12.794756809924042,5.164586899484002,13.04898384714868,25.37895419189245,18.743934424381106,29.147393651744
research/robot-position-observer-results/scores.csv:306: trailing whitespace.
+recording_2021_12_15_22H_41M.mat,causal_ridge_1,causal_ridge_1,,,64,PASS,True,,,0.58989895194607,2939.741574587743,8448,17.576200258371106,22,8.075021454595287,5.69514105924081,13.37655931867372,25.55459639227262,16.878854335488946,25.279059126098
research/robot-position-observer-results/scores.csv:307: trailing whitespace.
+recording_2021_12_15_22H_41M.mat,causal_ridge_1,causal_ridge_1,,,128,PASS,True,,,0.7529998158504607,9580.179378246306,16896,23.142846276851536,22,11.005323062229895,6.826622919611041,16.607912575600658,31.996096227469263,20.37772109105714,36.48292252262825
research/robot-position-observer-results/scores.csv:308: trailing whitespace.
+recording_2021_12_15_22H_41M.mat,causal_ridge_100,causal_ridge_100,,,64,PASS,True,,,0.5920801111527157,2961.521232575028,8448,17.581022344119845,22,8.465175461387469,5.451999245572612,12.966169732910451,23.907025682266397,18.01394311476418,26.248828689366277
research/robot-position-observer-results/scores.csv:309: trailing whitespace.
+recording_2021_12_15_22H_41M.mat,causal_ridge_100,causal_ridge_100,,,128,PASS,True,,,0.6610384510038521,7383.076102289346,16896,20.029314765009204,22,10.282664819256901,5.70580000090784,15.113107334178428,27.042829288579743,18.950774520726558,30.820429363301667
research/robot-position-observer-results/scores.csv:310: trailing whitespace.
+recording_2021_12_15_22H_41M.mat,linear_frozen,linear_frozen,,,64,PASS,True,,,0.7210613169985707,4392.363764420234,8448,20.760404199734687,22,9.70250485637529,5.3741364915541245,22.147814790199735,26.08539875319382,22.04297229865498,28.391547964965618
research/robot-position-observer-results/scores.csv:311: trailing whitespace.
+recording_2021_12_15_22H_41M.mat,linear_frozen,linear_frozen,,,128,PASS,True,,,1.009407271729065,17215.385767548913,16896,28.853113040647226,22,16.333872090525816,6.883080927645245,37.45839861756223,33.34116962143207,24.37617747151363,39.64690864937654
research/robot-position-observer-results/scores.csv:312: trailing whitespace.
+recording_2021_12_15_22H_41M.mat,persistence,persistence,,,64,PASS,True,,,1.1878484569213559,11919.992465445051,8448,34.5577644702047,22,21.728668153170453,12.459779781705166,26.216441581939097,39.780137732571745,31.75176799479407,57.09743813090768
research/robot-position-observer-results/scores.csv:313: trailing whitespace.
+recording_2021_12_15_22H_41M.mat,persistence,persistence,,,128,PASS,True,,,1.284462773349016,27875.774633954148,16896,37.23034723448785,22,24.658239522531545,13.356312970280547,29.71479103681167,42.92583178610353,33.390793139864336,60.74233903376746
research/robot-position-observer-results/scores.csv:314: trailing whitespace.
+recording_2021_12_15_22H_50M.mat,local_affine-8101-lr0,local_affine,8101,0.001,64,PASS,False,,,0.552719590092971,2580.855089662434,8448,15.819304526472388,22,7.369782835621958,4.290328237323746,12.44698300472374,27.33154337237713,20.00899542360693,11.24638661444093
research/robot-position-observer-results/scores.csv:315: trailing whitespace.
+recording_2021_12_15_22H_50M.mat,local_affine-8101-lr0,local_affine,8101,0.001,128,PASS,False,,,0.6324962657476816,6759.270586417736,16896,19.00675005424185,22,9.674795102256091,5.138803679532385,13.706202547124956,32.31295225728324,19.814497778990507,20.5652407751823
research/robot-position-observer-results/scores.csv:316: trailing whitespace.
+recording_2021_12_15_22H_50M.mat,temporal_affine-8101-lr0,temporal_affine,8101,0.001,64,PASS,True,,,0.5519835986735436,2573.9864257924246,8448,15.926804861464714,22,7.7644612064701795,4.318230235043054,11.945658578400176,27.665752291061445,19.72509449979319,12.077779044741094
research/robot-position-observer-results/scores.csv:317: trailing whitespace.
+recording_2021_12_15_22H_50M.mat,temporal_affine-8101-lr0,temporal_affine,8101,0.001,128,PASS,True,,,0.6341701244781466,6795.093833605489,16896,19.102753208817038,22,9.903498429017857,5.140876778924215,13.55136161478761,32.5092845268101,19.779978896516813,20.81448146233033
research/robot-position-observer-results/scores.csv:318: trailing whitespace.
+recording_2021_12_15_22H_50M.mat,observer_learned-8101-lr0,observer_learned,8101,0.001,64,PASS,False,,,0.5624807357306498,2672.8169155192504,8448,16.391013578795654,22,8.325428146106521,4.2966327812906835,12.344133358493814,29.314113431919054,19.599935357209176,11.32986359537755
research/robot-position-observer-results/scores.csv:319: trailing whitespace.
+recording_2021_12_15_22H_50M.mat,observer_learned-8101-lr0,observer_learned,8101,0.001,128,PASS,False,,,0.6374102664819655,6864.707060709449,16896,19.197990232002677,22,10.302944832294349,5.182780257979406,13.850696195774539,33.173055569194524,19.538158406674825,20.108009733431857
research/robot-position-observer-results/scores.csv:320: trailing whitespace.
+recording_2021_12_15_22H_50M.mat,local_affine-8101-lr1,local_affine,8101,0.003,64,PASS,True,,,0.5507018171614381,2562.0460075576393,8448,15.573044913091012,22,7.507126571084279,4.415722435655436,12.390990743405727,26.36185889239735,20.11711991710263,11.228537018817095
research/robot-position-observer-results/scores.csv:321: trailing whitespace.
+recording_2021_12_15_22H_50M.mat,local_affine-8101-lr1,local_affine,8101,0.003,128,PASS,True,,,0.6300767242373546,6707.6558786802125,16896,18.82079819941216,22,9.709204858238646,5.2132799301230905,13.702530429582023,31.81325593022532,19.824452154598383,20.274028368415305
research/robot-position-observer-results/scores.csv:322: trailing whitespace.
+recording_2021_12_15_22H_50M.mat,temporal_affine-8101-lr1,temporal_affine,8101,0.003,64,PASS,False,,,0.5593211287967966,2642.8733770012805,8448,16.263412910010643,22,7.911831118312871,4.341792732371155,12.171049365890683,28.424497826990823,19.666975543964014,12.75409403615159
research/robot-position-observer-results/scores.csv:323: trailing whitespace.
+recording_2021_12_15_22H_50M.mat,temporal_affine-8101-lr1,temporal_affine,8101,0.003,128,PASS,False,,,0.6398808389844161,6918.024758927466,16896,19.373909652765448,22,9.924137338705991,5.1590170071581625,13.681493239740519,33.135536757873346,19.73273709327519,21.271067822507266
research/robot-position-observer-results/scores.csv:324: trailing whitespace.
+recording_2021_12_15_22H_50M.mat,observer_learned-8101-lr1,observer_learned,8101,0.003,64,PASS,False,,,0.5647297269374724,2694.2333255850954,8448,16.63953145278544,22,8.478418503012763,4.314444732911671,12.179312901949704,30.287578117183156,19.24683875184427,11.603110584505904
research/robot-position-observer-results/scores.csv:325: trailing whitespace.
+recording_2021_12_15_22H_50M.mat,observer_learned-8101-lr1,observer_learned,8101,0.003,128,PASS,False,,,0.6391941515163326,6903.184583669035,16896,19.34663641324004,22,10.36288679869477,5.1942486794549785,13.761514823648541,33.7854575755843,19.359428674113175,20.143497423954717
research/robot-position-observer-results/scores.csv:326: trailing whitespace.
+recording_2021_12_15_22H_50M.mat,local_affine-8102-lr0,local_affine,8102,0.001,64,PASS,False,,,0.5942358853270194,2983.126396042946,8448,16.078880551610418,22,9.873428127012215,4.870641444504153,12.938598075147711,24.34833499449239,22.85893046755824,12.132404066080069
research/robot-position-observer-results/scores.csv:327: trailing whitespace.
+recording_2021_12_15_22H_50M.mat,local_affine-8102-lr0,local_affine,8102,0.001,128,PASS,False,,,0.6524819544258728,7193.1797135853685,16896,19.16558914814643,22,12.10806604930503,5.035150895477868,13.761776620007288,31.166332889620044,21.527118193499664,20.194484819777628
research/robot-position-observer-results/scores.csv:328: trailing whitespace.
+recording_2021_12_15_22H_50M.mat,temporal_affine-8102-lr0,temporal_affine,8102,0.001,64,PASS,True,,,0.5986914220684154,3028.0286265149316,8448,16.1436836311658,22,10.252629007835353,5.098659220147287,12.887072746437658,24.266244626861347,22.772786066348324,12.612348797793453
research/robot-position-observer-results/scores.csv:329: trailing whitespace.
+recording_2021_12_15_22H_50M.mat,temporal_affine-8102-lr0,temporal_affine,8102,0.001,128,PASS,True,,,0.6550779523760548,7250.531881852803,16896,19.195580369352587,22,12.299565908516342,5.150968491689167,13.613563431644126,30.994475822760293,21.607662437451538,20.49712954321676
research/robot-position-observer-results/scores.csv:330: trailing whitespace.
+recording_2021_12_15_22H_50M.mat,observer_learned-8102-lr0,observer_learned,8102,0.001,64,FAILED,False,FailedTrainingAttempt,,,,,,,,,,,,
research/robot-position-observer-results/scores.csv:331: trailing whitespace.
+recording_2021_12_15_22H_50M.mat,observer_learned-8102-lr0,observer_learned,8102,0.001,128,FAILED,False,FailedTrainingAttempt,,,,,,,,,,,,
research/robot-position-observer-results/scores.csv:332: trailing whitespace.
+recording_2021_12_15_22H_50M.mat,local_affine-8102-lr1,local_affine,8102,0.003,64,PASS,True,,,0.5965967392647382,3006.8769502575346,8448,16.074295859439395,22,10.565933878252322,4.86195963648885,12.898775356621856,23.874859968979745,22.943108096115367,12.338831414898038
research/robot-position-observer-results/scores.csv:333: trailing whitespace.
+recording_2021_12_15_22H_50M.mat,local_affine-8102-lr1,local_affine,8102,0.003,128,PASS,True,,,0.6546500218605746,7241.062137358171,16896,19.22043922551333,22,12.442230810546908,5.046210185498021,13.743349468018247,30.982983170022333,21.52684610134295,20.592434425436284
research/robot-position-observer-results/scores.csv:334: trailing whitespace.
+recording_2021_12_15_22H_50M.mat,temporal_affine-8102-lr1,temporal_affine,8102,0.003,64,PASS,False,,,0.5963427776044952,3004.3175365720235,8448,16.008160172005244,22,10.495712148165229,5.014497254273367,12.933681793613257,23.219389094015042,22.80730264321652,13.254010255323212
research/robot-position-observer-results/scores.csv:335: trailing whitespace.
+recording_2021_12_15_22H_50M.mat,temporal_affine-8102-lr1,temporal_affine,8102,0.003,128,PASS,False,,,0.6551495809748842,7252.117567437665,16896,19.19165267934668,22,12.39804156945115,5.1108381691902895,13.634448451289414,30.523236260390778,21.653652231514563,21.062723055119882
research/robot-position-observer-results/scores.csv:336: trailing whitespace.
+recording_2021_12_15_22H_50M.mat,observer_learned-8102-lr1,observer_learned,8102,0.003,64,FAILED,False,FailedTrainingAttempt,,,,,,,,,,,,
research/robot-position-observer-results/scores.csv:337: trailing whitespace.
+recording_2021_12_15_22H_50M.mat,observer_learned-8102-lr1,observer_learned,8102,0.003,128,FAILED,False,FailedTrainingAttempt,,,,,,,,,,,,
research/robot-position-observer-results/scores.csv:338: trailing whitespace.
+recording_2021_12_15_22H_50M.mat,local_affine-8103-lr0,local_affine,8103,0.001,64,PASS,False,,,0.6101798717343447,3145.3549321475757,8448,18.776075037864416,22,7.908815615730195,4.73539201344289,11.123534680113913,36.823175764656725,19.870746716995875,12.47985531706971
research/robot-position-observer-results/scores.csv:339: trailing whitespace.
+recording_2021_12_15_22H_50M.mat,local_affine-8103-lr0,local_affine,8103,0.001,128,PASS,False,,,0.7375489118166879,9191.059001152182,16896,23.557024954277267,22,10.740061296496515,5.740537596661851,12.961230026472444,46.65962403265692,20.91827283774462,19.965212807408562
research/robot-position-observer-results/scores.csv:340: trailing whitespace.
+recording_2021_12_15_22H_50M.mat,temporal_affine-8103-lr0,temporal_affine,8103,0.001,64,PASS,True,,,0.613568413580309,3180.3864419159263,8448,18.687919895646267,22,8.55887672389217,4.898564964620168,12.609119241969209,36.356104083565604,19.2922318070057,12.051281690370782
research/robot-position-observer-results/scores.csv:341: trailing whitespace.
+recording_2021_12_15_22H_50M.mat,temporal_affine-8103-lr0,temporal_affine,8103,0.001,128,PASS,True,,,0.7339001404678778,9100.34469575651,16896,23.38319663702224,22,11.18220619065138,5.730750347904535,13.482150495084085,46.26668449860716,20.407670258862705,19.593687582826707
research/robot-position-observer-results/scores.csv:342: trailing whitespace.
+recording_2021_12_15_22H_50M.mat,observer_learned-8103-lr0,observer_learned,8103,0.001,64,FAILED,False,FailedTrainingAttempt,,,,,,,,,,,,
research/robot-position-observer-results/scores.csv:343: trailing whitespace.
+recording_2021_12_15_22H_50M.mat,observer_learned-8103-lr0,observer_learned,8103,0.001,128,FAILED,False,FailedTrainingAttempt,,,,,,,,,,,,
research/robot-position-observer-results/scores.csv:344: trailing whitespace.
+recording_2021_12_15_22H_50M.mat,local_affine-8103-lr1,local_affine,8103,0.003,64,PASS,True,,,0.6166492694388613,3212.4054040276196,8448,18.961308868419653,22,8.385761773125028,4.680228520688678,10.997702346279022,37.06581482010707,20.306097917058505,12.561853633409287
research/robot-position-observer-results/scores.csv:345: trailing whitespace.
+recording_2021_12_15_22H_50M.mat,local_affine-8103-lr1,local_affine,8103,0.003,128,PASS,True,,,0.7426526600506668,9318.701119923677,16896,23.704281706995886,22,11.016287538244656,5.737773953688887,12.917912186839118,46.90146045123756,21.19609214669125,20.029563559446085
research/robot-position-observer-results/scores.csv:346: trailing whitespace.
+recording_2021_12_15_22H_50M.mat,temporal_affine-8103-lr1,temporal_affine,8103,0.003,64,PASS,False,,,0.625297408646201,3303.141382545557,8448,18.94803208036933,22,9.216238066672364,4.913820157572526,13.543886467521327,36.452889396471186,19.507498031562424,12.34059804960054
research/robot-position-observer-results/scores.csv:347: trailing whitespace.
+recording_2021_12_15_22H_50M.mat,temporal_affine-8103-lr1,temporal_affine,8103,0.003,128,PASS,False,,,0.7369310082264373,9175.665284723662,16896,23.397527818692843,22,11.325330972101725,5.70633756931918,13.915341832806357,45.842875167117576,20.638024646285192,20.067546807318337
research/robot-position-observer-results/scores.csv:348: trailing whitespace.
+recording_2021_12_15_22H_50M.mat,observer_learned-8103-lr1,observer_learned,8103,0.003,64,PASS,False,,,0.6225474086800632,3274.1514521064028,8448,19.382626015488306,22,8.336856508979341,4.719844142747366,11.25221952967436,38.396400632798816,19.736519633635304,13.111476240580858
research/robot-position-observer-results/scores.csv:349: trailing whitespace.
+recording_2021_12_15_22H_50M.mat,observer_learned-8103-lr1,observer_learned,8103,0.003,128,PASS,False,,,0.7454255642671647,9388.419057397601,16896,23.821529280801002,22,11.019137359668854,5.790157708708033,13.23018426157574,47.32833520124174,20.96648161476976,19.8806888561381
research/robot-position-observer-results/scores.csv:350: trailing whitespace.
+recording_2021_12_15_22H_50M.mat,last_two-8101-fixed,last_two,8101,,64,PASS,True,,,0.5832712658010828,2874.0549616136996,8448,17.163466195111084,22,7.404794377301565,4.496837318381885,12.14987143070045,31.442975215676334,20.582872812223517,11.511741221286178
research/robot-position-observer-results/scores.csv:351: trailing whitespace.
+recording_2021_12_15_22H_50M.mat,last_two-8101-fixed,last_two,8101,,128,PASS,True,,,0.6478369186194778,7091.127405143314,16896,19.63204966649269,22,9.856120299213034,5.241351399780866,13.555449426814755,34.43874711215342,20.1349155606814,20.314946131942175
research/robot-position-observer-results/scores.csv:352: trailing whitespace.
+recording_2021_12_15_22H_50M.mat,last_two-8102-fixed,last_two,8102,,64,PASS,True,,,0.6117836877521273,3161.911362505357,8448,16.548080178225334,22,9.78872259146153,5.200237108486131,13.304964271487036,25.393008012561797,23.36350160462459,12.348767231262789
research/robot-position-observer-results/scores.csv:353: trailing whitespace.
+recording_2021_12_15_22H_50M.mat,last_two-8102-fixed,last_two,8102,,128,PASS,True,,,0.6592090984449248,7342.268912944552,16896,19.316799112915156,22,11.965634632601116,5.227824277059033,13.899374616546636,31.51858087205704,21.741791547842688,20.223915406030127
research/robot-position-observer-results/scores.csv:354: trailing whitespace.
+recording_2021_12_15_22H_50M.mat,last_two-8103-fixed,last_two,8103,,64,PASS,True,,,0.6317915664374221,3372.108608744423,8448,19.459521494778443,22,7.9684049938962875,4.890660174078266,11.365097073475756,38.03256768812308,20.700137261064402,13.43452666383528
research/robot-position-observer-results/scores.csv:355: trailing whitespace.
+recording_2021_12_15_22H_50M.mat,last_two-8103-fixed,last_two,8103,,128,PASS,True,,,0.7472474244485823,9434.36674067779,16896,23.800667761115065,22,10.633274641057742,5.829927830394619,13.15261277640218,47.27272495635664,21.49482817810627,19.546015990438747
research/robot-position-observer-results/scores.csv:356: trailing whitespace.
+recording_2021_12_15_22H_50M.mat,observer_fixed-8101-fixed,observer_fixed,8101,,64,PASS,True,,,261297.92219076096,576800751784933.4,8448,6947628.040809574,22,2275414.012069892,804536.0423689834,9484318.943721788,9649889.798787478,9942752.465839446,1364338.5353082737
research/robot-position-observer-results/scores.csv:357: trailing whitespace.
+recording_2021_12_15_22H_50M.mat,observer_fixed-8101-fixed,observer_fixed,8101,,128,PASS,True,,,193990.8087733868,635837602980986.8,16896,5201817.430547631,22,2277324.0605863277,661034.6486018887,7003893.500556251,7408298.347494914,7123865.381905965,1429471.6677042455
research/robot-position-observer-results/scores.csv:358: trailing whitespace.
+recording_2021_12_15_22H_50M.mat,observer_fixed-8102-fixed,observer_fixed,8102,,64,PASS,True,,,5647620.884098831,2.6945421170350224e+17,8448,140288773.42174792,22,35503224.7421328,35478038.59164572,164328054.91410172,160207418.9896223,249587977.62206,24539441.620218646
research/robot-position-observer-results/scores.csv:359: trailing whitespace.
+recording_2021_12_15_22H_50M.mat,observer_fixed-8102-fixed,observer_fixed,8102,,128,PASS,True,,,4067947.299921711,2.7959830668955197e+17,16896,101093345.01890531,22,35409285.03222716,25810627.969110686,119643928.61595498,115737145.09623554,177117555.47942045,17854847.838131167
research/robot-position-observer-results/scores.csv:360: trailing whitespace.
+recording_2021_12_15_22H_50M.mat,observer_fixed-8103-fixed,observer_fixed,8103,,64,PASS,True,,,24044742.759288494,4.884208280036291e+18,8448,589266986.8026041,22,438159534.471814,27504802.991613273,478919319.393493,441192594.1984516,1194467318.4534194,199765873.10942245
research/robot-position-observer-results/scores.csv:361: trailing whitespace.
+recording_2021_12_15_22H_50M.mat,observer_fixed-8103-fixed,observer_fixed,8103,,128,PASS,True,,,18179185.04801624,5.583836865193252e+18,16896,448488692.04715496,22,394692078.2143614,24684727.1264114,358318863.0769091,366996380.4762586,875630567.5155491,143714394.96280023
research/robot-position-observer-results/scores.csv:362: trailing whitespace.
+recording_2021_12_15_22H_50M.mat,observer_zero-8101-fixed,observer_zero,8101,,64,PASS,True,,,0.6985425754386764,4122.300692509814,8448,20.343391674754688,22,9.947299950683409,5.986844029610142,15.103286065624685,33.633122187260305,23.451500954252257,20.953791451681404
research/robot-position-observer-results/scores.csv:363: trailing whitespace.
+recording_2021_12_15_22H_50M.mat,observer_zero-8101-fixed,observer_zero,8101,,128,PASS,True,,,0.7090865379050267,8495.371623351562,16896,21.233711206526944,22,11.12582396332046,6.068507842095699,15.226656962503583,35.21735666035577,21.751319836827168,24.482217960804523
research/robot-position-observer-results/scores.csv:364: trailing whitespace.
+recording_2021_12_15_22H_50M.mat,observer_zero-8102-fixed,observer_zero,8102,,64,PASS,True,,,0.798667311131534,5388.72131525439,8448,22.986410993327667,22,11.317719482924542,7.838936399398357,16.453411134824854,35.10692917264091,25.864324864630923,28.434773242449086
research/robot-position-observer-results/scores.csv:365: trailing whitespace.
+recording_2021_12_15_22H_50M.mat,observer_zero-8102-fixed,observer_zero,8102,,128,PASS,True,,,0.765271081527981,9894.970537655903,16896,22.906357892801427,22,12.805992804588383,6.819354063442755,15.513906380425594,35.85299389195612,23.109424314584484,29.6234095872861
research/robot-position-observer-results/scores.csv:366: trailing whitespace.
+recording_2021_12_15_22H_50M.mat,observer_zero-8103-fixed,observer_zero,8103,,64,PASS,True,,,0.8859458456722276,6630.835550286845,8448,28.027735927834488,22,9.370599730702999,7.994886268700431,17.12824159729252,51.879225553003764,23.994041800157866,31.639418382417468
research/robot-position-observer-results/scores.csv:367: trailing whitespace.
+recording_2021_12_15_22H_50M.mat,observer_zero-8103-fixed,observer_zero,8103,,128,PASS,True,,,0.8887027881258086,13344.336540439212,16896,28.67311131431508,22,11.757109068454001,7.47316814234419,15.737358619927209,54.49374548938792,23.316145822914894,31.271882084350704
research/robot-position-observer-results/scores.csv:368: trailing whitespace.
+recording_2021_12_15_22H_50M.mat,joint_local_affine-8101-cached,joint_local_affine,8101,0.003,64,PASS,True,,,0.6257143519814975,3307.5478679284834,8448,16.504962664990487,22,10.23117058433699,7.138515851350513,11.199732654502336,27.71751073499247,21.89488791808219,10.284306759741481
research/robot-position-observer-results/scores.csv:369: trailing whitespace.
+recording_2021_12_15_22H_50M.mat,joint_local_affine-8101-cached,joint_local_affine,8101,0.003,128,PASS,True,,,0.7034973146472067,8361.97353811068,16896,20.10440590101287,22,12.772561477305263,6.987974270617987,12.456835023125162,34.80707614689112,22.73968385502225,18.148118309690723
research/robot-position-observer-results/scores.csv:370: trailing whitespace.
+recording_2021_12_15_22H_50M.mat,joint_local_affine-8102-cached,joint_local_affine,8102,0.003,64,PASS,True,,,0.5635545817879524,2683.0321406946296,8448,15.351634229771724,22,7.330771846691394,3.915677085874204,12.745215462892487,23.092148850289416,22.990918339840697,10.986041890071693
research/robot-position-observer-results/scores.csv:371: trailing whitespace.
+recording_2021_12_15_22H_50M.mat,joint_local_affine-8102-cached,joint_local_affine,8102,0.003,128,PASS,True,,,0.6105317042162262,6297.966459471152,16896,17.694925134607576,22,9.903388093450268,4.396948265092352,13.850687569899902,27.525990562568,21.459835172619435,18.740484921560967
research/robot-position-observer-results/scores.csv:372: trailing whitespace.
+recording_2021_12_15_22H_50M.mat,joint_local_affine-8103-cached,joint_local_affine,8103,0.003,64,PASS,True,,,0.5995077436096486,3036.291748705731,8448,17.29405295362174,22,8.978959476266247,4.436572015781097,12.402395488155744,30.274900639521874,21.97055553749484,11.878820970311024
research/robot-position-observer-results/scores.csv:373: trailing whitespace.
+recording_2021_12_15_22H_50M.mat,joint_local_affine-8103-cached,joint_local_affine,8103,0.003,128,PASS,True,,,0.6680892765635938,7541.416083535762,16896,20.258675009733906,22,10.330837877510959,4.967172291409846,12.961240729397836,36.1411462034368,22.084970585416748,19.21359755938015
research/robot-position-observer-results/scores.csv:374: trailing whitespace.
+recording_2021_12_15_22H_50M.mat,joint_temporal_affine-8101-cached,joint_temporal_affine,8101,0.003,64,PASS,True,,,0.5546949636326273,2599.335574635586,8448,15.901376709877981,22,8.148011435260432,4.185792486344486,13.54018091258014,27.08345682470455,19.339390951390186,11.931033628193287
research/robot-position-observer-results/scores.csv:375: trailing whitespace.
+recording_2021_12_15_22H_50M.mat,joint_temporal_affine-8101-cached,joint_temporal_affine,8101,0.003,128,PASS,True,,,0.6290440351606356,6685.686343500172,16896,18.674098559914384,22,10.900677741125628,5.035993238756591,14.809537779659355,31.825056841954954,19.18283662007166,18.654968935983813
research/robot-position-observer-results/scores.csv:376: trailing whitespace.
+recording_2021_12_15_22H_50M.mat,joint_temporal_affine-8102-cached,joint_temporal_affine,8102,0.003,64,PASS,True,,,0.551657253572205,2570.9437283382595,8448,14.835908381270889,22,7.046486738360876,3.6353837887488982,12.534585338644174,21.257801845173276,23.186685519455757,10.541523611928387
research/robot-position-observer-results/scores.csv:377: trailing whitespace.
+recording_2021_12_15_22H_50M.mat,joint_temporal_affine-8102-cached,joint_temporal_affine,8102,0.003,128,PASS,True,,,0.5951553472819113,5984.730257480873,16896,17.093747498364458,22,9.25752905150088,4.0297008140405355,13.489385327327339,25.72918236373058,21.89914167790813,18.102766103352106
research/robot-position-observer-results/scores.csv:378: trailing whitespace.
+recording_2021_12_15_22H_50M.mat,joint_temporal_affine-8103-cached,joint_temporal_affine,8103,0.003,64,PASS,True,,,0.6302336586613487,3355.4988361776873,8448,18.958303583191373,22,9.258044382084694,4.600898098938905,11.739475131957873,36.09724572496131,21.81143954530301,11.535106374746105
research/robot-position-observer-results/scores.csv:379: trailing whitespace.
+recording_2021_12_15_22H_50M.mat,joint_temporal_affine-8103-cached,joint_temporal_affine,8103,0.003,128,PASS,True,,,0.6869372874691623,7972.932412524127,16896,20.99098808784532,22,12.155382797339639,5.265141353581677,12.951700730149957,37.76580363374746,21.407087114451297,20.395798252813783
research/robot-position-observer-results/scores.csv:380: trailing whitespace.
+recording_2021_12_15_22H_50M.mat,dense_bounded-8101-cached,dense_bounded,8101,0.001,64,PASS,True,,,0.6479845835563782,3547.180205409839,8448,17.723260285523224,22,8.354015287642717,7.026083311883672,12.438289939100407,29.267961403439593,22.524913215921092,15.710887182193026
research/robot-position-observer-results/scores.csv:381: trailing whitespace.
+recording_2021_12_15_22H_50M.mat,dense_bounded-8101-cached,dense_bounded,8101,0.001,128,PASS,True,,,0.6931530124446734,8117.870722978378,16896,20.11618554726772,22,10.95385224644622,7.233890528155258,12.880555390146725,35.102371432504434,21.049276338481654,20.35908281098149
research/robot-position-observer-results/scores.csv:382: trailing whitespace.
+recording_2021_12_15_22H_50M.mat,dense_bounded-8102-cached,dense_bounded,8102,0.001,64,PASS,True,,,0.6094691108438028,3138.0315400704712,8448,17.030426457878672,22,9.209322215967797,5.015007557247516,12.487016736659882,27.550533367002146,22.882083280728594,13.845700577883163
research/robot-position-observer-results/scores.csv:383: trailing whitespace.
+recording_2021_12_15_22H_50M.mat,dense_bounded-8102-cached,dense_bounded,8102,0.001,128,PASS,True,,,0.675894863008006,7718.664997242969,16896,19.394036034275572,22,11.356050068566802,5.931725499899983,14.364370133853063,31.58501876656006,22.62915280942607,19.4061707950868
research/robot-position-observer-results/scores.csv:384: trailing whitespace.
+recording_2021_12_15_22H_50M.mat,dense_bounded-8103-cached,dense_bounded,8103,0.001,64,PASS,True,,,0.5886397053948285,2927.204144978239,8448,17.89375851663231,22,8.484377984158082,3.488044627724726,12.122224036191444,34.15124069715366,20.57488082261456,10.019339319681091
research/robot-position-observer-results/scores.csv:385: trailing whitespace.
+recording_2021_12_15_22H_50M.mat,dense_bounded-8103-cached,dense_bounded,8103,0.001,128,PASS,True,,,0.6854376648831786,7938.159693074766,16896,21.270954855183618,22,10.879235108808755,4.705545291041737,12.921042378714777,40.31392948944137,21.921969095561185,17.36324375253198
research/robot-position-observer-results/scores.csv:386: trailing whitespace.
+recording_2021_12_15_22H_50M.mat,dense_unbounded-8101-cached,dense_unbounded,8101,0.003,64,PASS,True,,,0.7089830954051143,4246.446585809196,8448,20.849086943144503,22,8.152357375402715,4.779818919114558,15.298906017143672,38.02278221755287,26.149291575610327,12.458933169009615
research/robot-position-observer-results/scores.csv:387: trailing whitespace.
+recording_2021_12_15_22H_50M.mat,dense_unbounded-8101-cached,dense_unbounded,8101,0.003,128,PASS,True,,,0.8058090035502855,10971.048425824887,16896,24.616258880707218,22,11.509907492887795,5.933471505769992,16.248428269860675,45.558312318858235,26.21962694848155,21.000882676363492
research/robot-position-observer-results/scores.csv:388: trailing whitespace.
+recording_2021_12_15_22H_50M.mat,dense_unbounded-8102-cached,dense_unbounded,8102,0.003,64,PASS,True,,,0.652247343304441,3594.0038901693806,8448,17.825121419314637,22,8.387219606164585,5.360877944838318,13.292196649157095,28.163501313838946,25.92925792072072,12.85042965369807
research/robot-position-observer-results/scores.csv:389: trailing whitespace.
+recording_2021_12_15_22H_50M.mat,dense_unbounded-8102-cached,dense_unbounded,8102,0.003,128,PASS,True,,,0.7516990649562951,9547.109877992221,16896,22.52911734742195,22,10.908906092169271,5.456476728600753,14.203550759552126,38.20273994156972,26.34386978068918,23.267998024360278
research/robot-position-observer-results/scores.csv:390: trailing whitespace.
+recording_2021_12_15_22H_50M.mat,dense_unbounded-8103-cached,dense_unbounded,8103,0.003,64,PASS,True,,,0.6355420194233034,3412.262586607991,8448,19.45500864117348,22,10.201934545962388,4.272023743952058,12.895110193439477,37.49501394462883,20.729281629504573,12.115752454373023
research/robot-position-observer-results/scores.csv:391: trailing whitespace.
+recording_2021_12_15_22H_50M.mat,dense_unbounded-8103-cached,dense_unbounded,8103,0.003,128,PASS,True,,,0.7041963327764126,8378.599259217757,16896,22.1251280353455,22,11.531240661652458,4.799609240586146,12.694514494855083,41.72278091436191,21.873694030540662,20.018050539292865
research/robot-position-observer-results/scores.csv:392: trailing whitespace.
+recording_2021_12_15_22H_50M.mat,gru32-8101-cached,gru32,8101,0.003,64,PASS,True,,,0.6894247238726116,4015.388888643912,8448,19.0668538989832,22,8.877454609396306,6.809752228758166,13.884344397908713,26.560008056022284,24.787089413564846,23.312630288757436
research/robot-position-observer-results/scores.csv:393: trailing whitespace.
+recording_2021_12_15_22H_50M.mat,gru32-8101-cached,gru32,8101,0.003,128,PASS,True,,,0.7459505065576179,9401.646705514342,16896,21.286476326033814,22,11.976465704583417,7.2292628863075645,13.503202885081583,30.760862564747615,25.3215697849436,27.445171221248476
research/robot-position-observer-results/scores.csv:394: trailing whitespace.
+recording_2021_12_15_22H_50M.mat,gru32-8102-cached,gru32,8102,0.003,64,PASS,True,,,0.6444207617097658,3508.269541899681,8448,17.921249155027315,22,10.96794039378902,6.198328500341452,14.27026345584265,27.06350628376358,21.524082738837176,19.208126034592038
research/robot-position-observer-results/scores.csv:395: trailing whitespace.
+recording_2021_12_15_22H_50M.mat,gru32-8102-cached,gru32,8102,0.003,128,PASS,True,,,0.7527555890463807,9573.965944698164,16896,22.164418864706445,22,12.987329025530563,6.978639561895816,15.782218959884265,33.76740362363524,22.713020430542294,28.722802378097214
research/robot-position-observer-results/scores.csv:396: trailing whitespace.
+recording_2021_12_15_22H_50M.mat,gru32-8103-cached,gru32,8103,0.003,64,PASS,True,,,0.7185723423355436,4362.092791960693,8448,19.376692769559625,22,9.460260968940737,7.50644263532984,13.473003344133721,25.974095180809968,26.515784325417805,23.401535409296923
research/robot-position-observer-results/scores.csv:397: trailing whitespace.
+recording_2021_12_15_22H_50M.mat,gru32-8103-cached,gru32,8103,0.003,128,PASS,True,,,0.7870890438148253,10467.226816245804,16896,22.233566804975993,22,10.636367487319667,7.815669439859217,13.285450978545775,33.481189555039336,28.052019983337054,26.596294257662336
research/robot-position-observer-results/scores.csv:398: trailing whitespace.
+recording_2021_12_15_22H_50M.mat,legacy_instant-8101-cached,legacy_instant,8101,0.001,64,PASS,True,,,0.6271470844425481,3322.7121567534127,8448,18.96832304227387,22,5.8803907671258475,4.492190306243071,11.456002575056859,35.385708088098916,22.703835239207617,14.323841608653721
research/robot-position-observer-results/scores.csv:399: trailing whitespace.
+recording_2021_12_15_22H_50M.mat,legacy_instant-8101-cached,legacy_instant,8101,0.001,128,PASS,True,,,0.7182664331490978,8716.759079233538,16896,22.21811188229214,22,8.850275770814813,5.329585947616911,13.44284952139502,41.69575462647245,23.528539084179165,19.552411552802997
research/robot-position-observer-results/scores.csv:400: trailing whitespace.
+recording_2021_12_15_22H_50M.mat,legacy_instant-8102-cached,legacy_instant,8102,0.001,64,PASS,True,,,0.607379038793734,3116.54573907917,8448,16.828186613577916,22,8.601544555571593,5.611862678191061,12.386658768352376,28.141224282518174,22.1850918319763,12.4944586754388
research/robot-position-observer-results/scores.csv:401: trailing whitespace.
+recording_2021_12_15_22H_50M.mat,legacy_instant-8102-cached,legacy_instant,8102,0.001,128,PASS,True,,,0.6886364636030784,8012.424144447426,16896,20.44999334516786,22,10.492098233807427,5.990081989763906,13.674183067249706,35.71896421348776,22.18772003545289,20.20211751029542
research/robot-position-observer-results/scores.csv:402: trailing whitespace.
+recording_2021_12_15_22H_50M.mat,legacy_instant-8103-cached,legacy_instant,8103,0.001,64,PASS,True,,,0.6492268674366448,3560.7941985927064,8448,18.699945155272143,22,8.262388733046189,4.8255178700841705,16.447895574027875,31.720165477929573,22.594130103527796,14.811418590875899
research/robot-position-observer-results/scores.csv:403: trailing whitespace.
+recording_2021_12_15_22H_50M.mat,legacy_instant-8103-cached,legacy_instant,8103,0.001,128,PASS,True,,,0.7568437126403852,9678.238401018012,16896,22.692886599019005,22,11.2499380367615,6.039345386759541,18.49525192043094,38.79673160354731,22.81625213072776,23.641610068547372
research/robot-position-observer-results/scores.csv:404: trailing whitespace.
+recording_2021_12_15_22H_50M.mat,gru10-8101-cached,gru10,8101,0.003,64,PASS,True,,,0.6676630280804601,3765.8980682659285,8448,17.809201492330985,22,8.099938038642009,6.529194407216003,15.264555371867967,25.132299135638494,24.87080470838083,17.651360671153583
research/robot-position-observer-results/scores.csv:405: trailing whitespace.
+recording_2021_12_15_22H_50M.mat,gru10-8101-cached,gru10,8101,0.003,128,PASS,True,,,0.681466495353793,7846.444688160143,16896,18.726153077619678,22,10.211063589809042,6.642735224011276,15.837852757015972,26.825782248981014,23.2969226307303,21.033647480699315
research/robot-position-observer-results/scores.csv:406: trailing whitespace.
+recording_2021_12_15_22H_50M.mat,gru10-8102-cached,gru10,8102,0.003,64,PASS,True,,,0.7474410922844625,4719.628839006178,8448,21.434576890374043,22,12.244365284660368,6.475047731073048,15.499707589961876,32.87918382787817,25.62472129661832,24.225767033907932
research/robot-position-observer-results/scores.csv:407: trailing whitespace.
+recording_2021_12_15_22H_50M.mat,gru10-8102-cached,gru10,8102,0.003,128,PASS,True,,,0.773621898074358,10112.101252580193,16896,22.992647674066298,22,13.456462341699403,6.528556302751798,15.418140164005413,37.625505956443966,24.566713363278016,26.293563968430064
research/robot-position-observer-results/scores.csv:408: trailing whitespace.
+recording_2021_12_15_22H_50M.mat,gru10-8103-cached,gru10,8103,0.003,64,PASS,True,,,0.6892196779629728,4013.000762423211,8448,19.387125536870634,22,12.930557951434817,6.390576491880463,13.463372854334933,30.048198770192602,23.411000774184643,20.368932408537734
research/robot-position-observer-results/scores.csv:409: trailing whitespace.
+recording_2021_12_15_22H_50M.mat,gru10-8103-cached,gru10,8103,0.003,128,PASS,True,,,0.7540622596355009,9607.232725205873,16896,21.927330555115823,22,15.144123978029118,6.852041803630366,13.177323666824245,35.86683369509015,24.188591040051346,23.735889047282992
research/robot-position-observer-results/scores.csv:410: trailing whitespace.
+recording_2021_12_15_22H_50M.mat,causal_ridge_1,causal_ridge_1,,,64,PASS,True,,,0.615467221677521,3200.1015633054058,8448,17.874571131421032,22,10.401732221720355,6.608527844520579,11.8384629458079,29.580099645181754,17.57313876092352,21.004437137433147
research/robot-position-observer-results/scores.csv:411: trailing whitespace.
+recording_2021_12_15_22H_50M.mat,causal_ridge_1,causal_ridge_1,,,128,PASS,True,,,0.8352176141466634,11786.454670524352,16896,24.61423756249781,22,14.77260054169972,8.590771860867605,16.36506847708439,38.792679779515,23.309271662672653,32.048766600111776
research/robot-position-observer-results/scores.csv:412: trailing whitespace.
+recording_2021_12_15_22H_50M.mat,causal_ridge_100,causal_ridge_100,,,64,PASS,True,,,0.6388596606910704,3447.9807948605994,8448,18.197507836026777,22,10.139538137211426,6.446705992037709,12.759040181176339,30.401524092376164,20.50814292146376,18.300158395445955
research/robot-position-observer-results/scores.csv:413: trailing whitespace.
+recording_2021_12_15_22H_50M.mat,causal_ridge_100,causal_ridge_100,,,128,PASS,True,,,0.7257179507328427,8898.557927692254,16896,21.359092349296308,22,12.135414206109493,7.357577543862672,14.561959756779148,35.39398871350939,20.786573652280072,25.278369754299085
research/robot-position-observer-results/scores.csv:414: trailing whitespace.
+recording_2021_12_15_22H_50M.mat,linear_frozen,linear_frozen,,,64,PASS,True,,,0.7442999770404743,4680.043786788063,8448,20.59204919274647,22,12.731402126926449,6.9754112907714445,16.899542603151772,29.65080350665107,25.303134868932833,22.987750084878606
research/robot-position-observer-results/scores.csv:415: trailing whitespace.
+recording_2021_12_15_22H_50M.mat,linear_frozen,linear_frozen,,,128,PASS,True,,,1.0252958897621045,17761.610153769558,16896,28.853689754626973,22,22.7682323076926,8.05994046047615,27.867064424765562,40.25951954906289,30.813530341243986,32.634055617222025
research/robot-position-observer-results/scores.csv:416: trailing whitespace.
+recording_2021_12_15_22H_50M.mat,persistence,persistence,,,64,PASS,True,,,1.1165213788509047,10531.445670714149,8448,29.903697940574112,22,25.997395523191642,12.243300206383338,16.171947992818083,37.01764135941326,37.083238615539436,39.148686686530056
research/robot-position-observer-results/scores.csv:417: trailing whitespace.
+recording_2021_12_15_22H_50M.mat,persistence,persistence,,,128,PASS,True,,,1.2563610374181604,26669.373879961808,16896,34.69416659618063,22,26.106205986328447,14.03798506958003,21.544567773346756,43.16083053233923,38.613651261905595,50.25407846582356
research/robot-position-observer-results/scores.csv:418: trailing whitespace.
+recording_2021_12_15_21H_54M.mat,observer_position-8101-lr0,observer_position,8101,0.001,64,PASS,False,,,0.5792361781110994,2834.426918676699,8448,17.455292374158642,22,8.034184335353597,4.0819420895673035,15.518989533164298,32.851291275985005,17.404435037032858,11.133386208102829
research/robot-position-observer-results/scores.csv:419: trailing whitespace.
+recording_2021_12_15_21H_54M.mat,observer_position-8101-lr0,observer_position,8101,0.001,128,PASS,False,,,0.6547021947386941,7242.21634829152,16896,19.929886009717997,22,9.69373343614703,4.483660186960644,14.87117424783451,37.508518900295215,20.961817957377356,14.201825089664398
research/robot-position-observer-results/scores.csv:420: trailing whitespace.
+recording_2021_12_15_21H_54M.mat,observer_position-8101-lr1,observer_position,8101,0.003,64,PASS,True,,,0.5776326632401629,2818.755402286969,8448,17.412993815857597,22,7.965913284172401,4.054405221159757,15.416551902497227,32.74921553372002,17.435246736607212,11.18977775630222
research/robot-position-observer-results/scores.csv:421: trailing whitespace.
+recording_2021_12_15_21H_54M.mat,observer_position-8101-lr1,observer_position,8101,0.003,128,PASS,True,,,0.6539502896141108,7225.590979814668,16896,19.911440568624286,22,9.647199073263357,4.467771450791275,14.80616192156904,37.46880710487371,20.988404271506845,14.216761615688034
research/robot-position-observer-results/scores.csv:422: trailing whitespace.
+recording_2021_12_15_21H_54M.mat,observer_position-8102-lr0,observer_position,8102,0.001,64,PASS,False,,,0.519117546310415,2276.5926111442977,8448,15.545873932462532,22,8.651331193317704,3.529835912284822,12.974440524161587,27.904152710322254,16.240020829532,12.329792497051873
research/robot-position-observer-results/scores.csv:423: trailing whitespace.
+recording_2021_12_15_21H_54M.mat,observer_position-8102-lr0,observer_position,8102,0.001,128,PASS,False,,,0.5903680671514095,5888.838146815492,16896,17.965804745871438,22,10.345224673997274,3.7426607860446186,13.04768849094718,32.87308349321525,18.950054075345896,14.338874255622448
research/robot-position-observer-results/scores.csv:424: trailing whitespace.
+recording_2021_12_15_21H_54M.mat,observer_position-8102-lr1,observer_position,8102,0.003,64,PASS,True,,,0.5159731565043337,2249.09666347277,8448,15.52636977756028,22,8.167889333301517,3.538197948176902,12.650792980438972,28.103512348451588,16.23093055097575,12.404943128913862
research/robot-position-observer-results/scores.csv:425: trailing whitespace.
+recording_2021_12_15_21H_54M.mat,observer_position-8102-lr1,observer_position,8102,0.003,128,PASS,True,,,0.5885262162907756,5852.151060290926,16896,17.964508303644,22,10.238306799961864,3.7340690416443936,12.893890425635133,33.01075264080229,18.823453629521026,14.397588237236283
research/robot-position-observer-results/scores.csv:426: trailing whitespace.
+recording_2021_12_15_21H_54M.mat,observer_position-8103-lr0,observer_position,8103,0.001,64,PASS,False,,,0.5079101321591196,2179.353389451908,8448,14.905712701544223,22,8.061519226635351,4.016756497813373,11.685515153156702,25.2608770659829,16.634439578959498,14.163031003225024
research/robot-position-observer-results/scores.csv:427: trailing whitespace.
+recording_2021_12_15_21H_54M.mat,observer_position-8103-lr0,observer_position,8103,0.001,128,PASS,False,,,0.6011740910360924,6106.3882215379845,16896,18.210186557308635,22,9.610713779409684,4.232968640196197,12.370564064212102,31.705289480342586,19.846736756612927,18.089564054114085
research/robot-position-observer-results/scores.csv:428: trailing whitespace.
+recording_2021_12_15_21H_54M.mat,observer_position-8103-lr1,observer_position,8103,0.003,64,PASS,True,,,0.501684741398062,2126.256673741858,8448,14.698088156647476,22,8.091241259848491,3.975459219260066,11.714917246483191,24.603222505959113,16.324732081666173,14.348365423508948
research/robot-position-observer-results/scores.csv:429: trailing whitespace.
+recording_2021_12_15_21H_54M.mat,observer_position-8103-lr1,observer_position,8103,0.003,128,PASS,True,,,0.5979334424480154,6040.732289395315,16896,18.09421634999265,22,9.617726205296053,4.2085618074431155,12.361687872315041,31.302792429233413,19.740410406439224,18.21623995615101
research/robot-position-observer-results/scores.csv:430: trailing whitespace.
+recording_2021_12_15_21H_54M.mat,observer_position_fixed-8101-fixed,observer_position_fixed,8101,,64,PASS,True,,,0.5974176147129429,3015.1571482078652,8448,17.956968357181353,22,7.904542056756254,4.222197633477096,14.740238083230386,33.810978065747285,19.170199979207833,11.245181801381735
research/robot-position-observer-results/scores.csv:431: trailing whitespace.
+recording_2021_12_15_21H_54M.mat,observer_position_fixed-8101-fixed,observer_position_fixed,8101,,128,PASS,True,,,0.6624900811098234,7415.53794548414,16896,20.125821359862304,22,9.774435263691014,4.547826821850043,14.272937223122197,37.92310762573596,21.807408018013763,14.022407977820444
research/robot-position-observer-results/scores.csv:432: trailing whitespace.
+recording_2021_12_15_21H_54M.mat,observer_position_fixed-8102-fixed,observer_position_fixed,8102,,64,PASS,True,,,0.5440202564377212,2500.253516974237,8448,16.522652849602128,22,8.179334424471866,3.835041054418925,12.295351412663752,31.049476663027285,17.328285022071995,11.868620913965941
research/robot-position-observer-results/scores.csv:433: trailing whitespace.
+recording_2021_12_15_21H_54M.mat,observer_position_fixed-8102-fixed,observer_position_fixed,8102,,128,PASS,True,,,0.6000488622315324,6083.550731856264,16896,18.362938101081255,22,10.301398971809702,3.8654622931885303,12.723511188357653,34.323421294765474,19.265792324439044,13.81913942623595
research/robot-position-observer-results/scores.csv:434: trailing whitespace.
+recording_2021_12_15_21H_54M.mat,observer_position_fixed-8103-fixed,observer_position_fixed,8103,,64,PASS,True,,,0.5242037421367993,2321.422230506852,8448,15.43359304114156,22,8.114130110319792,4.103720549420156,11.63444906389097,26.06840697469315,17.461940850722332,15.055016096632976
research/robot-position-observer-results/scores.csv:435: trailing whitespace.
+recording_2021_12_15_21H_54M.mat,observer_position_fixed-8103-fixed,observer_position_fixed,8103,,128,PASS,True,,,0.610367128793786,6294.571547184648,16896,18.52645153451744,22,9.568941234414703,4.287224326672738,12.36795061201857,32.456159472869075,20.24192794942672,18.257255347138663
research/robot-position-observer-results/scores.csv:436: trailing whitespace.
+recording_2021_12_15_22H_10M.mat,observer_position-8101-lr0,observer_position,8101,0.001,64,PASS,False,,,0.62548144474187,3305.0860146279515,8448,18.529162829913993,22,9.995186430747902,5.093590353184872,12.983568249011604,32.380249911232426,20.498156248365525,17.230867599175514
research/robot-position-observer-results/scores.csv:437: trailing whitespace.
+recording_2021_12_15_22H_10M.mat,observer_position-8101-lr0,observer_position,8101,0.001,128,PASS,False,,,0.6943247136011287,8145.338706570521,16896,21.07234047686244,22,12.490121094371764,5.369789213791801,13.012023855394775,37.2524935972204,21.941928282461806,20.99795649836573
research/robot-position-observer-results/scores.csv:438: trailing whitespace.
+recording_2021_12_15_22H_10M.mat,observer_position-8101-lr1,observer_position,8101,0.003,64,PASS,True,,,0.622517958897016,3273.841690093345,8448,18.440035160021807,22,9.8932574431219,5.05694848965547,12.90645238562993,32.220990199689005,20.46285877604626,17.124917443150675
research/robot-position-observer-results/scores.csv:439: trailing whitespace.
+recording_2021_12_15_22H_10M.mat,observer_position-8101-lr1,observer_position,8101,0.003,128,PASS,True,,,0.6922842379638079,8097.534147785367,16896,21.006767856205965,22,12.36942354084919,5.346546524246274,12.98228976854427,37.159037676497256,21.94093879737347,20.865733922640842
research/robot-position-observer-results/scores.csv:440: trailing whitespace.
+recording_2021_12_15_22H_10M.mat,observer_position-8102-lr0,observer_position,8102,0.001,64,PASS,False,,,0.6139265888918729,3184.100676120974,8448,18.005500438406496,22,10.211972429868714,4.899259171386362,13.223316362712813,29.32685726688567,20.420815616999185,19.10420874163011
research/robot-position-observer-results/scores.csv:441: trailing whitespace.
+recording_2021_12_15_22H_10M.mat,observer_position-8102-lr0,observer_position,8102,0.001,128,PASS,False,,,0.690430855326598,8054.234766116651,16896,21.02138295725806,22,12.519266451005622,5.080485561456048,12.816889808301646,35.15569932357439,22.172526297058784,24.0214716643523
research/robot-position-observer-results/scores.csv:442: trailing whitespace.
+recording_2021_12_15_22H_10M.mat,observer_position-8102-lr1,observer_position,8102,0.003,64,PASS,True,,,0.6143495336245345,3188.4893522776424,8448,18.01730862097111,22,10.135119280582899,4.875897165838968,13.189401904891032,29.42397882761418,20.549478944465598,18.953456310414044
research/robot-position-observer-results/scores.csv:443: trailing whitespace.
+recording_2021_12_15_22H_10M.mat,observer_position-8102-lr1,observer_position,8102,0.003,128,PASS,True,,,0.6905478587991823,8056.9648100559225,16896,21.040620702334998,22,12.41173743984562,5.058512939086647,12.785143927487935,35.218143465352114,22.24368409122878,24.042618856179264
research/robot-position-observer-results/scores.csv:444: trailing whitespace.
+recording_2021_12_15_22H_10M.mat,observer_position-8103-lr0,observer_position,8103,0.001,64,PASS,False,,,0.5853587190118426,2894.663523191069,8448,17.065715360211435,22,9.521821217092125,5.614485180631596,12.510470580154017,30.14604587094182,17.756575665438977,15.641367787008084
research/robot-position-observer-results/scores.csv:445: trailing whitespace.
+recording_2021_12_15_22H_10M.mat,observer_position-8103-lr0,observer_position,8103,0.001,128,PASS,False,,,0.6772149030884046,7748.8439418092685,16896,20.37207617110766,22,11.915636117475541,5.800137761699772,14.425180559431656,36.910520745807155,19.8315888001502,18.728071250200436
research/robot-position-observer-results/scores.csv:446: trailing whitespace.
+recording_2021_12_15_22H_10M.mat,observer_position-8103-lr1,observer_position,8103,0.003,64,PASS,True,,,0.583189487515311,2873.2490970870385,8448,16.950721880990223,22,9.277415694572609,5.73317590519086,12.22642158590161,30.185883713107074,17.72927571386459,15.166473160054997
research/robot-position-observer-results/scores.csv:447: trailing whitespace.
+recording_2021_12_15_22H_10M.mat,observer_position-8103-lr1,observer_position,8103,0.003,128,PASS,True,,,0.6753594782318252,7706.441738055466,16896,20.270265857291804,22,11.868624085635824,5.848786693380207,14.298805593015434,36.72484948979407,19.83781694219881,18.5342960916749
research/robot-position-observer-results/scores.csv:448: trailing whitespace.
+recording_2021_12_15_22H_10M.mat,observer_position_fixed-8101-fixed,observer_position_fixed,8101,,64,PASS,True,,,0.63331282143237,3388.367176471233,8448,18.574229790577814,22,9.397073566796355,5.171077191109822,12.46297518671881,32.314186695885034,21.919148802152066,16.582688153938264
research/robot-position-observer-results/scores.csv:449: trailing whitespace.
+recording_2021_12_15_22H_10M.mat,observer_position_fixed-8101-fixed,observer_position_fixed,8101,,128,PASS,True,,,0.6975104355269585,8220.255566375547,16896,21.08268017709556,22,11.897982657697616,5.449687817859836,12.788268733860741,37.39736556592351,22.657091388125313,20.498018767982494
research/robot-position-observer-results/scores.csv:450: trailing whitespace.
+recording_2021_12_15_22H_10M.mat,observer_position_fixed-8102-fixed,observer_position_fixed,8102,,64,PASS,True,,,0.6252684153318099,3302.8350745551975,8448,18.45387081739896,22,10.262886413879151,4.897196241908496,13.318975426304062,30.665385299535803,20.7881669211169,19.080195868487547
research/robot-position-observer-results/scores.csv:451: trailing whitespace.
+recording_2021_12_15_22H_10M.mat,observer_position_fixed-8102-fixed,observer_position_fixed,8102,,128,PASS,True,,,0.6972191623825086,8213.391612406325,16896,21.28608112563331,22,12.70280938845983,5.079389806770853,12.894242128866818,35.85654286099419,22.29933996929468,24.128991314749243
research/robot-position-observer-results/scores.csv:452: trailing whitespace.
+recording_2021_12_15_22H_10M.mat,observer_position_fixed-8103-fixed,observer_position_fixed,8103,,64,PASS,True,,,0.601398610677452,3055.4750808364533,8448,17.524252914540757,22,9.91020447148451,5.619850111074105,12.86371186315865,30.723839394309426,18.582328253425764,16.064540453913274
research/robot-position-observer-results/scores.csv:453: trailing whitespace.
+recording_2021_12_15_22H_10M.mat,observer_position_fixed-8103-fixed,observer_position_fixed,8103,,128,PASS,True,,,0.6835413029417288,7894.2963319296605,16896,20.569389323971215,22,12.095048828709428,5.716004766828721,14.599081841350985,37.10116305559898,20.259644040506345,18.961884900154345
research/robot-position-observer-results/scores.csv:454: trailing whitespace.
+recording_2021_12_15_22H_41M.mat,observer_position-8101-lr0,observer_position,8101,0.001,64,PASS,False,,,0.5766755603165526,2809.4221213674314,8448,17.015929579601497,22,6.303827090209505,4.398218245165668,13.055446663472493,27.791577010143698,20.09590068687539,18.207331828746742
research/robot-position-observer-results/scores.csv:455: trailing whitespace.
+recording_2021_12_15_22H_41M.mat,observer_position-8101-lr0,observer_position,8101,0.001,128,PASS,False,,,0.6356448529573617,6826.73382912468,16896,19.253417257256853,22,8.270889587122909,4.75997709777426,14.603068773484585,30.998285989508908,20.351574177491365,23.340298553490356
research/robot-position-observer-results/scores.csv:456: trailing whitespace.
+recording_2021_12_15_22H_41M.mat,observer_position-8101-lr1,observer_position,8101,0.003,64,PASS,True,,,0.5749402452077023,2792.539500406595,8448,16.959015842716795,22,6.267502207637982,4.350185441470755,12.956792408259348,27.647587695205434,20.1529280266102,18.139336534246546
research/robot-position-observer-results/scores.csv:457: trailing whitespace.
+recording_2021_12_15_22H_41M.mat,observer_position-8101-lr1,observer_position,8101,0.003,128,PASS,True,,,0.6339247755354728,6789.837053052973,16896,19.19840607733075,22,8.264065867373835,4.739842318000472,14.542631383176914,30.953075382286016,20.326112765052915,23.194396355470225
research/robot-position-observer-results/scores.csv:458: trailing whitespace.
+recording_2021_12_15_22H_41M.mat,observer_position-8102-lr0,observer_position,8102,0.001,64,PASS,False,,,0.582836664237602,2869.773580013389,8448,17.02020689841132,22,8.45904049879616,4.140419915313672,13.616382240300357,26.234050142427687,20.403845869985826,18.959905998645027
research/robot-position-observer-results/scores.csv:459: trailing whitespace.
+recording_2021_12_15_22H_41M.mat,observer_position-8102-lr0,observer_position,8102,0.001,128,PASS,False,,,0.6302974835739295,6712.357011142512,16896,18.670807912551197,22,12.793792443707943,4.467919074956061,14.445559820814626,28.198128025472215,19.81569307379796,22.61593836254981
research/robot-position-observer-results/scores.csv:460: trailing whitespace.
+recording_2021_12_15_22H_41M.mat,observer_position-8102-lr1,observer_position,8102,0.003,64,PASS,True,,,0.5804845925430294,2846.658035695347,8448,16.96075907443995,22,8.271153315353105,4.101328375758237,13.48099749325012,26.19908122101283,20.437663453132995,18.839957033218916
research/robot-position-observer-results/scores.csv:461: trailing whitespace.
+recording_2021_12_15_22H_41M.mat,observer_position-8102-lr1,observer_position,8102,0.003,128,PASS,True,,,0.6282772623969161,6669.397252446101,16896,18.60881254079993,22,12.68192784322467,4.452553868036364,14.365655951690034,28.180877126302715,19.821985978157993,22.44161002813486
research/robot-position-observer-results/scores.csv:462: trailing whitespace.
+recording_2021_12_15_22H_41M.mat,observer_position-8103-lr0,observer_position,8103,0.001,64,PASS,False,,,0.5474907803130761,2532.2555134510308,8448,16.75085103667097,22,6.07357775682044,5.174896936100396,12.87120174092533,27.693595889528382,14.607979470654199,21.768831063837194
research/robot-position-observer-results/scores.csv:463: trailing whitespace.
+recording_2021_12_15_22H_41M.mat,observer_position-8103-lr0,observer_position,8103,0.001,128,PASS,False,,,0.5817542676238411,5718.248919373928,16896,17.952527885420476,22,8.280607768107519,5.319386173145591,12.939581655549206,29.50776743758324,15.268821048223879,23.782708042161563
research/robot-position-observer-results/scores.csv:464: trailing whitespace.
+recording_2021_12_15_22H_41M.mat,observer_position-8103-lr1,observer_position,8103,0.003,64,PASS,True,,,0.5459679478110813,2518.1882883129438,8448,16.7200491417588,22,6.126523308302376,5.178262290622529,12.952823229589509,27.705339285399567,14.334620009338277,21.729445144114937
research/robot-position-observer-results/scores.csv:465: trailing whitespace.
+recording_2021_12_15_22H_41M.mat,observer_position-8103-lr1,observer_position,8103,0.003,128,PASS,True,,,0.5793765935541949,5671.602599029386,16896,17.88345228635911,22,8.256784188413278,5.317051368453301,12.917456546586411,29.456440933400657,15.104719682553378,23.659385471683525
research/robot-position-observer-results/scores.csv:466: trailing whitespace.
+recording_2021_12_15_22H_41M.mat,observer_position_fixed-8101-fixed,observer_position_fixed,8101,,64,PASS,True,,,0.5886776279312519,2927.581321646914,8448,17.3519865803638,22,5.596553960264232,4.5738070727514915,13.304252141248359,28.546052595353682,20.640918490324058,18.340658178021847
research/robot-position-observer-results/scores.csv:467: trailing whitespace.
+recording_2021_12_15_22H_41M.mat,observer_position_fixed-8101-fixed,observer_position_fixed,8101,,128,PASS,True,,,0.6417459596087847,6958.412764287281,16896,19.460922877489278,22,8.18410989664795,4.824779138927085,14.689117739896554,31.507190904094017,20.533536894253047,23.49484136763764
research/robot-position-observer-results/scores.csv:468: trailing whitespace.
+recording_2021_12_15_22H_41M.mat,observer_position_fixed-8102-fixed,observer_position_fixed,8102,,64,PASS,True,,,0.5962107357230005,3002.9872552742227,8448,17.400311437548698,22,8.268615420113294,4.182415747901658,14.084318630503024,26.892581695814066,21.029899639117776,19.155332570988232
research/robot-position-observer-results/scores.csv:469: trailing whitespace.
+recording_2021_12_15_22H_41M.mat,observer_position_fixed-8102-fixed,observer_position_fixed,8102,,128,PASS,True,,,0.6361756715953416,6838.140420752829,16896,18.835693725140207,22,12.803579858908963,4.507411914617085,14.640922855859651,28.41042747188328,20.055588025799977,22.81920478468171
research/robot-position-observer-results/scores.csv:470: trailing whitespace.
+recording_2021_12_15_22H_41M.mat,observer_position_fixed-8103-fixed,observer_position_fixed,8103,,64,PASS,True,,,0.5608435956442138,2657.2807115723012,8448,17.1590765144313,22,6.886541071480133,5.186470049306828,13.34861538784354,28.261919823220662,14.903258586029636,22.209249427171443
research/robot-position-observer-results/scores.csv:471: trailing whitespace.
+recording_2021_12_15_22H_41M.mat,observer_position_fixed-8103-fixed,observer_position_fixed,8103,,128,PASS,True,,,0.5918423307773176,5918.28601267078,16896,18.267106322659803,22,8.805400281501516,5.352009834172171,13.261938143634072,30.00032110837177,15.425188033247524,24.126940569528657
research/robot-position-observer-results/scores.csv:472: trailing whitespace.
+recording_2021_12_15_22H_50M.mat,observer_position-8101-lr0,observer_position,8101,0.001,64,PASS,False,,,0.5707373127382864,2751.8606451217356,8448,16.782559886264565,22,8.961526200203414,4.386721463784763,12.694966822121216,30.543328056055955,19.1105961016182,11.449963592290535
research/robot-position-observer-results/scores.csv:473: trailing whitespace.
+recording_2021_12_15_22H_50M.mat,observer_position-8101-lr0,observer_position,8101,0.001,128,PASS,False,,,0.6434936993731316,6996.365648581786,16896,19.473990454430066,22,10.66427523142042,5.221439810844666,14.018220220152285,34.026388511528886,19.29544548212119,20.194251552705207
research/robot-position-observer-results/scores.csv:474: trailing whitespace.
+recording_2021_12_15_22H_50M.mat,observer_position-8101-lr1,observer_position,8101,0.003,64,PASS,True,,,0.5692184422061562,2737.2333960373526,8448,16.743809142052395,22,8.985644167352044,4.35441130848322,12.67817388635691,30.408315379709098,19.05261490883734,11.576886298920948
research/robot-position-observer-results/scores.csv:475: trailing whitespace.
+recording_2021_12_15_22H_50M.mat,observer_position-8101-lr1,observer_position,8101,0.003,128,PASS,True,,,0.6435745980808099,6998.1248966302255,16896,19.4821375026042,22,10.687030507232192,5.2093666130707454,14.027906522749511,33.942318576910814,19.29403161159093,20.36784624926753
research/robot-position-observer-results/scores.csv:476: trailing whitespace.
+recording_2021_12_15_22H_50M.mat,observer_position-8102-lr0,observer_position,8102,0.001,64,PASS,False,,,0.6107310046780484,3151.039457914093,8448,16.549549046894647,22,10.541848334240742,5.668617217215718,13.437093228212722,26.20058211769257,21.91580829722926,12.358520276531722
research/robot-position-observer-results/scores.csv:477: trailing whitespace.
+recording_2021_12_15_22H_50M.mat,observer_position-8102-lr0,observer_position,8102,0.001,128,PASS,False,,,0.6603946220751512,7368.701376804248,16896,19.327410124289447,22,12.700181556346335,5.514004938139774,14.032958631535337,31.956247873164557,20.839328229798447,19.929639321827597
research/robot-position-observer-results/scores.csv:478: trailing whitespace.
+recording_2021_12_15_22H_50M.mat,observer_position-8102-lr1,observer_position,8102,0.003,64,PASS,True,,,0.6104027474866088,3147.6531114479676,8448,16.587185613556898,22,10.352330028816565,5.622218917835953,13.353139933328723,26.46324936931458,22.000756393476305,12.22231900006084
research/robot-position-observer-results/scores.csv:479: trailing whitespace.
+recording_2021_12_15_22H_50M.mat,observer_position-8102-lr1,observer_position,8102,0.003,128,PASS,True,,,0.660910050164626,7380.20818712785,16896,19.377691608066513,22,12.578782861327552,5.485438029906214,14.018390850158056,32.13609507656167,20.90709843120213,19.957533166251743
research/robot-position-observer-results/scores.csv:480: trailing whitespace.
+recording_2021_12_15_22H_50M.mat,observer_position-8103-lr0,observer_position,8103,0.001,64,PASS,False,,,0.6384325797555045,3443.3723503303336,8448,19.91158480399195,22,8.182806800241993,4.9475667738960745,11.658617272385316,39.75293992800315,19.98490721051948,13.106273554701568
research/robot-position-observer-results/scores.csv:481: trailing whitespace.
+recording_2021_12_15_22H_50M.mat,observer_position-8103-lr0,observer_position,8103,0.001,128,PASS,False,,,0.7525693591540864,9569.229379143959,16896,24.075985497714957,22,10.934840237566165,5.894375077615303,13.402643061921752,48.01008637222638,21.018869774534405,19.93017702951039
research/robot-position-observer-results/scores.csv:482: trailing whitespace.
+recording_2021_12_15_22H_50M.mat,observer_position-8103-lr1,observer_position,8103,0.003,64,PASS,True,,,0.6320935430957022,3375.332904542255,8448,19.68608737378243,22,8.309967304960256,4.949865964497028,11.265698893727857,39.21989746400035,19.840226491377347,13.150839173725329
research/robot-position-observer-results/scores.csv:483: trailing whitespace.
+recording_2021_12_15_22H_50M.mat,observer_position-8103-lr1,observer_position,8103,0.003,128,PASS,True,,,0.7497662690076997,9498.077244762608,16896,23.965284023794393,22,11.034527317399217,5.90768863092794,13.214755772427205,47.72724785267887,20.952121534940094,19.945829073707255
research/robot-position-observer-results/scores.csv:484: trailing whitespace.
+recording_2021_12_15_22H_50M.mat,observer_position_fixed-8101-fixed,observer_position_fixed,8101,,64,PASS,True,,,0.6070534693076755,3113.2055505279995,8448,17.587006670699054,22,8.314659695331496,4.744034352546076,13.605551552205153,31.60032725543852,21.31180057537937,11.238008478761172
research/robot-position-observer-results/scores.csv:485: trailing whitespace.
+recording_2021_12_15_22H_50M.mat,observer_position_fixed-8101-fixed,observer_position_fixed,8101,,128,PASS,True,,,0.6598967595078299,7357.595236298159,16896,19.771643343372663,22,10.40480843427897,5.409205909854625,14.460717327078402,34.38373791269972,20.49313715378018,19.916457691803796
research/robot-position-observer-results/scores.csv:486: trailing whitespace.
+recording_2021_12_15_22H_50M.mat,observer_position_fixed-8102-fixed,observer_position_fixed,8102,,64,PASS,True,,,0.6541674283870579,3615.195085814709,8448,17.47880930365177,22,10.209769377223205,6.345197471470529,14.354626325507544,27.164405797262585,23.943416416529825,13.08832676066134
research/robot-position-observer-results/scores.csv:487: trailing whitespace.
+recording_2021_12_15_22H_50M.mat,observer_position_fixed-8102-fixed,observer_position_fixed,8102,,128,PASS,True,,,0.6795793458355351,7803.047362788546,16896,19.66471985515995,22,12.452071123520383,5.904857360047503,14.398636007377762,32.12381020974238,21.95081677938083,20.22838519599041
research/robot-position-observer-results/scores.csv:488: trailing whitespace.
+recording_2021_12_15_22H_50M.mat,observer_position_fixed-8103-fixed,observer_position_fixed,8103,,64,PASS,True,,,0.6610493881133757,3691.660207699778,8448,20.524883046354685,22,8.655119464888077,5.095576295487063,11.749880216156988,40.6162778845614,21.145100765080667,13.852507101938258
research/robot-position-observer-results/scores.csv:489: trailing whitespace.
+recording_2021_12_15_22H_50M.mat,observer_position_fixed-8103-fixed,observer_position_fixed,8103,,128,PASS,True,,,0.7636744179789545,9853.723827349162,16896,24.361433759734926,22,11.185309397227416,5.968873078707552,13.406723150292281,48.47772849951788,21.682454140941186,20.00447282891312
