recording,arm,seed,learning_rate,horizon,status,selected,error_type,error_message,standardized_rmse,standardized_sse,scalars,physical_rmse_deg,windows,joint_1_rmse_deg,joint_2_rmse_deg,joint_3_rmse_deg,joint_4_rmse_deg,joint_5_rmse_deg,joint_6_rmse_deg
recording_2021_12_15_21H_54M.mat,local_affine,8101,0.001,64,PASS,False,,,0.542408555442764,2485.4610825158907,8448,16.03309852201512,22,6.4222059416954895,4.112521415423068,14.50939986042672,28.33272080821196,17.172822106524446,13.26771856582079
recording_2021_12_15_21H_54M.mat,local_affine,8101,0.001,128,PASS,False,,,0.6350820292036081,6814.649889778328,16896,19.252750321283887,22,8.767394640700712,4.490277892476055,14.169635756487668,35.48563007061881,20.756073019904193,15.36741614835753
recording_2021_12_15_21H_54M.mat,temporal_affine,8101,0.001,64,PASS,True,,,0.5379626679381628,2444.8835735397943,8448,15.873058570395921,22,6.5813116941547065,4.098786089488657,14.151219869542103,28.403219830658923,17.179406173039105,12.226131941427743
recording_2021_12_15_21H_54M.mat,temporal_affine,8101,0.001,128,PASS,True,,,0.6318061727066925,6744.529057648233,16896,19.163187642764818,22,8.834225040955898,4.503947144689312,13.950908061111267,35.56225172354057,20.596498521631624,14.883553241913072
recording_2021_12_15_21H_54M.mat,observer_learned,8101,0.001,64,PASS,False,,,0.5812492672709442,2854.1628040190244,8448,17.50014935109514,22,7.575015385086515,4.105553031573176,14.767156089568175,32.927772024157164,18.306876671199536,11.218116472091443
recording_2021_12_15_21H_54M.mat,observer_learned,8101,0.001,128,PASS,False,,,0.6561359666136323,7273.971415332959,16896,19.964771600723736,22,9.495472295528886,4.496891555631222,14.305700766013853,37.572175854095086,21.489521638543483,14.249406639047201
recording_2021_12_15_21H_54M.mat,local_affine,8101,0.003,64,PASS,True,,,0.5435585860628961,2496.011751405806,8448,16.244824108983813,22,6.315883155966813,4.072598015689542,14.340122829025434,29.27437521119504,16.949378876830576,13.303376123600707
recording_2021_12_15_21H_54M.mat,local_affine,8101,0.003,128,PASS,True,,,0.6357034971543328,6827.993547627629,16896,19.36528661656241,22,8.665955850189437,4.45678518670001,14.040919190875567,35.94798046587555,20.688148987076346,15.418171410407584
recording_2021_12_15_21H_54M.mat,temporal_affine,8101,0.003,64,PASS,False,,,0.5399480351502024,2462.962703837342,8448,16.091324815527035,22,6.709156360925338,3.997778423771984,13.859210314585635,29.198986572485083,17.201916236804,12.329839613302095
recording_2021_12_15_21H_54M.mat,temporal_affine,8101,0.003,128,PASS,False,,,0.6338608951227351,6788.468702244472,16896,19.33974669261844,22,8.750096914844537,4.432082189627526,13.705263234338794,36.151216214023876,20.689903463649433,15.004348864323823
recording_2021_12_15_21H_54M.mat,observer_learned,8101,0.003,64,PASS,False,,,0.5773486813400469,2815.984510691329,8448,17.379350546254475,22,7.780565362436374,4.046537706021409,15.019566532977448,32.59635691809164,17.895072158235678,11.269242076269292
recording_2021_12_15_21H_54M.mat,observer_learned,8101,0.003,128,PASS,False,,,0.6545269177127986,7238.339091635379,16896,19.906561287182864,22,9.675498609327681,4.455477395482711,14.531202579260649,37.40591919081231,21.276653323458888,14.181182107486629
recording_2021_12_15_21H_54M.mat,local_affine,8102,0.001,64,PASS,False,,,0.510842528116481,2204.590827922034,8448,15.26402339708611,22,7.794823826610034,3.854682172301015,11.78853013551892,27.65165017756504,16.37236788012299,12.275462441914645
recording_2021_12_15_21H_54M.mat,local_affine,8102,0.001,128,PASS,False,,,0.5857270349658974,5796.614790742053,16896,17.842681047037672,22,9.915900087973997,3.8872749525065267,12.590472970786882,32.882257884439085,18.839711765891458,14.21386604474999
recording_2021_12_15_21H_54M.mat,temporal_affine,8102,0.001,64,PASS,True,,,0.5056895572333059,2160.338850234614,8448,15.075244093567518,22,8.007082841356986,3.920802074662207,11.571024215262481,27.678907953298193,16.035046017017546,11.267590456775133
recording_2021_12_15_21H_54M.mat,temporal_affine,8102,0.001,128,PASS,True,,,0.5835611088692348,5753.8241212901385,16896,17.759287112946048,22,10.08225825753723,3.9456318091056772,12.440776545172808,32.93597007623064,18.65974168845095,13.689292342068295
recording_2021_12_15_21H_54M.mat,observer_learned,8102,0.001,64,FAILED,False,FailedTrainingAttempt,,,,,,,,,,,,
recording_2021_12_15_21H_54M.mat,observer_learned,8102,0.001,128,FAILED,False,FailedTrainingAttempt,,,,,,,,,,,,
recording_2021_12_15_21H_54M.mat,local_affine,8102,0.003,64,PASS,True,,,0.5249555391717047,2328.0856313684017,8448,15.479338246199159,22,8.113876208699748,3.926348007812343,12.17157197218193,27.19295392688607,17.42613052521698,12.850460956995127
recording_2021_12_15_21H_54M.mat,local_affine,8102,0.003,128,PASS,True,,,0.593465971464331,5950.802614497981,16896,17.97908561981914,22,10.21287129361807,3.936265003765836,12.825512073261393,32.69427348913171,19.280338072320777,14.64743940087649
recording_2021_12_15_21H_54M.mat,temporal_affine,8102,0.003,64,PASS,False,,,0.5116663492203435,2211.7071223059606,8448,15.003432751416447,22,8.135268274481401,4.111715755310633,11.607315771886183,26.56330002307874,16.738517884149864,12.124871178904279
recording_2021_12_15_21H_54M.mat,temporal_affine,8102,0.003,128,PASS,False,,,0.5869520599778844,5820.886929154717,16896,17.734998587688484,22,10.267299601457722,4.070083399677427,12.527195702132445,32.418902367732485,18.91684342603131,14.12215285827099
recording_2021_12_15_21H_54M.mat,observer_learned,8102,0.003,64,FAILED,False,FailedTrainingAttempt,,,,,,,,,,,,
recording_2021_12_15_21H_54M.mat,observer_learned,8102,0.003,128,FAILED,False,FailedTrainingAttempt,,,,,,,,,,,,
recording_2021_12_15_21H_54M.mat,local_affine,8103,0.001,64,PASS,False,,,0.49566845426998274,2075.565605485312,8448,14.694224125890615,22,6.623715290629039,3.9678728286441345,10.30989239981354,25.436183766906254,16.85223195601669,14.09300071371889
recording_2021_12_15_21H_54M.mat,local_affine,8103,0.001,128,PASS,False,,,0.5995642351845271,6073.727989611228,16896,18.2326547291437,22,8.62977068050123,4.251428595816372,11.71415343567114,32.420997554589675,20.24994077294515,17.4249255169912
recording_2021_12_15_21H_54M.mat,temporal_affine,8103,0.001,64,PASS,True,,,0.49756937750412605,2091.516011311318,8448,14.752173918945198,22,6.818342969397185,4.087632504930643,10.376896486881973,26.044522639822365,16.62097591539368,13.427855042759738
recording_2021_12_15_21H_54M.mat,temporal_affine,8103,0.001,128,PASS,True,,,0.597739439833646,6036.8130313099,16896,18.19006666443062,22,8.734838158333337,4.309478378736321,11.720501317586818,32.56044105723345,19.950361926102207,17.170694104488394
recording_2021_12_15_21H_54M.mat,observer_learned,8103,0.001,64,FAILED,False,FailedTrainingAttempt,,,,,,,,,,,,
recording_2021_12_15_21H_54M.mat,observer_learned,8103,0.001,128,FAILED,False,FailedTrainingAttempt,,,,,,,,,,,,
recording_2021_12_15_21H_54M.mat,local_affine,8103,0.003,64,PASS,True,,,0.4975713768619016,2091.5328198103552,8448,14.756276483455188,22,6.567414992693767,3.9512105862960056,10.486279715692204,25.616080846001996,16.912972515655223,13.983878920155243
recording_2021_12_15_21H_54M.mat,local_affine,8103,0.003,128,PASS,True,,,0.5983716388497152,6049.58945276411,16896,18.243370853798414,22,8.32666736069614,4.22279512593749,11.768296469343634,32.54840347634746,20.173291787819867,17.461529727890717
recording_2021_12_15_21H_54M.mat,temporal_affine,8103,0.003,64,PASS,False,,,0.5100624724867829,2197.863155890662,8448,15.115297894345714,22,7.552712435041058,4.138462702672819,11.224740625478129,26.663285685217506,16.600275015054937,13.570862453241247
recording_2021_12_15_21H_54M.mat,temporal_affine,8103,0.003,128,PASS,False,,,0.6007257639937266,6097.283909812702,16896,18.32584885168103,22,8.719649666187687,4.3040720116354585,12.163008983607021,32.87512247695123,19.77845440635592,17.33676343817997
recording_2021_12_15_21H_54M.mat,observer_learned,8103,0.003,64,PASS,False,,,0.5072336440731771,2173.5518718545654,8448,15.021641120573635,22,9.202823703879643,3.9170099114688357,11.269605789824404,25.555892304766505,16.11249910233278,14.633625917286388
recording_2021_12_15_21H_54M.mat,observer_learned,8103,0.003,128,PASS,False,,,0.6026074097576625,6135.540623221605,16896,18.298708544952895,22,10.427323339919237,4.172675659287531,12.145102864088171,31.77148324036158,19.668412695719617,18.415726525037055
recording_2021_12_15_21H_54M.mat,last_two,8101,,64,PASS,True,,,0.5650032003522554,2696.8433514172407,8448,16.50275627156743,22,7.03596034037591,4.3353720626951056,13.941848671783987,29.05794069869066,19.07954141184305,12.766269462823807
recording_2021_12_15_21H_54M.mat,last_two,8101,,128,PASS,True,,,0.6465557248892753,7063.107623820378,16896,19.464346955809212,22,9.2422187847714,4.591264716507241,13.77685210495862,35.83202177370905,21.759942488751012,14.813370963655668
recording_2021_12_15_21H_54M.mat,last_two,8102,,64,PASS,True,,,0.5289602216424747,2363.7412430443123,8448,15.702698901222432,22,8.236523555350427,3.8958870096216573,12.6301571415358,28.164513716456277,17.09153441298173,12.310524356446054
recording_2021_12_15_21H_54M.mat,last_two,8102,,128,PASS,True,,,0.5947825411777006,5977.234919712513,16896,18.02020578848964,22,10.335035252271739,3.9104079333662245,12.974647030902636,32.97102962554147,19.251576657017647,14.149529750496653
recording_2021_12_15_21H_54M.mat,last_two,8103,,64,PASS,True,,,0.5223030082810185,2304.6180534170257,8448,15.446391536030747,22,7.248505940034474,4.000933432593558,11.431260542317682,26.09556262154631,17.792986345023035,15.321726176114872
recording_2021_12_15_21H_54M.mat,last_two,8103,,128,PASS,True,,,0.6136072489103702,6361.578109545805,16896,18.66475329018887,22,8.931725228794349,4.240881977596225,12.272219715495114,32.701799863030544,20.71709548665313,18.527389464274798
recording_2021_12_15_21H_54M.mat,observer_fixed,8101,,64,PASS,True,,,9480562.363443686,7.593152179189204e+17,8448,252563200.24171448,22,58522547.17803913,28235386.58352122,346300722.34553635,354837546.96785885,362545828.42519057,35121821.857302144
recording_2021_12_15_21H_54M.mat,observer_fixed,8101,,128,PASS,True,,,7030332.471907106,8.350945095491579e+17,16896,189250225.43746462,22,59507559.92447389,23543192.991141055,255764374.80783015,272815420.4134378,260655478.64084637,54895425.6993641
recording_2021_12_15_21H_54M.mat,observer_fixed,8102,,64,PASS,True,,,176643207.44300118,2.636014464716257e+20,8448,4301868109.967627,22,951309032.1918576,738848489.4667603,4813770409.142493,3701190559.5300097,8500624140.785367,673588565.3932847
recording_2021_12_15_21H_54M.mat,observer_fixed,8102,,128,PASS,True,,,126237204.0411712,2.6925181213509917e+20,16896,3082212632.106874,22,689628949.2578682,523039971.0114916,3418937260.1727977,2722669447.9989896,6075251540.567044,490211347.2346864
recording_2021_12_15_21H_54M.mat,observer_fixed,8103,,64,PASS,True,,,38556891.08291459,1.2559082764628832e+19,8448,934438005.9681164,22,638243206.4003513,45280454.73522029,775344206.9819632,574805535.6122438,1949085114.6631124,314878999.9610979
recording_2021_12_15_21H_54M.mat,observer_fixed,8103,,128,PASS,True,,,28786315.74812451,1.4000903758629784e+19,16896,703259643.8191869,22,566125142.0414773,37336371.50940597,574740309.6547726,492635563.24922913,1417985706.1467347,248703425.9972389
recording_2021_12_15_21H_54M.mat,observer_zero,8101,,64,PASS,True,,,0.6450725746214049,3515.3701569143564,8448,19.08993828137677,22,10.14001533285508,4.6192516212763675,13.93693236623085,34.45258308170568,22.109735120366132,13.868601701468247
recording_2021_12_15_21H_54M.mat,observer_zero,8101,,128,PASS,True,,,0.6884612854584481,8008.3481968528695,16896,20.719389242596723,22,10.872140841924836,4.748341461496968,13.79859873605733,38.15364213801576,23.497123796828504,15.388040427481227
recording_2021_12_15_21H_54M.mat,observer_zero,8102,,64,PASS,True,,,0.6194916872987307,3242.0885429410646,8448,19.073999998591407,22,11.790602422772057,4.042606143948131,13.020575830134952,36.00984402072571,18.903475489492983,14.281394848664913
recording_2021_12_15_21H_54M.mat,observer_zero,8102,,128,PASS,True,,,0.6387967558927299,6894.603646049028,16896,19.587172486247404,22,11.886325054071431,3.9944556057613174,13.17429612382862,36.45683610675948,20.350516704423104,15.096259462136581
recording_2021_12_15_21H_54M.mat,observer_zero,8103,,64,PASS,True,,,0.6219427575745209,3267.7944811725247,8448,18.680980236603304,22,10.979093160285121,4.150917791663325,13.150078525825974,32.748427911634415,20.699878484470513,16.799835275265714
recording_2021_12_15_21H_54M.mat,observer_zero,8103,,128,PASS,True,,,0.6587269454251811,7331.532403078786,16896,20.040034538922885,22,11.285907270630483,4.328706969552283,13.07919095144915,35.18151946058893,21.93141075895675,19.33176592035663
recording_2021_12_15_21H_54M.mat,joint_local_affine,8101,0.003,64,PASS,True,,,0.5322774040387,2393.4808960143,8448,15.724541236799453,22,8.24522842671545,4.163935452399256,11.094902031705095,28.006114588214714,17.974015836423717,12.951466390992849
recording_2021_12_15_21H_54M.mat,joint_local_affine,8101,0.003,128,PASS,True,,,0.6461695026247275,7054.671801362172,16896,20.02652795430819,22,10.084397091745645,4.376560609607629,11.605992275187718,38.1697372119813,21.212233976991747,15.618412791845271
recording_2021_12_15_21H_54M.mat,joint_local_affine,8102,0.003,64,PASS,True,,,0.5149218247929879,2239.9406147554905,8448,15.098407720039754,22,6.364208166041528,4.229401265638829,13.097581182091469,27.233546652429634,16.405156497329983,11.27114269466114
recording_2021_12_15_21H_54M.mat,joint_local_affine,8102,0.003,128,PASS,True,,,0.5917914926723495,5917.269317826115,16896,18.204597790405344,22,7.654244605779564,4.368684365464673,13.400892075736174,34.82213359067319,18.22564862418774,13.654019799599327
recording_2021_12_15_21H_54M.mat,joint_local_affine,8103,0.003,64,PASS,True,,,0.5215142556229135,2297.662699773802,8448,15.226951353349818,22,7.8427236643148275,3.9788080436664446,11.061862848023273,26.009300975548214,18.292716222283676,13.429409647725086
recording_2021_12_15_21H_54M.mat,joint_local_affine,8103,0.003,128,PASS,True,,,0.6284049506772642,6672.1084452751,16896,18.812550153638366,22,9.537762339058547,4.231679411506393,11.474048878023718,33.63084478519383,22.60941776747215,15.515248893126422
recording_2021_12_15_21H_54M.mat,joint_temporal_affine,8101,0.003,64,PASS,True,,,0.47339710365320703,1893.237500328728,8448,13.440541860521444,22,6.578109421295007,4.332348954016324,13.4004785970073,22.724312153833118,14.056572578440072,11.32668529897547
recording_2021_12_15_21H_54M.mat,joint_temporal_affine,8101,0.003,128,PASS,True,,,0.5555395274668987,5214.513918504339,16896,16.544892495539106,22,7.989236312468469,4.36347864593527,13.40246139364652,29.778059045829977,17.445025977996142,13.742098095472816
recording_2021_12_15_21H_54M.mat,joint_temporal_affine,8102,0.003,64,PASS,True,,,0.5009516766306054,2120.047415431035,8448,14.631547617189325,22,6.486760787176546,3.96707969593213,12.88655838180234,26.632610841518005,16.21481653551148,9.402005359331817
recording_2021_12_15_21H_54M.mat,joint_temporal_affine,8102,0.003,128,PASS,True,,,0.5720783164461299,5529.614748097877,16896,17.455264225746674,22,7.717053009553331,4.040079028016578,13.338852944244977,33.280707822019295,18.038033411720257,11.888700058196806
recording_2021_12_15_21H_54M.mat,joint_temporal_affine,8103,0.003,64,PASS,True,,,0.521582615314115,2298.265091003161,8448,15.494504554641098,22,5.905140336963621,4.119731240874628,11.73599758892413,27.83615055171547,17.562683592972082,12.946134115427508
recording_2021_12_15_21H_54M.mat,joint_temporal_affine,8103,0.003,128,PASS,True,,,0.602799670280812,6139.456308322118,16896,18.266132789938446,22,7.0903530587894394,4.28737468114097,12.536734328567716,31.99250656822201,20.669157796816055,18.037480042143205
recording_2021_12_15_21H_54M.mat,dense_bounded,8101,0.001,64,PASS,True,,,0.5267609253931314,2344.1263086576455,8448,15.07102173289141,22,7.976109748611415,3.5481753256459605,11.863681544257732,24.195167615607335,19.651766371287277,13.200806957672759
recording_2021_12_15_21H_54M.mat,dense_bounded,8101,0.001,128,PASS,True,,,0.6686414336804565,7553.8867740315945,16896,19.451955152905498,22,9.923392409167569,4.092085496960175,14.009517578616892,31.777845962405642,25.346495640667076,17.50741434206699
recording_2021_12_15_21H_54M.mat,dense_bounded,8102,0.001,64,PASS,True,,,0.5099497197223455,2196.8915582161044,8448,14.722175281278677,22,8.17310402678404,3.4799649608568455,13.00794512323204,25.23923165123538,17.487885140496804,10.463904966779166
recording_2021_12_15_21H_54M.mat,dense_bounded,8102,0.001,128,PASS,True,,,0.6005466971295215,6093.649443478961,16896,17.132091004758635,22,10.399595036929782,3.73263487317854,13.287218096204098,28.85748813036272,22.566000503018245,10.9744224682235
recording_2021_12_15_21H_54M.mat,dense_bounded,8103,0.001,64,PASS,True,,,0.5524675149369562,2578.501559552083,8448,16.084612153738735,22,7.909548857925594,4.157203926728943,12.327818451509753,28.111311983835776,19.39663221533634,12.409466977671512
recording_2021_12_15_21H_54M.mat,dense_bounded,8103,0.001,128,PASS,True,,,0.6411076925754768,6944.578265508822,16896,19.045430850659294,22,9.625924021568617,4.389481153586671,13.525003134117544,34.564993933970044,22.46428885866743,13.495772312018278
recording_2021_12_15_21H_54M.mat,dense_unbounded,8101,0.003,64,PASS,True,,,0.5801127371402044,2843.0120952693496,8448,17.60827457968067,22,6.866139811693366,4.284935791862433,11.92796273968476,33.00325047000219,19.547298695373563,13.461639142218376
recording_2021_12_15_21H_54M.mat,dense_unbounded,8101,0.003,128,PASS,True,,,0.6975152082730378,8220.368061686742,16896,22.470985250623727,22,9.43034048377065,4.717145989435898,13.349878524527792,45.7202930262814,20.213858836633783,15.534598185371847
recording_2021_12_15_21H_54M.mat,dense_unbounded,8102,0.003,64,PASS,True,,,0.5338855168140342,2407.9650782988847,8448,15.489955731165377,22,9.531469724905737,4.3004616296444205,12.643456482841886,26.6401360080998,17.10264912265954,12.970545115744404
recording_2021_12_15_21H_54M.mat,dense_unbounded,8102,0.003,128,PASS,True,,,0.6071076292874356,6227.5221641151165,16896,18.11797867542581,22,11.564937077798628,4.725995605785618,12.724061695301126,31.345379167080345,18.966283371023444,17.587770113233105
recording_2021_12_15_21H_54M.mat,dense_unbounded,8103,0.003,64,PASS,True,,,0.5460353361636656,2518.8099622909754,8448,15.491599199343687,22,8.79433570616811,3.706667992292698,11.98191499241306,24.218507221982925,20.628270823475482,13.900726969747415
recording_2021_12_15_21H_54M.mat,dense_unbounded,8103,0.003,128,PASS,True,,,0.6443968104785538,7016.017525100951,16896,18.8585945422149,22,10.595652120566498,3.994296864819484,12.886819050990066,31.68041198662858,23.98770311804784,16.140903554835187
recording_2021_12_15_21H_54M.mat,gru32,8101,0.003,64,PASS,True,,,0.6324667612678083,3379.319996309375,8448,17.916648524802387,22,16.11587254457483,3.779550803651306,13.670407704145724,25.06566235957188,21.80536559372159,19.01025957266172
recording_2021_12_15_21H_54M.mat,gru32,8101,0.003,128,PASS,True,,,0.7191769325260312,8738.872416849514,16896,20.661849263734986,22,18.92247281171045,4.344628958600703,13.883538586121242,31.725944430924038,24.414304107775752,19.72789581056859
recording_2021_12_15_21H_54M.mat,gru32,8102,0.003,64,PASS,True,,,0.6044138033323568,3086.189953724571,8448,18.061084027475005,22,13.691251842337971,4.382998541901286,13.33405662812428,25.59057792876566,17.806618255492786,24.5113256611988
recording_2021_12_15_21H_54M.mat,gru32,8102,0.003,128,PASS,True,,,0.7313386070163059,9036.929647469657,16896,21.55413545180076,22,16.373695095651406,4.877461781196361,16.948713756912774,28.817519675222776,22.87823336866667,29.23140615191591
recording_2021_12_15_21H_54M.mat,gru32,8103,0.003,64,PASS,True,,,0.6418336580512338,3480.1573560435527,8448,18.961349028836523,22,11.330599907875513,5.217760124404763,10.22775032023849,31.269367060884207,22.280386973910563,20.561935469778344
recording_2021_12_15_21H_54M.mat,gru32,8103,0.003,128,PASS,True,,,0.7774813658745969,10213.248026272538,16896,23.519887314499844,22,14.514508202918861,5.336177930685073,10.422778592990214,41.393779405688264,27.538581851515847,22.349766776460545
recording_2021_12_15_21H_54M.mat,legacy_instant,8101,0.001,64,PASS,True,,,0.5632404210260593,2680.041592822071,8448,16.96529350978547,22,6.678051693037522,4.025509527067416,13.9767904824369,32.09661082064893,18.097480384441376,10.633160736311936
recording_2021_12_15_21H_54M.mat,legacy_instant,8101,0.001,128,PASS,True,,,0.6599701886196262,7359.232740146496,16896,20.446768925078036,22,8.940002622803664,4.429390544921287,14.783614701634873,39.68183326882398,20.62153164715143,13.799575597185518
recording_2021_12_15_21H_54M.mat,legacy_instant,8102,0.001,64,PASS,True,,,0.5142773041676378,2234.336717876171,8448,14.571550181346414,22,8.30986502130534,4.053066965103512,11.693811962965691,22.559230448407558,18.327725029270297,14.385048426437564
recording_2021_12_15_21H_54M.mat,legacy_instant,8102,0.001,128,PASS,True,,,0.6052605492744619,6189.686258055563,16896,17.863955650041277,22,10.863795468864067,4.421708278743701,12.222361662865596,29.651136091222394,20.6556552095238,17.9421243016378
recording_2021_12_15_21H_54M.mat,legacy_instant,8103,0.001,64,PASS,True,,,0.5150740659623785,2241.2653268714366,8448,15.188754000817447,22,6.425733718363178,3.480044170599593,13.29652508955614,25.846313320820386,17.432223992705506,13.493583744446227
recording_2021_12_15_21H_54M.mat,legacy_instant,8103,0.001,128,PASS,True,,,0.6122315963210513,6333.085905211469,16896,18.291492683032576,22,8.121662228715593,3.7875279992440896,14.17937805888393,31.997863940467262,21.470650190537132,15.53250086896427
recording_2021_12_15_21H_54M.mat,gru10,8101,0.003,64,PASS,True,,,0.5913189523019977,2953.9116571137442,8448,16.881204705973726,22,10.47421526969893,4.595909581696719,12.392084716438461,25.444170594578313,21.07259989822047,18.275525059897404
recording_2021_12_15_21H_54M.mat,gru10,8101,0.003,128,PASS,True,,,0.6762935431171664,7727.773472381454,16896,19.710582048008465,22,11.984140768396072,5.126857103202646,14.273036248282585,30.30320738273749,23.20925245883414,22.371066876444818
recording_2021_12_15_21H_54M.mat,gru10,8102,0.003,64,PASS,True,,,0.6194710239265745,3241.872264446227,8448,18.093982825144092,22,13.604220277188928,4.7067555950576105,13.0442826865313,22.787979070049115,19.820662117913027,25.97731667401702
recording_2021_12_15_21H_54M.mat,gru10,8102,0.003,128,PASS,True,,,0.7087213813251627,8486.624194286458,16896,21.403566916516926,22,15.359484400629668,4.8254189752808,12.870537993698312,28.88461317119165,22.870628853945483,31.087623593436458
recording_2021_12_15_21H_54M.mat,gru10,8103,0.003,64,PASS,True,,,0.5760446281095957,2803.2779898724957,8448,17.341645083332278,22,11.170147879405736,4.41161780182865,11.54948173381009,27.047370327240323,17.946076062270837,21.7519868961221
recording_2021_12_15_21H_54M.mat,gru10,8103,0.003,128,PASS,True,,,0.6617312783837281,7398.56045983487,16896,20.13962020291688,22,12.3533770243588,4.5943919424430915,11.632482224044137,31.389910920610617,21.958443769536064,25.633904252049376
recording_2021_12_15_21H_54M.mat,causal_ridge_1,,,64,PASS,True,,,0.5599151897565028,2648.4904065950714,8448,16.271883209864082,22,10.499510295911932,5.659646894957718,12.582046779628348,27.724421147817804,15.183705490634116,16.99639485804384
recording_2021_12_15_21H_54M.mat,causal_ridge_1,,,128,PASS,True,,,0.7442245238288899,9358.189917007438,16896,21.91315915052798,22,14.053230406707497,7.2315882571217305,15.90852542488149,36.36754569585619,20.625129317972245,25.104871830708348
recording_2021_12_15_21H_54M.mat,causal_ridge_100,,,64,PASS,True,,,0.5844021519934689,2885.2105941508394,8448,17.38522921818423,22,9.478970796657395,4.957414484545274,12.216408466956493,28.62236646866448,18.442880090016907,19.759301606194985
recording_2021_12_15_21H_54M.mat,causal_ridge_100,,,128,PASS,True,,,0.6754474634486927,7708.449845256197,16896,20.23529265862581,22,11.759510201274846,5.712201969730269,13.598085645362522,33.44591922255935,20.8447141721552,23.406142945498498
recording_2021_12_15_21H_54M.mat,linear_frozen,,,64,PASS,True,,,0.7300262060516359,4502.262433339085,8448,21.221134171642312,22,10.75192044754271,5.339142994362352,23.062256900856205,28.093629642368878,20.866774739892755,28.308425672782153
recording_2021_12_15_21H_54M.mat,linear_frozen,,,128,PASS,True,,,1.0877737441922855,19992.221036690134,16896,30.807745145679764,22,19.781331622661934,7.270114934345849,40.49145179780395,37.024305882345196,26.079284124834153,39.49761206219232
recording_2021_12_15_21H_54M.mat,persistence,,,64,PASS,True,,,1.1373568827339755,10928.169573677422,8448,32.675368891449345,22,20.8189388894093,10.447661965068235,29.656910117358812,49.01927058803764,32.264521883302216,39.24380151165329
recording_2021_12_15_21H_54M.mat,persistence,,,128,PASS,True,,,1.2329376342156586,25684.2045058842,16896,35.41623169008753,22,26.93241108668039,11.103634496979767,31.105734039379048,53.328174692174436,33.63462167147826,41.6468805033482
recording_2021_12_15_22H_10M.mat,local_affine,8101,0.001,64,PASS,False,,,0.5976716002025375,3017.721414585815,8448,17.731128017323453,22,7.77274996183688,5.035597791640106,12.506338796391791,31.754203731001006,19.79413871969568,15.621735664684056
recording_2021_12_15_22H_10M.mat,local_affine,8101,0.001,128,PASS,False,,,0.6731347237620019,7655.75258062174,16896,20.427781555387277,22,11.088980291347646,5.327244657349538,12.698946602164142,36.19879490001713,21.481388779113686,20.478146283514384
recording_2021_12_15_22H_10M.mat,temporal_affine,8101,0.001,64,PASS,True,,,0.6056771187001879,3099.1046348440905,8448,17.73624303923337,22,8.808387662869723,5.116774217513221,12.986044106971,30.81634967842468,20.181288178019138,16.065730288185616
recording_2021_12_15_22H_10M.mat,temporal_affine,8101,0.001,128,PASS,True,,,0.6805128041323816,7824.4983436328275,16896,20.580981764132353,22,11.632014857352733,5.377058518794881,12.953612352193964,35.91726417937066,21.699599808451833,21.178426838377153
recording_2021_12_15_22H_10M.mat,observer_learned,8101,0.001,64,PASS,False,,,0.6176745100208583,3223.0961691836783,8448,18.257345987726296,22,9.080561853551847,5.075599065306097,12.237571853513446,32.23349466095923,20.906947009626382,16.306716697546396
recording_2021_12_15_22H_10M.mat,observer_learned,8101,0.001,128,PASS,False,,,0.6903256434299275,8051.7802502344375,16896,20.959360735868916,22,11.684906484822413,5.369678615028373,12.683239109153348,37.45566735870262,22.213183132602254,20.326860315397976
recording_2021_12_15_22H_10M.mat,local_affine,8101,0.003,64,PASS,True,,,0.5896048227284707,2936.8107393265036,8448,17.183168519406106,22,7.910039960791561,5.054875433464856,12.202397100646651,30.11434881155475,20.209995381545546,14.80644358719329
recording_2021_12_15_22H_10M.mat,local_affine,8101,0.003,128,PASS,True,,,0.6678480345086379,7535.970768641372,16896,20.114691420042103,22,11.08485936831093,5.3395138024402735,12.540230614184203,35.41435029739377,21.6588558836346,19.89172495405871
recording_2021_12_15_22H_10M.mat,temporal_affine,8101,0.003,64,PASS,False,,,0.6026697356258285,3068.404924901657,8448,17.278410320669455,22,9.194038689398864,5.238439408922445,12.830542393287383,29.07443344805133,20.68717600697761,15.53655157422666
recording_2021_12_15_22H_10M.mat,temporal_affine,8101,0.003,128,PASS,False,,,0.6758977413496029,7718.730738242213,16896,20.23564494515332,22,11.809169616917842,5.423488354869542,12.883331208644323,34.72311190421307,21.878678675283776,20.92046704021841
recording_2021_12_15_22H_10M.mat,observer_learned,8101,0.003,64,PASS,False,,,0.616120748191644,3206.9011506236493,8448,18.209382057891723,22,9.246449672216155,5.070262283483567,12.185591843153732,31.71407317831048,20.79107765260178,17.080549825277515
recording_2021_12_15_22H_10M.mat,observer_learned,8101,0.003,128,PASS,False,,,0.689732268427634,8037.944253256133,16896,20.92741782385439,22,11.818587192414318,5.371808101098999,12.65716687986146,36.98765968533763,22.171466749739324,20.960457888307904
recording_2021_12_15_22H_10M.mat,local_affine,8102,0.001,64,PASS,False,,,0.6138957709987045,3183.781013107993,8448,18.031652281952347,22,9.444141201388486,4.640000890950171,13.74970142577065,30.97735132704369,20.81668373258618,16.066629598151223
recording_2021_12_15_22H_10M.mat,local_affine,8102,0.001,128,PASS,False,,,0.6894463492248317,8031.281591890844,16896,20.913859378813846,22,12.586363653140452,4.970037885082739,13.150462046593564,35.519206118187704,22.323053564931325,22.54666011507142
recording_2021_12_15_22H_10M.mat,temporal_affine,8102,0.001,64,PASS,True,,,0.6139529296061622,3184.3739116737643,8448,17.79381318166464,22,9.50062194110605,4.605452007411394,13.78592687433062,28.9094961001167,21.51397365851043,17.308521389112467
recording_2021_12_15_22H_10M.mat,temporal_affine,8102,0.001,128,PASS,True,,,0.6917580433461809,8085.229203264772,16896,20.919343451467995,22,12.649344585418687,4.95120267019592,13.14943757251093,34.60039487911096,22.68530527547247,23.58972544595838
recording_2021_12_15_22H_10M.mat,observer_learned,8102,0.001,64,FAILED,False,FailedTrainingAttempt,,,,,,,,,,,,
recording_2021_12_15_22H_10M.mat,observer_learned,8102,0.001,128,FAILED,False,FailedTrainingAttempt,,,,,,,,,,,,
recording_2021_12_15_22H_10M.mat,local_affine,8102,0.003,64,PASS,True,,,0.6140184155644194,3185.053256582124,8448,17.923304756498727,22,10.372938800788642,4.740450317649143,12.631676788185823,30.33873135877106,21.200105854975593,16.369392920445524
recording_2021_12_15_22H_10M.mat,local_affine,8102,0.003,128,PASS,True,,,0.6893018577520458,8027.915615392722,16896,20.81319019208912,22,13.26469667327076,5.025439708185214,12.471155548627527,35.31380073127618,22.500924869017226,22.114254022472934
recording_2021_12_15_22H_10M.mat,temporal_affine,8102,0.003,64,PASS,False,,,0.6178146082385135,3224.5584320117664,8448,17.764259123599285,22,10.23828094817801,4.705940015322793,12.92539774978019,28.53347941684891,22.148147631286637,17.166226927942272
recording_2021_12_15_22H_10M.mat,temporal_affine,8102,0.003,128,PASS,False,,,0.6938531409644596,8134.278133998658,16896,20.896272244163306,22,13.148873701685194,5.014540617817802,12.626079966332773,34.71653266979628,22.97176595541953,23.011499254561652
recording_2021_12_15_22H_10M.mat,observer_learned,8102,0.003,64,FAILED,False,FailedTrainingAttempt,,,,,,,,,,,,
recording_2021_12_15_22H_10M.mat,observer_learned,8102,0.003,128,FAILED,False,FailedTrainingAttempt,,,,,,,,,,,,
recording_2021_12_15_22H_10M.mat,local_affine,8103,0.001,64,PASS,False,,,0.583409019207976,2875.4126750402593,8448,17.07970634742512,22,9.367133616448942,5.469908467881193,12.199742131245934,29.354760697871125,18.04392696676263,17.219643973386816
recording_2021_12_15_22H_10M.mat,local_affine,8103,0.001,128,PASS,False,,,0.6588934459736215,7335.239123891606,16896,19.703560879815942,22,12.584977021573332,5.588045386730889,13.685899463009811,34.78136688987527,19.501278078665813,19.03751025341313
recording_2021_12_15_22H_10M.mat,temporal_affine,8103,0.001,64,PASS,True,,,0.5896889480027436,2937.6488519903287,8448,16.994663837011153,22,9.50965213523295,5.407218110762651,11.640506569933837,27.466713034356264,19.707415573108563,18.30126103524118
recording_2021_12_15_22H_10M.mat,temporal_affine,8103,0.001,128,PASS,True,,,0.6648161895585046,7467.703641431017,16896,19.763988251438242,22,12.501856451244153,5.560132751156709,13.414316856287156,33.816899600651304,20.59522208425099,20.21855906485209
recording_2021_12_15_22H_10M.mat,observer_learned,8103,0.001,64,FAILED,False,FailedTrainingAttempt,,,,,,,,,,,,
recording_2021_12_15_22H_10M.mat,observer_learned,8103,0.001,128,FAILED,False,FailedTrainingAttempt,,,,,,,,,,,,
recording_2021_12_15_22H_10M.mat,local_affine,8103,0.003,64,PASS,True,,,0.5886116427695527,2926.9250504007073,8448,17.226571676048014,22,9.45602640417839,5.546960506992437,12.529177201045353,30.134081894832836,17.99981342639533,16.471398473497544
recording_2021_12_15_22H_10M.mat,local_affine,8103,0.003,128,PASS,True,,,0.6570801753201881,7294.921612472679,16896,19.619866600443522,22,12.612122409975756,5.6124767571770064,13.77096791318302,34.763987240160425,19.33154744831451,18.632937842292655
recording_2021_12_15_22H_10M.mat,temporal_affine,8103,0.003,64,PASS,False,,,0.5976901011970704,3017.908245318611,8448,17.07708056033213,22,9.801696602493246,5.429000061213164,11.976455983694102,27.445267119324985,20.326773238332812,17.730112503010094
recording_2021_12_15_22H_10M.mat,temporal_affine,8103,0.003,128,PASS,False,,,0.6609282110125009,7380.613787495477,16896,19.577646913544513,22,12.544368767509683,5.530953662571242,13.293312041961281,33.38486857955203,20.64689242905024,19.854398851137407
recording_2021_12_15_22H_10M.mat,observer_learned,8103,0.003,64,PASS,False,,,0.5804489369872067,2846.308341462037,8448,17.066103831996955,22,9.615814003952778,5.475629565991405,12.909302969335258,30.46520129280297,16.969538420422417,15.566668710971829
recording_2021_12_15_22H_10M.mat,observer_learned,8103,0.003,128,PASS,False,,,0.6765639838353639,7733.955174074825,16896,20.423626552338696,22,12.08764803280828,5.71885299242306,14.71049360067606,37.09420274967167,19.454238651862582,18.790548519121526
recording_2021_12_15_22H_10M.mat,last_two,8101,,64,PASS,True,,,0.5908102358717818,2948.831295682234,8448,17.193431024339564,22,8.236785708346138,5.157598173602645,11.988022545799527,29.622184316014344,20.157076563234305,15.86646592093386
recording_2021_12_15_22H_10M.mat,last_two,8101,,128,PASS,True,,,0.6737019391602772,7668.660220587259,16896,20.33415126143509,22,11.27813188407545,5.389405209561981,12.439351195844429,35.56127232094075,21.785245784013465,20.752971274074003
recording_2021_12_15_22H_10M.mat,last_two,8102,,64,PASS,True,,,0.6129904305473192,3174.397399578981,8448,18.06980754375346,22,9.863649160013559,4.883159212801265,12.946150419049044,30.25759272480956,20.42853390266834,18.37174797820752
recording_2021_12_15_22H_10M.mat,last_two,8102,,128,PASS,True,,,0.6949183617258697,8159.273201819802,16896,21.22341435180006,22,12.796879399617373,5.089474704140461,12.697072134767245,35.6106566222631,22.1665165571357,24.336147254952536
recording_2021_12_15_22H_10M.mat,last_two,8103,,64,PASS,True,,,0.5889710163261883,2930.5001769948167,8448,17.21469061338727,22,9.340232060587457,5.6624635609044764,12.440512348005731,30.280436941797774,17.908044873292994,16.32178693993755
recording_2021_12_15_22H_10M.mat,last_two,8103,,128,PASS,True,,,0.666783786815732,7511.972047816095,16896,20.04705294823557,22,11.97680064094821,5.6976137058274965,14.073623725787423,36.08578803666139,19.551970994611484,18.784804580997985
recording_2021_12_15_22H_10M.mat,observer_fixed,8101,,64,PASS,True,,,11438486.95992544,1.1053277362607828e+18,8448,303955361.08313113,22,105324748.98564827,35253193.176920585,415835523.355391,421144121.16099435,433871469.72819424,58915815.29758374
recording_2021_12_15_22H_10M.mat,observer_fixed,8101,,128,PASS,True,,,8494799.44659863,1.2192426916105057e+18,16896,227625914.36093324,22,105084331.90174979,28890219.701418616,306963258.2417713,323038720.2595982,310566683.90369034,63022677.48972695
recording_2021_12_15_22H_10M.mat,observer_fixed,8102,,64,PASS,True,,,1341710328.5332332,1.5207976444892407e+22,8448,32683127793.11757,22,7002761871.5624075,5580611973.189442,36448365801.53554,28185490393.85893,64657407736.691185,5045149814.308596
recording_2021_12_15_22H_10M.mat,observer_fixed,8102,,128,PASS,True,,,958919743.1819286,1.5536329440007765e+22,16896,23418630935.51851,22,5113182595.914946,3950403569.662669,25886840539.13224,20731622765.21326,46210619042.51811,3673325042.991652
recording_2021_12_15_22H_10M.mat,observer_fixed,8103,,64,PASS,True,,,72460703.95017138,4.4356676956030616e+19,8448,1767694489.8140812,22,1233860460.6024475,34950890.539947115,1389592784.5476563,1220790491.2661946,3665098688.0791016,608755887.9672134
recording_2021_12_15_22H_10M.mat,observer_fixed,8103,,128,PASS,True,,,54569577.94776775,5.031356499666816e+19,16896,1340238016.9983304,22,1117502519.5988667,49657461.34242571,1042553603.9490554,1028691257.3499856,2681082024.6548142,439118851.20807177
recording_2021_12_15_22H_10M.mat,observer_zero,8101,,64,PASS,True,,,0.7293189500566822,4493.542993942729,8448,21.85125978347031,22,12.663552473646448,5.5939437007577135,12.354641412324153,38.42976736918286,24.83612420747594,20.661323946988443
recording_2021_12_15_22H_10M.mat,observer_zero,8101,,128,PASS,True,,,0.7536813831363995,9597.529958630952,16896,23.042274430448753,22,13.92582606279259,5.6081664067576105,12.759942779971626,40.361338426006235,24.244479704546304,24.096674628685196
recording_2021_12_15_22H_10M.mat,observer_zero,8102,,64,PASS,True,,,0.7147095324348014,4315.320478682801,8448,21.868657922650698,22,11.7495908135359,5.159139566153958,13.309904491123087,38.46151233279788,23.327292353022475,22.453408063515294
recording_2021_12_15_22H_10M.mat,observer_zero,8102,,128,PASS,True,,,0.7441701411526044,9356.82230601824,16896,22.996991512812407,22,13.868859546843694,5.25435252730732,12.989524579285533,39.40073977217899,23.475309627698692,26.095593894827225
recording_2021_12_15_22H_10M.mat,observer_zero,8103,,64,PASS,True,,,0.7073834870122057,4227.30652774888,8448,20.742233592174465,22,12.950489567935406,6.2195201245245935,14.704797157534404,31.97976066436188,22.101036634568157,25.44900673521055
recording_2021_12_15_22H_10M.mat,observer_zero,8103,,128,PASS,True,,,0.7634617695371279,9848.236967412307,16896,23.035659137781686,22,14.698630635677343,6.3502934906291975,15.936022039482516,37.70314305601478,22.167138525991895,27.579118120699338
recording_2021_12_15_22H_10M.mat,joint_local_affine,8101,0.003,64,PASS,True,,,0.6133748350591995,3178.379958622389,8448,18.095342017773216,22,9.814927150123049,5.608051623865998,12.42903776746708,31.368650072809363,19.149004298946437,18.21284781703317
recording_2021_12_15_22H_10M.mat,joint_local_affine,8101,0.003,128,PASS,True,,,0.7174297485828497,8696.463184386295,16896,21.371024478448756,22,13.246917657676521,5.851764812807496,13.651533305001829,33.500742032863485,23.06806606069269,26.264051374198523
recording_2021_12_15_22H_10M.mat,joint_local_affine,8102,0.003,64,PASS,True,,,0.5681685659657518,2727.145507482139,8448,17.125259207105195,22,8.948657519953915,4.395052925222409,12.25618990123571,31.485862980528267,17.964528776115113,13.99835715956315
recording_2021_12_15_22H_10M.mat,joint_local_affine,8102,0.003,128,PASS,True,,,0.6326043246656524,6761.580360871752,16896,19.63687513904915,22,11.88611076021461,4.692696486068707,11.963110291491605,35.35221561680866,18.64526282814299,20.243497209003568
recording_2021_12_15_22H_10M.mat,joint_local_affine,8103,0.003,64,PASS,True,,,0.5371737357526831,2437.7178978873044,8448,15.878642874584349,22,8.974732060597336,4.796550879690263,10.853435887794237,28.664139621680604,16.762166626653567,13.741720434108691
recording_2021_12_15_22H_10M.mat,joint_local_affine,8103,0.003,128,PASS,True,,,0.6219477922659142,6535.694775319898,16896,18.798346621818727,22,11.714499638110823,5.0610820481248,11.70638443239974,33.77011760769172,19.054464153790278,17.80140660483241
recording_2021_12_15_22H_10M.mat,joint_temporal_affine,8101,0.003,64,PASS,True,,,0.5734151628168931,2777.7442087154413,8448,17.387894574830156,22,8.305493538095991,4.917839096105609,12.416023575761242,31.63263047435085,17.05587152336318,16.588646617604123
recording_2021_12_15_22H_10M.mat,joint_temporal_affine,8101,0.003,128,PASS,True,,,0.6447573296262096,7023.870190347153,16896,19.739838437624936,22,9.875101612138751,5.235241641670457,12.654401176973325,34.56133623346187,19.83765285111381,21.56129959749576
recording_2021_12_15_22H_10M.mat,joint_temporal_affine,8102,0.003,64,PASS,True,,,0.5610202553861018,2658.955005303057,8448,16.407056016891108,22,9.549485998099929,4.822089262337808,11.996767303378068,28.914828689691376,17.989006490927952,14.039572527335272
recording_2021_12_15_22H_10M.mat,joint_temporal_affine,8102,0.003,128,PASS,True,,,0.6250709703632396,6601.498979173264,16896,18.8265356620225,22,12.299613155844352,5.185607354519211,11.823553967836213,32.159015802944836,18.848011724760834,20.47470124228076
recording_2021_12_15_22H_10M.mat,joint_temporal_affine,8103,0.003,64,PASS,True,,,0.5596898357847744,2646.358913348095,8448,16.389922867942428,22,9.410553144402476,4.984442628130391,11.713992721026477,29.415893805535994,17.69048834150303,13.524364654141044
recording_2021_12_15_22H_10M.mat,joint_temporal_affine,8103,0.003,128,PASS,True,,,0.6381047718115398,6879.674415967074,16896,19.275628942918317,22,11.813926692217374,5.282621936949889,12.113630885454672,34.70580725989234,19.43959621777024,18.239880935817737
recording_2021_12_15_22H_10M.mat,dense_bounded,8101,0.001,64,PASS,True,,,0.6257227344376631,3307.6364884328523,8448,17.402466199248774,22,10.415359473852126,5.7091965525365405,13.342345426802693,29.50420201876438,21.93022060781677,12.105769140836372
recording_2021_12_15_22H_10M.mat,dense_bounded,8101,0.001,128,PASS,True,,,0.7077259877104133,8462.80214090877,16896,20.103176294716096,22,13.09732869604381,6.130411772397613,15.543705777906295,33.42335886265865,23.543342357665388,17.39791766289362
recording_2021_12_15_22H_10M.mat,dense_bounded,8102,0.001,64,PASS,True,,,0.6022570573826611,3064.2041816366914,8448,16.978585186104024,22,8.001788126572324,5.145925326155415,12.839706283465839,27.63973331941464,22.017923890992684,15.017425909996904
recording_2021_12_15_22H_10M.mat,dense_bounded,8102,0.001,128,PASS,True,,,0.6845965392893557,7918.689235471236,16896,19.699263256808315,22,11.950274841408744,5.4868272102054405,13.508617183896325,32.430632769987454,24.16581603807016,18.36399059784334
recording_2021_12_15_22H_10M.mat,dense_bounded,8103,0.001,64,PASS,True,,,0.5583758208097598,2633.947491774492,8448,16.083338602521888,22,9.037220622143453,4.884295988287092,13.29968648410292,25.856022175986073,17.82477943748246,16.833795603200162
recording_2021_12_15_22H_10M.mat,dense_bounded,8103,0.001,128,PASS,True,,,0.6249908086313656,6599.805879721836,16896,18.907984945081616,22,10.5492584095906,4.7980603176513785,13.28507883292254,31.0270442561879,19.4952510838891,22.170419991515068
recording_2021_12_15_22H_10M.mat,dense_unbounded,8101,0.003,64,PASS,True,,,0.642589406518187,3488.357836080655,8448,18.705786192878655,22,10.852896482729294,6.397268308569773,14.655768149674532,33.226070638138566,18.10825458703451,17.148061826020587
recording_2021_12_15_22H_10M.mat,dense_unbounded,8101,0.003,128,PASS,True,,,0.7349027654860171,9125.226734452153,16896,22.37664026687524,22,13.075436313854828,6.728463338150061,15.958898982263646,39.95011117239568,19.168205815098105,23.873143289594683
recording_2021_12_15_22H_10M.mat,dense_unbounded,8102,0.003,64,PASS,True,,,0.6053953774593268,3096.222100638972,8448,17.540147718393943,22,9.059381197639471,5.559295289136567,14.362607787945144,30.244314423618533,18.739144667161735,16.149425371221824
recording_2021_12_15_22H_10M.mat,dense_unbounded,8102,0.003,128,PASS,True,,,0.6849682484928606,7927.290648387303,16896,20.48777109974886,22,12.846570793854257,5.416832291667786,14.43004578736287,34.786187133800546,21.161434592666,21.401046325444053
recording_2021_12_15_22H_10M.mat,dense_unbounded,8103,0.003,64,PASS,True,,,0.5811469945437361,2853.158493649451,8448,16.422561019779447,22,11.838273588262574,5.180930987604083,13.168034155935551,26.762848839326775,18.423004440910184,14.905099834723288
recording_2021_12_15_22H_10M.mat,dense_unbounded,8103,0.003,128,PASS,True,,,0.6565480327411666,7283.110674830216,16896,18.81131220709513,22,14.566622218434881,5.3882126964989885,13.449865682906099,29.135235755655433,21.286835447079927,19.977068604343035
recording_2021_12_15_22H_10M.mat,gru32,8101,0.003,64,PASS,True,,,0.7376533178988994,4596.830662256489,8448,21.88806100226825,22,14.512738278577594,5.560992522875879,13.106489560829395,36.17446491885801,24.82203409821333,23.161902316205374
recording_2021_12_15_22H_10M.mat,gru32,8101,0.003,128,PASS,True,,,0.7998934502776973,10810.5597692448,16896,24.392201495788996,22,17.492814800918808,5.556715366215684,11.889451489262306,42.12343245275187,25.87203779544016,25.45380815400496
recording_2021_12_15_22H_10M.mat,gru32,8102,0.003,64,PASS,True,,,0.7643104595609618,4935.072203164549,8448,22.993202030568348,22,12.934553611527498,5.834397128566695,14.711937145614426,38.92696055605905,25.132763661798258,24.644999670087127
recording_2021_12_15_22H_10M.mat,gru32,8102,0.003,128,PASS,True,,,0.8173378462741034,11287.223354068823,16896,25.009486416764,22,13.89489419127817,5.957968948578584,14.11531334749103,42.168429619403504,26.94835172598296,28.646968394422508
recording_2021_12_15_22H_10M.mat,gru32,8103,0.003,64,PASS,True,,,0.6304170805546327,3357.452275204062,8448,18.120367393527165,22,13.244477948962526,5.375382595939701,11.878847539307813,28.097151703521693,20.860305419631107,20.001651375624128
recording_2021_12_15_22H_10M.mat,gru32,8103,0.003,128,PASS,True,,,0.7582040639854821,9713.061011074733,16896,22.506341536086257,22,15.535145197148895,5.945410842069254,13.522826617824737,35.26124897476189,24.731937753427637,26.918999714346025
recording_2021_12_15_22H_10M.mat,legacy_instant,8101,0.001,64,PASS,True,,,0.6377212535684517,3435.703579992646,8448,18.809817191131057,22,9.046512467798275,5.1859268858199075,13.567391655573356,32.08055124710833,21.43825697192923,18.4739645024824
recording_2021_12_15_22H_10M.mat,legacy_instant,8101,0.001,128,PASS,True,,,0.7002290926792969,8284.459936633628,16896,20.86658090284439,22,12.329785835887636,5.326957588298953,14.01707811304889,33.576629934942886,23.153400564972266,23.91937668932523
recording_2021_12_15_22H_10M.mat,legacy_instant,8102,0.001,64,PASS,True,,,0.5649183692023483,2696.0335891082095,8448,15.902230603402243,22,9.277043208714796,5.067084509822879,15.013949327172975,25.78418830617323,17.612529692030726,14.321400409766737
recording_2021_12_15_22H_10M.mat,legacy_instant,8102,0.001,128,PASS,True,,,0.6596384303432455,7351.835822043199,16896,19.09677873457801,22,12.80912183987592,5.5995840986367496,15.410951035003487,31.814506632956576,20.2542807413954,18.242715570471404
recording_2021_12_15_22H_10M.mat,legacy_instant,8103,0.001,64,PASS,True,,,0.5975311214908036,3016.3029908356853,8448,17.25858996370633,22,9.165544213189623,5.151746392603649,15.642494665126577,29.058646074989063,18.285174038781637,15.911182636935152
recording_2021_12_15_22H_10M.mat,legacy_instant,8103,0.001,128,PASS,True,,,0.6789077743744397,7787.632784127909,16896,20.073943214107224,22,12.563143692484763,5.460574481565554,16.76570447104384,34.600181671123124,19.892897621230276,18.871670037879827
recording_2021_12_15_22H_10M.mat,gru10,8101,0.003,64,PASS,True,,,0.6348588451522262,3404.9305236082196,8448,18.466262028653862,22,8.590472045688468,5.5077143738459,11.6194043271336,28.428315605460316,22.54089534984395,22.149813182510393
recording_2021_12_15_22H_10M.mat,gru10,8101,0.003,128,PASS,True,,,0.6962198934662013,8189.865278421466,16896,20.547902435402104,22,10.990194589876436,5.539837716225463,12.637900214301313,31.267605311838295,24.368581544780547,25.507178551443207
recording_2021_12_15_22H_10M.mat,gru10,8102,0.003,64,PASS,True,,,0.71790090068364,4353.9446286537195,8448,21.522151384294084,22,13.887693650216832,5.895569528950794,11.566656888637313,32.3966805033597,23.323998014369238,28.709769829577823
recording_2021_12_15_22H_10M.mat,gru10,8102,0.003,128,PASS,True,,,0.7624231501213383,9821.459955072603,16896,23.079397422181813,22,15.3874205858609,6.044130778510191,11.317264455556352,34.844608391878076,24.62232117606872,31.211558343574332
recording_2021_12_15_22H_10M.mat,gru10,8103,0.003,64,PASS,True,,,0.6893498252367066,4014.5164777671607,8448,20.616019047646297,22,14.670010954106024,5.983223642597949,13.791178326612354,34.22879230789806,19.515390292048153,23.5893192131936
recording_2021_12_15_22H_10M.mat,gru10,8103,0.003,128,PASS,True,,,0.718636588987013,8725.745690633903,16896,21.61679502803512,22,16.478155807501395,5.919796451803582,14.048241615899865,34.16894316709712,20.114601280255958,26.975440692206252
recording_2021_12_15_22H_10M.mat,causal_ridge_1,,,64,PASS,True,,,0.6310333557816429,3364.0197559291823,8448,17.93232591783889,22,10.28615598479097,6.577650674276712,12.464371360880635,27.074745497636055,19.834619814065825,22.327669902008967
recording_2021_12_15_22H_10M.mat,causal_ridge_1,,,128,PASS,True,,,0.8113468127378697,11122.360559522147,16896,24.244470158812778,22,14.38047699231581,7.807360371406114,14.38017047105143,33.86736114700363,24.029182725055666,36.43931844754603
recording_2021_12_15_22H_10M.mat,causal_ridge_100,,,64,PASS,True,,,0.6263539544079613,3314.3132453586395,8448,18.899788940857253,22,10.110764751968834,5.8728308456208556,11.74256795389804,29.60835079645187,18.450087198298675,25.525406350933554
recording_2021_12_15_22H_10M.mat,causal_ridge_100,,,128,PASS,True,,,0.740766028463826,9271.414883614876,16896,22.788821621107108,22,13.54851605855974,6.488668130312524,12.758511446265054,34.30550839359692,21.347988049084123,33.08977379139944
recording_2021_12_15_22H_10M.mat,linear_frozen,,,64,PASS,True,,,0.7721459646430878,5036.77693275698,8448,22.307090743105768,22,11.16733905382351,7.496765066282817,22.295201766487597,34.37882963184696,19.937699239079784,26.985830298749136
recording_2021_12_15_22H_10M.mat,linear_frozen,,,128,PASS,True,,,1.0861539278016477,19932.72407603469,16896,30.85390208654057,22,18.127046501332508,9.079623636394432,37.58593072705089,41.85822823469394,25.868284143088783,38.29841614846464
recording_2021_12_15_22H_10M.mat,persistence,,,64,PASS,True,,,1.265535369650866,13530.145912481965,8448,35.903150852245844,22,29.11713644263189,12.879330413736001,24.84468695447213,54.481867994794534,35.93000116220385,42.94223173760064
recording_2021_12_15_22H_10M.mat,persistence,,,128,PASS,True,,,1.3466662276393335,30641.063754712915,16896,38.38424221252104,22,29.683922734416047,13.411558121582338,29.08192754623158,55.91540762389287,37.73553073306415,48.814276005786894
recording_2021_12_15_22H_41M.mat,local_affine,8101,0.001,64,PASS,False,,,0.5710930254712753,2755.2919151318642,8448,16.388057625041764,22,5.836035333419472,4.241204040933157,12.867021569872252,26.004106659206656,21.43384704669934,16.067976529611084
recording_2021_12_15_22H_41M.mat,local_affine,8101,0.001,128,PASS,False,,,0.6289655527821454,6684.018174646344,16896,18.810566517884485,22,8.57901134205892,4.650134275542177,14.476014998420156,29.99552531284086,20.80032862294547,22.042256511176586
recording_2021_12_15_22H_41M.mat,temporal_affine,8101,0.001,64,PASS,True,,,0.5632400584689907,2680.0381425451565,8448,16.318435322419617,22,5.834433689872951,4.215880468842182,12.973753725187203,26.327534434598423,20.51384105047807,16.237570441781322
recording_2021_12_15_22H_41M.mat,temporal_affine,8101,0.001,128,PASS,True,,,0.6262469589219928,6626.362044133608,16896,18.83370866846591,22,8.428167033045998,4.646983188790167,14.48959809087006,30.05332272786851,20.368768486053007,22.5296615930927
recording_2021_12_15_22H_41M.mat,observer_learned,8101,0.001,64,PASS,False,,,0.5709553571452685,2753.963687717139,8448,16.859483992429094,22,5.234406800507127,4.437779366778281,12.646937014046788,27.538552302944257,20.134461007778715,18.293356822393594
recording_2021_12_15_22H_41M.mat,observer_learned,8101,0.001,128,PASS,False,,,0.6287182323511712,6678.762658711441,16896,19.06506967015698,22,7.992248920915985,4.77450349962472,14.339962916587323,30.84026659382976,20.06996667031039,23.122050525653325
recording_2021_12_15_22H_41M.mat,local_affine,8101,0.003,64,PASS,True,,,0.5787127409877836,2829.306472241302,8448,16.61185260944931,22,5.8386983437726245,4.352973763364102,13.196328442272454,26.351441649628857,21.549171960018523,16.42482055432344
recording_2021_12_15_22H_41M.mat,local_affine,8101,0.003,128,PASS,True,,,0.6337654945224249,6786.425429790401,16896,18.938458516303115,22,8.680565760864692,4.7103300573859705,14.655470703937945,30.150854139853852,20.9028188460928,22.2186221902911
recording_2021_12_15_22H_41M.mat,temporal_affine,8101,0.003,64,PASS,False,,,0.570801471059666,2752.4793699860475,8448,16.562148176749808,22,5.617587105078181,4.36604307700299,13.449056380317925,26.8332829860471,20.462678007344437,16.6007684091973
recording_2021_12_15_22H_41M.mat,temporal_affine,8101,0.003,128,PASS,False,,,0.6321189894304056,6751.209346227745,16896,19.088764911507283,22,8.29240488437314,4.72760481948858,14.686603714612906,30.46032085855308,20.296894341931647,23.23101490640262
recording_2021_12_15_22H_41M.mat,observer_learned,8101,0.003,64,PASS,False,,,0.5731713838384781,2775.3828770031173,8448,16.98602937261509,22,5.66344978342079,4.391421476547571,12.749473104514832,27.923632220199412,20.02962599419677,18.339239318219686
recording_2021_12_15_22H_41M.mat,observer_learned,8101,0.003,128,PASS,False,,,0.6316305662091403,6740.7803809788975,16896,19.177796043162484,22,8.110035359821413,4.74578418910366,14.422019584460216,31.098460515210068,20.146566966848802,23.18272998314423
recording_2021_12_15_22H_41M.mat,local_affine,8102,0.001,64,PASS,False,,,0.5787222554300542,2829.3995045610523,8448,16.765532567948046,22,7.5095999093195775,4.145575570787652,13.939014778208316,26.508670283014453,20.598941128795378,17.076196804971968
recording_2021_12_15_22H_41M.mat,local_affine,8102,0.001,128,PASS,False,,,0.6258603456201385,6618.1830058250525,16896,18.414570339498912,22,12.60247535875811,4.505660258870817,14.578366342043745,28.268430983667063,19.813195456689275,21.24286646164992
recording_2021_12_15_22H_41M.mat,temporal_affine,8102,0.001,64,PASS,True,,,0.5675262368746489,2720.9827775632134,8448,16.452839024832084,22,7.703776379652946,4.148927515256699,13.89863212394778,26.06165532211964,19.771415295865104,16.861879669251113
recording_2021_12_15_22H_41M.mat,temporal_affine,8102,0.001,128,PASS,True,,,0.6214545304777469,6525.3320723934485,16896,18.312218469954846,22,12.635445190425237,4.5139481655262435,14.57619766710611,28.135942076648227,19.37918995071825,21.268382412157294
recording_2021_12_15_22H_41M.mat,observer_learned,8102,0.001,64,FAILED,False,FailedTrainingAttempt,,,,,,,,,,,,
recording_2021_12_15_22H_41M.mat,observer_learned,8102,0.001,128,FAILED,False,FailedTrainingAttempt,,,,,,,,,,,,
recording_2021_12_15_22H_41M.mat,local_affine,8102,0.003,64,PASS,True,,,0.5793574656583851,2835.6140568231745,8448,16.61301647615598,22,7.54361863748252,4.159485843591509,14.346375551834038,25.64415766810159,20.80322983545805,16.897653932536365
recording_2021_12_15_22H_41M.mat,local_affine,8102,0.003,128,PASS,True,,,0.6262910322204479,6627.294762143685,16896,18.35462731917983,22,12.563357360390722,4.499926437147188,14.79910909282511,27.811170410471608,19.94909902133484,21.2796944702367
recording_2021_12_15_22H_41M.mat,temporal_affine,8102,0.003,64,PASS,False,,,0.5743813322132489,2787.112752188723,8448,16.570777144059015,22,7.55257497312039,4.24808469901885,13.990614573968832,26.101038645760536,20.27191908826842,16.867249347407956
recording_2021_12_15_22H_41M.mat,temporal_affine,8102,0.003,128,PASS,False,,,0.6255456384063417,6611.528913440523,16896,18.410304674132266,22,12.49653869024537,4.551697197315636,14.619633784592354,28.175628868086203,19.723972589903536,21.450399383657526
recording_2021_12_15_22H_41M.mat,observer_learned,8102,0.003,64,FAILED,False,FailedTrainingAttempt,,,,,,,,,,,,
recording_2021_12_15_22H_41M.mat,observer_learned,8102,0.003,128,FAILED,False,FailedTrainingAttempt,,,,,,,,,,,,
recording_2021_12_15_22H_41M.mat,local_affine,8103,0.001,64,PASS,False,,,0.554289437038896,2595.5363175489474,8448,16.66849660020244,22,6.382751817255893,5.073537641995058,13.841866814840774,26.489819291936193,15.559111068505343,21.567536442974372
recording_2021_12_15_22H_41M.mat,local_affine,8103,0.001,128,PASS,False,,,0.585641363293267,5794.919224934338,16896,17.950374984571933,22,8.216742566297242,5.287132922305489,13.49642664598285,29.19841672000244,15.71061803455785,23.58606684863881
recording_2021_12_15_22H_41M.mat,temporal_affine,8103,0.001,64,PASS,True,,,0.5476924628522594,2534.121502092986,8448,16.551264064365007,22,6.128857726819486,5.059590378191632,13.833990186288405,26.58430876603999,14.896439316302024,21.45914815626695
recording_2021_12_15_22H_41M.mat,temporal_affine,8103,0.001,128,PASS,True,,,0.5795175783539425,5674.363176704097,16896,17.774703395717214,22,8.04302078853798,5.26923012448893,13.52920791526675,28.8034014413821,15.305132768356312,23.585228954998662
recording_2021_12_15_22H_41M.mat,observer_learned,8103,0.001,64,FAILED,False,FailedTrainingAttempt,,,,,,,,,,,,
recording_2021_12_15_22H_41M.mat,observer_learned,8103,0.001,128,FAILED,False,FailedTrainingAttempt,,,,,,,,,,,,
recording_2021_12_15_22H_41M.mat,local_affine,8103,0.003,64,PASS,True,,,0.5655985107415039,2702.5293533822046,8448,16.96096160038425,22,6.7916936748554555,5.1598215225277295,14.38664337598072,26.84916366926375,15.768115498375284,21.835931067947996
recording_2021_12_15_22H_41M.mat,local_affine,8103,0.003,128,PASS,True,,,0.5923015913054279,5927.474573863471,16896,18.128654823676108,22,8.536467340247906,5.33144903086556,13.772320758904032,29.429357966986068,15.824691124158132,23.75727998458534
recording_2021_12_15_22H_41M.mat,temporal_affine,8103,0.003,64,PASS,False,,,0.5509220740895391,2564.0958327631224,8448,16.350679426658246,22,7.004213126465027,5.2456046442550655,14.680700022175252,25.735843499058184,14.60463767077408,20.888774531589704
recording_2021_12_15_22H_41M.mat,temporal_affine,8103,0.003,128,PASS,False,,,0.5805354001210475,5694.312743010436,16896,17.571443382023364,22,8.796269510275234,5.40112286210473,14.06530878507222,27.946743767155777,15.072910005264779,23.236635627036616
recording_2021_12_15_22H_41M.mat,observer_learned,8103,0.003,64,PASS,False,,,0.5495232191389027,2551.0912912132662,8448,16.828282944991965,22,6.418635418395352,5.25751235213159,13.125939756331109,27.851727163648246,14.121979436083869,21.97423538635278
recording_2021_12_15_22H_41M.mat,observer_learned,8103,0.003,128,PASS,False,,,0.5823770986488602,5730.499484678105,16896,17.99791635156374,22,8.351493689858009,5.370493940468064,13.02116430754404,29.67952623106421,14.969694636355102,23.883960124752438
recording_2021_12_15_22H_41M.mat,last_two,8101,,64,PASS,True,,,0.5738212879945751,2781.6803144550017,8448,16.659959374279524,22,5.67759197676841,4.370294821802748,13.44259198270575,26.954259007058443,20.61663853282949,16.7842130707781
recording_2021_12_15_22H_41M.mat,last_two,8101,,128,PASS,True,,,0.6309676039046551,6726.637499825662,16896,18.917438307357077,22,8.295117177684034,4.715678040112644,14.721425484805808,30.260401634864877,20.621301571499327,22.327558988741085
recording_2021_12_15_22H_41M.mat,last_two,8102,,64,PASS,True,,,0.5963453741689271,3004.343699112541,8448,17.202673704938913,22,8.496850931429252,4.15849149131957,14.841583879235136,26.20529402132219,21.057033462604814,18.3224906419323
recording_2021_12_15_22H_41M.mat,last_two,8102,,128,PASS,True,,,0.6375797445230829,6868.357995858918,16896,18.75785258075637,22,12.92387954010833,4.5043505949674385,15.124526414855866,28.1711460923262,20.124827282270196,22.281223472436412
recording_2021_12_15_22H_41M.mat,last_two,8103,,64,PASS,True,,,0.5533756327429699,2586.9853440387874,8448,16.536231753181287,22,6.606871244377743,5.089133952877432,14.100048399815217,25.61839215468439,15.523182337660073,21.795622500466546
recording_2021_12_15_22H_41M.mat,last_two,8103,,128,PASS,True,,,0.583035339987913,5743.460788873781,16896,17.825220156383832,22,8.023055110267709,5.327706703279046,13.595623946990422,28.594723217302647,15.585835696922114,23.838194331139672
recording_2021_12_15_22H_41M.mat,observer_fixed,8101,,64,PASS,True,,,8400057.964773662,5.960991067600374e+17,8448,223165134.244052,22,77045270.2075024,25891097.397636894,305405231.70503074,308966963.80980873,318773952.1066896,43127339.899654835
recording_2021_12_15_22H_41M.mat,observer_fixed,8101,,128,PASS,True,,,6238211.900415912,6.575127012240351e+17,16896,167113544.11560065,22,76876316.98552732,21226777.37875509,225455824.94259962,236959594.57323965,228222606.57070014,46209727.972879015
recording_2021_12_15_22H_41M.mat,observer_fixed,8102,,64,PASS,True,,,1121337072.6472723,1.0622488424006166e+22,8448,27411189408.675667,22,4949721073.900601,4621553187.721775,29798284742.041195,24669003132.82647,54322880681.517456,3861150287.136202
recording_2021_12_15_22H_41M.mat,observer_fixed,8102,,128,PASS,True,,,801658194.0585923,1.085831341227129e+22,16896,19651163550.856045,22,3881619697.707806,3270173965.6895237,21158866229.75153,18126057321.45474,38811973267.479485,2937264221.4698544
recording_2021_12_15_22H_41M.mat,observer_fixed,8103,,64,PASS,True,,,189972019.63185585,3.048829829169166e+20,8448,4637082135.274663,22,3285215150.2924867,84109963.20805772,3636275643.1756725,3243742950.7757726,9592239470.179647,1568452858.3753784
recording_2021_12_15_22H_41M.mat,observer_fixed,8103,,128,PASS,True,,,143259254.8922107,3.467602256409374e+20,16896,3520992644.081218,22,2974464794.4627304,128084192.38544159,2730082421.5108333,2736546928.660426,7021835489.813389,1127952151.9997752
recording_2021_12_15_22H_41M.mat,observer_zero,8101,,64,PASS,True,,,0.6295953937559776,3348.7057599177133,8448,18.557614441843732,22,8.595095602540292,5.079978082782606,14.127288481624618,31.07674992690086,20.98140440813397,19.00169676882997
recording_2021_12_15_22H_41M.mat,observer_zero,8101,,128,PASS,True,,,0.6669469711554477,7515.649360385558,16896,20.158273951145233,22,9.90245448977183,5.052908219113539,14.990114758068875,32.335744074912796,21.109593547796262,24.46684983099052
recording_2021_12_15_22H_41M.mat,observer_zero,8102,,64,PASS,True,,,0.6382718902621467,3441.639217833179,8448,18.85872140905376,22,10.579192915890346,4.631165780346354,13.324498086820086,29.945309361219344,21.96478358703338,21.067171139930625
recording_2021_12_15_22H_41M.mat,observer_zero,8102,,128,PASS,True,,,0.6619129181653932,7402.622705013492,16896,19.69133982041742,22,14.244731618041877,4.739228187489114,14.21839179228817,30.039885585887813,20.591388248205945,23.928181286826117
recording_2021_12_15_22H_41M.mat,observer_zero,8103,,64,PASS,True,,,0.6228772026030993,3277.6213284474525,8448,19.75256000335242,22,8.91107171793657,4.947063761184003,12.486531748287309,34.08257124917398,17.2293793509894,24.95424753865543
recording_2021_12_15_22H_41M.mat,observer_zero,8103,,128,PASS,True,,,0.6395072363377086,6909.948762026854,16896,20.153378347494808,22,10.456731201386413,5.226089202707447,13.34889126530041,33.737239333298206,16.802131448713347,26.487560855353088
recording_2021_12_15_22H_41M.mat,joint_local_affine,8101,0.003,64,PASS,True,,,0.5454598252161225,2513.503203972735,8448,16.05246479098776,22,7.910383727414371,5.517164329396196,12.459822814991027,28.055946827088903,15.187547897905631,16.734142766999383
recording_2021_12_15_22H_41M.mat,joint_local_affine,8101,0.003,128,PASS,True,,,0.5803200003985989,5690.087933166993,16896,17.317355882544298,22,10.320991393938987,5.571067384045102,12.990327533843068,29.175462895448103,15.426631202655342,20.095970704643417
recording_2021_12_15_22H_41M.mat,joint_local_affine,8102,0.003,64,PASS,True,,,0.5522828398494093,2576.7779997030993,8448,16.522145754600267,22,6.442328956177096,4.111616004851808,10.845765204426424,27.504496555069196,19.59137538730248,17.931226123247146
recording_2021_12_15_22H_41M.mat,joint_local_affine,8102,0.003,128,PASS,True,,,0.6071577929754078,6228.551333803699,16896,18.508788801271045,22,10.960740346499374,4.465638253074144,12.070734067395003,29.360506991664312,19.051211619696975,23.33840541849043
recording_2021_12_15_22H_41M.mat,joint_local_affine,8103,0.003,64,PASS,True,,,0.5617076894193882,2665.475183525028,8448,16.744035236298995,22,8.479597574072136,4.119543114449769,12.433036491371297,26.368147203312642,18.787765794834154,19.760120409138164
recording_2021_12_15_22H_41M.mat,joint_local_affine,8103,0.003,128,PASS,True,,,0.5881719352331689,5845.107424289651,16896,17.500631455600285,22,10.473018547300066,4.384523555943274,13.305581473237833,24.800459293094185,18.789513960843717,23.73978368455853
recording_2021_12_15_22H_41M.mat,joint_temporal_affine,8101,0.003,64,PASS,True,,,0.5686175978429276,2731.4578163276356,8448,16.017723579873127,22,6.39387205891442,5.073321139303343,12.6270641160296,24.086172276051258,20.506578694171882,17.682715061801627
recording_2021_12_15_22H_41M.mat,joint_temporal_affine,8101,0.003,128,PASS,True,,,0.6173645265171068,6439.723844534179,16896,17.431081931160854,22,11.759170403922571,5.394217818616607,13.25221753216726,23.669341516397623,20.82373365111182,22.049787952941703
recording_2021_12_15_22H_41M.mat,joint_temporal_affine,8102,0.003,64,PASS,True,,,0.5580750088726856,2631.1103007826396,8448,16.961689625802872,22,7.021788952045418,4.140179517341017,10.834091254290646,28.354812825950923,18.98892850004763,19.436937360824253
recording_2021_12_15_22H_41M.mat,joint_temporal_affine,8102,0.003,128,PASS,True,,,0.6151026520353923,6392.623100852277,16896,18.899510112515518,22,10.726373304978628,4.39478938072495,12.476625166511088,29.719235333042214,19.13541647778584,24.57063997691324
recording_2021_12_15_22H_41M.mat,joint_temporal_affine,8103,0.003,64,PASS,True,,,0.5506851504560712,2561.8909319125128,8448,16.336965374376877,22,6.5046402376319605,4.118257429510624,13.335665818507984,27.998960496895773,18.384678264882602,15.566954434053393
recording_2021_12_15_22H_41M.mat,joint_temporal_affine,8103,0.003,128,PASS,True,,,0.5997400752399633,6077.291115013948,16896,17.855649563846058,22,11.183096647661053,4.391192107502026,13.641812836578639,27.529387121102747,18.930040968595282,21.593713101754027
recording_2021_12_15_22H_41M.mat,dense_bounded,8101,0.001,64,PASS,True,,,0.6007739819135307,3049.1313798041338,8448,17.990223637615188,22,6.512622802616797,4.618432343492171,15.66743707728628,29.351819653865736,18.748834308584698,20.484824056196434
recording_2021_12_15_22H_41M.mat,dense_bounded,8101,0.001,128,PASS,True,,,0.6631867313131782,7431.141959406234,16896,20.672407851997438,22,8.626639589725608,5.158169642810552,15.735640373050565,33.10149769292798,18.58545972039448,27.826717615227583
recording_2021_12_15_22H_41M.mat,dense_bounded,8102,0.001,64,PASS,True,,,0.5732441369489808,2776.0874849358343,8448,17.2651444709847,22,7.397037812676841,4.726044343172145,14.90094033781321,30.576956972817644,16.44578638782481,16.85251932221016
recording_2021_12_15_22H_41M.mat,dense_bounded,8102,0.001,128,PASS,True,,,0.5974464884404805,6030.897211466456,16896,18.23482881122158,22,8.483268753413643,5.253853710666555,14.611102896546793,31.433491271373004,15.917925733248872,20.989425958835152
recording_2021_12_15_22H_41M.mat,dense_bounded,8103,0.001,64,PASS,True,,,0.5839870344911257,2881.113155321189,8448,17.62549166835414,22,7.1906830391134156,4.412877666784844,14.334686361685861,27.968188892521976,18.34278884659286,21.64734629810181
recording_2021_12_15_22H_41M.mat,dense_bounded,8103,0.001,128,PASS,True,,,0.6070998431412163,6227.3624293831435,16896,18.732860123517536,22,8.374774864489332,4.64499191095271,13.995633300481282,29.018074020812257,17.960061503612355,25.560072495740773
recording_2021_12_15_22H_41M.mat,dense_unbounded,8101,0.003,64,PASS,True,,,0.6975582151484468,4110.6908918261415,8448,21.089853871894714,22,9.963086085770522,5.49987000214364,14.579593974336541,33.425971790444464,22.480147673399383,26.53229680265804
recording_2021_12_15_22H_41M.mat,dense_unbounded,8101,0.003,128,PASS,True,,,0.8075942411142198,11019.714111113286,16896,25.116958758720802,22,14.457035444262843,6.171998904957788,15.261432572897307,39.10878737153805,23.811538286105716,34.765965109633775
recording_2021_12_15_22H_41M.mat,dense_unbounded,8102,0.003,64,PASS,True,,,0.6289605082101318,3341.955478861378,8448,18.772682746844836,22,7.751830666910289,5.9843626381593475,13.643705775297358,32.11677255670588,18.790206453002735,21.162905871362334
recording_2021_12_15_22H_41M.mat,dense_unbounded,8102,0.003,128,PASS,True,,,0.6794763141548337,7800.681487060717,16896,20.509596054260545,22,10.100248013559039,6.118129565619474,13.96432071731508,33.39313432643261,20.273869003692546,25.75424673560528
recording_2021_12_15_22H_41M.mat,dense_unbounded,8103,0.003,64,PASS,True,,,0.6188337044931191,3235.2051394432888,8448,19.045854702236518,22,6.163020290144189,4.275506202969918,15.264808821034253,31.67434358690794,19.430878791452752,22.502605072113674
recording_2021_12_15_22H_41M.mat,dense_unbounded,8103,0.003,128,PASS,True,,,0.6613647972359833,7390.367762308496,16896,20.70442062548983,22,7.331723075482874,4.940366237461167,15.35333911858902,32.74607913846981,19.406440661715216,28.447076451147684
recording_2021_12_15_22H_41M.mat,gru32,8101,0.003,64,PASS,True,,,0.6556070412867034,3631.1243661555905,8448,19.67634964421576,22,10.490683342986552,5.888947995149162,14.169816938000714,30.62213541744507,19.193959122681857,25.909675992806516
recording_2021_12_15_22H_41M.mat,gru32,8101,0.003,128,PASS,True,,,0.7265363609347086,8918.639495213169,16896,21.88486874853475,22,12.570496275859732,6.681933940850367,17.022083986855648,28.761010992981966,19.21906889422658,34.41946480230687
recording_2021_12_15_22H_41M.mat,gru32,8102,0.003,64,PASS,True,,,0.7428584089344418,4661.932625641508,8448,22.480795218807998,22,12.242645823682315,5.482991377791701,18.38010163614647,33.68594987243314,22.02992143349269,29.907901254982878
recording_2021_12_15_22H_41M.mat,gru32,8102,0.003,128,PASS,True,,,0.7390521911687463,9228.56379492031,16896,22.565934397134185,22,13.375248403354789,5.673311944083034,16.62053073006396,32.59926759858019,21.410218210559147,32.35572436975662
recording_2021_12_15_22H_41M.mat,gru32,8103,0.003,64,PASS,True,,,0.6775808233546604,3878.6100433595707,8448,19.648557344167624,22,8.954244683114826,5.229015969826738,14.038195950465846,29.045977341739043,24.703571329358166,23.619219857550057
recording_2021_12_15_22H_41M.mat,gru32,8103,0.003,128,PASS,True,,,0.6852058374412651,7932.790942155939,16896,20.163117090701448,22,11.199958150867074,5.179893954991456,14.014732013002519,26.286735510887226,23.75621149588474,28.90111795521181
recording_2021_12_15_22H_41M.mat,legacy_instant,8101,0.001,64,PASS,True,,,0.5977410847599556,3018.4231284557513,8448,18.22632195358675,22,5.813076483001736,5.121242840341082,13.44864222633415,30.806483505548677,18.20913675338662,21.718559351271466
recording_2021_12_15_22H_41M.mat,legacy_instant,8101,0.001,128,PASS,True,,,0.6263155851114732,6627.814400545993,16896,19.068049859063816,22,7.201554213296862,5.393454526533835,14.125718886954335,30.338060590794534,18.780046163569132,25.05927830883908
recording_2021_12_15_22H_41M.mat,legacy_instant,8102,0.001,64,PASS,True,,,0.5777741637377022,2820.136571221103,8448,17.124310018471885,22,8.429263447180292,4.538088077783766,13.440573051417907,28.70554747327134,18.720428176307536,17.68313731196196
recording_2021_12_15_22H_41M.mat,legacy_instant,8102,0.001,128,PASS,True,,,0.6397691884934645,6915.610767362223,16896,19.409113486544435,22,11.208979689484382,4.9106101666076185,14.398649538267483,29.609300852628053,19.10763622938019,25.71756660985035
recording_2021_12_15_22H_41M.mat,legacy_instant,8103,0.001,64,PASS,True,,,0.5686764244680971,2732.023014300682,8448,17.01069110819195,22,6.990070422162725,4.416847338480011,13.40227466295604,27.208641452870715,18.46450175046216,20.172830396518066
recording_2021_12_15_22H_41M.mat,legacy_instant,8103,0.001,128,PASS,True,,,0.6182971004322525,6459.193879191921,16896,18.899603316377153,22,10.861665659073067,4.968383291209756,13.875427486748611,31.510271117569374,17.456955838864523,22.590693629851536
recording_2021_12_15_22H_41M.mat,gru10,8101,0.003,64,PASS,True,,,0.5955280169566414,2996.113773145656,8448,17.974933231872757,22,8.244987041661494,5.174159543533371,12.885352725008637,25.085665033526457,18.15284929991697,26.813965896803165
recording_2021_12_15_22H_41M.mat,gru10,8101,0.003,128,PASS,True,,,0.6317122026439115,6742.52294655198,16896,19.06557740667266,22,10.413486308802359,5.04226986856902,14.586480995548786,25.224840121267665,18.92336524216102,28.982072553608372
recording_2021_12_15_22H_41M.mat,gru10,8102,0.003,64,PASS,True,,,0.5971803247293151,3012.762426379709,8448,17.916756235181886,22,11.72864555289402,4.865775982089768,12.3323908014839,22.377958892746367,17.980273184412887,28.083320506310926
recording_2021_12_15_22H_41M.mat,gru10,8102,0.003,128,PASS,True,,,0.6205926005728313,6507.243931765626,16896,19.180809269381268,22,12.100342096415186,4.769041309722582,12.747847337775157,22.77832341190256,17.5830321227885,32.36875010980058
recording_2021_12_15_22H_41M.mat,gru10,8103,0.003,64,PASS,True,,,0.5997586776647809,3038.834062676177,8448,17.800334774179802,22,11.825130210719887,5.076512423596987,11.903590749401772,25.07535109814301,18.45324672647287,24.990314231265007
recording_2021_12_15_22H_41M.mat,gru10,8103,0.003,128,PASS,True,,,0.6360087522070683,6834.552517207929,16896,19.17312220001378,22,12.794756809924042,5.164586899484002,13.04898384714868,25.37895419189245,18.743934424381106,29.147393651744
recording_2021_12_15_22H_41M.mat,causal_ridge_1,,,64,PASS,True,,,0.58989895194607,2939.741574587743,8448,17.576200258371106,22,8.075021454595287,5.69514105924081,13.37655931867372,25.55459639227262,16.878854335488946,25.279059126098
recording_2021_12_15_22H_41M.mat,causal_ridge_1,,,128,PASS,True,,,0.7529998158504607,9580.179378246306,16896,23.142846276851536,22,11.005323062229895,6.826622919611041,16.607912575600658,31.996096227469263,20.37772109105714,36.48292252262825
recording_2021_12_15_22H_41M.mat,causal_ridge_100,,,64,PASS,True,,,0.5920801111527157,2961.521232575028,8448,17.581022344119845,22,8.465175461387469,5.451999245572612,12.966169732910451,23.907025682266397,18.01394311476418,26.248828689366277
recording_2021_12_15_22H_41M.mat,causal_ridge_100,,,128,PASS,True,,,0.6610384510038521,7383.076102289346,16896,20.029314765009204,22,10.282664819256901,5.70580000090784,15.113107334178428,27.042829288579743,18.950774520726558,30.820429363301667
recording_2021_12_15_22H_41M.mat,linear_frozen,,,64,PASS,True,,,0.7210613169985707,4392.363764420234,8448,20.760404199734687,22,9.70250485637529,5.3741364915541245,22.147814790199735,26.08539875319382,22.04297229865498,28.391547964965618
recording_2021_12_15_22H_41M.mat,linear_frozen,,,128,PASS,True,,,1.009407271729065,17215.385767548913,16896,28.853113040647226,22,16.333872090525816,6.883080927645245,37.45839861756223,33.34116962143207,24.37617747151363,39.64690864937654
recording_2021_12_15_22H_41M.mat,persistence,,,64,PASS,True,,,1.1878484569213559,11919.992465445051,8448,34.5577644702047,22,21.728668153170453,12.459779781705166,26.216441581939097,39.780137732571745,31.75176799479407,57.09743813090768
recording_2021_12_15_22H_41M.mat,persistence,,,128,PASS,True,,,1.284462773349016,27875.774633954148,16896,37.23034723448785,22,24.658239522531545,13.356312970280547,29.71479103681167,42.92583178610353,33.390793139864336,60.74233903376746
recording_2021_12_15_22H_50M.mat,local_affine,8101,0.001,64,PASS,False,,,0.552719590092971,2580.855089662434,8448,15.819304526472388,22,7.369782835621958,4.290328237323746,12.44698300472374,27.33154337237713,20.00899542360693,11.24638661444093
recording_2021_12_15_22H_50M.mat,local_affine,8101,0.001,128,PASS,False,,,0.6324962657476816,6759.270586417736,16896,19.00675005424185,22,9.674795102256091,5.138803679532385,13.706202547124956,32.31295225728324,19.814497778990507,20.5652407751823
recording_2021_12_15_22H_50M.mat,temporal_affine,8101,0.001,64,PASS,True,,,0.5519835986735436,2573.9864257924246,8448,15.926804861464714,22,7.7644612064701795,4.318230235043054,11.945658578400176,27.665752291061445,19.72509449979319,12.077779044741094
recording_2021_12_15_22H_50M.mat,temporal_affine,8101,0.001,128,PASS,True,,,0.6341701244781466,6795.093833605489,16896,19.102753208817038,22,9.903498429017857,5.140876778924215,13.55136161478761,32.5092845268101,19.779978896516813,20.81448146233033
recording_2021_12_15_22H_50M.mat,observer_learned,8101,0.001,64,PASS,False,,,0.5624807357306498,2672.8169155192504,8448,16.391013578795654,22,8.325428146106521,4.2966327812906835,12.344133358493814,29.314113431919054,19.599935357209176,11.32986359537755
recording_2021_12_15_22H_50M.mat,observer_learned,8101,0.001,128,PASS,False,,,0.6374102664819655,6864.707060709449,16896,19.197990232002677,22,10.302944832294349,5.182780257979406,13.850696195774539,33.173055569194524,19.538158406674825,20.108009733431857
recording_2021_12_15_22H_50M.mat,local_affine,8101,0.003,64,PASS,True,,,0.5507018171614381,2562.0460075576393,8448,15.573044913091012,22,7.507126571084279,4.415722435655436,12.390990743405727,26.36185889239735,20.11711991710263,11.228537018817095
recording_2021_12_15_22H_50M.mat,local_affine,8101,0.003,128,PASS,True,,,0.6300767242373546,6707.6558786802125,16896,18.82079819941216,22,9.709204858238646,5.2132799301230905,13.702530429582023,31.81325593022532,19.824452154598383,20.274028368415305
recording_2021_12_15_22H_50M.mat,temporal_affine,8101,0.003,64,PASS,False,,,0.5593211287967966,2642.8733770012805,8448,16.263412910010643,22,7.911831118312871,4.341792732371155,12.171049365890683,28.424497826990823,19.666975543964014,12.75409403615159
recording_2021_12_15_22H_50M.mat,temporal_affine,8101,0.003,128,PASS,False,,,0.6398808389844161,6918.024758927466,16896,19.373909652765448,22,9.924137338705991,5.1590170071581625,13.681493239740519,33.135536757873346,19.73273709327519,21.271067822507266
recording_2021_12_15_22H_50M.mat,observer_learned,8101,0.003,64,PASS,False,,,0.5647297269374724,2694.2333255850954,8448,16.63953145278544,22,8.478418503012763,4.314444732911671,12.179312901949704,30.287578117183156,19.24683875184427,11.603110584505904
recording_2021_12_15_22H_50M.mat,observer_learned,8101,0.003,128,PASS,False,,,0.6391941515163326,6903.184583669035,16896,19.34663641324004,22,10.36288679869477,5.1942486794549785,13.761514823648541,33.7854575755843,19.359428674113175,20.143497423954717
recording_2021_12_15_22H_50M.mat,local_affine,8102,0.001,64,PASS,False,,,0.5942358853270194,2983.126396042946,8448,16.078880551610418,22,9.873428127012215,4.870641444504153,12.938598075147711,24.34833499449239,22.85893046755824,12.132404066080069
recording_2021_12_15_22H_50M.mat,local_affine,8102,0.001,128,PASS,False,,,0.6524819544258728,7193.1797135853685,16896,19.16558914814643,22,12.10806604930503,5.035150895477868,13.761776620007288,31.166332889620044,21.527118193499664,20.194484819777628
recording_2021_12_15_22H_50M.mat,temporal_affine,8102,0.001,64,PASS,True,,,0.5986914220684154,3028.0286265149316,8448,16.1436836311658,22,10.252629007835353,5.098659220147287,12.887072746437658,24.266244626861347,22.772786066348324,12.612348797793453
recording_2021_12_15_22H_50M.mat,temporal_affine,8102,0.001,128,PASS,True,,,0.6550779523760548,7250.531881852803,16896,19.195580369352587,22,12.299565908516342,5.150968491689167,13.613563431644126,30.994475822760293,21.607662437451538,20.49712954321676
recording_2021_12_15_22H_50M.mat,observer_learned,8102,0.001,64,FAILED,False,FailedTrainingAttempt,,,,,,,,,,,,
recording_2021_12_15_22H_50M.mat,observer_learned,8102,0.001,128,FAILED,False,FailedTrainingAttempt,,,,,,,,,,,,
recording_2021_12_15_22H_50M.mat,local_affine,8102,0.003,64,PASS,True,,,0.5965967392647382,3006.8769502575346,8448,16.074295859439395,22,10.565933878252322,4.86195963648885,12.898775356621856,23.874859968979745,22.943108096115367,12.338831414898038
recording_2021_12_15_22H_50M.mat,local_affine,8102,0.003,128,PASS,True,,,0.6546500218605746,7241.062137358171,16896,19.22043922551333,22,12.442230810546908,5.046210185498021,13.743349468018247,30.982983170022333,21.52684610134295,20.592434425436284
recording_2021_12_15_22H_50M.mat,temporal_affine,8102,0.003,64,PASS,False,,,0.5963427776044952,3004.3175365720235,8448,16.008160172005244,22,10.495712148165229,5.014497254273367,12.933681793613257,23.219389094015042,22.80730264321652,13.254010255323212
recording_2021_12_15_22H_50M.mat,temporal_affine,8102,0.003,128,PASS,False,,,0.6551495809748842,7252.117567437665,16896,19.19165267934668,22,12.39804156945115,5.1108381691902895,13.634448451289414,30.523236260390778,21.653652231514563,21.062723055119882
recording_2021_12_15_22H_50M.mat,observer_learned,8102,0.003,64,FAILED,False,FailedTrainingAttempt,,,,,,,,,,,,
recording_2021_12_15_22H_50M.mat,observer_learned,8102,0.003,128,FAILED,False,FailedTrainingAttempt,,,,,,,,,,,,
recording_2021_12_15_22H_50M.mat,local_affine,8103,0.001,64,PASS,False,,,0.6101798717343447,3145.3549321475757,8448,18.776075037864416,22,7.908815615730195,4.73539201344289,11.123534680113913,36.823175764656725,19.870746716995875,12.47985531706971
recording_2021_12_15_22H_50M.mat,local_affine,8103,0.001,128,PASS,False,,,0.7375489118166879,9191.059001152182,16896,23.557024954277267,22,10.740061296496515,5.740537596661851,12.961230026472444,46.65962403265692,20.91827283774462,19.965212807408562
recording_2021_12_15_22H_50M.mat,temporal_affine,8103,0.001,64,PASS,True,,,0.613568413580309,3180.3864419159263,8448,18.687919895646267,22,8.55887672389217,4.898564964620168,12.609119241969209,36.356104083565604,19.2922318070057,12.051281690370782
recording_2021_12_15_22H_50M.mat,temporal_affine,8103,0.001,128,PASS,True,,,0.7339001404678778,9100.34469575651,16896,23.38319663702224,22,11.18220619065138,5.730750347904535,13.482150495084085,46.26668449860716,20.407670258862705,19.593687582826707
recording_2021_12_15_22H_50M.mat,observer_learned,8103,0.001,64,FAILED,False,FailedTrainingAttempt,,,,,,,,,,,,
recording_2021_12_15_22H_50M.mat,observer_learned,8103,0.001,128,FAILED,False,FailedTrainingAttempt,,,,,,,,,,,,
recording_2021_12_15_22H_50M.mat,local_affine,8103,0.003,64,PASS,True,,,0.6166492694388613,3212.4054040276196,8448,18.961308868419653,22,8.385761773125028,4.680228520688678,10.997702346279022,37.06581482010707,20.306097917058505,12.561853633409287
recording_2021_12_15_22H_50M.mat,local_affine,8103,0.003,128,PASS,True,,,0.7426526600506668,9318.701119923677,16896,23.704281706995886,22,11.016287538244656,5.737773953688887,12.917912186839118,46.90146045123756,21.19609214669125,20.029563559446085
recording_2021_12_15_22H_50M.mat,temporal_affine,8103,0.003,64,PASS,False,,,0.625297408646201,3303.141382545557,8448,18.94803208036933,22,9.216238066672364,4.913820157572526,13.543886467521327,36.452889396471186,19.507498031562424,12.34059804960054
recording_2021_12_15_22H_50M.mat,temporal_affine,8103,0.003,128,PASS,False,,,0.7369310082264373,9175.665284723662,16896,23.397527818692843,22,11.325330972101725,5.70633756931918,13.915341832806357,45.842875167117576,20.638024646285192,20.067546807318337
recording_2021_12_15_22H_50M.mat,observer_learned,8103,0.003,64,PASS,False,,,0.6225474086800632,3274.1514521064028,8448,19.382626015488306,22,8.336856508979341,4.719844142747366,11.25221952967436,38.396400632798816,19.736519633635304,13.111476240580858
recording_2021_12_15_22H_50M.mat,observer_learned,8103,0.003,128,PASS,False,,,0.7454255642671647,9388.419057397601,16896,23.821529280801002,22,11.019137359668854,5.790157708708033,13.23018426157574,47.32833520124174,20.96648161476976,19.8806888561381
recording_2021_12_15_22H_50M.mat,last_two,8101,,64,PASS,True,,,0.5832712658010828,2874.0549616136996,8448,17.163466195111084,22,7.404794377301565,4.496837318381885,12.14987143070045,31.442975215676334,20.582872812223517,11.511741221286178
recording_2021_12_15_22H_50M.mat,last_two,8101,,128,PASS,True,,,0.6478369186194778,7091.127405143314,16896,19.63204966649269,22,9.856120299213034,5.241351399780866,13.555449426814755,34.43874711215342,20.1349155606814,20.314946131942175
recording_2021_12_15_22H_50M.mat,last_two,8102,,64,PASS,True,,,0.6117836877521273,3161.911362505357,8448,16.548080178225334,22,9.78872259146153,5.200237108486131,13.304964271487036,25.393008012561797,23.36350160462459,12.348767231262789
recording_2021_12_15_22H_50M.mat,last_two,8102,,128,PASS,True,,,0.6592090984449248,7342.268912944552,16896,19.316799112915156,22,11.965634632601116,5.227824277059033,13.899374616546636,31.51858087205704,21.741791547842688,20.223915406030127
recording_2021_12_15_22H_50M.mat,last_two,8103,,64,PASS,True,,,0.6317915664374221,3372.108608744423,8448,19.459521494778443,22,7.9684049938962875,4.890660174078266,11.365097073475756,38.03256768812308,20.700137261064402,13.43452666383528
recording_2021_12_15_22H_50M.mat,last_two,8103,,128,PASS,True,,,0.7472474244485823,9434.36674067779,16896,23.800667761115065,22,10.633274641057742,5.829927830394619,13.15261277640218,47.27272495635664,21.49482817810627,19.546015990438747
recording_2021_12_15_22H_50M.mat,observer_fixed,8101,,64,PASS,True,,,261297.92219076096,576800751784933.4,8448,6947628.040809574,22,2275414.012069892,804536.0423689834,9484318.943721788,9649889.798787478,9942752.465839446,1364338.5353082737
recording_2021_12_15_22H_50M.mat,observer_fixed,8101,,128,PASS,True,,,193990.8087733868,635837602980986.8,16896,5201817.430547631,22,2277324.0605863277,661034.6486018887,7003893.500556251,7408298.347494914,7123865.381905965,1429471.6677042455
recording_2021_12_15_22H_50M.mat,observer_fixed,8102,,64,PASS,True,,,5647620.884098831,2.6945421170350224e+17,8448,140288773.42174792,22,35503224.7421328,35478038.59164572,164328054.91410172,160207418.9896223,249587977.62206,24539441.620218646
recording_2021_12_15_22H_50M.mat,observer_fixed,8102,,128,PASS,True,,,4067947.299921711,2.7959830668955197e+17,16896,101093345.01890531,22,35409285.03222716,25810627.969110686,119643928.61595498,115737145.09623554,177117555.47942045,17854847.838131167
recording_2021_12_15_22H_50M.mat,observer_fixed,8103,,64,PASS,True,,,24044742.759288494,4.884208280036291e+18,8448,589266986.8026041,22,438159534.471814,27504802.991613273,478919319.393493,441192594.1984516,1194467318.4534194,199765873.10942245
recording_2021_12_15_22H_50M.mat,observer_fixed,8103,,128,PASS,True,,,18179185.04801624,5.583836865193252e+18,16896,448488692.04715496,22,394692078.2143614,24684727.1264114,358318863.0769091,366996380.4762586,875630567.5155491,143714394.96280023
recording_2021_12_15_22H_50M.mat,observer_zero,8101,,64,PASS,True,,,0.6985425754386764,4122.300692509814,8448,20.343391674754688,22,9.947299950683409,5.986844029610142,15.103286065624685,33.633122187260305,23.451500954252257,20.953791451681404
recording_2021_12_15_22H_50M.mat,observer_zero,8101,,128,PASS,True,,,0.7090865379050267,8495.371623351562,16896,21.233711206526944,22,11.12582396332046,6.068507842095699,15.226656962503583,35.21735666035577,21.751319836827168,24.482217960804523
recording_2021_12_15_22H_50M.mat,observer_zero,8102,,64,PASS,True,,,0.798667311131534,5388.72131525439,8448,22.986410993327667,22,11.317719482924542,7.838936399398357,16.453411134824854,35.10692917264091,25.864324864630923,28.434773242449086
recording_2021_12_15_22H_50M.mat,observer_zero,8102,,128,PASS,True,,,0.765271081527981,9894.970537655903,16896,22.906357892801427,22,12.805992804588383,6.819354063442755,15.513906380425594,35.85299389195612,23.109424314584484,29.6234095872861
recording_2021_12_15_22H_50M.mat,observer_zero,8103,,64,PASS,True,,,0.8859458456722276,6630.835550286845,8448,28.027735927834488,22,9.370599730702999,7.994886268700431,17.12824159729252,51.879225553003764,23.994041800157866,31.639418382417468
recording_2021_12_15_22H_50M.mat,observer_zero,8103,,128,PASS,True,,,0.8887027881258086,13344.336540439212,16896,28.67311131431508,22,11.757109068454001,7.47316814234419,15.737358619927209,54.49374548938792,23.316145822914894,31.271882084350704
recording_2021_12_15_22H_50M.mat,joint_local_affine,8101,0.003,64,PASS,True,,,0.6257143519814975,3307.5478679284834,8448,16.504962664990487,22,10.23117058433699,7.138515851350513,11.199732654502336,27.71751073499247,21.89488791808219,10.284306759741481
recording_2021_12_15_22H_50M.mat,joint_local_affine,8101,0.003,128,PASS,True,,,0.7034973146472067,8361.97353811068,16896,20.10440590101287,22,12.772561477305263,6.987974270617987,12.456835023125162,34.80707614689112,22.73968385502225,18.148118309690723
recording_2021_12_15_22H_50M.mat,joint_local_affine,8102,0.003,64,PASS,True,,,0.5635545817879524,2683.0321406946296,8448,15.351634229771724,22,7.330771846691394,3.915677085874204,12.745215462892487,23.092148850289416,22.990918339840697,10.986041890071693
recording_2021_12_15_22H_50M.mat,joint_local_affine,8102,0.003,128,PASS,True,,,0.6105317042162262,6297.966459471152,16896,17.694925134607576,22,9.903388093450268,4.396948265092352,13.850687569899902,27.525990562568,21.459835172619435,18.740484921560967
recording_2021_12_15_22H_50M.mat,joint_local_affine,8103,0.003,64,PASS,True,,,0.5995077436096486,3036.291748705731,8448,17.29405295362174,22,8.978959476266247,4.436572015781097,12.402395488155744,30.274900639521874,21.97055553749484,11.878820970311024
recording_2021_12_15_22H_50M.mat,joint_local_affine,8103,0.003,128,PASS,True,,,0.6680892765635938,7541.416083535762,16896,20.258675009733906,22,10.330837877510959,4.967172291409846,12.961240729397836,36.1411462034368,22.084970585416748,19.21359755938015
recording_2021_12_15_22H_50M.mat,joint_temporal_affine,8101,0.003,64,PASS,True,,,0.5546949636326273,2599.335574635586,8448,15.901376709877981,22,8.148011435260432,4.185792486344486,13.54018091258014,27.08345682470455,19.339390951390186,11.931033628193287
recording_2021_12_15_22H_50M.mat,joint_temporal_affine,8101,0.003,128,PASS,True,,,0.6290440351606356,6685.686343500172,16896,18.674098559914384,22,10.900677741125628,5.035993238756591,14.809537779659355,31.825056841954954,19.18283662007166,18.654968935983813
recording_2021_12_15_22H_50M.mat,joint_temporal_affine,8102,0.003,64,PASS,True,,,0.551657253572205,2570.9437283382595,8448,14.835908381270889,22,7.046486738360876,3.6353837887488982,12.534585338644174,21.257801845173276,23.186685519455757,10.541523611928387
recording_2021_12_15_22H_50M.mat,joint_temporal_affine,8102,0.003,128,PASS,True,,,0.5951553472819113,5984.730257480873,16896,17.093747498364458,22,9.25752905150088,4.0297008140405355,13.489385327327339,25.72918236373058,21.89914167790813,18.102766103352106
recording_2021_12_15_22H_50M.mat,joint_temporal_affine,8103,0.003,64,PASS,True,,,0.6302336586613487,3355.4988361776873,8448,18.958303583191373,22,9.258044382084694,4.600898098938905,11.739475131957873,36.09724572496131,21.81143954530301,11.535106374746105
recording_2021_12_15_22H_50M.mat,joint_temporal_affine,8103,0.003,128,PASS,True,,,0.6869372874691623,7972.932412524127,16896,20.99098808784532,22,12.155382797339639,5.265141353581677,12.951700730149957,37.76580363374746,21.407087114451297,20.395798252813783
recording_2021_12_15_22H_50M.mat,dense_bounded,8101,0.001,64,PASS,True,,,0.6479845835563782,3547.180205409839,8448,17.723260285523224,22,8.354015287642717,7.026083311883672,12.438289939100407,29.267961403439593,22.524913215921092,15.710887182193026
recording_2021_12_15_22H_50M.mat,dense_bounded,8101,0.001,128,PASS,True,,,0.6931530124446734,8117.870722978378,16896,20.11618554726772,22,10.95385224644622,7.233890528155258,12.880555390146725,35.102371432504434,21.049276338481654,20.35908281098149
recording_2021_12_15_22H_50M.mat,dense_bounded,8102,0.001,64,PASS,True,,,0.6094691108438028,3138.0315400704712,8448,17.030426457878672,22,9.209322215967797,5.015007557247516,12.487016736659882,27.550533367002146,22.882083280728594,13.845700577883163
recording_2021_12_15_22H_50M.mat,dense_bounded,8102,0.001,128,PASS,True,,,0.675894863008006,7718.664997242969,16896,19.394036034275572,22,11.356050068566802,5.931725499899983,14.364370133853063,31.58501876656006,22.62915280942607,19.4061707950868
recording_2021_12_15_22H_50M.mat,dense_bounded,8103,0.001,64,PASS,True,,,0.5886397053948285,2927.204144978239,8448,17.89375851663231,22,8.484377984158082,3.488044627724726,12.122224036191444,34.15124069715366,20.57488082261456,10.019339319681091
recording_2021_12_15_22H_50M.mat,dense_bounded,8103,0.001,128,PASS,True,,,0.6854376648831786,7938.159693074766,16896,21.270954855183618,22,10.879235108808755,4.705545291041737,12.921042378714777,40.31392948944137,21.921969095561185,17.36324375253198
recording_2021_12_15_22H_50M.mat,dense_unbounded,8101,0.003,64,PASS,True,,,0.7089830954051143,4246.446585809196,8448,20.849086943144503,22,8.152357375402715,4.779818919114558,15.298906017143672,38.02278221755287,26.149291575610327,12.458933169009615
recording_2021_12_15_22H_50M.mat,dense_unbounded,8101,0.003,128,PASS,True,,,0.8058090035502855,10971.048425824887,16896,24.616258880707218,22,11.509907492887795,5.933471505769992,16.248428269860675,45.558312318858235,26.21962694848155,21.000882676363492
recording_2021_12_15_22H_50M.mat,dense_unbounded,8102,0.003,64,PASS,True,,,0.652247343304441,3594.0038901693806,8448,17.825121419314637,22,8.387219606164585,5.360877944838318,13.292196649157095,28.163501313838946,25.92925792072072,12.85042965369807
recording_2021_12_15_22H_50M.mat,dense_unbounded,8102,0.003,128,PASS,True,,,0.7516990649562951,9547.109877992221,16896,22.52911734742195,22,10.908906092169271,5.456476728600753,14.203550759552126,38.20273994156972,26.34386978068918,23.267998024360278
recording_2021_12_15_22H_50M.mat,dense_unbounded,8103,0.003,64,PASS,True,,,0.6355420194233034,3412.262586607991,8448,19.45500864117348,22,10.201934545962388,4.272023743952058,12.895110193439477,37.49501394462883,20.729281629504573,12.115752454373023
recording_2021_12_15_22H_50M.mat,dense_unbounded,8103,0.003,128,PASS,True,,,0.7041963327764126,8378.599259217757,16896,22.1251280353455,22,11.531240661652458,4.799609240586146,12.694514494855083,41.72278091436191,21.873694030540662,20.018050539292865
recording_2021_12_15_22H_50M.mat,gru32,8101,0.003,64,PASS,True,,,0.6894247238726116,4015.388888643912,8448,19.0668538989832,22,8.877454609396306,6.809752228758166,13.884344397908713,26.560008056022284,24.787089413564846,23.312630288757436
recording_2021_12_15_22H_50M.mat,gru32,8101,0.003,128,PASS,True,,,0.7459505065576179,9401.646705514342,16896,21.286476326033814,22,11.976465704583417,7.2292628863075645,13.503202885081583,30.760862564747615,25.3215697849436,27.445171221248476
recording_2021_12_15_22H_50M.mat,gru32,8102,0.003,64,PASS,True,,,0.6444207617097658,3508.269541899681,8448,17.921249155027315,22,10.96794039378902,6.198328500341452,14.27026345584265,27.06350628376358,21.524082738837176,19.208126034592038
recording_2021_12_15_22H_50M.mat,gru32,8102,0.003,128,PASS,True,,,0.7527555890463807,9573.965944698164,16896,22.164418864706445,22,12.987329025530563,6.978639561895816,15.782218959884265,33.76740362363524,22.713020430542294,28.722802378097214
recording_2021_12_15_22H_50M.mat,gru32,8103,0.003,64,PASS,True,,,0.7185723423355436,4362.092791960693,8448,19.376692769559625,22,9.460260968940737,7.50644263532984,13.473003344133721,25.974095180809968,26.515784325417805,23.401535409296923
recording_2021_12_15_22H_50M.mat,gru32,8103,0.003,128,PASS,True,,,0.7870890438148253,10467.226816245804,16896,22.233566804975993,22,10.636367487319667,7.815669439859217,13.285450978545775,33.481189555039336,28.052019983337054,26.596294257662336
recording_2021_12_15_22H_50M.mat,legacy_instant,8101,0.001,64,PASS,True,,,0.6271470844425481,3322.7121567534127,8448,18.96832304227387,22,5.8803907671258475,4.492190306243071,11.456002575056859,35.385708088098916,22.703835239207617,14.323841608653721
recording_2021_12_15_22H_50M.mat,legacy_instant,8101,0.001,128,PASS,True,,,0.7182664331490978,8716.759079233538,16896,22.21811188229214,22,8.850275770814813,5.329585947616911,13.44284952139502,41.69575462647245,23.528539084179165,19.552411552802997
recording_2021_12_15_22H_50M.mat,legacy_instant,8102,0.001,64,PASS,True,,,0.607379038793734,3116.54573907917,8448,16.828186613577916,22,8.601544555571593,5.611862678191061,12.386658768352376,28.141224282518174,22.1850918319763,12.4944586754388
recording_2021_12_15_22H_50M.mat,legacy_instant,8102,0.001,128,PASS,True,,,0.6886364636030784,8012.424144447426,16896,20.44999334516786,22,10.492098233807427,5.990081989763906,13.674183067249706,35.71896421348776,22.18772003545289,20.20211751029542
recording_2021_12_15_22H_50M.mat,legacy_instant,8103,0.001,64,PASS,True,,,0.6492268674366448,3560.7941985927064,8448,18.699945155272143,22,8.262388733046189,4.8255178700841705,16.447895574027875,31.720165477929573,22.594130103527796,14.811418590875899
recording_2021_12_15_22H_50M.mat,legacy_instant,8103,0.001,128,PASS,True,,,0.7568437126403852,9678.238401018012,16896,22.692886599019005,22,11.2499380367615,6.039345386759541,18.49525192043094,38.79673160354731,22.81625213072776,23.641610068547372
recording_2021_12_15_22H_50M.mat,gru10,8101,0.003,64,PASS,True,,,0.6676630280804601,3765.8980682659285,8448,17.809201492330985,22,8.099938038642009,6.529194407216003,15.264555371867967,25.132299135638494,24.87080470838083,17.651360671153583
recording_2021_12_15_22H_50M.mat,gru10,8101,0.003,128,PASS,True,,,0.681466495353793,7846.444688160143,16896,18.726153077619678,22,10.211063589809042,6.642735224011276,15.837852757015972,26.825782248981014,23.2969226307303,21.033647480699315
recording_2021_12_15_22H_50M.mat,gru10,8102,0.003,64,PASS,True,,,0.7474410922844625,4719.628839006178,8448,21.434576890374043,22,12.244365284660368,6.475047731073048,15.499707589961876,32.87918382787817,25.62472129661832,24.225767033907932
recording_2021_12_15_22H_50M.mat,gru10,8102,0.003,128,PASS,True,,,0.773621898074358,10112.101252580193,16896,22.992647674066298,22,13.456462341699403,6.528556302751798,15.418140164005413,37.625505956443966,24.566713363278016,26.293563968430064
recording_2021_12_15_22H_50M.mat,gru10,8103,0.003,64,PASS,True,,,0.6892196779629728,4013.000762423211,8448,19.387125536870634,22,12.930557951434817,6.390576491880463,13.463372854334933,30.048198770192602,23.411000774184643,20.368932408537734
recording_2021_12_15_22H_50M.mat,gru10,8103,0.003,128,PASS,True,,,0.7540622596355009,9607.232725205873,16896,21.927330555115823,22,15.144123978029118,6.852041803630366,13.177323666824245,35.86683369509015,24.188591040051346,23.735889047282992
recording_2021_12_15_22H_50M.mat,causal_ridge_1,,,64,PASS,True,,,0.615467221677521,3200.1015633054058,8448,17.874571131421032,22,10.401732221720355,6.608527844520579,11.8384629458079,29.580099645181754,17.57313876092352,21.004437137433147
recording_2021_12_15_22H_50M.mat,causal_ridge_1,,,128,PASS,True,,,0.8352176141466634,11786.454670524352,16896,24.61423756249781,22,14.77260054169972,8.590771860867605,16.36506847708439,38.792679779515,23.309271662672653,32.048766600111776
recording_2021_12_15_22H_50M.mat,causal_ridge_100,,,64,PASS,True,,,0.6388596606910704,3447.9807948605994,8448,18.197507836026777,22,10.139538137211426,6.446705992037709,12.759040181176339,30.401524092376164,20.50814292146376,18.300158395445955
recording_2021_12_15_22H_50M.mat,causal_ridge_100,,,128,PASS,True,,,0.7257179507328427,8898.557927692254,16896,21.359092349296308,22,12.135414206109493,7.357577543862672,14.561959756779148,35.39398871350939,20.786573652280072,25.278369754299085
recording_2021_12_15_22H_50M.mat,linear_frozen,,,64,PASS,True,,,0.7442999770404743,4680.043786788063,8448,20.59204919274647,22,12.731402126926449,6.9754112907714445,16.899542603151772,29.65080350665107,25.303134868932833,22.987750084878606
recording_2021_12_15_22H_50M.mat,linear_frozen,,,128,PASS,True,,,1.0252958897621045,17761.610153769558,16896,28.853689754626973,22,22.7682323076926,8.05994046047615,27.867064424765562,40.25951954906289,30.813530341243986,32.634055617222025
recording_2021_12_15_22H_50M.mat,persistence,,,64,PASS,True,,,1.1165213788509047,10531.445670714149,8448,29.903697940574112,22,25.997395523191642,12.243300206383338,16.171947992818083,37.01764135941326,37.083238615539436,39.148686686530056
recording_2021_12_15_22H_50M.mat,persistence,,,128,PASS,True,,,1.2563610374181604,26669.373879961808,16896,34.69416659618063,22,26.106205986328447,14.03798506958003,21.544567773346756,43.16083053233923,38.613651261905595,50.25407846582356
