family,seed,split,partition,regime,case,episode_id,arm,declared_case_count,episode_weighted_centered_mse,episodes,prior_rows,supported_case_count,supported_cases,supported_episode_centered_mse,supported_episodes,weight_mass,zero_support_cases,zero_support_episode_ids
innovation_aux,275000001,train,overall,,,,,18,0.055596881553761426,54,6761,17,"[{""case"":0,""regime"":""lambda3""},{""case"":1,""regime"":""lambda3""},{""case"":2,""regime"":""lambda3""},{""case"":3,""regime"":""lambda3""},{""case"":4,""regime"":""lambda3""},{""case"":5,""regime"":""lambda3""},{""case"":7,""regime"":""lambda3""},{""case"":8,""regime"":""lambda3""},{""case"":0,""regime"":""lambda4""},{""case"":1,""regime"":""lambda4""},{""case"":2,""regime"":""lambda4""},{""case"":3,""regime"":""lambda4""},{""case"":4,""regime"":""lambda4""},{""case"":5,""regime"":""lambda4""},{""case"":6,""regime"":""lambda4""},{""case"":7,""regime"":""lambda4""},{""case"":8,""regime"":""lambda4""}]",0.06387726816815142,47,0.8703703703703703,"[{""case"":6,""regime"":""lambda3""}]","[""train:lambda3:271000003:analytic"",""train:lambda3:271000003:neural"",""train:lambda3:271000007:analytic"",""train:lambda3:271000007:neural"",""train:lambda3:271000007:period4_hold"",""train:lambda4:272000001:analytic"",""train:lambda4:272000003:period4_hold""]"
innovation_aux,275000001,train,regime,lambda3,,,,9,0.05030910445857445,27,4463,8,"[{""case"":0,""regime"":""lambda3""},{""case"":1,""regime"":""lambda3""},{""case"":2,""regime"":""lambda3""},{""case"":3,""regime"":""lambda3""},{""case"":4,""regime"":""lambda3""},{""case"":5,""regime"":""lambda3""},{""case"":7,""regime"":""lambda3""},{""case"":8,""regime"":""lambda3""}]",0.06174299183552319,22,0.8148148148148148,"[{""case"":6,""regime"":""lambda3""}]","[""train:lambda3:271000003:analytic"",""train:lambda3:271000003:neural"",""train:lambda3:271000007:analytic"",""train:lambda3:271000007:neural"",""train:lambda3:271000007:period4_hold""]"
innovation_aux,275000001,train,regime,lambda4,,,,9,0.060884658648948396,27,2298,9,"[{""case"":0,""regime"":""lambda4""},{""case"":1,""regime"":""lambda4""},{""case"":2,""regime"":""lambda4""},{""case"":3,""regime"":""lambda4""},{""case"":4,""regime"":""lambda4""},{""case"":5,""regime"":""lambda4""},{""case"":6,""regime"":""lambda4""},{""case"":7,""regime"":""lambda4""},{""case"":8,""regime"":""lambda4""}]",0.06575543134086427,25,0.9259259259259259,[],"[""train:lambda4:272000001:analytic"",""train:lambda4:272000003:period4_hold""]"
innovation_aux,275000001,train,case,lambda3,0,,,1,0.048893521747441514,3,553,1,"[{""case"":0,""regime"":""lambda3""}]",0.048893521747441514,3,1.0,[],[]
innovation_aux,275000001,train,case,lambda3,1,,,1,0.06052051770741323,3,558,1,"[{""case"":1,""regime"":""lambda3""}]",0.06052051770741323,3,1.0,[],[]
innovation_aux,275000001,train,case,lambda3,2,,,1,0.008048542558336662,3,546,1,"[{""case"":2,""regime"":""lambda3""}]",0.024145627675009985,1,0.3333333333333333,[],"[""train:lambda3:271000003:analytic"",""train:lambda3:271000003:neural""]"
innovation_aux,275000001,train,case,lambda3,3,,,1,0.09004372275286511,3,580,1,"[{""case"":3,""regime"":""lambda3""}]",0.09004372275286511,3,1.0,[],[]
innovation_aux,275000001,train,case,lambda3,4,,,1,0.014944489521060892,3,549,1,"[{""case"":4,""regime"":""lambda3""}]",0.014944489521060892,3,1.0,[],[]
innovation_aux,275000001,train,case,lambda3,5,,,1,0.03163924646907121,3,551,1,"[{""case"":5,""regime"":""lambda3""}]",0.03163924646907121,3,1.0,[],[]
innovation_aux,275000001,train,case,lambda3,6,,,1,0.0,3,0,0,[],,0,0.0,"[{""case"":6,""regime"":""lambda3""}]","[""train:lambda3:271000007:analytic"",""train:lambda3:271000007:neural"",""train:lambda3:271000007:period4_hold""]"
innovation_aux,275000001,train,case,lambda3,7,,,1,0.08422537306839262,3,571,1,"[{""case"":7,""regime"":""lambda3""}]",0.08422537306839262,3,1.0,[],[]
innovation_aux,275000001,train,case,lambda3,8,,,1,0.1144665263025888,3,555,1,"[{""case"":8,""regime"":""lambda3""}]",0.1144665263025888,3,1.0,[],[]
innovation_aux,275000001,train,case,lambda4,0,,,1,0.037983613431677554,3,12,1,"[{""case"":0,""regime"":""lambda4""}]",0.05697542014751633,2,0.6666666666666666,[],"[""train:lambda4:272000001:analytic""]"
innovation_aux,275000001,train,case,lambda4,1,,,1,0.06346394019904548,3,555,1,"[{""case"":1,""regime"":""lambda4""}]",0.06346394019904548,3,1.0,[],[]
innovation_aux,275000001,train,case,lambda4,2,,,1,0.061460531933113155,3,8,1,"[{""case"":2,""regime"":""lambda4""}]",0.09219079789966973,2,0.6666666666666666,[],"[""train:lambda4:272000003:period4_hold""]"
innovation_aux,275000001,train,case,lambda4,3,,,1,0.05097998746012922,3,37,1,"[{""case"":3,""regime"":""lambda4""}]",0.05097998746012922,3,1.0,[],[]
innovation_aux,275000001,train,case,lambda4,4,,,1,0.06116603207997683,3,552,1,"[{""case"":4,""regime"":""lambda4""}]",0.06116603207997683,3,1.0,[],[]
innovation_aux,275000001,train,case,lambda4,5,,,1,0.06277156451042082,3,551,1,"[{""case"":5,""regime"":""lambda4""}]",0.06277156451042082,3,1.0,[],[]
innovation_aux,275000001,train,case,lambda4,6,,,1,0.04272045915585799,3,553,1,"[{""case"":6,""regime"":""lambda4""}]",0.04272045915585799,3,1.0,[],[]
innovation_aux,275000001,train,case,lambda4,7,,,1,0.051630655153487665,3,18,1,"[{""case"":7,""regime"":""lambda4""}]",0.051630655153487665,3,1.0,[],[]
innovation_aux,275000001,train,case,lambda4,8,,,1,0.11578514391682689,3,12,1,"[{""case"":8,""regime"":""lambda4""}]",0.11578514391682689,3,1.0,[],[]
innovation_aux,275000001,train,episode,lambda3,0,train:lambda3:271000001:analytic,analytic,1,0.03556440692975116,1,2,1,"[{""case"":0,""regime"":""lambda3""}]",0.03556440692975116,1,1.0,[],[]
innovation_aux,275000001,train,episode,lambda3,0,train:lambda3:271000001:neural,neural,1,0.06209187674391785,1,5,1,"[{""case"":0,""regime"":""lambda3""}]",0.06209187674391785,1,1.0,[],[]
innovation_aux,275000001,train,episode,lambda3,0,train:lambda3:271000001:period4_hold,period4_hold,1,0.04902428156865553,1,546,1,"[{""case"":0,""regime"":""lambda3""}]",0.04902428156865553,1,1.0,[],[]
innovation_aux,275000001,train,episode,lambda3,1,train:lambda3:271000002:neural,neural,1,0.028111001704633053,1,5,1,"[{""case"":1,""regime"":""lambda3""}]",0.028111001704633053,1,1.0,[],[]
innovation_aux,275000001,train,episode,lambda3,1,train:lambda3:271000002:period4_hold,period4_hold,1,0.04239387342761806,1,546,1,"[{""case"":1,""regime"":""lambda3""}]",0.04239387342761806,1,1.0,[],[]
innovation_aux,275000001,train,episode,lambda3,1,train:lambda3:271000002:analytic,analytic,1,0.11105667798998857,1,7,1,"[{""case"":1,""regime"":""lambda3""}]",0.11105667798998857,1,1.0,[],[]
innovation_aux,275000001,train,episode,lambda3,2,train:lambda3:271000003:period4_hold,period4_hold,1,0.024145627675009985,1,546,1,"[{""case"":2,""regime"":""lambda3""}]",0.024145627675009985,1,1.0,[],[]
innovation_aux,275000001,train,episode,lambda3,2,train:lambda3:271000003:analytic,analytic,1,0.0,1,0,0,[],,0,0.0,"[{""case"":2,""regime"":""lambda3""}]","[""train:lambda3:271000003:analytic""]"
innovation_aux,275000001,train,episode,lambda3,2,train:lambda3:271000003:neural,neural,1,0.0,1,0,0,[],,0,0.0,"[{""case"":2,""regime"":""lambda3""}]","[""train:lambda3:271000003:neural""]"
innovation_aux,275000001,train,episode,lambda3,3,train:lambda3:271000004:analytic,analytic,1,0.08690827566678916,1,16,1,"[{""case"":3,""regime"":""lambda3""}]",0.08690827566678916,1,1.0,[],[]
innovation_aux,275000001,train,episode,lambda3,3,train:lambda3:271000004:neural,neural,1,0.14984168214452057,1,18,1,"[{""case"":3,""regime"":""lambda3""}]",0.14984168214452057,1,1.0,[],[]
innovation_aux,275000001,train,episode,lambda3,3,train:lambda3:271000004:period4_hold,period4_hold,1,0.033381210447285606,1,546,1,"[{""case"":3,""regime"":""lambda3""}]",0.033381210447285606,1,1.0,[],[]
innovation_aux,275000001,train,episode,lambda3,4,train:lambda3:271000005:neural,neural,1,0.008065010875441203,1,2,1,"[{""case"":4,""regime"":""lambda3""}]",0.008065010875441203,1,1.0,[],[]
innovation_aux,275000001,train,episode,lambda3,4,train:lambda3:271000005:period4_hold,period4_hold,1,0.02853755200010174,1,546,1,"[{""case"":4,""regime"":""lambda3""}]",0.02853755200010174,1,1.0,[],[]
innovation_aux,275000001,train,episode,lambda3,4,train:lambda3:271000005:analytic,analytic,1,0.008230905687639734,1,1,1,"[{""case"":4,""regime"":""lambda3""}]",0.008230905687639734,1,1.0,[],[]
innovation_aux,275000001,train,episode,lambda3,5,train:lambda3:271000006:period4_hold,period4_hold,1,0.03982375764507716,1,546,1,"[{""case"":5,""regime"":""lambda3""}]",0.03982375764507716,1,1.0,[],[]
innovation_aux,275000001,train,episode,lambda3,5,train:lambda3:271000006:analytic,analytic,1,0.027694645968864506,1,2,1,"[{""case"":5,""regime"":""lambda3""}]",0.027694645968864506,1,1.0,[],[]
innovation_aux,275000001,train,episode,lambda3,5,train:lambda3:271000006:neural,neural,1,0.027399335793271955,1,3,1,"[{""case"":5,""regime"":""lambda3""}]",0.027399335793271955,1,1.0,[],[]
innovation_aux,275000001,train,episode,lambda3,6,train:lambda3:271000007:analytic,analytic,1,0.0,1,0,0,[],,0,0.0,"[{""case"":6,""regime"":""lambda3""}]","[""train:lambda3:271000007:analytic""]"
innovation_aux,275000001,train,episode,lambda3,6,train:lambda3:271000007:neural,neural,1,0.0,1,0,0,[],,0,0.0,"[{""case"":6,""regime"":""lambda3""}]","[""train:lambda3:271000007:neural""]"
innovation_aux,275000001,train,episode,lambda3,6,train:lambda3:271000007:period4_hold,period4_hold,1,0.0,1,0,0,[],,0,0.0,"[{""case"":6,""regime"":""lambda3""}]","[""train:lambda3:271000007:period4_hold""]"
innovation_aux,275000001,train,episode,lambda3,7,train:lambda3:271000008:neural,neural,1,0.12976534444712448,1,13,1,"[{""case"":7,""regime"":""lambda3""}]",0.12976534444712448,1,1.0,[],[]
innovation_aux,275000001,train,episode,lambda3,7,train:lambda3:271000008:period4_hold,period4_hold,1,0.03837717748823301,1,546,1,"[{""case"":7,""regime"":""lambda3""}]",0.03837717748823301,1,1.0,[],[]
innovation_aux,275000001,train,episode,lambda3,7,train:lambda3:271000008:analytic,analytic,1,0.08453359726982039,1,12,1,"[{""case"":7,""regime"":""lambda3""}]",0.08453359726982039,1,1.0,[],[]
innovation_aux,275000001,train,episode,lambda3,8,train:lambda3:271000009:period4_hold,period4_hold,1,0.031897014655628275,1,546,1,"[{""case"":8,""regime"":""lambda3""}]",0.031897014655628275,1,1.0,[],[]
innovation_aux,275000001,train,episode,lambda3,8,train:lambda3:271000009:analytic,analytic,1,0.12991482052341752,1,4,1,"[{""case"":8,""regime"":""lambda3""}]",0.12991482052341752,1,1.0,[],[]
innovation_aux,275000001,train,episode,lambda3,8,train:lambda3:271000009:neural,neural,1,0.1815877437287206,1,5,1,"[{""case"":8,""regime"":""lambda3""}]",0.1815877437287206,1,1.0,[],[]
innovation_aux,275000001,train,episode,lambda4,0,train:lambda4:272000001:analytic,analytic,1,0.0,1,0,0,[],,0,0.0,"[{""case"":0,""regime"":""lambda4""}]","[""train:lambda4:272000001:analytic""]"
innovation_aux,275000001,train,episode,lambda4,0,train:lambda4:272000001:neural,neural,1,0.0568026527044907,1,8,1,"[{""case"":0,""regime"":""lambda4""}]",0.0568026527044907,1,1.0,[],[]
innovation_aux,275000001,train,episode,lambda4,0,train:lambda4:272000001:period4_hold,period4_hold,1,0.057148187590541966,1,4,1,"[{""case"":0,""regime"":""lambda4""}]",0.057148187590541966,1,1.0,[],[]
innovation_aux,275000001,train,episode,lambda4,1,train:lambda4:272000002:neural,neural,1,0.10434157005358528,1,5,1,"[{""case"":1,""regime"":""lambda4""}]",0.10434157005358528,1,1.0,[],[]
innovation_aux,275000001,train,episode,lambda4,1,train:lambda4:272000002:period4_hold,period4_hold,1,0.0312941552471748,1,546,1,"[{""case"":1,""regime"":""lambda4""}]",0.0312941552471748,1,1.0,[],[]
innovation_aux,275000001,train,episode,lambda4,1,train:lambda4:272000002:analytic,analytic,1,0.05475609529637637,1,4,1,"[{""case"":1,""regime"":""lambda4""}]",0.05475609529637637,1,1.0,[],[]
innovation_aux,275000001,train,episode,lambda4,2,train:lambda4:272000003:period4_hold,period4_hold,1,0.0,1,0,0,[],,0,0.0,"[{""case"":2,""regime"":""lambda4""}]","[""train:lambda4:272000003:period4_hold""]"
innovation_aux,275000001,train,episode,lambda4,2,train:lambda4:272000003:analytic,analytic,1,0.014614096207736793,1,2,1,"[{""case"":2,""regime"":""lambda4""}]",0.014614096207736793,1,1.0,[],[]
innovation_aux,275000001,train,episode,lambda4,2,train:lambda4:272000003:neural,neural,1,0.16976749959160267,1,6,1,"[{""case"":2,""regime"":""lambda4""}]",0.16976749959160267,1,1.0,[],[]
innovation_aux,275000001,train,episode,lambda4,3,train:lambda4:272000004:analytic,analytic,1,0.03178662201289626,1,10,1,"[{""case"":3,""regime"":""lambda4""}]",0.03178662201289626,1,1.0,[],[]
innovation_aux,275000001,train,episode,lambda4,3,train:lambda4:272000004:neural,neural,1,0.04593097839013829,1,11,1,"[{""case"":3,""regime"":""lambda4""}]",0.04593097839013829,1,1.0,[],[]
innovation_aux,275000001,train,episode,lambda4,3,train:lambda4:272000004:period4_hold,period4_hold,1,0.0752223619773531,1,16,1,"[{""case"":3,""regime"":""lambda4""}]",0.0752223619773531,1,1.0,[],[]
innovation_aux,275000001,train,episode,lambda4,4,train:lambda4:272000005:neural,neural,1,0.02225098981875817,1,2,1,"[{""case"":4,""regime"":""lambda4""}]",0.02225098981875817,1,1.0,[],[]
innovation_aux,275000001,train,episode,lambda4,4,train:lambda4:272000005:period4_hold,period4_hold,1,0.059720919395250684,1,546,1,"[{""case"":4,""regime"":""lambda4""}]",0.059720919395250684,1,1.0,[],[]
innovation_aux,275000001,train,episode,lambda4,4,train:lambda4:272000005:analytic,analytic,1,0.10152618702592164,1,4,1,"[{""case"":4,""regime"":""lambda4""}]",0.10152618702592164,1,1.0,[],[]
innovation_aux,275000001,train,episode,lambda4,5,train:lambda4:272000006:period4_hold,period4_hold,1,0.06791555815771166,1,546,1,"[{""case"":5,""regime"":""lambda4""}]",0.06791555815771166,1,1.0,[],[]
innovation_aux,275000001,train,episode,lambda4,5,train:lambda4:272000006:analytic,analytic,1,0.010725084873229207,1,2,1,"[{""case"":5,""regime"":""lambda4""}]",0.010725084873229207,1,1.0,[],[]
innovation_aux,275000001,train,episode,lambda4,5,train:lambda4:272000006:neural,neural,1,0.1096740505003216,1,3,1,"[{""case"":5,""regime"":""lambda4""}]",0.1096740505003216,1,1.0,[],[]
innovation_aux,275000001,train,episode,lambda4,6,train:lambda4:272000007:analytic,analytic,1,0.006971473978950371,1,2,1,"[{""case"":6,""regime"":""lambda4""}]",0.006971473978950371,1,1.0,[],[]
innovation_aux,275000001,train,episode,lambda4,6,train:lambda4:272000007:neural,neural,1,0.0800794068484123,1,5,1,"[{""case"":6,""regime"":""lambda4""}]",0.0800794068484123,1,1.0,[],[]
innovation_aux,275000001,train,episode,lambda4,6,train:lambda4:272000007:period4_hold,period4_hold,1,0.04111049664021129,1,546,1,"[{""case"":6,""regime"":""lambda4""}]",0.04111049664021129,1,1.0,[],[]
innovation_aux,275000001,train,episode,lambda4,7,train:lambda4:272000008:neural,neural,1,0.03721345371675966,1,8,1,"[{""case"":7,""regime"":""lambda4""}]",0.03721345371675966,1,1.0,[],[]
innovation_aux,275000001,train,episode,lambda4,7,train:lambda4:272000008:period4_hold,period4_hold,1,0.0031085650887234806,1,1,1,"[{""case"":7,""regime"":""lambda4""}]",0.0031085650887234806,1,1.0,[],[]
innovation_aux,275000001,train,episode,lambda4,7,train:lambda4:272000008:analytic,analytic,1,0.11456994665497985,1,9,1,"[{""case"":7,""regime"":""lambda4""}]",0.11456994665497985,1,1.0,[],[]
innovation_aux,275000001,train,episode,lambda4,8,train:lambda4:272000009:period4_hold,period4_hold,1,0.13082696145565365,1,6,1,"[{""case"":8,""regime"":""lambda4""}]",0.13082696145565365,1,1.0,[],[]
innovation_aux,275000001,train,episode,lambda4,8,train:lambda4:272000009:analytic,analytic,1,0.029096074229073565,1,1,1,"[{""case"":8,""regime"":""lambda4""}]",0.029096074229073565,1,1.0,[],[]
innovation_aux,275000001,train,episode,lambda4,8,train:lambda4:272000009:neural,neural,1,0.18743239606575343,1,5,1,"[{""case"":8,""regime"":""lambda4""}]",0.18743239606575343,1,1.0,[],[]
innovation_mse,275000001,train,overall,,,,,18,0.13727315002152848,54,6761,17,"[{""case"":0,""regime"":""lambda3""},{""case"":1,""regime"":""lambda3""},{""case"":2,""regime"":""lambda3""},{""case"":3,""regime"":""lambda3""},{""case"":4,""regime"":""lambda3""},{""case"":5,""regime"":""lambda3""},{""case"":7,""regime"":""lambda3""},{""case"":8,""regime"":""lambda3""},{""case"":0,""regime"":""lambda4""},{""case"":1,""regime"":""lambda4""},{""case"":2,""regime"":""lambda4""},{""case"":3,""regime"":""lambda4""},{""case"":4,""regime"":""lambda4""},{""case"":5,""regime"":""lambda4""},{""case"":6,""regime"":""lambda4""},{""case"":7,""regime"":""lambda4""},{""case"":8,""regime"":""lambda4""}]",0.1577180872587774,47,0.8703703703703703,"[{""case"":6,""regime"":""lambda3""}]","[""train:lambda3:271000003:analytic"",""train:lambda3:271000003:neural"",""train:lambda3:271000007:analytic"",""train:lambda3:271000007:neural"",""train:lambda3:271000007:period4_hold"",""train:lambda4:272000001:analytic"",""train:lambda4:272000003:period4_hold""]"
innovation_mse,275000001,train,regime,lambda3,,,,9,0.14642509818304708,27,4463,8,"[{""case"":0,""regime"":""lambda3""},{""case"":1,""regime"":""lambda3""},{""case"":2,""regime"":""lambda3""},{""case"":3,""regime"":""lambda3""},{""case"":4,""regime"":""lambda3""},{""case"":5,""regime"":""lambda3""},{""case"":7,""regime"":""lambda3""},{""case"":8,""regime"":""lambda3""}]",0.17970352958828506,22,0.8148148148148148,"[{""case"":6,""regime"":""lambda3""}]","[""train:lambda3:271000003:analytic"",""train:lambda3:271000003:neural"",""train:lambda3:271000007:analytic"",""train:lambda3:271000007:neural"",""train:lambda3:271000007:period4_hold""]"
innovation_mse,275000001,train,regime,lambda4,,,,9,0.12812120186000986,27,2298,9,"[{""case"":0,""regime"":""lambda4""},{""case"":1,""regime"":""lambda4""},{""case"":2,""regime"":""lambda4""},{""case"":3,""regime"":""lambda4""},{""case"":4,""regime"":""lambda4""},{""case"":5,""regime"":""lambda4""},{""case"":6,""regime"":""lambda4""},{""case"":7,""regime"":""lambda4""},{""case"":8,""regime"":""lambda4""}]",0.13837089800881064,25,0.9259259259259259,[],"[""train:lambda4:272000001:analytic"",""train:lambda4:272000003:period4_hold""]"
innovation_mse,275000001,train,case,lambda3,0,,,1,0.13009588973785874,3,553,1,"[{""case"":0,""regime"":""lambda3""}]",0.13009588973785874,3,1.0,[],[]
innovation_mse,275000001,train,case,lambda3,1,,,1,0.1655166128404595,3,558,1,"[{""case"":1,""regime"":""lambda3""}]",0.1655166128404595,3,1.0,[],[]
innovation_mse,275000001,train,case,lambda3,2,,,1,0.06998256810980587,3,546,1,"[{""case"":2,""regime"":""lambda3""}]",0.2099477043294176,1,0.3333333333333333,[],"[""train:lambda3:271000003:analytic"",""train:lambda3:271000003:neural""]"
innovation_mse,275000001,train,case,lambda3,3,,,1,0.21034703655821016,3,580,1,"[{""case"":3,""regime"":""lambda3""}]",0.21034703655821016,3,1.0,[],[]
innovation_mse,275000001,train,case,lambda3,4,,,1,0.07184052484111335,3,549,1,"[{""case"":4,""regime"":""lambda3""}]",0.07184052484111335,3,1.0,[],[]
innovation_mse,275000001,train,case,lambda3,5,,,1,0.11804181699038317,3,551,1,"[{""case"":5,""regime"":""lambda3""}]",0.11804181699038317,3,1.0,[],[]
innovation_mse,275000001,train,case,lambda3,6,,,1,0.0,3,0,0,[],,0,0.0,"[{""case"":6,""regime"":""lambda3""}]","[""train:lambda3:271000007:analytic"",""train:lambda3:271000007:neural"",""train:lambda3:271000007:period4_hold""]"
innovation_mse,275000001,train,case,lambda3,7,,,1,0.2106551653185941,3,571,1,"[{""case"":7,""regime"":""lambda3""}]",0.2106551653185941,3,1.0,[],[]
innovation_mse,275000001,train,case,lambda3,8,,,1,0.3413462692509988,3,555,1,"[{""case"":8,""regime"":""lambda3""}]",0.3413462692509988,3,1.0,[],[]
innovation_mse,275000001,train,case,lambda4,0,,,1,0.061571379576164986,3,12,1,"[{""case"":0,""regime"":""lambda4""}]",0.09235706936424748,2,0.6666666666666666,[],"[""train:lambda4:272000001:analytic""]"
innovation_mse,275000001,train,case,lambda4,1,,,1,0.1791925075184284,3,555,1,"[{""case"":1,""regime"":""lambda4""}]",0.1791925075184284,3,1.0,[],[]
innovation_mse,275000001,train,case,lambda4,2,,,1,0.0928685113767792,3,8,1,"[{""case"":2,""regime"":""lambda4""}]",0.1393027670651688,2,0.6666666666666666,[],"[""train:lambda4:272000003:period4_hold""]"
innovation_mse,275000001,train,case,lambda4,3,,,1,0.04871682205979058,3,37,1,"[{""case"":3,""regime"":""lambda4""}]",0.04871682205979058,3,1.0,[],[]
innovation_mse,275000001,train,case,lambda4,4,,,1,0.15785623164128915,3,552,1,"[{""case"":4,""regime"":""lambda4""}]",0.15785623164128915,3,1.0,[],[]
innovation_mse,275000001,train,case,lambda4,5,,,1,0.17548945217238776,3,551,1,"[{""case"":5,""regime"":""lambda4""}]",0.17548945217238776,3,1.0,[],[]
innovation_mse,275000001,train,case,lambda4,6,,,1,0.14427896124911774,3,553,1,"[{""case"":6,""regime"":""lambda4""}]",0.14427896124911774,3,1.0,[],[]
innovation_mse,275000001,train,case,lambda4,7,,,1,0.070845712011819,3,18,1,"[{""case"":7,""regime"":""lambda4""}]",0.070845712011819,3,1.0,[],[]
innovation_mse,275000001,train,case,lambda4,8,,,1,0.222271239134312,3,12,1,"[{""case"":8,""regime"":""lambda4""}]",0.222271239134312,3,1.0,[],[]
innovation_mse,275000001,train,episode,lambda3,0,train:lambda3:271000001:analytic,analytic,1,0.16680155747027925,1,2,1,"[{""case"":0,""regime"":""lambda3""}]",0.16680155747027925,1,1.0,[],[]
innovation_mse,275000001,train,episode,lambda3,0,train:lambda3:271000001:neural,neural,1,0.086297339902805,1,5,1,"[{""case"":0,""regime"":""lambda3""}]",0.086297339902805,1,1.0,[],[]
innovation_mse,275000001,train,episode,lambda3,0,train:lambda3:271000001:period4_hold,period4_hold,1,0.13718877184049197,1,546,1,"[{""case"":0,""regime"":""lambda3""}]",0.13718877184049197,1,1.0,[],[]
innovation_mse,275000001,train,episode,lambda3,1,train:lambda3:271000002:neural,neural,1,0.07870672896285669,1,5,1,"[{""case"":1,""regime"":""lambda3""}]",0.07870672896285669,1,1.0,[],[]
innovation_mse,275000001,train,episode,lambda3,1,train:lambda3:271000002:period4_hold,period4_hold,1,0.2700118891258556,1,546,1,"[{""case"":1,""regime"":""lambda3""}]",0.2700118891258556,1,1.0,[],[]
innovation_mse,275000001,train,episode,lambda3,1,train:lambda3:271000002:analytic,analytic,1,0.1478312204326662,1,7,1,"[{""case"":1,""regime"":""lambda3""}]",0.1478312204326662,1,1.0,[],[]
innovation_mse,275000001,train,episode,lambda3,2,train:lambda3:271000003:period4_hold,period4_hold,1,0.2099477043294176,1,546,1,"[{""case"":2,""regime"":""lambda3""}]",0.2099477043294176,1,1.0,[],[]
innovation_mse,275000001,train,episode,lambda3,2,train:lambda3:271000003:analytic,analytic,1,0.0,1,0,0,[],,0,0.0,"[{""case"":2,""regime"":""lambda3""}]","[""train:lambda3:271000003:analytic""]"
innovation_mse,275000001,train,episode,lambda3,2,train:lambda3:271000003:neural,neural,1,0.0,1,0,0,[],,0,0.0,"[{""case"":2,""regime"":""lambda3""}]","[""train:lambda3:271000003:neural""]"
innovation_mse,275000001,train,episode,lambda3,3,train:lambda3:271000004:analytic,analytic,1,0.10410624960773429,1,16,1,"[{""case"":3,""regime"":""lambda3""}]",0.10410624960773429,1,1.0,[],[]
innovation_mse,275000001,train,episode,lambda3,3,train:lambda3:271000004:neural,neural,1,0.1631687742760377,1,18,1,"[{""case"":3,""regime"":""lambda3""}]",0.1631687742760377,1,1.0,[],[]
innovation_mse,275000001,train,episode,lambda3,3,train:lambda3:271000004:period4_hold,period4_hold,1,0.36376608579085845,1,546,1,"[{""case"":3,""regime"":""lambda3""}]",0.36376608579085845,1,1.0,[],[]
innovation_mse,275000001,train,episode,lambda3,4,train:lambda3:271000005:neural,neural,1,0.05162250324059414,1,2,1,"[{""case"":4,""regime"":""lambda3""}]",0.05162250324059414,1,1.0,[],[]
innovation_mse,275000001,train,episode,lambda3,4,train:lambda3:271000005:period4_hold,period4_hold,1,0.13147106883196022,1,546,1,"[{""case"":4,""regime"":""lambda3""}]",0.13147106883196022,1,1.0,[],[]
innovation_mse,275000001,train,episode,lambda3,4,train:lambda3:271000005:analytic,analytic,1,0.0324280024507857,1,1,1,"[{""case"":4,""regime"":""lambda3""}]",0.0324280024507857,1,1.0,[],[]
innovation_mse,275000001,train,episode,lambda3,5,train:lambda3:271000006:period4_hold,period4_hold,1,0.15816581036943064,1,546,1,"[{""case"":5,""regime"":""lambda3""}]",0.15816581036943064,1,1.0,[],[]
innovation_mse,275000001,train,episode,lambda3,5,train:lambda3:271000006:analytic,analytic,1,0.049246184480011834,1,2,1,"[{""case"":5,""regime"":""lambda3""}]",0.049246184480011834,1,1.0,[],[]
innovation_mse,275000001,train,episode,lambda3,5,train:lambda3:271000006:neural,neural,1,0.14671345612170703,1,3,1,"[{""case"":5,""regime"":""lambda3""}]",0.14671345612170703,1,1.0,[],[]
innovation_mse,275000001,train,episode,lambda3,6,train:lambda3:271000007:analytic,analytic,1,0.0,1,0,0,[],,0,0.0,"[{""case"":6,""regime"":""lambda3""}]","[""train:lambda3:271000007:analytic""]"
innovation_mse,275000001,train,episode,lambda3,6,train:lambda3:271000007:neural,neural,1,0.0,1,0,0,[],,0,0.0,"[{""case"":6,""regime"":""lambda3""}]","[""train:lambda3:271000007:neural""]"
innovation_mse,275000001,train,episode,lambda3,6,train:lambda3:271000007:period4_hold,period4_hold,1,0.0,1,0,0,[],,0,0.0,"[{""case"":6,""regime"":""lambda3""}]","[""train:lambda3:271000007:period4_hold""]"
innovation_mse,275000001,train,episode,lambda3,7,train:lambda3:271000008:neural,neural,1,0.22311682110620268,1,13,1,"[{""case"":7,""regime"":""lambda3""}]",0.22311682110620268,1,1.0,[],[]
innovation_mse,275000001,train,episode,lambda3,7,train:lambda3:271000008:period4_hold,period4_hold,1,0.2860662990156868,1,546,1,"[{""case"":7,""regime"":""lambda3""}]",0.2860662990156868,1,1.0,[],[]
innovation_mse,275000001,train,episode,lambda3,7,train:lambda3:271000008:analytic,analytic,1,0.12278237583389284,1,12,1,"[{""case"":7,""regime"":""lambda3""}]",0.12278237583389284,1,1.0,[],[]
innovation_mse,275000001,train,episode,lambda3,8,train:lambda3:271000009:period4_hold,period4_hold,1,0.23015845897024512,1,546,1,"[{""case"":8,""regime"":""lambda3""}]",0.23015845897024512,1,1.0,[],[]
innovation_mse,275000001,train,episode,lambda3,8,train:lambda3:271000009:analytic,analytic,1,0.38119619689275197,1,4,1,"[{""case"":8,""regime"":""lambda3""}]",0.38119619689275197,1,1.0,[],[]
innovation_mse,275000001,train,episode,lambda3,8,train:lambda3:271000009:neural,neural,1,0.4126841518899994,1,5,1,"[{""case"":8,""regime"":""lambda3""}]",0.4126841518899994,1,1.0,[],[]
innovation_mse,275000001,train,episode,lambda4,0,train:lambda4:272000001:analytic,analytic,1,0.0,1,0,0,[],,0,0.0,"[{""case"":0,""regime"":""lambda4""}]","[""train:lambda4:272000001:analytic""]"
innovation_mse,275000001,train,episode,lambda4,0,train:lambda4:272000001:neural,neural,1,0.11238435081706655,1,8,1,"[{""case"":0,""regime"":""lambda4""}]",0.11238435081706655,1,1.0,[],[]
innovation_mse,275000001,train,episode,lambda4,0,train:lambda4:272000001:period4_hold,period4_hold,1,0.07232978791142841,1,4,1,"[{""case"":0,""regime"":""lambda4""}]",0.07232978791142841,1,1.0,[],[]
innovation_mse,275000001,train,episode,lambda4,1,train:lambda4:272000002:neural,neural,1,0.18033036164054791,1,5,1,"[{""case"":1,""regime"":""lambda4""}]",0.18033036164054791,1,1.0,[],[]
innovation_mse,275000001,train,episode,lambda4,1,train:lambda4:272000002:period4_hold,period4_hold,1,0.2574541311221227,1,546,1,"[{""case"":1,""regime"":""lambda4""}]",0.2574541311221227,1,1.0,[],[]
innovation_mse,275000001,train,episode,lambda4,1,train:lambda4:272000002:analytic,analytic,1,0.09979302979261462,1,4,1,"[{""case"":1,""regime"":""lambda4""}]",0.09979302979261462,1,1.0,[],[]
innovation_mse,275000001,train,episode,lambda4,2,train:lambda4:272000003:period4_hold,period4_hold,1,0.0,1,0,0,[],,0,0.0,"[{""case"":2,""regime"":""lambda4""}]","[""train:lambda4:272000003:period4_hold""]"
innovation_mse,275000001,train,episode,lambda4,2,train:lambda4:272000003:analytic,analytic,1,0.03164608628424048,1,2,1,"[{""case"":2,""regime"":""lambda4""}]",0.03164608628424048,1,1.0,[],[]
innovation_mse,275000001,train,episode,lambda4,2,train:lambda4:272000003:neural,neural,1,0.24695944784609716,1,6,1,"[{""case"":2,""regime"":""lambda4""}]",0.24695944784609716,1,1.0,[],[]
innovation_mse,275000001,train,episode,lambda4,3,train:lambda4:272000004:analytic,analytic,1,0.02659220833447762,1,10,1,"[{""case"":3,""regime"":""lambda4""}]",0.02659220833447762,1,1.0,[],[]
innovation_mse,275000001,train,episode,lambda4,3,train:lambda4:272000004:neural,neural,1,0.051090355428905034,1,11,1,"[{""case"":3,""regime"":""lambda4""}]",0.051090355428905034,1,1.0,[],[]
innovation_mse,275000001,train,episode,lambda4,3,train:lambda4:272000004:period4_hold,period4_hold,1,0.0684679024159891,1,16,1,"[{""case"":3,""regime"":""lambda4""}]",0.0684679024159891,1,1.0,[],[]
innovation_mse,275000001,train,episode,lambda4,4,train:lambda4:272000005:neural,neural,1,0.051563290577405496,1,2,1,"[{""case"":4,""regime"":""lambda4""}]",0.051563290577405496,1,1.0,[],[]
innovation_mse,275000001,train,episode,lambda4,4,train:lambda4:272000005:period4_hold,period4_hold,1,0.1234977964296474,1,546,1,"[{""case"":4,""regime"":""lambda4""}]",0.1234977964296474,1,1.0,[],[]
innovation_mse,275000001,train,episode,lambda4,4,train:lambda4:272000005:analytic,analytic,1,0.2985076079168145,1,4,1,"[{""case"":4,""regime"":""lambda4""}]",0.2985076079168145,1,1.0,[],[]
innovation_mse,275000001,train,episode,lambda4,5,train:lambda4:272000006:period4_hold,period4_hold,1,0.2157179426585022,1,546,1,"[{""case"":5,""regime"":""lambda4""}]",0.2157179426585022,1,1.0,[],[]
innovation_mse,275000001,train,episode,lambda4,5,train:lambda4:272000006:analytic,analytic,1,0.0960341539922922,1,2,1,"[{""case"":5,""regime"":""lambda4""}]",0.0960341539922922,1,1.0,[],[]
innovation_mse,275000001,train,episode,lambda4,5,train:lambda4:272000006:neural,neural,1,0.21471625986636886,1,3,1,"[{""case"":5,""regime"":""lambda4""}]",0.21471625986636886,1,1.0,[],[]
innovation_mse,275000001,train,episode,lambda4,6,train:lambda4:272000007:analytic,analytic,1,0.08558084771851782,1,2,1,"[{""case"":6,""regime"":""lambda4""}]",0.08558084771851782,1,1.0,[],[]
innovation_mse,275000001,train,episode,lambda4,6,train:lambda4:272000007:neural,neural,1,0.19983914391306143,1,5,1,"[{""case"":6,""regime"":""lambda4""}]",0.19983914391306143,1,1.0,[],[]
innovation_mse,275000001,train,episode,lambda4,6,train:lambda4:272000007:period4_hold,period4_hold,1,0.147416892115774,1,546,1,"[{""case"":6,""regime"":""lambda4""}]",0.147416892115774,1,1.0,[],[]
innovation_mse,275000001,train,episode,lambda4,7,train:lambda4:272000008:neural,neural,1,0.05583162660320795,1,8,1,"[{""case"":7,""regime"":""lambda4""}]",0.05583162660320795,1,1.0,[],[]
innovation_mse,275000001,train,episode,lambda4,7,train:lambda4:272000008:period4_hold,period4_hold,1,0.01601004196595568,1,1,1,"[{""case"":7,""regime"":""lambda4""}]",0.01601004196595568,1,1.0,[],[]
innovation_mse,275000001,train,episode,lambda4,7,train:lambda4:272000008:analytic,analytic,1,0.14069546746629336,1,9,1,"[{""case"":7,""regime"":""lambda4""}]",0.14069546746629336,1,1.0,[],[]
innovation_mse,275000001,train,episode,lambda4,8,train:lambda4:272000009:period4_hold,period4_hold,1,0.24221010597240897,1,6,1,"[{""case"":8,""regime"":""lambda4""}]",0.24221010597240897,1,1.0,[],[]
innovation_mse,275000001,train,episode,lambda4,8,train:lambda4:272000009:analytic,analytic,1,0.037887028175646265,1,1,1,"[{""case"":8,""regime"":""lambda4""}]",0.037887028175646265,1,1.0,[],[]
innovation_mse,275000001,train,episode,lambda4,8,train:lambda4:272000009:neural,neural,1,0.3867165832548807,1,5,1,"[{""case"":8,""regime"":""lambda4""}]",0.3867165832548807,1,1.0,[],[]
innovation_gru_mse,275000001,train,overall,,,,,18,0.09043832776553168,54,6761,17,"[{""case"":0,""regime"":""lambda3""},{""case"":1,""regime"":""lambda3""},{""case"":2,""regime"":""lambda3""},{""case"":3,""regime"":""lambda3""},{""case"":4,""regime"":""lambda3""},{""case"":5,""regime"":""lambda3""},{""case"":7,""regime"":""lambda3""},{""case"":8,""regime"":""lambda3""},{""case"":0,""regime"":""lambda4""},{""case"":1,""regime"":""lambda4""},{""case"":2,""regime"":""lambda4""},{""case"":3,""regime"":""lambda4""},{""case"":4,""regime"":""lambda4""},{""case"":5,""regime"":""lambda4""},{""case"":6,""regime"":""lambda4""},{""case"":7,""regime"":""lambda4""},{""case"":8,""regime"":""lambda4""}]",0.10390786594337682,47,0.8703703703703703,"[{""case"":6,""regime"":""lambda3""}]","[""train:lambda3:271000003:analytic"",""train:lambda3:271000003:neural"",""train:lambda3:271000007:analytic"",""train:lambda3:271000007:neural"",""train:lambda3:271000007:period4_hold"",""train:lambda4:272000001:analytic"",""train:lambda4:272000003:period4_hold""]"
innovation_gru_mse,275000001,train,regime,lambda3,,,,9,0.08201744619774377,27,4463,8,"[{""case"":0,""regime"":""lambda3""},{""case"":1,""regime"":""lambda3""},{""case"":2,""regime"":""lambda3""},{""case"":3,""regime"":""lambda3""},{""case"":4,""regime"":""lambda3""},{""case"":5,""regime"":""lambda3""},{""case"":7,""regime"":""lambda3""},{""case"":8,""regime"":""lambda3""}]",0.10065777487904919,22,0.8148148148148148,"[{""case"":6,""regime"":""lambda3""}]","[""train:lambda3:271000003:analytic"",""train:lambda3:271000003:neural"",""train:lambda3:271000007:analytic"",""train:lambda3:271000007:neural"",""train:lambda3:271000007:period4_hold""]"
innovation_gru_mse,275000001,train,regime,lambda4,,,,9,0.09885920933331958,27,2298,9,"[{""case"":0,""regime"":""lambda4""},{""case"":1,""regime"":""lambda4""},{""case"":2,""regime"":""lambda4""},{""case"":3,""regime"":""lambda4""},{""case"":4,""regime"":""lambda4""},{""case"":5,""regime"":""lambda4""},{""case"":6,""regime"":""lambda4""},{""case"":7,""regime"":""lambda4""},{""case"":8,""regime"":""lambda4""}]",0.10676794607998515,25,0.9259259259259259,[],"[""train:lambda4:272000001:analytic"",""train:lambda4:272000003:period4_hold""]"
innovation_gru_mse,275000001,train,case,lambda3,0,,,1,0.10237352717573583,3,553,1,"[{""case"":0,""regime"":""lambda3""}]",0.10237352717573583,3,1.0,[],[]
innovation_gru_mse,275000001,train,case,lambda3,1,,,1,0.10518134112679478,3,558,1,"[{""case"":1,""regime"":""lambda3""}]",0.10518134112679478,3,1.0,[],[]
innovation_gru_mse,275000001,train,case,lambda3,2,,,1,0.021038682176279605,3,546,1,"[{""case"":2,""regime"":""lambda3""}]",0.06311604652883882,1,0.3333333333333333,[],"[""train:lambda3:271000003:analytic"",""train:lambda3:271000003:neural""]"
innovation_gru_mse,275000001,train,case,lambda3,3,,,1,0.12927630082174507,3,580,1,"[{""case"":3,""regime"":""lambda3""}]",0.12927630082174507,3,1.0,[],[]
innovation_gru_mse,275000001,train,case,lambda3,4,,,1,0.028929390891359725,3,549,1,"[{""case"":4,""regime"":""lambda3""}]",0.028929390891359725,3,1.0,[],[]
innovation_gru_mse,275000001,train,case,lambda3,5,,,1,0.04232023254222051,3,551,1,"[{""case"":5,""regime"":""lambda3""}]",0.04232023254222051,3,1.0,[],[]
innovation_gru_mse,275000001,train,case,lambda3,6,,,1,0.0,3,0,0,[],,0,0.0,"[{""case"":6,""regime"":""lambda3""}]","[""train:lambda3:271000007:analytic"",""train:lambda3:271000007:neural"",""train:lambda3:271000007:period4_hold""]"
innovation_gru_mse,275000001,train,case,lambda3,7,,,1,0.1169814318944754,3,571,1,"[{""case"":7,""regime"":""lambda3""}]",0.1169814318944754,3,1.0,[],[]
innovation_gru_mse,275000001,train,case,lambda3,8,,,1,0.19205610915108307,3,555,1,"[{""case"":8,""regime"":""lambda3""}]",0.19205610915108307,3,1.0,[],[]
innovation_gru_mse,275000001,train,case,lambda4,0,,,1,0.04756719705441744,3,12,1,"[{""case"":0,""regime"":""lambda4""}]",0.07135079558162616,2,0.6666666666666666,[],"[""train:lambda4:272000001:analytic""]"
innovation_gru_mse,275000001,train,case,lambda4,1,,,1,0.12204962825578146,3,555,1,"[{""case"":1,""regime"":""lambda4""}]",0.12204962825578146,3,1.0,[],[]
innovation_gru_mse,275000001,train,case,lambda4,2,,,1,0.0632355895823093,3,8,1,"[{""case"":2,""regime"":""lambda4""}]",0.09485338437346395,2,0.6666666666666666,[],"[""train:lambda4:272000003:period4_hold""]"
innovation_gru_mse,275000001,train,case,lambda4,3,,,1,0.061439287701541,3,37,1,"[{""case"":3,""regime"":""lambda4""}]",0.061439287701541,3,1.0,[],[]
innovation_gru_mse,275000001,train,case,lambda4,4,,,1,0.14807199179627775,3,552,1,"[{""case"":4,""regime"":""lambda4""}]",0.14807199179627775,3,1.0,[],[]
innovation_gru_mse,275000001,train,case,lambda4,5,,,1,0.09989885741996442,3,551,1,"[{""case"":5,""regime"":""lambda4""}]",0.09989885741996442,3,1.0,[],[]
innovation_gru_mse,275000001,train,case,lambda4,6,,,1,0.09600795012489478,3,553,1,"[{""case"":6,""regime"":""lambda4""}]",0.09600795012489478,3,1.0,[],[]
innovation_gru_mse,275000001,train,case,lambda4,7,,,1,0.0804156231096316,3,18,1,"[{""case"":7,""regime"":""lambda4""}]",0.0804156231096316,3,1.0,[],[]
innovation_gru_mse,275000001,train,case,lambda4,8,,,1,0.17104675895505847,3,12,1,"[{""case"":8,""regime"":""lambda4""}]",0.17104675895505847,3,1.0,[],[]
innovation_gru_mse,275000001,train,episode,lambda3,0,train:lambda3:271000001:analytic,analytic,1,0.15246104893773804,1,2,1,"[{""case"":0,""regime"":""lambda3""}]",0.15246104893773804,1,1.0,[],[]
innovation_gru_mse,275000001,train,episode,lambda3,0,train:lambda3:271000001:neural,neural,1,0.08500174829351295,1,5,1,"[{""case"":0,""regime"":""lambda3""}]",0.08500174829351295,1,1.0,[],[]
innovation_gru_mse,275000001,train,episode,lambda3,0,train:lambda3:271000001:period4_hold,period4_hold,1,0.06965778429595652,1,546,1,"[{""case"":0,""regime"":""lambda3""}]",0.06965778429595652,1,1.0,[],[]
innovation_gru_mse,275000001,train,episode,lambda3,1,train:lambda3:271000002:neural,neural,1,0.03935117883218027,1,5,1,"[{""case"":1,""regime"":""lambda3""}]",0.03935117883218027,1,1.0,[],[]
innovation_gru_mse,275000001,train,episode,lambda3,1,train:lambda3:271000002:period4_hold,period4_hold,1,0.08598468139978976,1,546,1,"[{""case"":1,""regime"":""lambda3""}]",0.08598468139978976,1,1.0,[],[]
innovation_gru_mse,275000001,train,episode,lambda3,1,train:lambda3:271000002:analytic,analytic,1,0.1902081631484143,1,7,1,"[{""case"":1,""regime"":""lambda3""}]",0.1902081631484143,1,1.0,[],[]
innovation_gru_mse,275000001,train,episode,lambda3,2,train:lambda3:271000003:period4_hold,period4_hold,1,0.06311604652883882,1,546,1,"[{""case"":2,""regime"":""lambda3""}]",0.06311604652883882,1,1.0,[],[]
innovation_gru_mse,275000001,train,episode,lambda3,2,train:lambda3:271000003:analytic,analytic,1,0.0,1,0,0,[],,0,0.0,"[{""case"":2,""regime"":""lambda3""}]","[""train:lambda3:271000003:analytic""]"
innovation_gru_mse,275000001,train,episode,lambda3,2,train:lambda3:271000003:neural,neural,1,0.0,1,0,0,[],,0,0.0,"[{""case"":2,""regime"":""lambda3""}]","[""train:lambda3:271000003:neural""]"
innovation_gru_mse,275000001,train,episode,lambda3,3,train:lambda3:271000004:analytic,analytic,1,0.1263848709618669,1,16,1,"[{""case"":3,""regime"":""lambda3""}]",0.1263848709618669,1,1.0,[],[]
innovation_gru_mse,275000001,train,episode,lambda3,3,train:lambda3:271000004:neural,neural,1,0.15260802946600352,1,18,1,"[{""case"":3,""regime"":""lambda3""}]",0.15260802946600352,1,1.0,[],[]
innovation_gru_mse,275000001,train,episode,lambda3,3,train:lambda3:271000004:period4_hold,period4_hold,1,0.1088360020373648,1,546,1,"[{""case"":3,""regime"":""lambda3""}]",0.1088360020373648,1,1.0,[],[]
innovation_gru_mse,275000001,train,episode,lambda3,4,train:lambda3:271000005:neural,neural,1,0.02550742446254617,1,2,1,"[{""case"":4,""regime"":""lambda3""}]",0.02550742446254617,1,1.0,[],[]
innovation_gru_mse,275000001,train,episode,lambda3,4,train:lambda3:271000005:period4_hold,period4_hold,1,0.05705211074946998,1,546,1,"[{""case"":4,""regime"":""lambda3""}]",0.05705211074946998,1,1.0,[],[]
innovation_gru_mse,275000001,train,episode,lambda3,4,train:lambda3:271000005:analytic,analytic,1,0.004228637462063034,1,1,1,"[{""case"":4,""regime"":""lambda3""}]",0.004228637462063034,1,1.0,[],[]
innovation_gru_mse,275000001,train,episode,lambda3,5,train:lambda3:271000006:period4_hold,period4_hold,1,0.059525486960822126,1,546,1,"[{""case"":5,""regime"":""lambda3""}]",0.059525486960822126,1,1.0,[],[]
innovation_gru_mse,275000001,train,episode,lambda3,5,train:lambda3:271000006:analytic,analytic,1,0.03776680049796255,1,2,1,"[{""case"":5,""regime"":""lambda3""}]",0.03776680049796255,1,1.0,[],[]
innovation_gru_mse,275000001,train,episode,lambda3,5,train:lambda3:271000006:neural,neural,1,0.029668410167876875,1,3,1,"[{""case"":5,""regime"":""lambda3""}]",0.029668410167876875,1,1.0,[],[]
innovation_gru_mse,275000001,train,episode,lambda3,6,train:lambda3:271000007:analytic,analytic,1,0.0,1,0,0,[],,0,0.0,"[{""case"":6,""regime"":""lambda3""}]","[""train:lambda3:271000007:analytic""]"
innovation_gru_mse,275000001,train,episode,lambda3,6,train:lambda3:271000007:neural,neural,1,0.0,1,0,0,[],,0,0.0,"[{""case"":6,""regime"":""lambda3""}]","[""train:lambda3:271000007:neural""]"
innovation_gru_mse,275000001,train,episode,lambda3,6,train:lambda3:271000007:period4_hold,period4_hold,1,0.0,1,0,0,[],,0,0.0,"[{""case"":6,""regime"":""lambda3""}]","[""train:lambda3:271000007:period4_hold""]"
innovation_gru_mse,275000001,train,episode,lambda3,7,train:lambda3:271000008:neural,neural,1,0.1444472721105661,1,13,1,"[{""case"":7,""regime"":""lambda3""}]",0.1444472721105661,1,1.0,[],[]
innovation_gru_mse,275000001,train,episode,lambda3,7,train:lambda3:271000008:period4_hold,period4_hold,1,0.09663176225803212,1,546,1,"[{""case"":7,""regime"":""lambda3""}]",0.09663176225803212,1,1.0,[],[]
innovation_gru_mse,275000001,train,episode,lambda3,7,train:lambda3:271000008:analytic,analytic,1,0.10986526131482795,1,12,1,"[{""case"":7,""regime"":""lambda3""}]",0.10986526131482795,1,1.0,[],[]
innovation_gru_mse,275000001,train,episode,lambda3,8,train:lambda3:271000009:period4_hold,period4_hold,1,0.07804583148917871,1,546,1,"[{""case"":8,""regime"":""lambda3""}]",0.07804583148917871,1,1.0,[],[]
innovation_gru_mse,275000001,train,episode,lambda3,8,train:lambda3:271000009:analytic,analytic,1,0.19185471495692852,1,4,1,"[{""case"":8,""regime"":""lambda3""}]",0.19185471495692852,1,1.0,[],[]
innovation_gru_mse,275000001,train,episode,lambda3,8,train:lambda3:271000009:neural,neural,1,0.306267781007142,1,5,1,"[{""case"":8,""regime"":""lambda3""}]",0.306267781007142,1,1.0,[],[]
innovation_gru_mse,275000001,train,episode,lambda4,0,train:lambda4:272000001:analytic,analytic,1,0.0,1,0,0,[],,0,0.0,"[{""case"":0,""regime"":""lambda4""}]","[""train:lambda4:272000001:analytic""]"
innovation_gru_mse,275000001,train,episode,lambda4,0,train:lambda4:272000001:neural,neural,1,0.08266642207417618,1,8,1,"[{""case"":0,""regime"":""lambda4""}]",0.08266642207417618,1,1.0,[],[]
innovation_gru_mse,275000001,train,episode,lambda4,0,train:lambda4:272000001:period4_hold,period4_hold,1,0.060035169089076135,1,4,1,"[{""case"":0,""regime"":""lambda4""}]",0.060035169089076135,1,1.0,[],[]
innovation_gru_mse,275000001,train,episode,lambda4,1,train:lambda4:272000002:neural,neural,1,0.145315458852118,1,5,1,"[{""case"":1,""regime"":""lambda4""}]",0.145315458852118,1,1.0,[],[]
innovation_gru_mse,275000001,train,episode,lambda4,1,train:lambda4:272000002:period4_hold,period4_hold,1,0.08601064040597249,1,546,1,"[{""case"":1,""regime"":""lambda4""}]",0.08601064040597249,1,1.0,[],[]
innovation_gru_mse,275000001,train,episode,lambda4,1,train:lambda4:272000002:analytic,analytic,1,0.13482278550925386,1,4,1,"[{""case"":1,""regime"":""lambda4""}]",0.13482278550925386,1,1.0,[],[]
innovation_gru_mse,275000001,train,episode,lambda4,2,train:lambda4:272000003:period4_hold,period4_hold,1,0.0,1,0,0,[],,0,0.0,"[{""case"":2,""regime"":""lambda4""}]","[""train:lambda4:272000003:period4_hold""]"
innovation_gru_mse,275000001,train,episode,lambda4,2,train:lambda4:272000003:analytic,analytic,1,0.013082107022000855,1,2,1,"[{""case"":2,""regime"":""lambda4""}]",0.013082107022000855,1,1.0,[],[]
innovation_gru_mse,275000001,train,episode,lambda4,2,train:lambda4:272000003:neural,neural,1,0.17662466172492705,1,6,1,"[{""case"":2,""regime"":""lambda4""}]",0.17662466172492705,1,1.0,[],[]
innovation_gru_mse,275000001,train,episode,lambda4,3,train:lambda4:272000004:analytic,analytic,1,0.044139141218238365,1,10,1,"[{""case"":3,""regime"":""lambda4""}]",0.044139141218238365,1,1.0,[],[]
innovation_gru_mse,275000001,train,episode,lambda4,3,train:lambda4:272000004:neural,neural,1,0.07227901398878926,1,11,1,"[{""case"":3,""regime"":""lambda4""}]",0.07227901398878926,1,1.0,[],[]
innovation_gru_mse,275000001,train,episode,lambda4,3,train:lambda4:272000004:period4_hold,period4_hold,1,0.06789970789759536,1,16,1,"[{""case"":3,""regime"":""lambda4""}]",0.06789970789759536,1,1.0,[],[]
innovation_gru_mse,275000001,train,episode,lambda4,4,train:lambda4:272000005:neural,neural,1,0.09784733647541088,1,2,1,"[{""case"":4,""regime"":""lambda4""}]",0.09784733647541088,1,1.0,[],[]
innovation_gru_mse,275000001,train,episode,lambda4,4,train:lambda4:272000005:period4_hold,period4_hold,1,0.04765305328287962,1,546,1,"[{""case"":4,""regime"":""lambda4""}]",0.04765305328287962,1,1.0,[],[]
innovation_gru_mse,275000001,train,episode,lambda4,4,train:lambda4:272000005:analytic,analytic,1,0.2987155856305428,1,4,1,"[{""case"":4,""regime"":""lambda4""}]",0.2987155856305428,1,1.0,[],[]
innovation_gru_mse,275000001,train,episode,lambda4,5,train:lambda4:272000006:period4_hold,period4_hold,1,0.11784840455545345,1,546,1,"[{""case"":5,""regime"":""lambda4""}]",0.11784840455545345,1,1.0,[],[]
innovation_gru_mse,275000001,train,episode,lambda4,5,train:lambda4:272000006:analytic,analytic,1,0.046110744869338305,1,2,1,"[{""case"":5,""regime"":""lambda4""}]",0.046110744869338305,1,1.0,[],[]
innovation_gru_mse,275000001,train,episode,lambda4,5,train:lambda4:272000006:neural,neural,1,0.1357374228351015,1,3,1,"[{""case"":5,""regime"":""lambda4""}]",0.1357374228351015,1,1.0,[],[]
innovation_gru_mse,275000001,train,episode,lambda4,6,train:lambda4:272000007:analytic,analytic,1,0.07039755064050723,1,2,1,"[{""case"":6,""regime"":""lambda4""}]",0.07039755064050723,1,1.0,[],[]
innovation_gru_mse,275000001,train,episode,lambda4,6,train:lambda4:272000007:neural,neural,1,0.14045863270115433,1,5,1,"[{""case"":6,""regime"":""lambda4""}]",0.14045863270115433,1,1.0,[],[]
innovation_gru_mse,275000001,train,episode,lambda4,6,train:lambda4:272000007:period4_hold,period4_hold,1,0.07716766703302277,1,546,1,"[{""case"":6,""regime"":""lambda4""}]",0.07716766703302277,1,1.0,[],[]
innovation_gru_mse,275000001,train,episode,lambda4,7,train:lambda4:272000008:neural,neural,1,0.04894012302284523,1,8,1,"[{""case"":7,""regime"":""lambda4""}]",0.04894012302284523,1,1.0,[],[]
innovation_gru_mse,275000001,train,episode,lambda4,7,train:lambda4:272000008:period4_hold,period4_hold,1,0.06543428392342321,1,1,1,"[{""case"":7,""regime"":""lambda4""}]",0.06543428392342321,1,1.0,[],[]
innovation_gru_mse,275000001,train,episode,lambda4,7,train:lambda4:272000008:analytic,analytic,1,0.12687246238262637,1,9,1,"[{""case"":7,""regime"":""lambda4""}]",0.12687246238262637,1,1.0,[],[]
innovation_gru_mse,275000001,train,episode,lambda4,8,train:lambda4:272000009:period4_hold,period4_hold,1,0.21959709826248286,1,6,1,"[{""case"":8,""regime"":""lambda4""}]",0.21959709826248286,1,1.0,[],[]
innovation_gru_mse,275000001,train,episode,lambda4,8,train:lambda4:272000009:analytic,analytic,1,0.012073325162589299,1,1,1,"[{""case"":8,""regime"":""lambda4""}]",0.012073325162589299,1,1.0,[],[]
innovation_gru_mse,275000001,train,episode,lambda4,8,train:lambda4:272000009:neural,neural,1,0.28146985344010317,1,5,1,"[{""case"":8,""regime"":""lambda4""}]",0.28146985344010317,1,1.0,[],[]
innovation_gru_aux,275000001,train,overall,,,,,18,0.053990359101335546,54,6761,17,"[{""case"":0,""regime"":""lambda3""},{""case"":1,""regime"":""lambda3""},{""case"":2,""regime"":""lambda3""},{""case"":3,""regime"":""lambda3""},{""case"":4,""regime"":""lambda3""},{""case"":5,""regime"":""lambda3""},{""case"":7,""regime"":""lambda3""},{""case"":8,""regime"":""lambda3""},{""case"":0,""regime"":""lambda4""},{""case"":1,""regime"":""lambda4""},{""case"":2,""regime"":""lambda4""},{""case"":3,""regime"":""lambda4""},{""case"":4,""regime"":""lambda4""},{""case"":5,""regime"":""lambda4""},{""case"":6,""regime"":""lambda4""},{""case"":7,""regime"":""lambda4""},{""case"":8,""regime"":""lambda4""}]",0.062031476414300415,47,0.8703703703703703,"[{""case"":6,""regime"":""lambda3""}]","[""train:lambda3:271000003:analytic"",""train:lambda3:271000003:neural"",""train:lambda3:271000007:analytic"",""train:lambda3:271000007:neural"",""train:lambda3:271000007:period4_hold"",""train:lambda4:272000001:analytic"",""train:lambda4:272000003:period4_hold""]"
innovation_gru_aux,275000001,train,regime,lambda3,,,,9,0.05031984431756054,27,4463,8,"[{""case"":0,""regime"":""lambda3""},{""case"":1,""regime"":""lambda3""},{""case"":2,""regime"":""lambda3""},{""case"":3,""regime"":""lambda3""},{""case"":4,""regime"":""lambda3""},{""case"":5,""regime"":""lambda3""},{""case"":7,""regime"":""lambda3""},{""case"":8,""regime"":""lambda3""}]",0.061756172571551575,22,0.8148148148148148,"[{""case"":6,""regime"":""lambda3""}]","[""train:lambda3:271000003:analytic"",""train:lambda3:271000003:neural"",""train:lambda3:271000007:analytic"",""train:lambda3:271000007:neural"",""train:lambda3:271000007:period4_hold""]"
innovation_gru_aux,275000001,train,regime,lambda4,,,,9,0.057660873885110556,27,2298,9,"[{""case"":0,""regime"":""lambda4""},{""case"":1,""regime"":""lambda4""},{""case"":2,""regime"":""lambda4""},{""case"":3,""regime"":""lambda4""},{""case"":4,""regime"":""lambda4""},{""case"":5,""regime"":""lambda4""},{""case"":6,""regime"":""lambda4""},{""case"":7,""regime"":""lambda4""},{""case"":8,""regime"":""lambda4""}]",0.062273743795919406,25,0.9259259259259259,[],"[""train:lambda4:272000001:analytic"",""train:lambda4:272000003:period4_hold""]"
innovation_gru_aux,275000001,train,case,lambda3,0,,,1,0.036798094020228655,3,553,1,"[{""case"":0,""regime"":""lambda3""}]",0.036798094020228655,3,1.0,[],[]
innovation_gru_aux,275000001,train,case,lambda3,1,,,1,0.06778588211785853,3,558,1,"[{""case"":1,""regime"":""lambda3""}]",0.06778588211785853,3,1.0,[],[]
innovation_gru_aux,275000001,train,case,lambda3,2,,,1,0.013181738998949909,3,546,1,"[{""case"":2,""regime"":""lambda3""}]",0.03954521699684973,1,0.3333333333333333,[],"[""train:lambda3:271000003:analytic"",""train:lambda3:271000003:neural""]"
innovation_gru_aux,275000001,train,case,lambda3,3,,,1,0.07831559337952823,3,580,1,"[{""case"":3,""regime"":""lambda3""}]",0.07831559337952823,3,1.0,[],[]
innovation_gru_aux,275000001,train,case,lambda3,4,,,1,0.03100887889409476,3,549,1,"[{""case"":4,""regime"":""lambda3""}]",0.03100887889409476,3,1.0,[],[]
innovation_gru_aux,275000001,train,case,lambda3,5,,,1,0.03360540093996991,3,551,1,"[{""case"":5,""regime"":""lambda3""}]",0.03360540093996991,3,1.0,[],[]
innovation_gru_aux,275000001,train,case,lambda3,6,,,1,0.0,3,0,0,[],,0,0.0,"[{""case"":6,""regime"":""lambda3""}]","[""train:lambda3:271000007:analytic"",""train:lambda3:271000007:neural"",""train:lambda3:271000007:period4_hold""]"
innovation_gru_aux,275000001,train,case,lambda3,7,,,1,0.0963720860008465,3,571,1,"[{""case"":7,""regime"":""lambda3""}]",0.0963720860008465,3,1.0,[],[]
innovation_gru_aux,275000001,train,case,lambda3,8,,,1,0.09581092450656838,3,555,1,"[{""case"":8,""regime"":""lambda3""}]",0.09581092450656838,3,1.0,[],[]
innovation_gru_aux,275000001,train,case,lambda4,0,,,1,0.03036714496838518,3,12,1,"[{""case"":0,""regime"":""lambda4""}]",0.04555071745257777,2,0.6666666666666666,[],"[""train:lambda4:272000001:analytic""]"
innovation_gru_aux,275000001,train,case,lambda4,1,,,1,0.08605697857173365,3,555,1,"[{""case"":1,""regime"":""lambda4""}]",0.08605697857173365,3,1.0,[],[]
innovation_gru_aux,275000001,train,case,lambda4,2,,,1,0.03682496639467795,3,8,1,"[{""case"":2,""regime"":""lambda4""}]",0.05523744959201693,2,0.6666666666666666,[],"[""train:lambda4:272000003:period4_hold""]"
innovation_gru_aux,275000001,train,case,lambda4,3,,,1,0.0418674724868679,3,37,1,"[{""case"":3,""regime"":""lambda4""}]",0.0418674724868679,3,1.0,[],[]
innovation_gru_aux,275000001,train,case,lambda4,4,,,1,0.07355518748055374,3,552,1,"[{""case"":4,""regime"":""lambda4""}]",0.07355518748055374,3,1.0,[],[]
innovation_gru_aux,275000001,train,case,lambda4,5,,,1,0.047386254525551674,3,551,1,"[{""case"":5,""regime"":""lambda4""}]",0.047386254525551674,3,1.0,[],[]
innovation_gru_aux,275000001,train,case,lambda4,6,,,1,0.056126241178816795,3,553,1,"[{""case"":6,""regime"":""lambda4""}]",0.056126241178816795,3,1.0,[],[]
innovation_gru_aux,275000001,train,case,lambda4,7,,,1,0.05494071309903209,3,18,1,"[{""case"":7,""regime"":""lambda4""}]",0.05494071309903209,3,1.0,[],[]
innovation_gru_aux,275000001,train,case,lambda4,8,,,1,0.09182290626037602,3,12,1,"[{""case"":8,""regime"":""lambda4""}]",0.09182290626037602,3,1.0,[],[]
innovation_gru_aux,275000001,train,episode,lambda3,0,train:lambda3:271000001:analytic,analytic,1,0.023039233375783397,1,2,1,"[{""case"":0,""regime"":""lambda3""}]",0.023039233375783397,1,1.0,[],[]
innovation_gru_aux,275000001,train,episode,lambda3,0,train:lambda3:271000001:neural,neural,1,0.060564401456323934,1,5,1,"[{""case"":0,""regime"":""lambda3""}]",0.060564401456323934,1,1.0,[],[]
innovation_gru_aux,275000001,train,episode,lambda3,0,train:lambda3:271000001:period4_hold,period4_hold,1,0.02679064722857864,1,546,1,"[{""case"":0,""regime"":""lambda3""}]",0.02679064722857864,1,1.0,[],[]
innovation_gru_aux,275000001,train,episode,lambda3,1,train:lambda3:271000002:neural,neural,1,0.033591723925167113,1,5,1,"[{""case"":1,""regime"":""lambda3""}]",0.033591723925167113,1,1.0,[],[]
innovation_gru_aux,275000001,train,episode,lambda3,1,train:lambda3:271000002:period4_hold,period4_hold,1,0.04684359186206075,1,546,1,"[{""case"":1,""regime"":""lambda3""}]",0.04684359186206075,1,1.0,[],[]
innovation_gru_aux,275000001,train,episode,lambda3,1,train:lambda3:271000002:analytic,analytic,1,0.12292233056634773,1,7,1,"[{""case"":1,""regime"":""lambda3""}]",0.12292233056634773,1,1.0,[],[]
innovation_gru_aux,275000001,train,episode,lambda3,2,train:lambda3:271000003:period4_hold,period4_hold,1,0.03954521699684973,1,546,1,"[{""case"":2,""regime"":""lambda3""}]",0.03954521699684973,1,1.0,[],[]
innovation_gru_aux,275000001,train,episode,lambda3,2,train:lambda3:271000003:analytic,analytic,1,0.0,1,0,0,[],,0,0.0,"[{""case"":2,""regime"":""lambda3""}]","[""train:lambda3:271000003:analytic""]"
innovation_gru_aux,275000001,train,episode,lambda3,2,train:lambda3:271000003:neural,neural,1,0.0,1,0,0,[],,0,0.0,"[{""case"":2,""regime"":""lambda3""}]","[""train:lambda3:271000003:neural""]"
innovation_gru_aux,275000001,train,episode,lambda3,3,train:lambda3:271000004:analytic,analytic,1,0.08207069577182846,1,16,1,"[{""case"":3,""regime"":""lambda3""}]",0.08207069577182846,1,1.0,[],[]
innovation_gru_aux,275000001,train,episode,lambda3,3,train:lambda3:271000004:neural,neural,1,0.11103914042556637,1,18,1,"[{""case"":3,""regime"":""lambda3""}]",0.11103914042556637,1,1.0,[],[]
innovation_gru_aux,275000001,train,episode,lambda3,3,train:lambda3:271000004:period4_hold,period4_hold,1,0.04183694394118986,1,546,1,"[{""case"":3,""regime"":""lambda3""}]",0.04183694394118986,1,1.0,[],[]
innovation_gru_aux,275000001,train,episode,lambda3,4,train:lambda3:271000005:neural,neural,1,0.031984448105220054,1,2,1,"[{""case"":4,""regime"":""lambda3""}]",0.031984448105220054,1,1.0,[],[]
innovation_gru_aux,275000001,train,episode,lambda3,4,train:lambda3:271000005:period4_hold,period4_hold,1,0.027833465414178086,1,546,1,"[{""case"":4,""regime"":""lambda3""}]",0.027833465414178086,1,1.0,[],[]
innovation_gru_aux,275000001,train,episode,lambda3,4,train:lambda3:271000005:analytic,analytic,1,0.033208723162886145,1,1,1,"[{""case"":4,""regime"":""lambda3""}]",0.033208723162886145,1,1.0,[],[]
innovation_gru_aux,275000001,train,episode,lambda3,5,train:lambda3:271000006:period4_hold,period4_hold,1,0.026639878509073605,1,546,1,"[{""case"":5,""regime"":""lambda3""}]",0.026639878509073605,1,1.0,[],[]
innovation_gru_aux,275000001,train,episode,lambda3,5,train:lambda3:271000006:analytic,analytic,1,0.023740279724194124,1,2,1,"[{""case"":5,""regime"":""lambda3""}]",0.023740279724194124,1,1.0,[],[]
innovation_gru_aux,275000001,train,episode,lambda3,5,train:lambda3:271000006:neural,neural,1,0.050436044586642005,1,3,1,"[{""case"":5,""regime"":""lambda3""}]",0.050436044586642005,1,1.0,[],[]
innovation_gru_aux,275000001,train,episode,lambda3,6,train:lambda3:271000007:analytic,analytic,1,0.0,1,0,0,[],,0,0.0,"[{""case"":6,""regime"":""lambda3""}]","[""train:lambda3:271000007:analytic""]"
innovation_gru_aux,275000001,train,episode,lambda3,6,train:lambda3:271000007:neural,neural,1,0.0,1,0,0,[],,0,0.0,"[{""case"":6,""regime"":""lambda3""}]","[""train:lambda3:271000007:neural""]"
innovation_gru_aux,275000001,train,episode,lambda3,6,train:lambda3:271000007:period4_hold,period4_hold,1,0.0,1,0,0,[],,0,0.0,"[{""case"":6,""regime"":""lambda3""}]","[""train:lambda3:271000007:period4_hold""]"
innovation_gru_aux,275000001,train,episode,lambda3,7,train:lambda3:271000008:neural,neural,1,0.1378729966965055,1,13,1,"[{""case"":7,""regime"":""lambda3""}]",0.1378729966965055,1,1.0,[],[]
innovation_gru_aux,275000001,train,episode,lambda3,7,train:lambda3:271000008:period4_hold,period4_hold,1,0.039843088287969806,1,546,1,"[{""case"":7,""regime"":""lambda3""}]",0.039843088287969806,1,1.0,[],[]
innovation_gru_aux,275000001,train,episode,lambda3,7,train:lambda3:271000008:analytic,analytic,1,0.1114001730180642,1,12,1,"[{""case"":7,""regime"":""lambda3""}]",0.1114001730180642,1,1.0,[],[]
innovation_gru_aux,275000001,train,episode,lambda3,8,train:lambda3:271000009:period4_hold,period4_hold,1,0.03881786007616578,1,546,1,"[{""case"":8,""regime"":""lambda3""}]",0.03881786007616578,1,1.0,[],[]
innovation_gru_aux,275000001,train,episode,lambda3,8,train:lambda3:271000009:analytic,analytic,1,0.14604007326445512,1,4,1,"[{""case"":8,""regime"":""lambda3""}]",0.14604007326445512,1,1.0,[],[]
innovation_gru_aux,275000001,train,episode,lambda3,8,train:lambda3:271000009:neural,neural,1,0.10257484017908425,1,5,1,"[{""case"":8,""regime"":""lambda3""}]",0.10257484017908425,1,1.0,[],[]
innovation_gru_aux,275000001,train,episode,lambda4,0,train:lambda4:272000001:analytic,analytic,1,0.0,1,0,0,[],,0,0.0,"[{""case"":0,""regime"":""lambda4""}]","[""train:lambda4:272000001:analytic""]"
innovation_gru_aux,275000001,train,episode,lambda4,0,train:lambda4:272000001:neural,neural,1,0.05541980214967168,1,8,1,"[{""case"":0,""regime"":""lambda4""}]",0.05541980214967168,1,1.0,[],[]
innovation_gru_aux,275000001,train,episode,lambda4,0,train:lambda4:272000001:period4_hold,period4_hold,1,0.03568163275548386,1,4,1,"[{""case"":0,""regime"":""lambda4""}]",0.03568163275548386,1,1.0,[],[]
innovation_gru_aux,275000001,train,episode,lambda4,1,train:lambda4:272000002:neural,neural,1,0.107771025150506,1,5,1,"[{""case"":1,""regime"":""lambda4""}]",0.107771025150506,1,1.0,[],[]
innovation_gru_aux,275000001,train,episode,lambda4,1,train:lambda4:272000002:period4_hold,period4_hold,1,0.07993716164919554,1,546,1,"[{""case"":1,""regime"":""lambda4""}]",0.07993716164919554,1,1.0,[],[]
innovation_gru_aux,275000001,train,episode,lambda4,1,train:lambda4:272000002:analytic,analytic,1,0.07046274891549942,1,4,1,"[{""case"":1,""regime"":""lambda4""}]",0.07046274891549942,1,1.0,[],[]
innovation_gru_aux,275000001,train,episode,lambda4,2,train:lambda4:272000003:period4_hold,period4_hold,1,0.0,1,0,0,[],,0,0.0,"[{""case"":2,""regime"":""lambda4""}]","[""train:lambda4:272000003:period4_hold""]"
innovation_gru_aux,275000001,train,episode,lambda4,2,train:lambda4:272000003:analytic,analytic,1,0.022604943613799833,1,2,1,"[{""case"":2,""regime"":""lambda4""}]",0.022604943613799833,1,1.0,[],[]
innovation_gru_aux,275000001,train,episode,lambda4,2,train:lambda4:272000003:neural,neural,1,0.08786995557023403,1,6,1,"[{""case"":2,""regime"":""lambda4""}]",0.08786995557023403,1,1.0,[],[]
innovation_gru_aux,275000001,train,episode,lambda4,3,train:lambda4:272000004:analytic,analytic,1,0.020385843671920156,1,10,1,"[{""case"":3,""regime"":""lambda4""}]",0.020385843671920156,1,1.0,[],[]
innovation_gru_aux,275000001,train,episode,lambda4,3,train:lambda4:272000004:neural,neural,1,0.044288551488054134,1,11,1,"[{""case"":3,""regime"":""lambda4""}]",0.044288551488054134,1,1.0,[],[]
innovation_gru_aux,275000001,train,episode,lambda4,3,train:lambda4:272000004:period4_hold,period4_hold,1,0.060928022300629436,1,16,1,"[{""case"":3,""regime"":""lambda4""}]",0.060928022300629436,1,1.0,[],[]
innovation_gru_aux,275000001,train,episode,lambda4,4,train:lambda4:272000005:neural,neural,1,0.08313249023160552,1,2,1,"[{""case"":4,""regime"":""lambda4""}]",0.08313249023160552,1,1.0,[],[]
innovation_gru_aux,275000001,train,episode,lambda4,4,train:lambda4:272000005:period4_hold,period4_hold,1,0.03126232792508931,1,546,1,"[{""case"":4,""regime"":""lambda4""}]",0.03126232792508931,1,1.0,[],[]
innovation_gru_aux,275000001,train,episode,lambda4,4,train:lambda4:272000005:analytic,analytic,1,0.10627074428496641,1,4,1,"[{""case"":4,""regime"":""lambda4""}]",0.10627074428496641,1,1.0,[],[]
innovation_gru_aux,275000001,train,episode,lambda4,5,train:lambda4:272000006:period4_hold,period4_hold,1,0.039439518571223534,1,546,1,"[{""case"":5,""regime"":""lambda4""}]",0.039439518571223534,1,1.0,[],[]
innovation_gru_aux,275000001,train,episode,lambda4,5,train:lambda4:272000006:analytic,analytic,1,0.048797391456247396,1,2,1,"[{""case"":5,""regime"":""lambda4""}]",0.048797391456247396,1,1.0,[],[]
innovation_gru_aux,275000001,train,episode,lambda4,5,train:lambda4:272000006:neural,neural,1,0.05392185354918411,1,3,1,"[{""case"":5,""regime"":""lambda4""}]",0.05392185354918411,1,1.0,[],[]
innovation_gru_aux,275000001,train,episode,lambda4,6,train:lambda4:272000007:analytic,analytic,1,0.03235592044424607,1,2,1,"[{""case"":6,""regime"":""lambda4""}]",0.03235592044424607,1,1.0,[],[]
innovation_gru_aux,275000001,train,episode,lambda4,6,train:lambda4:272000007:neural,neural,1,0.09788399787520063,1,5,1,"[{""case"":6,""regime"":""lambda4""}]",0.09788399787520063,1,1.0,[],[]
innovation_gru_aux,275000001,train,episode,lambda4,6,train:lambda4:272000007:period4_hold,period4_hold,1,0.038138805217003705,1,546,1,"[{""case"":6,""regime"":""lambda4""}]",0.038138805217003705,1,1.0,[],[]
innovation_gru_aux,275000001,train,episode,lambda4,7,train:lambda4:272000008:neural,neural,1,0.04126881469736077,1,8,1,"[{""case"":7,""regime"":""lambda4""}]",0.04126881469736077,1,1.0,[],[]
innovation_gru_aux,275000001,train,episode,lambda4,7,train:lambda4:272000008:period4_hold,period4_hold,1,0.020124883236348978,1,1,1,"[{""case"":7,""regime"":""lambda4""}]",0.020124883236348978,1,1.0,[],[]
innovation_gru_aux,275000001,train,episode,lambda4,7,train:lambda4:272000008:analytic,analytic,1,0.10342844136338651,1,9,1,"[{""case"":7,""regime"":""lambda4""}]",0.10342844136338651,1,1.0,[],[]
innovation_gru_aux,275000001,train,episode,lambda4,8,train:lambda4:272000009:period4_hold,period4_hold,1,0.13509598247788782,1,6,1,"[{""case"":8,""regime"":""lambda4""}]",0.13509598247788782,1,1.0,[],[]
innovation_gru_aux,275000001,train,episode,lambda4,8,train:lambda4:272000009:analytic,analytic,1,0.001999469474412763,1,1,1,"[{""case"":8,""regime"":""lambda4""}]",0.001999469474412763,1,1.0,[],[]
innovation_gru_aux,275000001,train,episode,lambda4,8,train:lambda4:272000009:neural,neural,1,0.13837326682882747,1,5,1,"[{""case"":8,""regime"":""lambda4""}]",0.13837326682882747,1,1.0,[],[]
innovation_aux,275000002,train,overall,,,,,18,0.04814423522520819,54,6761,17,"[{""case"":0,""regime"":""lambda3""},{""case"":1,""regime"":""lambda3""},{""case"":2,""regime"":""lambda3""},{""case"":3,""regime"":""lambda3""},{""case"":4,""regime"":""lambda3""},{""case"":5,""regime"":""lambda3""},{""case"":7,""regime"":""lambda3""},{""case"":8,""regime"":""lambda3""},{""case"":0,""regime"":""lambda4""},{""case"":1,""regime"":""lambda4""},{""case"":2,""regime"":""lambda4""},{""case"":3,""regime"":""lambda4""},{""case"":4,""regime"":""lambda4""},{""case"":5,""regime"":""lambda4""},{""case"":6,""regime"":""lambda4""},{""case"":7,""regime"":""lambda4""},{""case"":8,""regime"":""lambda4""}]",0.05531465323747324,47,0.8703703703703703,"[{""case"":6,""regime"":""lambda3""}]","[""train:lambda3:271000003:analytic"",""train:lambda3:271000003:neural"",""train:lambda3:271000007:analytic"",""train:lambda3:271000007:neural"",""train:lambda3:271000007:period4_hold"",""train:lambda4:272000001:analytic"",""train:lambda4:272000003:period4_hold""]"
innovation_aux,275000002,train,regime,lambda3,,,,9,0.04468531710405873,27,4463,8,"[{""case"":0,""regime"":""lambda3""},{""case"":1,""regime"":""lambda3""},{""case"":2,""regime"":""lambda3""},{""case"":3,""regime"":""lambda3""},{""case"":4,""regime"":""lambda3""},{""case"":5,""regime"":""lambda3""},{""case"":7,""regime"":""lambda3""},{""case"":8,""regime"":""lambda3""}]",0.054841070991344804,22,0.8148148148148148,"[{""case"":6,""regime"":""lambda3""}]","[""train:lambda3:271000003:analytic"",""train:lambda3:271000003:neural"",""train:lambda3:271000007:analytic"",""train:lambda3:271000007:neural"",""train:lambda3:271000007:period4_hold""]"
innovation_aux,275000002,train,regime,lambda4,,,,9,0.05160315334635765,27,2298,9,"[{""case"":0,""regime"":""lambda4""},{""case"":1,""regime"":""lambda4""},{""case"":2,""regime"":""lambda4""},{""case"":3,""regime"":""lambda4""},{""case"":4,""regime"":""lambda4""},{""case"":5,""regime"":""lambda4""},{""case"":6,""regime"":""lambda4""},{""case"":7,""regime"":""lambda4""},{""case"":8,""regime"":""lambda4""}]",0.05573140561406627,25,0.9259259259259259,[],"[""train:lambda4:272000001:analytic"",""train:lambda4:272000003:period4_hold""]"
innovation_aux,275000002,train,case,lambda3,0,,,1,0.03686875385540777,3,553,1,"[{""case"":0,""regime"":""lambda3""}]",0.03686875385540777,3,1.0,[],[]
innovation_aux,275000002,train,case,lambda3,1,,,1,0.05469065212664755,3,558,1,"[{""case"":1,""regime"":""lambda3""}]",0.05469065212664755,3,1.0,[],[]
innovation_aux,275000002,train,case,lambda3,2,,,1,0.008989530141811081,3,546,1,"[{""case"":2,""regime"":""lambda3""}]",0.02696859042543324,1,0.3333333333333333,[],"[""train:lambda3:271000003:analytic"",""train:lambda3:271000003:neural""]"
innovation_aux,275000002,train,case,lambda3,3,,,1,0.07992232470512893,3,580,1,"[{""case"":3,""regime"":""lambda3""}]",0.07992232470512893,3,1.0,[],[]
innovation_aux,275000002,train,case,lambda3,4,,,1,0.01554748481725815,3,549,1,"[{""case"":4,""regime"":""lambda3""}]",0.01554748481725815,3,1.0,[],[]
innovation_aux,275000002,train,case,lambda3,5,,,1,0.021727950815473036,3,551,1,"[{""case"":5,""regime"":""lambda3""}]",0.021727950815473036,3,1.0,[],[]
innovation_aux,275000002,train,case,lambda3,6,,,1,0.0,3,0,0,[],,0,0.0,"[{""case"":6,""regime"":""lambda3""}]","[""train:lambda3:271000007:analytic"",""train:lambda3:271000007:neural"",""train:lambda3:271000007:period4_hold""]"
innovation_aux,275000002,train,case,lambda3,7,,,1,0.07513983960116076,3,571,1,"[{""case"":7,""regime"":""lambda3""}]",0.07513983960116076,3,1.0,[],[]
innovation_aux,275000002,train,case,lambda3,8,,,1,0.10928131787364126,3,555,1,"[{""case"":8,""regime"":""lambda3""}]",0.10928131787364126,3,1.0,[],[]
innovation_aux,275000002,train,case,lambda4,0,,,1,0.035975156179056,3,12,1,"[{""case"":0,""regime"":""lambda4""}]",0.053962734268584,2,0.6666666666666666,[],"[""train:lambda4:272000001:analytic""]"
innovation_aux,275000002,train,case,lambda4,1,,,1,0.05356370812826283,3,555,1,"[{""case"":1,""regime"":""lambda4""}]",0.05356370812826283,3,1.0,[],[]
innovation_aux,275000002,train,case,lambda4,2,,,1,0.04694999332920307,3,8,1,"[{""case"":2,""regime"":""lambda4""}]",0.0704249899938046,2,0.6666666666666666,[],"[""train:lambda4:272000003:period4_hold""]"
innovation_aux,275000002,train,case,lambda4,3,,,1,0.033240091794329435,3,37,1,"[{""case"":3,""regime"":""lambda4""}]",0.033240091794329435,3,1.0,[],[]
innovation_aux,275000002,train,case,lambda4,4,,,1,0.04943653184020111,3,552,1,"[{""case"":4,""regime"":""lambda4""}]",0.04943653184020111,3,1.0,[],[]
innovation_aux,275000002,train,case,lambda4,5,,,1,0.042786017100210905,3,551,1,"[{""case"":5,""regime"":""lambda4""}]",0.042786017100210905,3,1.0,[],[]
innovation_aux,275000002,train,case,lambda4,6,,,1,0.052870344655410594,3,553,1,"[{""case"":6,""regime"":""lambda4""}]",0.052870344655410594,3,1.0,[],[]
innovation_aux,275000002,train,case,lambda4,7,,,1,0.0492359673283147,3,18,1,"[{""case"":7,""regime"":""lambda4""}]",0.0492359673283147,3,1.0,[],[]
innovation_aux,275000002,train,case,lambda4,8,,,1,0.1003705697622302,3,12,1,"[{""case"":8,""regime"":""lambda4""}]",0.1003705697622302,3,1.0,[],[]
innovation_aux,275000002,train,episode,lambda3,0,train:lambda3:271000001:analytic,analytic,1,0.02289214028303377,1,2,1,"[{""case"":0,""regime"":""lambda3""}]",0.02289214028303377,1,1.0,[],[]
innovation_aux,275000002,train,episode,lambda3,0,train:lambda3:271000001:neural,neural,1,0.06437459061965853,1,5,1,"[{""case"":0,""regime"":""lambda3""}]",0.06437459061965853,1,1.0,[],[]
innovation_aux,275000002,train,episode,lambda3,0,train:lambda3:271000001:period4_hold,period4_hold,1,0.023339530663531012,1,546,1,"[{""case"":0,""regime"":""lambda3""}]",0.023339530663531012,1,1.0,[],[]
innovation_aux,275000002,train,episode,lambda3,1,train:lambda3:271000002:neural,neural,1,0.041744561203563534,1,5,1,"[{""case"":1,""regime"":""lambda3""}]",0.041744561203563534,1,1.0,[],[]
innovation_aux,275000002,train,episode,lambda3,1,train:lambda3:271000002:period4_hold,period4_hold,1,0.049705211758447006,1,546,1,"[{""case"":1,""regime"":""lambda3""}]",0.049705211758447006,1,1.0,[],[]
innovation_aux,275000002,train,episode,lambda3,1,train:lambda3:271000002:analytic,analytic,1,0.07262218341793211,1,7,1,"[{""case"":1,""regime"":""lambda3""}]",0.07262218341793211,1,1.0,[],[]
innovation_aux,275000002,train,episode,lambda3,2,train:lambda3:271000003:period4_hold,period4_hold,1,0.02696859042543324,1,546,1,"[{""case"":2,""regime"":""lambda3""}]",0.02696859042543324,1,1.0,[],[]
innovation_aux,275000002,train,episode,lambda3,2,train:lambda3:271000003:analytic,analytic,1,0.0,1,0,0,[],,0,0.0,"[{""case"":2,""regime"":""lambda3""}]","[""train:lambda3:271000003:analytic""]"
innovation_aux,275000002,train,episode,lambda3,2,train:lambda3:271000003:neural,neural,1,0.0,1,0,0,[],,0,0.0,"[{""case"":2,""regime"":""lambda3""}]","[""train:lambda3:271000003:neural""]"
innovation_aux,275000002,train,episode,lambda3,3,train:lambda3:271000004:analytic,analytic,1,0.08308737676851319,1,16,1,"[{""case"":3,""regime"":""lambda3""}]",0.08308737676851319,1,1.0,[],[]
innovation_aux,275000002,train,episode,lambda3,3,train:lambda3:271000004:neural,neural,1,0.11857759977265342,1,18,1,"[{""case"":3,""regime"":""lambda3""}]",0.11857759977265342,1,1.0,[],[]
innovation_aux,275000002,train,episode,lambda3,3,train:lambda3:271000004:period4_hold,period4_hold,1,0.03810199757422019,1,546,1,"[{""case"":3,""regime"":""lambda3""}]",0.03810199757422019,1,1.0,[],[]
innovation_aux,275000002,train,episode,lambda3,4,train:lambda3:271000005:neural,neural,1,0.005651283832264653,1,2,1,"[{""case"":4,""regime"":""lambda3""}]",0.005651283832264653,1,1.0,[],[]
innovation_aux,275000002,train,episode,lambda3,4,train:lambda3:271000005:period4_hold,period4_hold,1,0.030579289205992125,1,546,1,"[{""case"":4,""regime"":""lambda3""}]",0.030579289205992125,1,1.0,[],[]
innovation_aux,275000002,train,episode,lambda3,4,train:lambda3:271000005:analytic,analytic,1,0.010411881413517676,1,1,1,"[{""case"":4,""regime"":""lambda3""}]",0.010411881413517676,1,1.0,[],[]
innovation_aux,275000002,train,episode,lambda3,5,train:lambda3:271000006:period4_hold,period4_hold,1,0.025862131748160246,1,546,1,"[{""case"":5,""regime"":""lambda3""}]",0.025862131748160246,1,1.0,[],[]
innovation_aux,275000002,train,episode,lambda3,5,train:lambda3:271000006:analytic,analytic,1,0.005379534994403912,1,2,1,"[{""case"":5,""regime"":""lambda3""}]",0.005379534994403912,1,1.0,[],[]
innovation_aux,275000002,train,episode,lambda3,5,train:lambda3:271000006:neural,neural,1,0.03394218570385495,1,3,1,"[{""case"":5,""regime"":""lambda3""}]",0.03394218570385495,1,1.0,[],[]
innovation_aux,275000002,train,episode,lambda3,6,train:lambda3:271000007:analytic,analytic,1,0.0,1,0,0,[],,0,0.0,"[{""case"":6,""regime"":""lambda3""}]","[""train:lambda3:271000007:analytic""]"
innovation_aux,275000002,train,episode,lambda3,6,train:lambda3:271000007:neural,neural,1,0.0,1,0,0,[],,0,0.0,"[{""case"":6,""regime"":""lambda3""}]","[""train:lambda3:271000007:neural""]"
innovation_aux,275000002,train,episode,lambda3,6,train:lambda3:271000007:period4_hold,period4_hold,1,0.0,1,0,0,[],,0,0.0,"[{""case"":6,""regime"":""lambda3""}]","[""train:lambda3:271000007:period4_hold""]"
innovation_aux,275000002,train,episode,lambda3,7,train:lambda3:271000008:neural,neural,1,0.11367112595501812,1,13,1,"[{""case"":7,""regime"":""lambda3""}]",0.11367112595501812,1,1.0,[],[]
innovation_aux,275000002,train,episode,lambda3,7,train:lambda3:271000008:period4_hold,period4_hold,1,0.026144221449702913,1,546,1,"[{""case"":7,""regime"":""lambda3""}]",0.026144221449702913,1,1.0,[],[]
innovation_aux,275000002,train,episode,lambda3,7,train:lambda3:271000008:analytic,analytic,1,0.08560417139876127,1,12,1,"[{""case"":7,""regime"":""lambda3""}]",0.08560417139876127,1,1.0,[],[]
innovation_aux,275000002,train,episode,lambda3,8,train:lambda3:271000009:period4_hold,period4_hold,1,0.025894928064542137,1,546,1,"[{""case"":8,""regime"":""lambda3""}]",0.025894928064542137,1,1.0,[],[]
innovation_aux,275000002,train,episode,lambda3,8,train:lambda3:271000009:analytic,analytic,1,0.1497576599414394,1,4,1,"[{""case"":8,""regime"":""lambda3""}]",0.1497576599414394,1,1.0,[],[]
innovation_aux,275000002,train,episode,lambda3,8,train:lambda3:271000009:neural,neural,1,0.15219136561494223,1,5,1,"[{""case"":8,""regime"":""lambda3""}]",0.15219136561494223,1,1.0,[],[]
innovation_aux,275000002,train,episode,lambda4,0,train:lambda4:272000001:analytic,analytic,1,0.0,1,0,0,[],,0,0.0,"[{""case"":0,""regime"":""lambda4""}]","[""train:lambda4:272000001:analytic""]"
innovation_aux,275000002,train,episode,lambda4,0,train:lambda4:272000001:neural,neural,1,0.07603926236053127,1,8,1,"[{""case"":0,""regime"":""lambda4""}]",0.07603926236053127,1,1.0,[],[]
innovation_aux,275000002,train,episode,lambda4,0,train:lambda4:272000001:period4_hold,period4_hold,1,0.03188620617663673,1,4,1,"[{""case"":0,""regime"":""lambda4""}]",0.03188620617663673,1,1.0,[],[]
innovation_aux,275000002,train,episode,lambda4,1,train:lambda4:272000002:neural,neural,1,0.0908847416139416,1,5,1,"[{""case"":1,""regime"":""lambda4""}]",0.0908847416139416,1,1.0,[],[]
innovation_aux,275000002,train,episode,lambda4,1,train:lambda4:272000002:period4_hold,period4_hold,1,0.027401361879573705,1,546,1,"[{""case"":1,""regime"":""lambda4""}]",0.027401361879573705,1,1.0,[],[]
innovation_aux,275000002,train,episode,lambda4,1,train:lambda4:272000002:analytic,analytic,1,0.04240502089127318,1,4,1,"[{""case"":1,""regime"":""lambda4""}]",0.04240502089127318,1,1.0,[],[]
innovation_aux,275000002,train,episode,lambda4,2,train:lambda4:272000003:period4_hold,period4_hold,1,0.0,1,0,0,[],,0,0.0,"[{""case"":2,""regime"":""lambda4""}]","[""train:lambda4:272000003:period4_hold""]"
innovation_aux,275000002,train,episode,lambda4,2,train:lambda4:272000003:analytic,analytic,1,0.007508147936164278,1,2,1,"[{""case"":2,""regime"":""lambda4""}]",0.007508147936164278,1,1.0,[],[]
innovation_aux,275000002,train,episode,lambda4,2,train:lambda4:272000003:neural,neural,1,0.13334183205144493,1,6,1,"[{""case"":2,""regime"":""lambda4""}]",0.13334183205144493,1,1.0,[],[]
innovation_aux,275000002,train,episode,lambda4,3,train:lambda4:272000004:analytic,analytic,1,0.017758330660581124,1,10,1,"[{""case"":3,""regime"":""lambda4""}]",0.017758330660581124,1,1.0,[],[]
innovation_aux,275000002,train,episode,lambda4,3,train:lambda4:272000004:neural,neural,1,0.03297303484610707,1,11,1,"[{""case"":3,""regime"":""lambda4""}]",0.03297303484610707,1,1.0,[],[]
innovation_aux,275000002,train,episode,lambda4,3,train:lambda4:272000004:period4_hold,period4_hold,1,0.04898890987630011,1,16,1,"[{""case"":3,""regime"":""lambda4""}]",0.04898890987630011,1,1.0,[],[]
innovation_aux,275000002,train,episode,lambda4,4,train:lambda4:272000005:neural,neural,1,0.026283591476953916,1,2,1,"[{""case"":4,""regime"":""lambda4""}]",0.026283591476953916,1,1.0,[],[]
innovation_aux,275000002,train,episode,lambda4,4,train:lambda4:272000005:period4_hold,period4_hold,1,0.022027297811539035,1,546,1,"[{""case"":4,""regime"":""lambda4""}]",0.022027297811539035,1,1.0,[],[]
innovation_aux,275000002,train,episode,lambda4,4,train:lambda4:272000005:analytic,analytic,1,0.09999870623211038,1,4,1,"[{""case"":4,""regime"":""lambda4""}]",0.09999870623211038,1,1.0,[],[]
innovation_aux,275000002,train,episode,lambda4,5,train:lambda4:272000006:period4_hold,period4_hold,1,0.04460509514069166,1,546,1,"[{""case"":5,""regime"":""lambda4""}]",0.04460509514069166,1,1.0,[],[]
innovation_aux,275000002,train,episode,lambda4,5,train:lambda4:272000006:analytic,analytic,1,0.009028913300682007,1,2,1,"[{""case"":5,""regime"":""lambda4""}]",0.009028913300682007,1,1.0,[],[]
innovation_aux,275000002,train,episode,lambda4,5,train:lambda4:272000006:neural,neural,1,0.07472404285925904,1,3,1,"[{""case"":5,""regime"":""lambda4""}]",0.07472404285925904,1,1.0,[],[]
innovation_aux,275000002,train,episode,lambda4,6,train:lambda4:272000007:analytic,analytic,1,0.008193139822367357,1,2,1,"[{""case"":6,""regime"":""lambda4""}]",0.008193139822367357,1,1.0,[],[]
innovation_aux,275000002,train,episode,lambda4,6,train:lambda4:272000007:neural,neural,1,0.10284944383139419,1,5,1,"[{""case"":6,""regime"":""lambda4""}]",0.10284944383139419,1,1.0,[],[]
innovation_aux,275000002,train,episode,lambda4,6,train:lambda4:272000007:period4_hold,period4_hold,1,0.047568450312470215,1,546,1,"[{""case"":6,""regime"":""lambda4""}]",0.047568450312470215,1,1.0,[],[]
innovation_aux,275000002,train,episode,lambda4,7,train:lambda4:272000008:neural,neural,1,0.03141244863118686,1,8,1,"[{""case"":7,""regime"":""lambda4""}]",0.03141244863118686,1,1.0,[],[]
innovation_aux,275000002,train,episode,lambda4,7,train:lambda4:272000008:period4_hold,period4_hold,1,0.019054534780252652,1,1,1,"[{""case"":7,""regime"":""lambda4""}]",0.019054534780252652,1,1.0,[],[]
innovation_aux,275000002,train,episode,lambda4,7,train:lambda4:272000008:analytic,analytic,1,0.09724091857350459,1,9,1,"[{""case"":7,""regime"":""lambda4""}]",0.09724091857350459,1,1.0,[],[]
innovation_aux,275000002,train,episode,lambda4,8,train:lambda4:272000009:period4_hold,period4_hold,1,0.16866020927660466,1,6,1,"[{""case"":8,""regime"":""lambda4""}]",0.16866020927660466,1,1.0,[],[]
innovation_aux,275000002,train,episode,lambda4,8,train:lambda4:272000009:analytic,analytic,1,0.00993598294462572,1,1,1,"[{""case"":8,""regime"":""lambda4""}]",0.00993598294462572,1,1.0,[],[]
innovation_aux,275000002,train,episode,lambda4,8,train:lambda4:272000009:neural,neural,1,0.12251551706546024,1,5,1,"[{""case"":8,""regime"":""lambda4""}]",0.12251551706546024,1,1.0,[],[]
innovation_mse,275000002,train,overall,,,,,18,0.12758150836188178,54,6761,17,"[{""case"":0,""regime"":""lambda3""},{""case"":1,""regime"":""lambda3""},{""case"":2,""regime"":""lambda3""},{""case"":3,""regime"":""lambda3""},{""case"":4,""regime"":""lambda3""},{""case"":5,""regime"":""lambda3""},{""case"":7,""regime"":""lambda3""},{""case"":8,""regime"":""lambda3""},{""case"":0,""regime"":""lambda4""},{""case"":1,""regime"":""lambda4""},{""case"":2,""regime"":""lambda4""},{""case"":3,""regime"":""lambda4""},{""case"":4,""regime"":""lambda4""},{""case"":5,""regime"":""lambda4""},{""case"":6,""regime"":""lambda4""},{""case"":7,""regime"":""lambda4""},{""case"":8,""regime"":""lambda4""}]",0.14658300960726844,47,0.8703703703703703,"[{""case"":6,""regime"":""lambda3""}]","[""train:lambda3:271000003:analytic"",""train:lambda3:271000003:neural"",""train:lambda3:271000007:analytic"",""train:lambda3:271000007:neural"",""train:lambda3:271000007:period4_hold"",""train:lambda4:272000001:analytic"",""train:lambda4:272000003:period4_hold""]"
innovation_mse,275000002,train,regime,lambda3,,,,9,0.12652448646472217,27,4463,8,"[{""case"":0,""regime"":""lambda3""},{""case"":1,""regime"":""lambda3""},{""case"":2,""regime"":""lambda3""},{""case"":3,""regime"":""lambda3""},{""case"":4,""regime"":""lambda3""},{""case"":5,""regime"":""lambda3""},{""case"":7,""regime"":""lambda3""},{""case"":8,""regime"":""lambda3""}]",0.15528005157034086,22,0.8148148148148148,"[{""case"":6,""regime"":""lambda3""}]","[""train:lambda3:271000003:analytic"",""train:lambda3:271000003:neural"",""train:lambda3:271000007:analytic"",""train:lambda3:271000007:neural"",""train:lambda3:271000007:period4_hold""]"
innovation_mse,275000002,train,regime,lambda4,,,,9,0.1286385302590414,27,2298,9,"[{""case"":0,""regime"":""lambda4""},{""case"":1,""regime"":""lambda4""},{""case"":2,""regime"":""lambda4""},{""case"":3,""regime"":""lambda4""},{""case"":4,""regime"":""lambda4""},{""case"":5,""regime"":""lambda4""},{""case"":6,""regime"":""lambda4""},{""case"":7,""regime"":""lambda4""},{""case"":8,""regime"":""lambda4""}]",0.1389296126797647,25,0.9259259259259259,[],"[""train:lambda4:272000001:analytic"",""train:lambda4:272000003:period4_hold""]"
innovation_mse,275000002,train,case,lambda3,0,,,1,0.11215913461969801,3,553,1,"[{""case"":0,""regime"":""lambda3""}]",0.11215913461969801,3,1.0,[],[]
innovation_mse,275000002,train,case,lambda3,1,,,1,0.12117841312778976,3,558,1,"[{""case"":1,""regime"":""lambda3""}]",0.12117841312778976,3,1.0,[],[]
innovation_mse,275000002,train,case,lambda3,2,,,1,0.03175088185865485,3,546,1,"[{""case"":2,""regime"":""lambda3""}]",0.09525264557596455,1,0.3333333333333333,[],"[""train:lambda3:271000003:analytic"",""train:lambda3:271000003:neural""]"
innovation_mse,275000002,train,case,lambda3,3,,,1,0.19840299917589646,3,580,1,"[{""case"":3,""regime"":""lambda3""}]",0.19840299917589646,3,1.0,[],[]
innovation_mse,275000002,train,case,lambda3,4,,,1,0.07343217777007577,3,549,1,"[{""case"":4,""regime"":""lambda3""}]",0.07343217777007577,3,1.0,[],[]
innovation_mse,275000002,train,case,lambda3,5,,,1,0.09228293420144824,3,551,1,"[{""case"":5,""regime"":""lambda3""}]",0.09228293420144824,3,1.0,[],[]
innovation_mse,275000002,train,case,lambda3,6,,,1,0.0,3,0,0,[],,0,0.0,"[{""case"":6,""regime"":""lambda3""}]","[""train:lambda3:271000007:analytic"",""train:lambda3:271000007:neural"",""train:lambda3:271000007:period4_hold""]"
innovation_mse,275000002,train,case,lambda3,7,,,1,0.166635524325304,3,571,1,"[{""case"":7,""regime"":""lambda3""}]",0.166635524325304,3,1.0,[],[]
innovation_mse,275000002,train,case,lambda3,8,,,1,0.34287831310363254,3,555,1,"[{""case"":8,""regime"":""lambda3""}]",0.34287831310363254,3,1.0,[],[]
innovation_mse,275000002,train,case,lambda4,0,,,1,0.08108583493906707,3,12,1,"[{""case"":0,""regime"":""lambda4""}]",0.1216287524086006,2,0.6666666666666666,[],"[""train:lambda4:272000001:analytic""]"
innovation_mse,275000002,train,case,lambda4,1,,,1,0.13035916210231613,3,555,1,"[{""case"":1,""regime"":""lambda4""}]",0.13035916210231613,3,1.0,[],[]
innovation_mse,275000002,train,case,lambda4,2,,,1,0.08919638409514856,3,8,1,"[{""case"":2,""regime"":""lambda4""}]",0.13379457614272283,2,0.6666666666666666,[],"[""train:lambda4:272000003:period4_hold""]"
innovation_mse,275000002,train,case,lambda4,3,,,1,0.05847619480838582,3,37,1,"[{""case"":3,""regime"":""lambda4""}]",0.05847619480838582,3,1.0,[],[]
innovation_mse,275000002,train,case,lambda4,4,,,1,0.14568622402035436,3,552,1,"[{""case"":4,""regime"":""lambda4""}]",0.14568622402035436,3,1.0,[],[]
innovation_mse,275000002,train,case,lambda4,5,,,1,0.1755150195423962,3,551,1,"[{""case"":5,""regime"":""lambda4""}]",0.1755150195423962,3,1.0,[],[]
innovation_mse,275000002,train,case,lambda4,6,,,1,0.16260681854804512,3,553,1,"[{""case"":6,""regime"":""lambda4""}]",0.16260681854804512,3,1.0,[],[]
innovation_mse,275000002,train,case,lambda4,7,,,1,0.07740964031841747,3,18,1,"[{""case"":7,""regime"":""lambda4""}]",0.07740964031841747,3,1.0,[],[]
innovation_mse,275000002,train,case,lambda4,8,,,1,0.2374114939572419,3,12,1,"[{""case"":8,""regime"":""lambda4""}]",0.2374114939572419,3,1.0,[],[]
innovation_mse,275000002,train,episode,lambda3,0,train:lambda3:271000001:analytic,analytic,1,0.14440006077208523,1,2,1,"[{""case"":0,""regime"":""lambda3""}]",0.14440006077208523,1,1.0,[],[]
innovation_mse,275000002,train,episode,lambda3,0,train:lambda3:271000001:neural,neural,1,0.08618341544817838,1,5,1,"[{""case"":0,""regime"":""lambda3""}]",0.08618341544817838,1,1.0,[],[]
innovation_mse,275000002,train,episode,lambda3,0,train:lambda3:271000001:period4_hold,period4_hold,1,0.10589392763883043,1,546,1,"[{""case"":0,""regime"":""lambda3""}]",0.10589392763883043,1,1.0,[],[]
innovation_mse,275000002,train,episode,lambda3,1,train:lambda3:271000002:neural,neural,1,0.09695220998430613,1,5,1,"[{""case"":1,""regime"":""lambda3""}]",0.09695220998430613,1,1.0,[],[]
innovation_mse,275000002,train,episode,lambda3,1,train:lambda3:271000002:period4_hold,period4_hold,1,0.11867484611382244,1,546,1,"[{""case"":1,""regime"":""lambda3""}]",0.11867484611382244,1,1.0,[],[]
innovation_mse,275000002,train,episode,lambda3,1,train:lambda3:271000002:analytic,analytic,1,0.14790818328524072,1,7,1,"[{""case"":1,""regime"":""lambda3""}]",0.14790818328524072,1,1.0,[],[]
innovation_mse,275000002,train,episode,lambda3,2,train:lambda3:271000003:period4_hold,period4_hold,1,0.09525264557596455,1,546,1,"[{""case"":2,""regime"":""lambda3""}]",0.09525264557596455,1,1.0,[],[]
innovation_mse,275000002,train,episode,lambda3,2,train:lambda3:271000003:analytic,analytic,1,0.0,1,0,0,[],,0,0.0,"[{""case"":2,""regime"":""lambda3""}]","[""train:lambda3:271000003:analytic""]"
innovation_mse,275000002,train,episode,lambda3,2,train:lambda3:271000003:neural,neural,1,0.0,1,0,0,[],,0,0.0,"[{""case"":2,""regime"":""lambda3""}]","[""train:lambda3:271000003:neural""]"
innovation_mse,275000002,train,episode,lambda3,3,train:lambda3:271000004:analytic,analytic,1,0.13667676800096995,1,16,1,"[{""case"":3,""regime"":""lambda3""}]",0.13667676800096995,1,1.0,[],[]
innovation_mse,275000002,train,episode,lambda3,3,train:lambda3:271000004:neural,neural,1,0.17328736846239126,1,18,1,"[{""case"":3,""regime"":""lambda3""}]",0.17328736846239126,1,1.0,[],[]
innovation_mse,275000002,train,episode,lambda3,3,train:lambda3:271000004:period4_hold,period4_hold,1,0.28524486106432817,1,546,1,"[{""case"":3,""regime"":""lambda3""}]",0.28524486106432817,1,1.0,[],[]
innovation_mse,275000002,train,episode,lambda3,4,train:lambda3:271000005:neural,neural,1,0.06742083028751722,1,2,1,"[{""case"":4,""regime"":""lambda3""}]",0.06742083028751722,1,1.0,[],[]
innovation_mse,275000002,train,episode,lambda3,4,train:lambda3:271000005:period4_hold,period4_hold,1,0.06832372521486178,1,546,1,"[{""case"":4,""regime"":""lambda3""}]",0.06832372521486178,1,1.0,[],[]
innovation_mse,275000002,train,episode,lambda3,4,train:lambda3:271000005:analytic,analytic,1,0.08455197780784829,1,1,1,"[{""case"":4,""regime"":""lambda3""}]",0.08455197780784829,1,1.0,[],[]
innovation_mse,275000002,train,episode,lambda3,5,train:lambda3:271000006:period4_hold,period4_hold,1,0.08322115068248197,1,546,1,"[{""case"":5,""regime"":""lambda3""}]",0.08322115068248197,1,1.0,[],[]
innovation_mse,275000002,train,episode,lambda3,5,train:lambda3:271000006:analytic,analytic,1,0.04921781701196437,1,2,1,"[{""case"":5,""regime"":""lambda3""}]",0.04921781701196437,1,1.0,[],[]
innovation_mse,275000002,train,episode,lambda3,5,train:lambda3:271000006:neural,neural,1,0.14440983490989842,1,3,1,"[{""case"":5,""regime"":""lambda3""}]",0.14440983490989842,1,1.0,[],[]
innovation_mse,275000002,train,episode,lambda3,6,train:lambda3:271000007:analytic,analytic,1,0.0,1,0,0,[],,0,0.0,"[{""case"":6,""regime"":""lambda3""}]","[""train:lambda3:271000007:analytic""]"
innovation_mse,275000002,train,episode,lambda3,6,train:lambda3:271000007:neural,neural,1,0.0,1,0,0,[],,0,0.0,"[{""case"":6,""regime"":""lambda3""}]","[""train:lambda3:271000007:neural""]"
innovation_mse,275000002,train,episode,lambda3,6,train:lambda3:271000007:period4_hold,period4_hold,1,0.0,1,0,0,[],,0,0.0,"[{""case"":6,""regime"":""lambda3""}]","[""train:lambda3:271000007:period4_hold""]"
innovation_mse,275000002,train,episode,lambda3,7,train:lambda3:271000008:neural,neural,1,0.2023641585375388,1,13,1,"[{""case"":7,""regime"":""lambda3""}]",0.2023641585375388,1,1.0,[],[]
innovation_mse,275000002,train,episode,lambda3,7,train:lambda3:271000008:period4_hold,period4_hold,1,0.17818713876725234,1,546,1,"[{""case"":7,""regime"":""lambda3""}]",0.17818713876725234,1,1.0,[],[]
innovation_mse,275000002,train,episode,lambda3,7,train:lambda3:271000008:analytic,analytic,1,0.11935527567112085,1,12,1,"[{""case"":7,""regime"":""lambda3""}]",0.11935527567112085,1,1.0,[],[]
innovation_mse,275000002,train,episode,lambda3,8,train:lambda3:271000009:period4_hold,period4_hold,1,0.1320424552648758,1,546,1,"[{""case"":8,""regime"":""lambda3""}]",0.1320424552648758,1,1.0,[],[]
innovation_mse,275000002,train,episode,lambda3,8,train:lambda3:271000009:analytic,analytic,1,0.3325277556351587,1,4,1,"[{""case"":8,""regime"":""lambda3""}]",0.3325277556351587,1,1.0,[],[]
innovation_mse,275000002,train,episode,lambda3,8,train:lambda3:271000009:neural,neural,1,0.5640647284108631,1,5,1,"[{""case"":8,""regime"":""lambda3""}]",0.5640647284108631,1,1.0,[],[]
innovation_mse,275000002,train,episode,lambda4,0,train:lambda4:272000001:analytic,analytic,1,0.0,1,0,0,[],,0,0.0,"[{""case"":0,""regime"":""lambda4""}]","[""train:lambda4:272000001:analytic""]"
innovation_mse,275000002,train,episode,lambda4,0,train:lambda4:272000001:neural,neural,1,0.12313872706287299,1,8,1,"[{""case"":0,""regime"":""lambda4""}]",0.12313872706287299,1,1.0,[],[]
innovation_mse,275000002,train,episode,lambda4,0,train:lambda4:272000001:period4_hold,period4_hold,1,0.12011877775432822,1,4,1,"[{""case"":0,""regime"":""lambda4""}]",0.12011877775432822,1,1.0,[],[]
innovation_mse,275000002,train,episode,lambda4,1,train:lambda4:272000002:neural,neural,1,0.14993739194047961,1,5,1,"[{""case"":1,""regime"":""lambda4""}]",0.14993739194047961,1,1.0,[],[]
innovation_mse,275000002,train,episode,lambda4,1,train:lambda4:272000002:period4_hold,period4_hold,1,0.1416110600485332,1,546,1,"[{""case"":1,""regime"":""lambda4""}]",0.1416110600485332,1,1.0,[],[]
innovation_mse,275000002,train,episode,lambda4,1,train:lambda4:272000002:analytic,analytic,1,0.09952903431793558,1,4,1,"[{""case"":1,""regime"":""lambda4""}]",0.09952903431793558,1,1.0,[],[]
innovation_mse,275000002,train,episode,lambda4,2,train:lambda4:272000003:period4_hold,period4_hold,1,0.0,1,0,0,[],,0,0.0,"[{""case"":2,""regime"":""lambda4""}]","[""train:lambda4:272000003:period4_hold""]"
innovation_mse,275000002,train,episode,lambda4,2,train:lambda4:272000003:analytic,analytic,1,0.016371700021835522,1,2,1,"[{""case"":2,""regime"":""lambda4""}]",0.016371700021835522,1,1.0,[],[]
innovation_mse,275000002,train,episode,lambda4,2,train:lambda4:272000003:neural,neural,1,0.25121745226361014,1,6,1,"[{""case"":2,""regime"":""lambda4""}]",0.25121745226361014,1,1.0,[],[]
innovation_mse,275000002,train,episode,lambda4,3,train:lambda4:272000004:analytic,analytic,1,0.0395606589986528,1,10,1,"[{""case"":3,""regime"":""lambda4""}]",0.0395606589986528,1,1.0,[],[]
innovation_mse,275000002,train,episode,lambda4,3,train:lambda4:272000004:neural,neural,1,0.059205297194916344,1,11,1,"[{""case"":3,""regime"":""lambda4""}]",0.059205297194916344,1,1.0,[],[]
innovation_mse,275000002,train,episode,lambda4,3,train:lambda4:272000004:period4_hold,period4_hold,1,0.07666262823158831,1,16,1,"[{""case"":3,""regime"":""lambda4""}]",0.07666262823158831,1,1.0,[],[]
innovation_mse,275000002,train,episode,lambda4,4,train:lambda4:272000005:neural,neural,1,0.019234448644169788,1,2,1,"[{""case"":4,""regime"":""lambda4""}]",0.019234448644169788,1,1.0,[],[]
innovation_mse,275000002,train,episode,lambda4,4,train:lambda4:272000005:period4_hold,period4_hold,1,0.10110054946872171,1,546,1,"[{""case"":4,""regime"":""lambda4""}]",0.10110054946872171,1,1.0,[],[]
innovation_mse,275000002,train,episode,lambda4,4,train:lambda4:272000005:analytic,analytic,1,0.3167236739481716,1,4,1,"[{""case"":4,""regime"":""lambda4""}]",0.3167236739481716,1,1.0,[],[]
innovation_mse,275000002,train,episode,lambda4,5,train:lambda4:272000006:period4_hold,period4_hold,1,0.2012144226755632,1,546,1,"[{""case"":5,""regime"":""lambda4""}]",0.2012144226755632,1,1.0,[],[]
innovation_mse,275000002,train,episode,lambda4,5,train:lambda4:272000006:analytic,analytic,1,0.08078469941315802,1,2,1,"[{""case"":5,""regime"":""lambda4""}]",0.08078469941315802,1,1.0,[],[]
innovation_mse,275000002,train,episode,lambda4,5,train:lambda4:272000006:neural,neural,1,0.24454593653846737,1,3,1,"[{""case"":5,""regime"":""lambda4""}]",0.24454593653846737,1,1.0,[],[]
innovation_mse,275000002,train,episode,lambda4,6,train:lambda4:272000007:analytic,analytic,1,0.09384088755399489,1,2,1,"[{""case"":6,""regime"":""lambda4""}]",0.09384088755399489,1,1.0,[],[]
innovation_mse,275000002,train,episode,lambda4,6,train:lambda4:272000007:neural,neural,1,0.23820413310578487,1,5,1,"[{""case"":6,""regime"":""lambda4""}]",0.23820413310578487,1,1.0,[],[]
innovation_mse,275000002,train,episode,lambda4,6,train:lambda4:272000007:period4_hold,period4_hold,1,0.15577543498435556,1,546,1,"[{""case"":6,""regime"":""lambda4""}]",0.15577543498435556,1,1.0,[],[]
innovation_mse,275000002,train,episode,lambda4,7,train:lambda4:272000008:neural,neural,1,0.060139564949338364,1,8,1,"[{""case"":7,""regime"":""lambda4""}]",0.060139564949338364,1,1.0,[],[]
innovation_mse,275000002,train,episode,lambda4,7,train:lambda4:272000008:period4_hold,period4_hold,1,0.01875741858270885,1,1,1,"[{""case"":7,""regime"":""lambda4""}]",0.01875741858270885,1,1.0,[],[]
innovation_mse,275000002,train,episode,lambda4,7,train:lambda4:272000008:analytic,analytic,1,0.1533319374232052,1,9,1,"[{""case"":7,""regime"":""lambda4""}]",0.1533319374232052,1,1.0,[],[]
innovation_mse,275000002,train,episode,lambda4,8,train:lambda4:272000009:period4_hold,period4_hold,1,0.2709707150125856,1,6,1,"[{""case"":8,""regime"":""lambda4""}]",0.2709707150125856,1,1.0,[],[]
innovation_mse,275000002,train,episode,lambda4,8,train:lambda4:272000009:analytic,analytic,1,0.07765162885033305,1,1,1,"[{""case"":8,""regime"":""lambda4""}]",0.07765162885033305,1,1.0,[],[]
innovation_mse,275000002,train,episode,lambda4,8,train:lambda4:272000009:neural,neural,1,0.36361213800880704,1,5,1,"[{""case"":8,""regime"":""lambda4""}]",0.36361213800880704,1,1.0,[],[]
innovation_gru_mse,275000002,train,overall,,,,,18,0.09850734326533418,54,6761,17,"[{""case"":0,""regime"":""lambda3""},{""case"":1,""regime"":""lambda3""},{""case"":2,""regime"":""lambda3""},{""case"":3,""regime"":""lambda3""},{""case"":4,""regime"":""lambda3""},{""case"":5,""regime"":""lambda3""},{""case"":7,""regime"":""lambda3""},{""case"":8,""regime"":""lambda3""},{""case"":0,""regime"":""lambda4""},{""case"":1,""regime"":""lambda4""},{""case"":2,""regime"":""lambda4""},{""case"":3,""regime"":""lambda4""},{""case"":4,""regime"":""lambda4""},{""case"":5,""regime"":""lambda4""},{""case"":6,""regime"":""lambda4""},{""case"":7,""regime"":""lambda4""},{""case"":8,""regime"":""lambda4""}]",0.11317864970910736,47,0.8703703703703703,"[{""case"":6,""regime"":""lambda3""}]","[""train:lambda3:271000003:analytic"",""train:lambda3:271000003:neural"",""train:lambda3:271000007:analytic"",""train:lambda3:271000007:neural"",""train:lambda3:271000007:period4_hold"",""train:lambda4:272000001:analytic"",""train:lambda4:272000003:period4_hold""]"
innovation_gru_mse,275000002,train,regime,lambda3,,,,9,0.09266418352748344,27,4463,8,"[{""case"":0,""regime"":""lambda3""},{""case"":1,""regime"":""lambda3""},{""case"":2,""regime"":""lambda3""},{""case"":3,""regime"":""lambda3""},{""case"":4,""regime"":""lambda3""},{""case"":5,""regime"":""lambda3""},{""case"":7,""regime"":""lambda3""},{""case"":8,""regime"":""lambda3""}]",0.11372422523827513,22,0.8148148148148148,"[{""case"":6,""regime"":""lambda3""}]","[""train:lambda3:271000003:analytic"",""train:lambda3:271000003:neural"",""train:lambda3:271000007:analytic"",""train:lambda3:271000007:neural"",""train:lambda3:271000007:period4_hold""]"
innovation_gru_mse,275000002,train,regime,lambda4,,,,9,0.10435050300318494,27,2298,9,"[{""case"":0,""regime"":""lambda4""},{""case"":1,""regime"":""lambda4""},{""case"":2,""regime"":""lambda4""},{""case"":3,""regime"":""lambda4""},{""case"":4,""regime"":""lambda4""},{""case"":5,""regime"":""lambda4""},{""case"":6,""regime"":""lambda4""},{""case"":7,""regime"":""lambda4""},{""case"":8,""regime"":""lambda4""}]",0.11269854324343972,25,0.9259259259259259,[],"[""train:lambda4:272000001:analytic"",""train:lambda4:272000003:period4_hold""]"
innovation_gru_mse,275000002,train,case,lambda3,0,,,1,0.07302357796778962,3,553,1,"[{""case"":0,""regime"":""lambda3""}]",0.07302357796778962,3,1.0,[],[]
innovation_gru_mse,275000002,train,case,lambda3,1,,,1,0.10351372263229046,3,558,1,"[{""case"":1,""regime"":""lambda3""}]",0.10351372263229046,3,1.0,[],[]
innovation_gru_mse,275000002,train,case,lambda3,2,,,1,0.023401414513159056,3,546,1,"[{""case"":2,""regime"":""lambda3""}]",0.07020424353947717,1,0.3333333333333333,[],"[""train:lambda3:271000003:analytic"",""train:lambda3:271000003:neural""]"
innovation_gru_mse,275000002,train,case,lambda3,3,,,1,0.17503438528352624,3,580,1,"[{""case"":3,""regime"":""lambda3""}]",0.17503438528352624,3,1.0,[],[]
innovation_gru_mse,275000002,train,case,lambda3,4,,,1,0.04789196021650328,3,549,1,"[{""case"":4,""regime"":""lambda3""}]",0.04789196021650328,3,1.0,[],[]
innovation_gru_mse,275000002,train,case,lambda3,5,,,1,0.048749998056870136,3,551,1,"[{""case"":5,""regime"":""lambda3""}]",0.048749998056870136,3,1.0,[],[]
innovation_gru_mse,275000002,train,case,lambda3,6,,,1,0.0,3,0,0,[],,0,0.0,"[{""case"":6,""regime"":""lambda3""}]","[""train:lambda3:271000007:analytic"",""train:lambda3:271000007:neural"",""train:lambda3:271000007:period4_hold""]"
innovation_gru_mse,275000002,train,case,lambda3,7,,,1,0.13515244021436992,3,571,1,"[{""case"":7,""regime"":""lambda3""}]",0.13515244021436992,3,1.0,[],[]
innovation_gru_mse,275000002,train,case,lambda3,8,,,1,0.22721015286284232,3,555,1,"[{""case"":8,""regime"":""lambda3""}]",0.22721015286284232,3,1.0,[],[]
innovation_gru_mse,275000002,train,case,lambda4,0,,,1,0.0640123327866912,3,12,1,"[{""case"":0,""regime"":""lambda4""}]",0.0960184991800368,2,0.6666666666666666,[],"[""train:lambda4:272000001:analytic""]"
innovation_gru_mse,275000002,train,case,lambda4,1,,,1,0.13296380264280885,3,555,1,"[{""case"":1,""regime"":""lambda4""}]",0.13296380264280885,3,1.0,[],[]
innovation_gru_mse,275000002,train,case,lambda4,2,,,1,0.07144814724756147,3,8,1,"[{""case"":2,""regime"":""lambda4""}]",0.10717222087134222,2,0.6666666666666666,[],"[""train:lambda4:272000003:period4_hold""]"
innovation_gru_mse,275000002,train,case,lambda4,3,,,1,0.07012693941197491,3,37,1,"[{""case"":3,""regime"":""lambda4""}]",0.07012693941197491,3,1.0,[],[]
innovation_gru_mse,275000002,train,case,lambda4,4,,,1,0.14583585435985194,3,552,1,"[{""case"":4,""regime"":""lambda4""}]",0.14583585435985194,3,1.0,[],[]
innovation_gru_mse,275000002,train,case,lambda4,5,,,1,0.0981354114893797,3,551,1,"[{""case"":5,""regime"":""lambda4""}]",0.0981354114893797,3,1.0,[],[]
innovation_gru_mse,275000002,train,case,lambda4,6,,,1,0.0944596293923583,3,553,1,"[{""case"":6,""regime"":""lambda4""}]",0.0944596293923583,3,1.0,[],[]
innovation_gru_mse,275000002,train,case,lambda4,7,,,1,0.07227623615167579,3,18,1,"[{""case"":7,""regime"":""lambda4""}]",0.07227623615167579,3,1.0,[],[]
innovation_gru_mse,275000002,train,case,lambda4,8,,,1,0.18989617354636215,3,12,1,"[{""case"":8,""regime"":""lambda4""}]",0.18989617354636215,3,1.0,[],[]
innovation_gru_mse,275000002,train,episode,lambda3,0,train:lambda3:271000001:analytic,analytic,1,0.08569261083582091,1,2,1,"[{""case"":0,""regime"":""lambda3""}]",0.08569261083582091,1,1.0,[],[]
innovation_gru_mse,275000002,train,episode,lambda3,0,train:lambda3:271000001:neural,neural,1,0.06331430813625616,1,5,1,"[{""case"":0,""regime"":""lambda3""}]",0.06331430813625616,1,1.0,[],[]
innovation_gru_mse,275000002,train,episode,lambda3,0,train:lambda3:271000001:period4_hold,period4_hold,1,0.07006381493129177,1,546,1,"[{""case"":0,""regime"":""lambda3""}]",0.07006381493129177,1,1.0,[],[]
innovation_gru_mse,275000002,train,episode,lambda3,1,train:lambda3:271000002:neural,neural,1,0.08068823025980691,1,5,1,"[{""case"":1,""regime"":""lambda3""}]",0.08068823025980691,1,1.0,[],[]
innovation_gru_mse,275000002,train,episode,lambda3,1,train:lambda3:271000002:period4_hold,period4_hold,1,0.08607188950426195,1,546,1,"[{""case"":1,""regime"":""lambda3""}]",0.08607188950426195,1,1.0,[],[]
innovation_gru_mse,275000002,train,episode,lambda3,1,train:lambda3:271000002:analytic,analytic,1,0.14378104813280249,1,7,1,"[{""case"":1,""regime"":""lambda3""}]",0.14378104813280249,1,1.0,[],[]
innovation_gru_mse,275000002,train,episode,lambda3,2,train:lambda3:271000003:period4_hold,period4_hold,1,0.07020424353947717,1,546,1,"[{""case"":2,""regime"":""lambda3""}]",0.07020424353947717,1,1.0,[],[]
innovation_gru_mse,275000002,train,episode,lambda3,2,train:lambda3:271000003:analytic,analytic,1,0.0,1,0,0,[],,0,0.0,"[{""case"":2,""regime"":""lambda3""}]","[""train:lambda3:271000003:analytic""]"
innovation_gru_mse,275000002,train,episode,lambda3,2,train:lambda3:271000003:neural,neural,1,0.0,1,0,0,[],,0,0.0,"[{""case"":2,""regime"":""lambda3""}]","[""train:lambda3:271000003:neural""]"
innovation_gru_mse,275000002,train,episode,lambda3,3,train:lambda3:271000004:analytic,analytic,1,0.18537333335390382,1,16,1,"[{""case"":3,""regime"":""lambda3""}]",0.18537333335390382,1,1.0,[],[]
innovation_gru_mse,275000002,train,episode,lambda3,3,train:lambda3:271000004:neural,neural,1,0.1932753104913058,1,18,1,"[{""case"":3,""regime"":""lambda3""}]",0.1932753104913058,1,1.0,[],[]
innovation_gru_mse,275000002,train,episode,lambda3,3,train:lambda3:271000004:period4_hold,period4_hold,1,0.1464545120053691,1,546,1,"[{""case"":3,""regime"":""lambda3""}]",0.1464545120053691,1,1.0,[],[]
innovation_gru_mse,275000002,train,episode,lambda3,4,train:lambda3:271000005:neural,neural,1,0.03559519187882643,1,2,1,"[{""case"":4,""regime"":""lambda3""}]",0.03559519187882643,1,1.0,[],[]
innovation_gru_mse,275000002,train,episode,lambda3,4,train:lambda3:271000005:period4_hold,period4_hold,1,0.062026825197988605,1,546,1,"[{""case"":4,""regime"":""lambda3""}]",0.062026825197988605,1,1.0,[],[]
innovation_gru_mse,275000002,train,episode,lambda3,4,train:lambda3:271000005:analytic,analytic,1,0.04605386357269481,1,1,1,"[{""case"":4,""regime"":""lambda3""}]",0.04605386357269481,1,1.0,[],[]
innovation_gru_mse,275000002,train,episode,lambda3,5,train:lambda3:271000006:period4_hold,period4_hold,1,0.0705017025631378,1,546,1,"[{""case"":5,""regime"":""lambda3""}]",0.0705017025631378,1,1.0,[],[]
innovation_gru_mse,275000002,train,episode,lambda3,5,train:lambda3:271000006:analytic,analytic,1,0.04130773949543709,1,2,1,"[{""case"":5,""regime"":""lambda3""}]",0.04130773949543709,1,1.0,[],[]
innovation_gru_mse,275000002,train,episode,lambda3,5,train:lambda3:271000006:neural,neural,1,0.034440552112035526,1,3,1,"[{""case"":5,""regime"":""lambda3""}]",0.034440552112035526,1,1.0,[],[]
innovation_gru_mse,275000002,train,episode,lambda3,6,train:lambda3:271000007:analytic,analytic,1,0.0,1,0,0,[],,0,0.0,"[{""case"":6,""regime"":""lambda3""}]","[""train:lambda3:271000007:analytic""]"
innovation_gru_mse,275000002,train,episode,lambda3,6,train:lambda3:271000007:neural,neural,1,0.0,1,0,0,[],,0,0.0,"[{""case"":6,""regime"":""lambda3""}]","[""train:lambda3:271000007:neural""]"
innovation_gru_mse,275000002,train,episode,lambda3,6,train:lambda3:271000007:period4_hold,period4_hold,1,0.0,1,0,0,[],,0,0.0,"[{""case"":6,""regime"":""lambda3""}]","[""train:lambda3:271000007:period4_hold""]"
innovation_gru_mse,275000002,train,episode,lambda3,7,train:lambda3:271000008:neural,neural,1,0.1794328669590186,1,13,1,"[{""case"":7,""regime"":""lambda3""}]",0.1794328669590186,1,1.0,[],[]
innovation_gru_mse,275000002,train,episode,lambda3,7,train:lambda3:271000008:period4_hold,period4_hold,1,0.10852047018309575,1,546,1,"[{""case"":7,""regime"":""lambda3""}]",0.10852047018309575,1,1.0,[],[]
innovation_gru_mse,275000002,train,episode,lambda3,7,train:lambda3:271000008:analytic,analytic,1,0.11750398350099545,1,12,1,"[{""case"":7,""regime"":""lambda3""}]",0.11750398350099545,1,1.0,[],[]
innovation_gru_mse,275000002,train,episode,lambda3,8,train:lambda3:271000009:period4_hold,period4_hold,1,0.08725689845868419,1,546,1,"[{""case"":8,""regime"":""lambda3""}]",0.08725689845868419,1,1.0,[],[]
innovation_gru_mse,275000002,train,episode,lambda3,8,train:lambda3:271000009:analytic,analytic,1,0.2690807936987838,1,4,1,"[{""case"":8,""regime"":""lambda3""}]",0.2690807936987838,1,1.0,[],[]
innovation_gru_mse,275000002,train,episode,lambda3,8,train:lambda3:271000009:neural,neural,1,0.32529276643105903,1,5,1,"[{""case"":8,""regime"":""lambda3""}]",0.32529276643105903,1,1.0,[],[]
innovation_gru_mse,275000002,train,episode,lambda4,0,train:lambda4:272000001:analytic,analytic,1,0.0,1,0,0,[],,0,0.0,"[{""case"":0,""regime"":""lambda4""}]","[""train:lambda4:272000001:analytic""]"
innovation_gru_mse,275000002,train,episode,lambda4,0,train:lambda4:272000001:neural,neural,1,0.11601298986986563,1,8,1,"[{""case"":0,""regime"":""lambda4""}]",0.11601298986986563,1,1.0,[],[]
innovation_gru_mse,275000002,train,episode,lambda4,0,train:lambda4:272000001:period4_hold,period4_hold,1,0.07602400849020796,1,4,1,"[{""case"":0,""regime"":""lambda4""}]",0.07602400849020796,1,1.0,[],[]
innovation_gru_mse,275000002,train,episode,lambda4,1,train:lambda4:272000002:neural,neural,1,0.2123843716966313,1,5,1,"[{""case"":1,""regime"":""lambda4""}]",0.2123843716966313,1,1.0,[],[]
innovation_gru_mse,275000002,train,episode,lambda4,1,train:lambda4:272000002:period4_hold,period4_hold,1,0.0851502646278137,1,546,1,"[{""case"":1,""regime"":""lambda4""}]",0.0851502646278137,1,1.0,[],[]
innovation_gru_mse,275000002,train,episode,lambda4,1,train:lambda4:272000002:analytic,analytic,1,0.1013567716039816,1,4,1,"[{""case"":1,""regime"":""lambda4""}]",0.1013567716039816,1,1.0,[],[]
innovation_gru_mse,275000002,train,episode,lambda4,2,train:lambda4:272000003:period4_hold,period4_hold,1,0.0,1,0,0,[],,0,0.0,"[{""case"":2,""regime"":""lambda4""}]","[""train:lambda4:272000003:period4_hold""]"
innovation_gru_mse,275000002,train,episode,lambda4,2,train:lambda4:272000003:analytic,analytic,1,0.0020507493851198433,1,2,1,"[{""case"":2,""regime"":""lambda4""}]",0.0020507493851198433,1,1.0,[],[]
innovation_gru_mse,275000002,train,episode,lambda4,2,train:lambda4:272000003:neural,neural,1,0.2122936923575646,1,6,1,"[{""case"":2,""regime"":""lambda4""}]",0.2122936923575646,1,1.0,[],[]
innovation_gru_mse,275000002,train,episode,lambda4,3,train:lambda4:272000004:analytic,analytic,1,0.050496567512163894,1,10,1,"[{""case"":3,""regime"":""lambda4""}]",0.050496567512163894,1,1.0,[],[]
innovation_gru_mse,275000002,train,episode,lambda4,3,train:lambda4:272000004:neural,neural,1,0.0823901105974559,1,11,1,"[{""case"":3,""regime"":""lambda4""}]",0.0823901105974559,1,1.0,[],[]
innovation_gru_mse,275000002,train,episode,lambda4,3,train:lambda4:272000004:period4_hold,period4_hold,1,0.07749414012630496,1,16,1,"[{""case"":3,""regime"":""lambda4""}]",0.07749414012630496,1,1.0,[],[]
innovation_gru_mse,275000002,train,episode,lambda4,4,train:lambda4:272000005:neural,neural,1,0.06888966276574138,1,2,1,"[{""case"":4,""regime"":""lambda4""}]",0.06888966276574138,1,1.0,[],[]
innovation_gru_mse,275000002,train,episode,lambda4,4,train:lambda4:272000005:period4_hold,period4_hold,1,0.06561870839407946,1,546,1,"[{""case"":4,""regime"":""lambda4""}]",0.06561870839407946,1,1.0,[],[]
innovation_gru_mse,275000002,train,episode,lambda4,4,train:lambda4:272000005:analytic,analytic,1,0.302999191919735,1,4,1,"[{""case"":4,""regime"":""lambda4""}]",0.302999191919735,1,1.0,[],[]
innovation_gru_mse,275000002,train,episode,lambda4,5,train:lambda4:272000006:period4_hold,period4_hold,1,0.13270143270960724,1,546,1,"[{""case"":5,""regime"":""lambda4""}]",0.13270143270960724,1,1.0,[],[]
innovation_gru_mse,275000002,train,episode,lambda4,5,train:lambda4:272000006:analytic,analytic,1,0.03097487658160958,1,2,1,"[{""case"":5,""regime"":""lambda4""}]",0.03097487658160958,1,1.0,[],[]
innovation_gru_mse,275000002,train,episode,lambda4,5,train:lambda4:272000006:neural,neural,1,0.13072992517692228,1,3,1,"[{""case"":5,""regime"":""lambda4""}]",0.13072992517692228,1,1.0,[],[]
innovation_gru_mse,275000002,train,episode,lambda4,6,train:lambda4:272000007:analytic,analytic,1,0.05775919302772081,1,2,1,"[{""case"":6,""regime"":""lambda4""}]",0.05775919302772081,1,1.0,[],[]
innovation_gru_mse,275000002,train,episode,lambda4,6,train:lambda4:272000007:neural,neural,1,0.11933962675578584,1,5,1,"[{""case"":6,""regime"":""lambda4""}]",0.11933962675578584,1,1.0,[],[]
innovation_gru_mse,275000002,train,episode,lambda4,6,train:lambda4:272000007:period4_hold,period4_hold,1,0.10628006839356822,1,546,1,"[{""case"":6,""regime"":""lambda4""}]",0.10628006839356822,1,1.0,[],[]
innovation_gru_mse,275000002,train,episode,lambda4,7,train:lambda4:272000008:neural,neural,1,0.054751707202427724,1,8,1,"[{""case"":7,""regime"":""lambda4""}]",0.054751707202427724,1,1.0,[],[]
innovation_gru_mse,275000002,train,episode,lambda4,7,train:lambda4:272000008:period4_hold,period4_hold,1,0.008165503507370886,1,1,1,"[{""case"":7,""regime"":""lambda4""}]",0.008165503507370886,1,1.0,[],[]
innovation_gru_mse,275000002,train,episode,lambda4,7,train:lambda4:272000008:analytic,analytic,1,0.15391149774522875,1,9,1,"[{""case"":7,""regime"":""lambda4""}]",0.15391149774522875,1,1.0,[],[]
innovation_gru_mse,275000002,train,episode,lambda4,8,train:lambda4:272000009:period4_hold,period4_hold,1,0.2465774766632952,1,6,1,"[{""case"":8,""regime"":""lambda4""}]",0.2465774766632952,1,1.0,[],[]
innovation_gru_mse,275000002,train,episode,lambda4,8,train:lambda4:272000009:analytic,analytic,1,0.04964872962835898,1,1,1,"[{""case"":8,""regime"":""lambda4""}]",0.04964872962835898,1,1.0,[],[]
innovation_gru_mse,275000002,train,episode,lambda4,8,train:lambda4:272000009:neural,neural,1,0.2734623143474323,1,5,1,"[{""case"":8,""regime"":""lambda4""}]",0.2734623143474323,1,1.0,[],[]
innovation_gru_aux,275000002,train,overall,,,,,18,0.04565343455010531,54,6761,17,"[{""case"":0,""regime"":""lambda3""},{""case"":1,""regime"":""lambda3""},{""case"":2,""regime"":""lambda3""},{""case"":3,""regime"":""lambda3""},{""case"":4,""regime"":""lambda3""},{""case"":5,""regime"":""lambda3""},{""case"":7,""regime"":""lambda3""},{""case"":8,""regime"":""lambda3""},{""case"":0,""regime"":""lambda4""},{""case"":1,""regime"":""lambda4""},{""case"":2,""regime"":""lambda4""},{""case"":3,""regime"":""lambda4""},{""case"":4,""regime"":""lambda4""},{""case"":5,""regime"":""lambda4""},{""case"":6,""regime"":""lambda4""},{""case"":7,""regime"":""lambda4""},{""case"":8,""regime"":""lambda4""}]",0.05245288224905716,47,0.8703703703703703,"[{""case"":6,""regime"":""lambda3""}]","[""train:lambda3:271000003:analytic"",""train:lambda3:271000003:neural"",""train:lambda3:271000007:analytic"",""train:lambda3:271000007:neural"",""train:lambda3:271000007:period4_hold"",""train:lambda4:272000001:analytic"",""train:lambda4:272000003:period4_hold""]"
innovation_gru_aux,275000002,train,regime,lambda3,,,,9,0.04281795864418633,27,4463,8,"[{""case"":0,""regime"":""lambda3""},{""case"":1,""regime"":""lambda3""},{""case"":2,""regime"":""lambda3""},{""case"":3,""regime"":""lambda3""},{""case"":4,""regime"":""lambda3""},{""case"":5,""regime"":""lambda3""},{""case"":7,""regime"":""lambda3""},{""case"":8,""regime"":""lambda3""}]",0.052549312881501414,22,0.8148148148148148,"[{""case"":6,""regime"":""lambda3""}]","[""train:lambda3:271000003:analytic"",""train:lambda3:271000003:neural"",""train:lambda3:271000007:analytic"",""train:lambda3:271000007:neural"",""train:lambda3:271000007:period4_hold""]"
innovation_gru_aux,275000002,train,regime,lambda4,,,,9,0.04848891045602428,27,2298,9,"[{""case"":0,""regime"":""lambda4""},{""case"":1,""regime"":""lambda4""},{""case"":2,""regime"":""lambda4""},{""case"":3,""regime"":""lambda4""},{""case"":4,""regime"":""lambda4""},{""case"":5,""regime"":""lambda4""},{""case"":6,""regime"":""lambda4""},{""case"":7,""regime"":""lambda4""},{""case"":8,""regime"":""lambda4""}]",0.05236802329250622,25,0.9259259259259259,[],"[""train:lambda4:272000001:analytic"",""train:lambda4:272000003:period4_hold""]"
innovation_gru_aux,275000002,train,case,lambda3,0,,,1,0.03460298452657382,3,553,1,"[{""case"":0,""regime"":""lambda3""}]",0.03460298452657382,3,1.0,[],[]
innovation_gru_aux,275000002,train,case,lambda3,1,,,1,0.05154841807565553,3,558,1,"[{""case"":1,""regime"":""lambda3""}]",0.05154841807565553,3,1.0,[],[]
innovation_gru_aux,275000002,train,case,lambda3,2,,,1,0.008755238157910995,3,546,1,"[{""case"":2,""regime"":""lambda3""}]",0.026265714473732986,1,0.3333333333333333,[],"[""train:lambda3:271000003:analytic"",""train:lambda3:271000003:neural""]"
innovation_gru_aux,275000002,train,case,lambda3,3,,,1,0.08472897786922522,3,580,1,"[{""case"":3,""regime"":""lambda3""}]",0.08472897786922522,3,1.0,[],[]
innovation_gru_aux,275000002,train,case,lambda3,4,,,1,0.013842640233705192,3,549,1,"[{""case"":4,""regime"":""lambda3""}]",0.013842640233705192,3,1.0,[],[]
innovation_gru_aux,275000002,train,case,lambda3,5,,,1,0.02060152041003808,3,551,1,"[{""case"":5,""regime"":""lambda3""}]",0.02060152041003808,3,1.0,[],[]
innovation_gru_aux,275000002,train,case,lambda3,6,,,1,0.0,3,0,0,[],,0,0.0,"[{""case"":6,""regime"":""lambda3""}]","[""train:lambda3:271000007:analytic"",""train:lambda3:271000007:neural"",""train:lambda3:271000007:period4_hold""]"
innovation_gru_aux,275000002,train,case,lambda3,7,,,1,0.08156248288621228,3,571,1,"[{""case"":7,""regime"":""lambda3""}]",0.08156248288621228,3,1.0,[],[]
innovation_gru_aux,275000002,train,case,lambda3,8,,,1,0.08971936563835592,3,555,1,"[{""case"":8,""regime"":""lambda3""}]",0.08971936563835592,3,1.0,[],[]
innovation_gru_aux,275000002,train,case,lambda4,0,,,1,0.04272792034956533,3,12,1,"[{""case"":0,""regime"":""lambda4""}]",0.064091880524348,2,0.6666666666666666,[],"[""train:lambda4:272000001:analytic""]"
innovation_gru_aux,275000002,train,case,lambda4,1,,,1,0.04931135579098217,3,555,1,"[{""case"":1,""regime"":""lambda4""}]",0.04931135579098217,3,1.0,[],[]
innovation_gru_aux,275000002,train,case,lambda4,2,,,1,0.04275864867073725,3,8,1,"[{""case"":2,""regime"":""lambda4""}]",0.06413797300610587,2,0.6666666666666666,[],"[""train:lambda4:272000003:period4_hold""]"
innovation_gru_aux,275000002,train,case,lambda4,3,,,1,0.04555025272493091,3,37,1,"[{""case"":3,""regime"":""lambda4""}]",0.04555025272493091,3,1.0,[],[]
innovation_gru_aux,275000002,train,case,lambda4,4,,,1,0.04443933906911268,3,552,1,"[{""case"":4,""regime"":""lambda4""}]",0.04443933906911268,3,1.0,[],[]
innovation_gru_aux,275000002,train,case,lambda4,5,,,1,0.031018588906957485,3,551,1,"[{""case"":5,""regime"":""lambda4""}]",0.031018588906957485,3,1.0,[],[]
innovation_gru_aux,275000002,train,case,lambda4,6,,,1,0.02650976081484524,3,553,1,"[{""case"":6,""regime"":""lambda4""}]",0.02650976081484524,3,1.0,[],[]
innovation_gru_aux,275000002,train,case,lambda4,7,,,1,0.06463330345729795,3,18,1,"[{""case"":7,""regime"":""lambda4""}]",0.06463330345729795,3,1.0,[],[]
innovation_gru_aux,275000002,train,case,lambda4,8,,,1,0.08945102431978948,3,12,1,"[{""case"":8,""regime"":""lambda4""}]",0.08945102431978948,3,1.0,[],[]
innovation_gru_aux,275000002,train,episode,lambda3,0,train:lambda3:271000001:analytic,analytic,1,0.02060504703442234,1,2,1,"[{""case"":0,""regime"":""lambda3""}]",0.02060504703442234,1,1.0,[],[]
innovation_gru_aux,275000002,train,episode,lambda3,0,train:lambda3:271000001:neural,neural,1,0.06405060137786336,1,5,1,"[{""case"":0,""regime"":""lambda3""}]",0.06405060137786336,1,1.0,[],[]
innovation_gru_aux,275000002,train,episode,lambda3,0,train:lambda3:271000001:period4_hold,period4_hold,1,0.019153305167435766,1,546,1,"[{""case"":0,""regime"":""lambda3""}]",0.019153305167435766,1,1.0,[],[]
innovation_gru_aux,275000002,train,episode,lambda3,1,train:lambda3:271000002:neural,neural,1,0.03775536819827039,1,5,1,"[{""case"":1,""regime"":""lambda3""}]",0.03775536819827039,1,1.0,[],[]
innovation_gru_aux,275000002,train,episode,lambda3,1,train:lambda3:271000002:period4_hold,period4_hold,1,0.029859951049665507,1,546,1,"[{""case"":1,""regime"":""lambda3""}]",0.029859951049665507,1,1.0,[],[]
innovation_gru_aux,275000002,train,episode,lambda3,1,train:lambda3:271000002:analytic,analytic,1,0.0870299349790307,1,7,1,"[{""case"":1,""regime"":""lambda3""}]",0.0870299349790307,1,1.0,[],[]
innovation_gru_aux,275000002,train,episode,lambda3,2,train:lambda3:271000003:period4_hold,period4_hold,1,0.026265714473732986,1,546,1,"[{""case"":2,""regime"":""lambda3""}]",0.026265714473732986,1,1.0,[],[]
innovation_gru_aux,275000002,train,episode,lambda3,2,train:lambda3:271000003:analytic,analytic,1,0.0,1,0,0,[],,0,0.0,"[{""case"":2,""regime"":""lambda3""}]","[""train:lambda3:271000003:analytic""]"
innovation_gru_aux,275000002,train,episode,lambda3,2,train:lambda3:271000003:neural,neural,1,0.0,1,0,0,[],,0,0.0,"[{""case"":2,""regime"":""lambda3""}]","[""train:lambda3:271000003:neural""]"
innovation_gru_aux,275000002,train,episode,lambda3,3,train:lambda3:271000004:analytic,analytic,1,0.10565551097956938,1,16,1,"[{""case"":3,""regime"":""lambda3""}]",0.10565551097956938,1,1.0,[],[]
innovation_gru_aux,275000002,train,episode,lambda3,3,train:lambda3:271000004:neural,neural,1,0.11036065952051644,1,18,1,"[{""case"":3,""regime"":""lambda3""}]",0.11036065952051644,1,1.0,[],[]
innovation_gru_aux,275000002,train,episode,lambda3,3,train:lambda3:271000004:period4_hold,period4_hold,1,0.038170763107589815,1,546,1,"[{""case"":3,""regime"":""lambda3""}]",0.038170763107589815,1,1.0,[],[]
innovation_gru_aux,275000002,train,episode,lambda3,4,train:lambda3:271000005:neural,neural,1,0.010282289382388399,1,2,1,"[{""case"":4,""regime"":""lambda3""}]",0.010282289382388399,1,1.0,[],[]
innovation_gru_aux,275000002,train,episode,lambda3,4,train:lambda3:271000005:period4_hold,period4_hold,1,0.022096209821897892,1,546,1,"[{""case"":4,""regime"":""lambda3""}]",0.022096209821897892,1,1.0,[],[]
innovation_gru_aux,275000002,train,episode,lambda3,4,train:lambda3:271000005:analytic,analytic,1,0.00914942149682929,1,1,1,"[{""case"":4,""regime"":""lambda3""}]",0.00914942149682929,1,1.0,[],[]
innovation_gru_aux,275000002,train,episode,lambda3,5,train:lambda3:271000006:period4_hold,period4_hold,1,0.02232745458497731,1,546,1,"[{""case"":5,""regime"":""lambda3""}]",0.02232745458497731,1,1.0,[],[]
innovation_gru_aux,275000002,train,episode,lambda3,5,train:lambda3:271000006:analytic,analytic,1,0.016854009174409157,1,2,1,"[{""case"":5,""regime"":""lambda3""}]",0.016854009174409157,1,1.0,[],[]
innovation_gru_aux,275000002,train,episode,lambda3,5,train:lambda3:271000006:neural,neural,1,0.02262309747072777,1,3,1,"[{""case"":5,""regime"":""lambda3""}]",0.02262309747072777,1,1.0,[],[]
innovation_gru_aux,275000002,train,episode,lambda3,6,train:lambda3:271000007:analytic,analytic,1,0.0,1,0,0,[],,0,0.0,"[{""case"":6,""regime"":""lambda3""}]","[""train:lambda3:271000007:analytic""]"
innovation_gru_aux,275000002,train,episode,lambda3,6,train:lambda3:271000007:neural,neural,1,0.0,1,0,0,[],,0,0.0,"[{""case"":6,""regime"":""lambda3""}]","[""train:lambda3:271000007:neural""]"
innovation_gru_aux,275000002,train,episode,lambda3,6,train:lambda3:271000007:period4_hold,period4_hold,1,0.0,1,0,0,[],,0,0.0,"[{""case"":6,""regime"":""lambda3""}]","[""train:lambda3:271000007:period4_hold""]"
innovation_gru_aux,275000002,train,episode,lambda3,7,train:lambda3:271000008:neural,neural,1,0.13003820965198762,1,13,1,"[{""case"":7,""regime"":""lambda3""}]",0.13003820965198762,1,1.0,[],[]
innovation_gru_aux,275000002,train,episode,lambda3,7,train:lambda3:271000008:period4_hold,period4_hold,1,0.03233092534747693,1,546,1,"[{""case"":7,""regime"":""lambda3""}]",0.03233092534747693,1,1.0,[],[]
innovation_gru_aux,275000002,train,episode,lambda3,7,train:lambda3:271000008:analytic,analytic,1,0.0823183136591723,1,12,1,"[{""case"":7,""regime"":""lambda3""}]",0.0823183136591723,1,1.0,[],[]
innovation_gru_aux,275000002,train,episode,lambda3,8,train:lambda3:271000009:period4_hold,period4_hold,1,0.03217382022049048,1,546,1,"[{""case"":8,""regime"":""lambda3""}]",0.03217382022049048,1,1.0,[],[]
innovation_gru_aux,275000002,train,episode,lambda3,8,train:lambda3:271000009:analytic,analytic,1,0.11270254588044182,1,4,1,"[{""case"":8,""regime"":""lambda3""}]",0.11270254588044182,1,1.0,[],[]
innovation_gru_aux,275000002,train,episode,lambda3,8,train:lambda3:271000009:neural,neural,1,0.12428173081413547,1,5,1,"[{""case"":8,""regime"":""lambda3""}]",0.12428173081413547,1,1.0,[],[]
innovation_gru_aux,275000002,train,episode,lambda4,0,train:lambda4:272000001:analytic,analytic,1,0.0,1,0,0,[],,0,0.0,"[{""case"":0,""regime"":""lambda4""}]","[""train:lambda4:272000001:analytic""]"
innovation_gru_aux,275000002,train,episode,lambda4,0,train:lambda4:272000001:neural,neural,1,0.06363312343885497,1,8,1,"[{""case"":0,""regime"":""lambda4""}]",0.06363312343885497,1,1.0,[],[]
innovation_gru_aux,275000002,train,episode,lambda4,0,train:lambda4:272000001:period4_hold,period4_hold,1,0.06455063760984103,1,4,1,"[{""case"":0,""regime"":""lambda4""}]",0.06455063760984103,1,1.0,[],[]
innovation_gru_aux,275000002,train,episode,lambda4,1,train:lambda4:272000002:neural,neural,1,0.08567420377477433,1,5,1,"[{""case"":1,""regime"":""lambda4""}]",0.08567420377477433,1,1.0,[],[]
innovation_gru_aux,275000002,train,episode,lambda4,1,train:lambda4:272000002:period4_hold,period4_hold,1,0.04280783029241112,1,546,1,"[{""case"":1,""regime"":""lambda4""}]",0.04280783029241112,1,1.0,[],[]
innovation_gru_aux,275000002,train,episode,lambda4,1,train:lambda4:272000002:analytic,analytic,1,0.019452033305761063,1,4,1,"[{""case"":1,""regime"":""lambda4""}]",0.019452033305761063,1,1.0,[],[]
innovation_gru_aux,275000002,train,episode,lambda4,2,train:lambda4:272000003:period4_hold,period4_hold,1,0.0,1,0,0,[],,0,0.0,"[{""case"":2,""regime"":""lambda4""}]","[""train:lambda4:272000003:period4_hold""]"
innovation_gru_aux,275000002,train,episode,lambda4,2,train:lambda4:272000003:analytic,analytic,1,0.0015684231653665393,1,2,1,"[{""case"":2,""regime"":""lambda4""}]",0.0015684231653665393,1,1.0,[],[]
innovation_gru_aux,275000002,train,episode,lambda4,2,train:lambda4:272000003:neural,neural,1,0.1267075228468452,1,6,1,"[{""case"":2,""regime"":""lambda4""}]",0.1267075228468452,1,1.0,[],[]
innovation_gru_aux,275000002,train,episode,lambda4,3,train:lambda4:272000004:analytic,analytic,1,0.030629900674739474,1,10,1,"[{""case"":3,""regime"":""lambda4""}]",0.030629900674739474,1,1.0,[],[]
innovation_gru_aux,275000002,train,episode,lambda4,3,train:lambda4:272000004:neural,neural,1,0.04359185608668978,1,11,1,"[{""case"":3,""regime"":""lambda4""}]",0.04359185608668978,1,1.0,[],[]
innovation_gru_aux,275000002,train,episode,lambda4,3,train:lambda4:272000004:period4_hold,period4_hold,1,0.062429001413363494,1,16,1,"[{""case"":3,""regime"":""lambda4""}]",0.062429001413363494,1,1.0,[],[]
innovation_gru_aux,275000002,train,episode,lambda4,4,train:lambda4:272000005:neural,neural,1,0.021862872011865875,1,2,1,"[{""case"":4,""regime"":""lambda4""}]",0.021862872011865875,1,1.0,[],[]
innovation_gru_aux,275000002,train,episode,lambda4,4,train:lambda4:272000005:period4_hold,period4_hold,1,0.033709757158047596,1,546,1,"[{""case"":4,""regime"":""lambda4""}]",0.033709757158047596,1,1.0,[],[]
innovation_gru_aux,275000002,train,episode,lambda4,4,train:lambda4:272000005:analytic,analytic,1,0.07774538803742459,1,4,1,"[{""case"":4,""regime"":""lambda4""}]",0.07774538803742459,1,1.0,[],[]
innovation_gru_aux,275000002,train,episode,lambda4,5,train:lambda4:272000006:period4_hold,period4_hold,1,0.03381657910358797,1,546,1,"[{""case"":5,""regime"":""lambda4""}]",0.03381657910358797,1,1.0,[],[]
innovation_gru_aux,275000002,train,episode,lambda4,5,train:lambda4:272000006:analytic,analytic,1,0.01313426501911863,1,2,1,"[{""case"":5,""regime"":""lambda4""}]",0.01313426501911863,1,1.0,[],[]
innovation_gru_aux,275000002,train,episode,lambda4,5,train:lambda4:272000006:neural,neural,1,0.046104922598165864,1,3,1,"[{""case"":5,""regime"":""lambda4""}]",0.046104922598165864,1,1.0,[],[]
innovation_gru_aux,275000002,train,episode,lambda4,6,train:lambda4:272000007:analytic,analytic,1,0.015565205681639327,1,2,1,"[{""case"":6,""regime"":""lambda4""}]",0.015565205681639327,1,1.0,[],[]
innovation_gru_aux,275000002,train,episode,lambda4,6,train:lambda4:272000007:neural,neural,1,0.038539023643204474,1,5,1,"[{""case"":6,""regime"":""lambda4""}]",0.038539023643204474,1,1.0,[],[]
innovation_gru_aux,275000002,train,episode,lambda4,6,train:lambda4:272000007:period4_hold,period4_hold,1,0.025425053119691912,1,546,1,"[{""case"":6,""regime"":""lambda4""}]",0.025425053119691912,1,1.0,[],[]
innovation_gru_aux,275000002,train,episode,lambda4,7,train:lambda4:272000008:neural,neural,1,0.04689885281996453,1,8,1,"[{""case"":7,""regime"":""lambda4""}]",0.04689885281996453,1,1.0,[],[]
innovation_gru_aux,275000002,train,episode,lambda4,7,train:lambda4:272000008:period4_hold,period4_hold,1,0.02738679550748202,1,1,1,"[{""case"":7,""regime"":""lambda4""}]",0.02738679550748202,1,1.0,[],[]
innovation_gru_aux,275000002,train,episode,lambda4,7,train:lambda4:272000008:analytic,analytic,1,0.1196142620444473,1,9,1,"[{""case"":7,""regime"":""lambda4""}]",0.1196142620444473,1,1.0,[],[]
innovation_gru_aux,275000002,train,episode,lambda4,8,train:lambda4:272000009:period4_hold,period4_hold,1,0.13380641184500064,1,6,1,"[{""case"":8,""regime"":""lambda4""}]",0.13380641184500064,1,1.0,[],[]
innovation_gru_aux,275000002,train,episode,lambda4,8,train:lambda4:272000009:analytic,analytic,1,0.029733565155481756,1,1,1,"[{""case"":8,""regime"":""lambda4""}]",0.029733565155481756,1,1.0,[],[]
innovation_gru_aux,275000002,train,episode,lambda4,8,train:lambda4:272000009:neural,neural,1,0.10481309595888604,1,5,1,"[{""case"":8,""regime"":""lambda4""}]",0.10481309595888604,1,1.0,[],[]
innovation_aux,275000003,train,overall,,,,,18,0.05963627679936511,54,6761,17,"[{""case"":0,""regime"":""lambda3""},{""case"":1,""regime"":""lambda3""},{""case"":2,""regime"":""lambda3""},{""case"":3,""regime"":""lambda3""},{""case"":4,""regime"":""lambda3""},{""case"":5,""regime"":""lambda3""},{""case"":7,""regime"":""lambda3""},{""case"":8,""regime"":""lambda3""},{""case"":0,""regime"":""lambda4""},{""case"":1,""regime"":""lambda4""},{""case"":2,""regime"":""lambda4""},{""case"":3,""regime"":""lambda4""},{""case"":4,""regime"":""lambda4""},{""case"":5,""regime"":""lambda4""},{""case"":6,""regime"":""lambda4""},{""case"":7,""regime"":""lambda4""},{""case"":8,""regime"":""lambda4""}]",0.06851827547161098,47,0.8703703703703703,"[{""case"":6,""regime"":""lambda3""}]","[""train:lambda3:271000003:analytic"",""train:lambda3:271000003:neural"",""train:lambda3:271000007:analytic"",""train:lambda3:271000007:neural"",""train:lambda3:271000007:period4_hold"",""train:lambda4:272000001:analytic"",""train:lambda4:272000003:period4_hold""]"
innovation_aux,275000003,train,regime,lambda3,,,,9,0.0582426172627453,27,4463,8,"[{""case"":0,""regime"":""lambda3""},{""case"":1,""regime"":""lambda3""},{""case"":2,""regime"":""lambda3""},{""case"":3,""regime"":""lambda3""},{""case"":4,""regime"":""lambda3""},{""case"":5,""regime"":""lambda3""},{""case"":7,""regime"":""lambda3""},{""case"":8,""regime"":""lambda3""}]",0.07147957573155105,22,0.8148148148148148,"[{""case"":6,""regime"":""lambda3""}]","[""train:lambda3:271000003:analytic"",""train:lambda3:271000003:neural"",""train:lambda3:271000007:analytic"",""train:lambda3:271000007:neural"",""train:lambda3:271000007:period4_hold""]"
innovation_aux,275000003,train,regime,lambda4,,,,9,0.06102993633598493,27,2298,9,"[{""case"":0,""regime"":""lambda4""},{""case"":1,""regime"":""lambda4""},{""case"":2,""regime"":""lambda4""},{""case"":3,""regime"":""lambda4""},{""case"":4,""regime"":""lambda4""},{""case"":5,""regime"":""lambda4""},{""case"":6,""regime"":""lambda4""},{""case"":7,""regime"":""lambda4""},{""case"":8,""regime"":""lambda4""}]",0.06591233124286372,25,0.9259259259259259,[],"[""train:lambda4:272000001:analytic"",""train:lambda4:272000003:period4_hold""]"
innovation_aux,275000003,train,case,lambda3,0,,,1,0.05398454659169217,3,553,1,"[{""case"":0,""regime"":""lambda3""}]",0.05398454659169217,3,1.0,[],[]
innovation_aux,275000003,train,case,lambda3,1,,,1,0.05813413963147504,3,558,1,"[{""case"":1,""regime"":""lambda3""}]",0.05813413963147504,3,1.0,[],[]
innovation_aux,275000003,train,case,lambda3,2,,,1,0.015032898241576829,3,546,1,"[{""case"":2,""regime"":""lambda3""}]",0.045098694724730486,1,0.3333333333333333,[],"[""train:lambda3:271000003:analytic"",""train:lambda3:271000003:neural""]"
innovation_aux,275000003,train,case,lambda3,3,,,1,0.10973010447207843,3,580,1,"[{""case"":3,""regime"":""lambda3""}]",0.10973010447207843,3,1.0,[],[]
innovation_aux,275000003,train,case,lambda3,4,,,1,0.03355887898559005,3,549,1,"[{""case"":4,""regime"":""lambda3""}]",0.03355887898559005,3,1.0,[],[]
innovation_aux,275000003,train,case,lambda3,5,,,1,0.027145658066391794,3,551,1,"[{""case"":5,""regime"":""lambda3""}]",0.027145658066391794,3,1.0,[],[]
innovation_aux,275000003,train,case,lambda3,6,,,1,0.0,3,0,0,[],,0,0.0,"[{""case"":6,""regime"":""lambda3""}]","[""train:lambda3:271000007:analytic"",""train:lambda3:271000007:neural"",""train:lambda3:271000007:period4_hold""]"
innovation_aux,275000003,train,case,lambda3,7,,,1,0.10298708637932275,3,571,1,"[{""case"":7,""regime"":""lambda3""}]",0.10298708637932275,3,1.0,[],[]
innovation_aux,275000003,train,case,lambda3,8,,,1,0.12361024299658062,3,555,1,"[{""case"":8,""regime"":""lambda3""}]",0.12361024299658062,3,1.0,[],[]
innovation_aux,275000003,train,case,lambda4,0,,,1,0.03180723601110932,3,12,1,"[{""case"":0,""regime"":""lambda4""}]",0.04771085401666397,2,0.6666666666666666,[],"[""train:lambda4:272000001:analytic""]"
innovation_aux,275000003,train,case,lambda4,1,,,1,0.06860486237233294,3,555,1,"[{""case"":1,""regime"":""lambda4""}]",0.06860486237233294,3,1.0,[],[]
innovation_aux,275000003,train,case,lambda4,2,,,1,0.0716067036223325,3,8,1,"[{""case"":2,""regime"":""lambda4""}]",0.10741005543349876,2,0.6666666666666666,[],"[""train:lambda4:272000003:period4_hold""]"
innovation_aux,275000003,train,case,lambda4,3,,,1,0.043900565770444926,3,37,1,"[{""case"":3,""regime"":""lambda4""}]",0.043900565770444926,3,1.0,[],[]
innovation_aux,275000003,train,case,lambda4,4,,,1,0.05230400947651631,3,552,1,"[{""case"":4,""regime"":""lambda4""}]",0.05230400947651631,3,1.0,[],[]
innovation_aux,275000003,train,case,lambda4,5,,,1,0.05299619570975594,3,551,1,"[{""case"":5,""regime"":""lambda4""}]",0.05299619570975594,3,1.0,[],[]
innovation_aux,275000003,train,case,lambda4,6,,,1,0.05467142808150641,3,553,1,"[{""case"":6,""regime"":""lambda4""}]",0.05467142808150641,3,1.0,[],[]
innovation_aux,275000003,train,case,lambda4,7,,,1,0.05532862067921782,3,18,1,"[{""case"":7,""regime"":""lambda4""}]",0.05532862067921782,3,1.0,[],[]
innovation_aux,275000003,train,case,lambda4,8,,,1,0.11804980530064818,3,12,1,"[{""case"":8,""regime"":""lambda4""}]",0.11804980530064818,3,1.0,[],[]
innovation_aux,275000003,train,episode,lambda3,0,train:lambda3:271000001:analytic,analytic,1,0.021553225752512617,1,2,1,"[{""case"":0,""regime"":""lambda3""}]",0.021553225752512617,1,1.0,[],[]
innovation_aux,275000003,train,episode,lambda3,0,train:lambda3:271000001:neural,neural,1,0.07239970469468915,1,5,1,"[{""case"":0,""regime"":""lambda3""}]",0.07239970469468915,1,1.0,[],[]
innovation_aux,275000003,train,episode,lambda3,0,train:lambda3:271000001:period4_hold,period4_hold,1,0.06800070932787475,1,546,1,"[{""case"":0,""regime"":""lambda3""}]",0.06800070932787475,1,1.0,[],[]
innovation_aux,275000003,train,episode,lambda3,1,train:lambda3:271000002:neural,neural,1,0.04276959016699493,1,5,1,"[{""case"":1,""regime"":""lambda3""}]",0.04276959016699493,1,1.0,[],[]
innovation_aux,275000003,train,episode,lambda3,1,train:lambda3:271000002:period4_hold,period4_hold,1,0.04057833628801245,1,546,1,"[{""case"":1,""regime"":""lambda3""}]",0.04057833628801245,1,1.0,[],[]
innovation_aux,275000003,train,episode,lambda3,1,train:lambda3:271000002:analytic,analytic,1,0.09105449243941775,1,7,1,"[{""case"":1,""regime"":""lambda3""}]",0.09105449243941775,1,1.0,[],[]
innovation_aux,275000003,train,episode,lambda3,2,train:lambda3:271000003:period4_hold,period4_hold,1,0.045098694724730486,1,546,1,"[{""case"":2,""regime"":""lambda3""}]",0.045098694724730486,1,1.0,[],[]
innovation_aux,275000003,train,episode,lambda3,2,train:lambda3:271000003:analytic,analytic,1,0.0,1,0,0,[],,0,0.0,"[{""case"":2,""regime"":""lambda3""}]","[""train:lambda3:271000003:analytic""]"
innovation_aux,275000003,train,episode,lambda3,2,train:lambda3:271000003:neural,neural,1,0.0,1,0,0,[],,0,0.0,"[{""case"":2,""regime"":""lambda3""}]","[""train:lambda3:271000003:neural""]"
innovation_aux,275000003,train,episode,lambda3,3,train:lambda3:271000004:analytic,analytic,1,0.09460309824741397,1,16,1,"[{""case"":3,""regime"":""lambda3""}]",0.09460309824741397,1,1.0,[],[]
innovation_aux,275000003,train,episode,lambda3,3,train:lambda3:271000004:neural,neural,1,0.1360144347768713,1,18,1,"[{""case"":3,""regime"":""lambda3""}]",0.1360144347768713,1,1.0,[],[]
innovation_aux,275000003,train,episode,lambda3,3,train:lambda3:271000004:period4_hold,period4_hold,1,0.09857278039194997,1,546,1,"[{""case"":3,""regime"":""lambda3""}]",0.09857278039194997,1,1.0,[],[]
innovation_aux,275000003,train,episode,lambda3,4,train:lambda3:271000005:neural,neural,1,0.02460993121016486,1,2,1,"[{""case"":4,""regime"":""lambda3""}]",0.02460993121016486,1,1.0,[],[]
innovation_aux,275000003,train,episode,lambda3,4,train:lambda3:271000005:period4_hold,period4_hold,1,0.06853851244506631,1,546,1,"[{""case"":4,""regime"":""lambda3""}]",0.06853851244506631,1,1.0,[],[]
innovation_aux,275000003,train,episode,lambda3,4,train:lambda3:271000005:analytic,analytic,1,0.007528193301538977,1,1,1,"[{""case"":4,""regime"":""lambda3""}]",0.007528193301538977,1,1.0,[],[]
innovation_aux,275000003,train,episode,lambda3,5,train:lambda3:271000006:period4_hold,period4_hold,1,0.045876589894534865,1,546,1,"[{""case"":5,""regime"":""lambda3""}]",0.045876589894534865,1,1.0,[],[]
innovation_aux,275000003,train,episode,lambda3,5,train:lambda3:271000006:analytic,analytic,1,0.010456967268652306,1,2,1,"[{""case"":5,""regime"":""lambda3""}]",0.010456967268652306,1,1.0,[],[]
innovation_aux,275000003,train,episode,lambda3,5,train:lambda3:271000006:neural,neural,1,0.025103417035988212,1,3,1,"[{""case"":5,""regime"":""lambda3""}]",0.025103417035988212,1,1.0,[],[]
innovation_aux,275000003,train,episode,lambda3,6,train:lambda3:271000007:analytic,analytic,1,0.0,1,0,0,[],,0,0.0,"[{""case"":6,""regime"":""lambda3""}]","[""train:lambda3:271000007:analytic""]"
innovation_aux,275000003,train,episode,lambda3,6,train:lambda3:271000007:neural,neural,1,0.0,1,0,0,[],,0,0.0,"[{""case"":6,""regime"":""lambda3""}]","[""train:lambda3:271000007:neural""]"
innovation_aux,275000003,train,episode,lambda3,6,train:lambda3:271000007:period4_hold,period4_hold,1,0.0,1,0,0,[],,0,0.0,"[{""case"":6,""regime"":""lambda3""}]","[""train:lambda3:271000007:period4_hold""]"
innovation_aux,275000003,train,episode,lambda3,7,train:lambda3:271000008:neural,neural,1,0.13131739851769014,1,13,1,"[{""case"":7,""regime"":""lambda3""}]",0.13131739851769014,1,1.0,[],[]
innovation_aux,275000003,train,episode,lambda3,7,train:lambda3:271000008:period4_hold,period4_hold,1,0.09467637540498615,1,546,1,"[{""case"":7,""regime"":""lambda3""}]",0.09467637540498615,1,1.0,[],[]
innovation_aux,275000003,train,episode,lambda3,7,train:lambda3:271000008:analytic,analytic,1,0.08296748521529196,1,12,1,"[{""case"":7,""regime"":""lambda3""}]",0.08296748521529196,1,1.0,[],[]
innovation_aux,275000003,train,episode,lambda3,8,train:lambda3:271000009:period4_hold,period4_hold,1,0.0504438067027556,1,546,1,"[{""case"":8,""regime"":""lambda3""}]",0.0504438067027556,1,1.0,[],[]
innovation_aux,275000003,train,episode,lambda3,8,train:lambda3:271000009:analytic,analytic,1,0.15348693041764605,1,4,1,"[{""case"":8,""regime"":""lambda3""}]",0.15348693041764605,1,1.0,[],[]
innovation_aux,275000003,train,episode,lambda3,8,train:lambda3:271000009:neural,neural,1,0.16689999186934018,1,5,1,"[{""case"":8,""regime"":""lambda3""}]",0.16689999186934018,1,1.0,[],[]
innovation_aux,275000003,train,episode,lambda4,0,train:lambda4:272000001:analytic,analytic,1,0.0,1,0,0,[],,0,0.0,"[{""case"":0,""regime"":""lambda4""}]","[""train:lambda4:272000001:analytic""]"
innovation_aux,275000003,train,episode,lambda4,0,train:lambda4:272000001:neural,neural,1,0.06877087504445001,1,8,1,"[{""case"":0,""regime"":""lambda4""}]",0.06877087504445001,1,1.0,[],[]
innovation_aux,275000003,train,episode,lambda4,0,train:lambda4:272000001:period4_hold,period4_hold,1,0.026650832988877937,1,4,1,"[{""case"":0,""regime"":""lambda4""}]",0.026650832988877937,1,1.0,[],[]
innovation_aux,275000003,train,episode,lambda4,1,train:lambda4:272000002:neural,neural,1,0.1054967960304019,1,5,1,"[{""case"":1,""regime"":""lambda4""}]",0.1054967960304019,1,1.0,[],[]
innovation_aux,275000003,train,episode,lambda4,1,train:lambda4:272000002:period4_hold,period4_hold,1,0.05719272054017685,1,546,1,"[{""case"":1,""regime"":""lambda4""}]",0.05719272054017685,1,1.0,[],[]
innovation_aux,275000003,train,episode,lambda4,1,train:lambda4:272000002:analytic,analytic,1,0.04312507054642012,1,4,1,"[{""case"":1,""regime"":""lambda4""}]",0.04312507054642012,1,1.0,[],[]
innovation_aux,275000003,train,episode,lambda4,2,train:lambda4:272000003:period4_hold,period4_hold,1,0.0,1,0,0,[],,0,0.0,"[{""case"":2,""regime"":""lambda4""}]","[""train:lambda4:272000003:period4_hold""]"
innovation_aux,275000003,train,episode,lambda4,2,train:lambda4:272000003:analytic,analytic,1,0.01830742800186158,1,2,1,"[{""case"":2,""regime"":""lambda4""}]",0.01830742800186158,1,1.0,[],[]
innovation_aux,275000003,train,episode,lambda4,2,train:lambda4:272000003:neural,neural,1,0.19651268286513593,1,6,1,"[{""case"":2,""regime"":""lambda4""}]",0.19651268286513593,1,1.0,[],[]
innovation_aux,275000003,train,episode,lambda4,3,train:lambda4:272000004:analytic,analytic,1,0.03192759521880362,1,10,1,"[{""case"":3,""regime"":""lambda4""}]",0.03192759521880362,1,1.0,[],[]
innovation_aux,275000003,train,episode,lambda4,3,train:lambda4:272000004:neural,neural,1,0.049270488531042454,1,11,1,"[{""case"":3,""regime"":""lambda4""}]",0.049270488531042454,1,1.0,[],[]
innovation_aux,275000003,train,episode,lambda4,3,train:lambda4:272000004:period4_hold,period4_hold,1,0.05050361356148869,1,16,1,"[{""case"":3,""regime"":""lambda4""}]",0.05050361356148869,1,1.0,[],[]
innovation_aux,275000003,train,episode,lambda4,4,train:lambda4:272000005:neural,neural,1,0.03443229713786877,1,2,1,"[{""case"":4,""regime"":""lambda4""}]",0.03443229713786877,1,1.0,[],[]
innovation_aux,275000003,train,episode,lambda4,4,train:lambda4:272000005:period4_hold,period4_hold,1,0.055432570791545566,1,546,1,"[{""case"":4,""regime"":""lambda4""}]",0.055432570791545566,1,1.0,[],[]
innovation_aux,275000003,train,episode,lambda4,4,train:lambda4:272000005:analytic,analytic,1,0.0670471605001346,1,4,1,"[{""case"":4,""regime"":""lambda4""}]",0.0670471605001346,1,1.0,[],[]
innovation_aux,275000003,train,episode,lambda4,5,train:lambda4:272000006:period4_hold,period4_hold,1,0.07907915988055013,1,546,1,"[{""case"":5,""regime"":""lambda4""}]",0.07907915988055013,1,1.0,[],[]
innovation_aux,275000003,train,episode,lambda4,5,train:lambda4:272000006:analytic,analytic,1,0.033680668233415645,1,2,1,"[{""case"":5,""regime"":""lambda4""}]",0.033680668233415645,1,1.0,[],[]
innovation_aux,275000003,train,episode,lambda4,5,train:lambda4:272000006:neural,neural,1,0.046228759015302025,1,3,1,"[{""case"":5,""regime"":""lambda4""}]",0.046228759015302025,1,1.0,[],[]
innovation_aux,275000003,train,episode,lambda4,6,train:lambda4:272000007:analytic,analytic,1,0.0287955251141625,1,2,1,"[{""case"":6,""regime"":""lambda4""}]",0.0287955251141625,1,1.0,[],[]
innovation_aux,275000003,train,episode,lambda4,6,train:lambda4:272000007:neural,neural,1,0.05910963541938372,1,5,1,"[{""case"":6,""regime"":""lambda4""}]",0.05910963541938372,1,1.0,[],[]
innovation_aux,275000003,train,episode,lambda4,6,train:lambda4:272000007:period4_hold,period4_hold,1,0.07610912371097299,1,546,1,"[{""case"":6,""regime"":""lambda4""}]",0.07610912371097299,1,1.0,[],[]
innovation_aux,275000003,train,episode,lambda4,7,train:lambda4:272000008:neural,neural,1,0.04481179208394792,1,8,1,"[{""case"":7,""regime"":""lambda4""}]",0.04481179208394792,1,1.0,[],[]
innovation_aux,275000003,train,episode,lambda4,7,train:lambda4:272000008:period4_hold,period4_hold,1,0.01929129188920342,1,1,1,"[{""case"":7,""regime"":""lambda4""}]",0.01929129188920342,1,1.0,[],[]
innovation_aux,275000003,train,episode,lambda4,7,train:lambda4:272000008:analytic,analytic,1,0.10188277806450212,1,9,1,"[{""case"":7,""regime"":""lambda4""}]",0.10188277806450212,1,1.0,[],[]
innovation_aux,275000003,train,episode,lambda4,8,train:lambda4:272000009:period4_hold,period4_hold,1,0.188344644364444,1,6,1,"[{""case"":8,""regime"":""lambda4""}]",0.188344644364444,1,1.0,[],[]
innovation_aux,275000003,train,episode,lambda4,8,train:lambda4:272000009:analytic,analytic,1,0.024515449450973392,1,1,1,"[{""case"":8,""regime"":""lambda4""}]",0.024515449450973392,1,1.0,[],[]
innovation_aux,275000003,train,episode,lambda4,8,train:lambda4:272000009:neural,neural,1,0.14128932208652714,1,5,1,"[{""case"":8,""regime"":""lambda4""}]",0.14128932208652714,1,1.0,[],[]
innovation_mse,275000003,train,overall,,,,,18,0.15010270451462399,54,6761,17,"[{""case"":0,""regime"":""lambda3""},{""case"":1,""regime"":""lambda3""},{""case"":2,""regime"":""lambda3""},{""case"":3,""regime"":""lambda3""},{""case"":4,""regime"":""lambda3""},{""case"":5,""regime"":""lambda3""},{""case"":7,""regime"":""lambda3""},{""case"":8,""regime"":""lambda3""},{""case"":0,""regime"":""lambda4""},{""case"":1,""regime"":""lambda4""},{""case"":2,""regime"":""lambda4""},{""case"":3,""regime"":""lambda4""},{""case"":4,""regime"":""lambda4""},{""case"":5,""regime"":""lambda4""},{""case"":6,""regime"":""lambda4""},{""case"":7,""regime"":""lambda4""},{""case"":8,""regime"":""lambda4""}]",0.17245842646361054,47,0.8703703703703703,"[{""case"":6,""regime"":""lambda3""}]","[""train:lambda3:271000003:analytic"",""train:lambda3:271000003:neural"",""train:lambda3:271000007:analytic"",""train:lambda3:271000007:neural"",""train:lambda3:271000007:period4_hold"",""train:lambda4:272000001:analytic"",""train:lambda4:272000003:period4_hold""]"
innovation_mse,275000003,train,regime,lambda3,,,,9,0.15700892702295957,27,4463,8,"[{""case"":0,""regime"":""lambda3""},{""case"":1,""regime"":""lambda3""},{""case"":2,""regime"":""lambda3""},{""case"":3,""regime"":""lambda3""},{""case"":4,""regime"":""lambda3""},{""case"":5,""regime"":""lambda3""},{""case"":7,""regime"":""lambda3""},{""case"":8,""regime"":""lambda3""}]",0.1926927740736322,22,0.8148148148148148,"[{""case"":6,""regime"":""lambda3""}]","[""train:lambda3:271000003:analytic"",""train:lambda3:271000003:neural"",""train:lambda3:271000007:analytic"",""train:lambda3:271000007:neural"",""train:lambda3:271000007:period4_hold""]"
innovation_mse,275000003,train,regime,lambda4,,,,9,0.14319648200628843,27,2298,9,"[{""case"":0,""regime"":""lambda4""},{""case"":1,""regime"":""lambda4""},{""case"":2,""regime"":""lambda4""},{""case"":3,""regime"":""lambda4""},{""case"":4,""regime"":""lambda4""},{""case"":5,""regime"":""lambda4""},{""case"":6,""regime"":""lambda4""},{""case"":7,""regime"":""lambda4""},{""case"":8,""regime"":""lambda4""}]",0.1546522005667915,25,0.9259259259259259,[],"[""train:lambda4:272000001:analytic"",""train:lambda4:272000003:period4_hold""]"
innovation_mse,275000003,train,case,lambda3,0,,,1,0.1514931476600893,3,553,1,"[{""case"":0,""regime"":""lambda3""}]",0.1514931476600893,3,1.0,[],[]
innovation_mse,275000003,train,case,lambda3,1,,,1,0.12927851681261854,3,558,1,"[{""case"":1,""regime"":""lambda3""}]",0.12927851681261854,3,1.0,[],[]
innovation_mse,275000003,train,case,lambda3,2,,,1,0.06021133445236679,3,546,1,"[{""case"":2,""regime"":""lambda3""}]",0.18063400335710036,1,0.3333333333333333,[],"[""train:lambda3:271000003:analytic"",""train:lambda3:271000003:neural""]"
innovation_mse,275000003,train,case,lambda3,3,,,1,0.22400992972679554,3,580,1,"[{""case"":3,""regime"":""lambda3""}]",0.22400992972679554,3,1.0,[],[]
innovation_mse,275000003,train,case,lambda3,4,,,1,0.10856059570649312,3,549,1,"[{""case"":4,""regime"":""lambda3""}]",0.10856059570649312,3,1.0,[],[]
innovation_mse,275000003,train,case,lambda3,5,,,1,0.11506304505723071,3,551,1,"[{""case"":5,""regime"":""lambda3""}]",0.11506304505723071,3,1.0,[],[]
innovation_mse,275000003,train,case,lambda3,6,,,1,0.0,3,0,0,[],,0,0.0,"[{""case"":6,""regime"":""lambda3""}]","[""train:lambda3:271000007:analytic"",""train:lambda3:271000007:neural"",""train:lambda3:271000007:period4_hold""]"
innovation_mse,275000003,train,case,lambda3,7,,,1,0.2315111387061822,3,571,1,"[{""case"":7,""regime"":""lambda3""}]",0.2315111387061822,3,1.0,[],[]
innovation_mse,275000003,train,case,lambda3,8,,,1,0.39295263508485995,3,555,1,"[{""case"":8,""regime"":""lambda3""}]",0.39295263508485995,3,1.0,[],[]
innovation_mse,275000003,train,case,lambda4,0,,,1,0.06907543570879444,3,12,1,"[{""case"":0,""regime"":""lambda4""}]",0.10361315356319167,2,0.6666666666666666,[],"[""train:lambda4:272000001:analytic""]"
innovation_mse,275000003,train,case,lambda4,1,,,1,0.1750530786397079,3,555,1,"[{""case"":1,""regime"":""lambda4""}]",0.1750530786397079,3,1.0,[],[]
innovation_mse,275000003,train,case,lambda4,2,,,1,0.09325697234850279,3,8,1,"[{""case"":2,""regime"":""lambda4""}]",0.1398854585227542,2,0.6666666666666666,[],"[""train:lambda4:272000003:period4_hold""]"
innovation_mse,275000003,train,case,lambda4,3,,,1,0.06630888949592322,3,37,1,"[{""case"":3,""regime"":""lambda4""}]",0.06630888949592322,3,1.0,[],[]
innovation_mse,275000003,train,case,lambda4,4,,,1,0.17667979836121286,3,552,1,"[{""case"":4,""regime"":""lambda4""}]",0.17667979836121286,3,1.0,[],[]
innovation_mse,275000003,train,case,lambda4,5,,,1,0.2010313586412168,3,551,1,"[{""case"":5,""regime"":""lambda4""}]",0.2010313586412168,3,1.0,[],[]
innovation_mse,275000003,train,case,lambda4,6,,,1,0.15294970571473918,3,553,1,"[{""case"":6,""regime"":""lambda4""}]",0.15294970571473918,3,1.0,[],[]
innovation_mse,275000003,train,case,lambda4,7,,,1,0.07896035814302296,3,18,1,"[{""case"":7,""regime"":""lambda4""}]",0.07896035814302296,3,1.0,[],[]
innovation_mse,275000003,train,case,lambda4,8,,,1,0.27545274100347555,3,12,1,"[{""case"":8,""regime"":""lambda4""}]",0.27545274100347555,3,1.0,[],[]
innovation_mse,275000003,train,episode,lambda3,0,train:lambda3:271000001:analytic,analytic,1,0.140424341044735,1,2,1,"[{""case"":0,""regime"":""lambda3""}]",0.140424341044735,1,1.0,[],[]
innovation_mse,275000003,train,episode,lambda3,0,train:lambda3:271000001:neural,neural,1,0.10469026671274548,1,5,1,"[{""case"":0,""regime"":""lambda3""}]",0.10469026671274548,1,1.0,[],[]
innovation_mse,275000003,train,episode,lambda3,0,train:lambda3:271000001:period4_hold,period4_hold,1,0.20936483522278745,1,546,1,"[{""case"":0,""regime"":""lambda3""}]",0.20936483522278745,1,1.0,[],[]
innovation_mse,275000003,train,episode,lambda3,1,train:lambda3:271000002:neural,neural,1,0.08700347361757395,1,5,1,"[{""case"":1,""regime"":""lambda3""}]",0.08700347361757395,1,1.0,[],[]
innovation_mse,275000003,train,episode,lambda3,1,train:lambda3:271000002:period4_hold,period4_hold,1,0.18388246734261182,1,546,1,"[{""case"":1,""regime"":""lambda3""}]",0.18388246734261182,1,1.0,[],[]
innovation_mse,275000003,train,episode,lambda3,1,train:lambda3:271000002:analytic,analytic,1,0.11694960947766983,1,7,1,"[{""case"":1,""regime"":""lambda3""}]",0.11694960947766983,1,1.0,[],[]
innovation_mse,275000003,train,episode,lambda3,2,train:lambda3:271000003:period4_hold,period4_hold,1,0.18063400335710036,1,546,1,"[{""case"":2,""regime"":""lambda3""}]",0.18063400335710036,1,1.0,[],[]
innovation_mse,275000003,train,episode,lambda3,2,train:lambda3:271000003:analytic,analytic,1,0.0,1,0,0,[],,0,0.0,"[{""case"":2,""regime"":""lambda3""}]","[""train:lambda3:271000003:analytic""]"
innovation_mse,275000003,train,episode,lambda3,2,train:lambda3:271000003:neural,neural,1,0.0,1,0,0,[],,0,0.0,"[{""case"":2,""regime"":""lambda3""}]","[""train:lambda3:271000003:neural""]"
innovation_mse,275000003,train,episode,lambda3,3,train:lambda3:271000004:analytic,analytic,1,0.15615719293031827,1,16,1,"[{""case"":3,""regime"":""lambda3""}]",0.15615719293031827,1,1.0,[],[]
innovation_mse,275000003,train,episode,lambda3,3,train:lambda3:271000004:neural,neural,1,0.18693042783785785,1,18,1,"[{""case"":3,""regime"":""lambda3""}]",0.18693042783785785,1,1.0,[],[]
innovation_mse,275000003,train,episode,lambda3,3,train:lambda3:271000004:period4_hold,period4_hold,1,0.3289421684122104,1,546,1,"[{""case"":3,""regime"":""lambda3""}]",0.3289421684122104,1,1.0,[],[]
innovation_mse,275000003,train,episode,lambda3,4,train:lambda3:271000005:neural,neural,1,0.07205709650324366,1,2,1,"[{""case"":4,""regime"":""lambda3""}]",0.07205709650324366,1,1.0,[],[]
innovation_mse,275000003,train,episode,lambda3,4,train:lambda3:271000005:period4_hold,period4_hold,1,0.1787202210102389,1,546,1,"[{""case"":4,""regime"":""lambda3""}]",0.1787202210102389,1,1.0,[],[]
innovation_mse,275000003,train,episode,lambda3,4,train:lambda3:271000005:analytic,analytic,1,0.07490446960599684,1,1,1,"[{""case"":4,""regime"":""lambda3""}]",0.07490446960599684,1,1.0,[],[]
innovation_mse,275000003,train,episode,lambda3,5,train:lambda3:271000006:period4_hold,period4_hold,1,0.18585861791363173,1,546,1,"[{""case"":5,""regime"":""lambda3""}]",0.18585861791363173,1,1.0,[],[]
innovation_mse,275000003,train,episode,lambda3,5,train:lambda3:271000006:analytic,analytic,1,0.04432653570680145,1,2,1,"[{""case"":5,""regime"":""lambda3""}]",0.04432653570680145,1,1.0,[],[]
innovation_mse,275000003,train,episode,lambda3,5,train:lambda3:271000006:neural,neural,1,0.11500398155125897,1,3,1,"[{""case"":5,""regime"":""lambda3""}]",0.11500398155125897,1,1.0,[],[]
innovation_mse,275000003,train,episode,lambda3,6,train:lambda3:271000007:analytic,analytic,1,0.0,1,0,0,[],,0,0.0,"[{""case"":6,""regime"":""lambda3""}]","[""train:lambda3:271000007:analytic""]"
innovation_mse,275000003,train,episode,lambda3,6,train:lambda3:271000007:neural,neural,1,0.0,1,0,0,[],,0,0.0,"[{""case"":6,""regime"":""lambda3""}]","[""train:lambda3:271000007:neural""]"
innovation_mse,275000003,train,episode,lambda3,6,train:lambda3:271000007:period4_hold,period4_hold,1,0.0,1,0,0,[],,0,0.0,"[{""case"":6,""regime"":""lambda3""}]","[""train:lambda3:271000007:period4_hold""]"
innovation_mse,275000003,train,episode,lambda3,7,train:lambda3:271000008:neural,neural,1,0.226153010801008,1,13,1,"[{""case"":7,""regime"":""lambda3""}]",0.226153010801008,1,1.0,[],[]
innovation_mse,275000003,train,episode,lambda3,7,train:lambda3:271000008:period4_hold,period4_hold,1,0.3322173226156496,1,546,1,"[{""case"":7,""regime"":""lambda3""}]",0.3322173226156496,1,1.0,[],[]
innovation_mse,275000003,train,episode,lambda3,7,train:lambda3:271000008:analytic,analytic,1,0.136163082701889,1,12,1,"[{""case"":7,""regime"":""lambda3""}]",0.136163082701889,1,1.0,[],[]
innovation_mse,275000003,train,episode,lambda3,8,train:lambda3:271000009:period4_hold,period4_hold,1,0.2227380012040391,1,546,1,"[{""case"":8,""regime"":""lambda3""}]",0.2227380012040391,1,1.0,[],[]
innovation_mse,275000003,train,episode,lambda3,8,train:lambda3:271000009:analytic,analytic,1,0.3892614365604423,1,4,1,"[{""case"":8,""regime"":""lambda3""}]",0.3892614365604423,1,1.0,[],[]
innovation_mse,275000003,train,episode,lambda3,8,train:lambda3:271000009:neural,neural,1,0.5668584674900984,1,5,1,"[{""case"":8,""regime"":""lambda3""}]",0.5668584674900984,1,1.0,[],[]
innovation_mse,275000003,train,episode,lambda4,0,train:lambda4:272000001:analytic,analytic,1,0.0,1,0,0,[],,0,0.0,"[{""case"":0,""regime"":""lambda4""}]","[""train:lambda4:272000001:analytic""]"
innovation_mse,275000003,train,episode,lambda4,0,train:lambda4:272000001:neural,neural,1,0.12178579073125917,1,8,1,"[{""case"":0,""regime"":""lambda4""}]",0.12178579073125917,1,1.0,[],[]
innovation_mse,275000003,train,episode,lambda4,0,train:lambda4:272000001:period4_hold,period4_hold,1,0.08544051639512418,1,4,1,"[{""case"":0,""regime"":""lambda4""}]",0.08544051639512418,1,1.0,[],[]
innovation_mse,275000003,train,episode,lambda4,1,train:lambda4:272000002:neural,neural,1,0.17155590405772259,1,5,1,"[{""case"":1,""regime"":""lambda4""}]",0.17155590405772259,1,1.0,[],[]
innovation_mse,275000003,train,episode,lambda4,1,train:lambda4:272000002:period4_hold,period4_hold,1,0.24009324366433038,1,546,1,"[{""case"":1,""regime"":""lambda4""}]",0.24009324366433038,1,1.0,[],[]
innovation_mse,275000003,train,episode,lambda4,1,train:lambda4:272000002:analytic,analytic,1,0.11351008819707076,1,4,1,"[{""case"":1,""regime"":""lambda4""}]",0.11351008819707076,1,1.0,[],[]
innovation_mse,275000003,train,episode,lambda4,2,train:lambda4:272000003:period4_hold,period4_hold,1,0.0,1,0,0,[],,0,0.0,"[{""case"":2,""regime"":""lambda4""}]","[""train:lambda4:272000003:period4_hold""]"
innovation_mse,275000003,train,episode,lambda4,2,train:lambda4:272000003:analytic,analytic,1,0.030079225563213186,1,2,1,"[{""case"":2,""regime"":""lambda4""}]",0.030079225563213186,1,1.0,[],[]
innovation_mse,275000003,train,episode,lambda4,2,train:lambda4:272000003:neural,neural,1,0.24969169148229517,1,6,1,"[{""case"":2,""regime"":""lambda4""}]",0.24969169148229517,1,1.0,[],[]
innovation_mse,275000003,train,episode,lambda4,3,train:lambda4:272000004:analytic,analytic,1,0.0517084777373384,1,10,1,"[{""case"":3,""regime"":""lambda4""}]",0.0517084777373384,1,1.0,[],[]
innovation_mse,275000003,train,episode,lambda4,3,train:lambda4:272000004:neural,neural,1,0.08333686680247804,1,11,1,"[{""case"":3,""regime"":""lambda4""}]",0.08333686680247804,1,1.0,[],[]
innovation_mse,275000003,train,episode,lambda4,3,train:lambda4:272000004:period4_hold,period4_hold,1,0.0638813239479532,1,16,1,"[{""case"":3,""regime"":""lambda4""}]",0.0638813239479532,1,1.0,[],[]
innovation_mse,275000003,train,episode,lambda4,4,train:lambda4:272000005:neural,neural,1,0.01816534739873532,1,2,1,"[{""case"":4,""regime"":""lambda4""}]",0.01816534739873532,1,1.0,[],[]
innovation_mse,275000003,train,episode,lambda4,4,train:lambda4:272000005:period4_hold,period4_hold,1,0.18381024435699939,1,546,1,"[{""case"":4,""regime"":""lambda4""}]",0.18381024435699939,1,1.0,[],[]
innovation_mse,275000003,train,episode,lambda4,4,train:lambda4:272000005:analytic,analytic,1,0.32806380332790397,1,4,1,"[{""case"":4,""regime"":""lambda4""}]",0.32806380332790397,1,1.0,[],[]
innovation_mse,275000003,train,episode,lambda4,5,train:lambda4:272000006:period4_hold,period4_hold,1,0.2863563161348379,1,546,1,"[{""case"":5,""regime"":""lambda4""}]",0.2863563161348379,1,1.0,[],[]
innovation_mse,275000003,train,episode,lambda4,5,train:lambda4:272000006:analytic,analytic,1,0.08607240113980197,1,2,1,"[{""case"":5,""regime"":""lambda4""}]",0.08607240113980197,1,1.0,[],[]
innovation_mse,275000003,train,episode,lambda4,5,train:lambda4:272000006:neural,neural,1,0.23066535864901047,1,3,1,"[{""case"":5,""regime"":""lambda4""}]",0.23066535864901047,1,1.0,[],[]
innovation_mse,275000003,train,episode,lambda4,6,train:lambda4:272000007:analytic,analytic,1,0.0676417578997075,1,2,1,"[{""case"":6,""regime"":""lambda4""}]",0.0676417578997075,1,1.0,[],[]
innovation_mse,275000003,train,episode,lambda4,6,train:lambda4:272000007:neural,neural,1,0.19034902476622334,1,5,1,"[{""case"":6,""regime"":""lambda4""}]",0.19034902476622334,1,1.0,[],[]
innovation_mse,275000003,train,episode,lambda4,6,train:lambda4:272000007:period4_hold,period4_hold,1,0.20085833447828666,1,546,1,"[{""case"":6,""regime"":""lambda4""}]",0.20085833447828666,1,1.0,[],[]
innovation_mse,275000003,train,episode,lambda4,7,train:lambda4:272000008:neural,neural,1,0.057781148220897194,1,8,1,"[{""case"":7,""regime"":""lambda4""}]",0.057781148220897194,1,1.0,[],[]
innovation_mse,275000003,train,episode,lambda4,7,train:lambda4:272000008:period4_hold,period4_hold,1,0.018029668467534066,1,1,1,"[{""case"":7,""regime"":""lambda4""}]",0.018029668467534066,1,1.0,[],[]
innovation_mse,275000003,train,episode,lambda4,7,train:lambda4:272000008:analytic,analytic,1,0.16107025774063763,1,9,1,"[{""case"":7,""regime"":""lambda4""}]",0.16107025774063763,1,1.0,[],[]
innovation_mse,275000003,train,episode,lambda4,8,train:lambda4:272000009:period4_hold,period4_hold,1,0.3088779262881663,1,6,1,"[{""case"":8,""regime"":""lambda4""}]",0.3088779262881663,1,1.0,[],[]
innovation_mse,275000003,train,episode,lambda4,8,train:lambda4:272000009:analytic,analytic,1,0.183673256264683,1,1,1,"[{""case"":8,""regime"":""lambda4""}]",0.183673256264683,1,1.0,[],[]
innovation_mse,275000003,train,episode,lambda4,8,train:lambda4:272000009:neural,neural,1,0.33380704045757736,1,5,1,"[{""case"":8,""regime"":""lambda4""}]",0.33380704045757736,1,1.0,[],[]
innovation_gru_mse,275000003,train,overall,,,,,18,0.09603147881401279,54,6761,17,"[{""case"":0,""regime"":""lambda3""},{""case"":1,""regime"":""lambda3""},{""case"":2,""regime"":""lambda3""},{""case"":3,""regime"":""lambda3""},{""case"":4,""regime"":""lambda3""},{""case"":5,""regime"":""lambda3""},{""case"":7,""regime"":""lambda3""},{""case"":8,""regime"":""lambda3""},{""case"":0,""regime"":""lambda4""},{""case"":1,""regime"":""lambda4""},{""case"":2,""regime"":""lambda4""},{""case"":3,""regime"":""lambda4""},{""case"":4,""regime"":""lambda4""},{""case"":5,""regime"":""lambda4""},{""case"":6,""regime"":""lambda4""},{""case"":7,""regime"":""lambda4""},{""case"":8,""regime"":""lambda4""}]",0.11033403948844023,47,0.8703703703703703,"[{""case"":6,""regime"":""lambda3""}]","[""train:lambda3:271000003:analytic"",""train:lambda3:271000003:neural"",""train:lambda3:271000007:analytic"",""train:lambda3:271000007:neural"",""train:lambda3:271000007:period4_hold"",""train:lambda4:272000001:analytic"",""train:lambda4:272000003:period4_hold""]"
innovation_gru_mse,275000003,train,regime,lambda3,,,,9,0.08796264044485591,27,4463,8,"[{""case"":0,""regime"":""lambda3""},{""case"":1,""regime"":""lambda3""},{""case"":2,""regime"":""lambda3""},{""case"":3,""regime"":""lambda3""},{""case"":4,""regime"":""lambda3""},{""case"":5,""regime"":""lambda3""},{""case"":7,""regime"":""lambda3""},{""case"":8,""regime"":""lambda3""}]",0.10795414963686861,22,0.8148148148148148,"[{""case"":6,""regime"":""lambda3""}]","[""train:lambda3:271000003:analytic"",""train:lambda3:271000003:neural"",""train:lambda3:271000007:analytic"",""train:lambda3:271000007:neural"",""train:lambda3:271000007:period4_hold""]"
innovation_gru_mse,275000003,train,regime,lambda4,,,,9,0.10410031718316969,27,2298,9,"[{""case"":0,""regime"":""lambda4""},{""case"":1,""regime"":""lambda4""},{""case"":2,""regime"":""lambda4""},{""case"":3,""regime"":""lambda4""},{""case"":4,""regime"":""lambda4""},{""case"":5,""regime"":""lambda4""},{""case"":6,""regime"":""lambda4""},{""case"":7,""regime"":""lambda4""},{""case"":8,""regime"":""lambda4""}]",0.11242834255782325,25,0.9259259259259259,[],"[""train:lambda4:272000001:analytic"",""train:lambda4:272000003:period4_hold""]"
innovation_gru_mse,275000003,train,case,lambda3,0,,,1,0.08224461619455954,3,553,1,"[{""case"":0,""regime"":""lambda3""}]",0.08224461619455954,3,1.0,[],[]
innovation_gru_mse,275000003,train,case,lambda3,1,,,1,0.12352296057590716,3,558,1,"[{""case"":1,""regime"":""lambda3""}]",0.12352296057590716,3,1.0,[],[]
innovation_gru_mse,275000003,train,case,lambda3,2,,,1,0.020495109772313818,3,546,1,"[{""case"":2,""regime"":""lambda3""}]",0.06148532931694145,1,0.3333333333333333,[],"[""train:lambda3:271000003:analytic"",""train:lambda3:271000003:neural""]"
innovation_gru_mse,275000003,train,case,lambda3,3,,,1,0.15801599505239514,3,580,1,"[{""case"":3,""regime"":""lambda3""}]",0.15801599505239514,3,1.0,[],[]
innovation_gru_mse,275000003,train,case,lambda3,4,,,1,0.026633291989205544,3,549,1,"[{""case"":4,""regime"":""lambda3""}]",0.026633291989205544,3,1.0,[],[]
innovation_gru_mse,275000003,train,case,lambda3,5,,,1,0.05156811227671632,3,551,1,"[{""case"":5,""regime"":""lambda3""}]",0.05156811227671632,3,1.0,[],[]
innovation_gru_mse,275000003,train,case,lambda3,6,,,1,0.0,3,0,0,[],,0,0.0,"[{""case"":6,""regime"":""lambda3""}]","[""train:lambda3:271000007:analytic"",""train:lambda3:271000007:neural"",""train:lambda3:271000007:period4_hold""]"
innovation_gru_mse,275000003,train,case,lambda3,7,,,1,0.12010386440687248,3,571,1,"[{""case"":7,""regime"":""lambda3""}]",0.12010386440687248,3,1.0,[],[]
innovation_gru_mse,275000003,train,case,lambda3,8,,,1,0.20907981373573312,3,555,1,"[{""case"":8,""regime"":""lambda3""}]",0.20907981373573312,3,1.0,[],[]
innovation_gru_mse,275000003,train,case,lambda4,0,,,1,0.05356652257723008,3,12,1,"[{""case"":0,""regime"":""lambda4""}]",0.08034978386584513,2,0.6666666666666666,[],"[""train:lambda4:272000001:analytic""]"
innovation_gru_mse,275000003,train,case,lambda4,1,,,1,0.12537789956856024,3,555,1,"[{""case"":1,""regime"":""lambda4""}]",0.12537789956856024,3,1.0,[],[]
innovation_gru_mse,275000003,train,case,lambda4,2,,,1,0.056451315734284274,3,8,1,"[{""case"":2,""regime"":""lambda4""}]",0.08467697360142641,2,0.6666666666666666,[],"[""train:lambda4:272000003:period4_hold""]"
innovation_gru_mse,275000003,train,case,lambda4,3,,,1,0.06995962906094029,3,37,1,"[{""case"":3,""regime"":""lambda4""}]",0.06995962906094029,3,1.0,[],[]
innovation_gru_mse,275000003,train,case,lambda4,4,,,1,0.1554863775101125,3,552,1,"[{""case"":4,""regime"":""lambda4""}]",0.1554863775101125,3,1.0,[],[]
innovation_gru_mse,275000003,train,case,lambda4,5,,,1,0.10431804291442627,3,551,1,"[{""case"":5,""regime"":""lambda4""}]",0.10431804291442627,3,1.0,[],[]
innovation_gru_mse,275000003,train,case,lambda4,6,,,1,0.09876018818503172,3,553,1,"[{""case"":6,""regime"":""lambda4""}]",0.09876018818503172,3,1.0,[],[]
innovation_gru_mse,275000003,train,case,lambda4,7,,,1,0.06371468585875088,3,18,1,"[{""case"":7,""regime"":""lambda4""}]",0.06371468585875088,3,1.0,[],[]
innovation_gru_mse,275000003,train,case,lambda4,8,,,1,0.20926819323919088,3,12,1,"[{""case"":8,""regime"":""lambda4""}]",0.20926819323919088,3,1.0,[],[]
innovation_gru_mse,275000003,train,episode,lambda3,0,train:lambda3:271000001:analytic,analytic,1,0.0799897474814486,1,2,1,"[{""case"":0,""regime"":""lambda3""}]",0.0799897474814486,1,1.0,[],[]
innovation_gru_mse,275000003,train,episode,lambda3,0,train:lambda3:271000001:neural,neural,1,0.057131422693984746,1,5,1,"[{""case"":0,""regime"":""lambda3""}]",0.057131422693984746,1,1.0,[],[]
innovation_gru_mse,275000003,train,episode,lambda3,0,train:lambda3:271000001:period4_hold,period4_hold,1,0.10961267840824528,1,546,1,"[{""case"":0,""regime"":""lambda3""}]",0.10961267840824528,1,1.0,[],[]
innovation_gru_mse,275000003,train,episode,lambda3,1,train:lambda3:271000002:neural,neural,1,0.09064845989439618,1,5,1,"[{""case"":1,""regime"":""lambda3""}]",0.09064845989439618,1,1.0,[],[]
innovation_gru_mse,275000003,train,episode,lambda3,1,train:lambda3:271000002:period4_hold,period4_hold,1,0.08409665975503834,1,546,1,"[{""case"":1,""regime"":""lambda3""}]",0.08409665975503834,1,1.0,[],[]
innovation_gru_mse,275000003,train,episode,lambda3,1,train:lambda3:271000002:analytic,analytic,1,0.19582376207828694,1,7,1,"[{""case"":1,""regime"":""lambda3""}]",0.19582376207828694,1,1.0,[],[]
innovation_gru_mse,275000003,train,episode,lambda3,2,train:lambda3:271000003:period4_hold,period4_hold,1,0.06148532931694145,1,546,1,"[{""case"":2,""regime"":""lambda3""}]",0.06148532931694145,1,1.0,[],[]
innovation_gru_mse,275000003,train,episode,lambda3,2,train:lambda3:271000003:analytic,analytic,1,0.0,1,0,0,[],,0,0.0,"[{""case"":2,""regime"":""lambda3""}]","[""train:lambda3:271000003:analytic""]"
innovation_gru_mse,275000003,train,episode,lambda3,2,train:lambda3:271000003:neural,neural,1,0.0,1,0,0,[],,0,0.0,"[{""case"":2,""regime"":""lambda3""}]","[""train:lambda3:271000003:neural""]"
innovation_gru_mse,275000003,train,episode,lambda3,3,train:lambda3:271000004:analytic,analytic,1,0.1260220010645794,1,16,1,"[{""case"":3,""regime"":""lambda3""}]",0.1260220010645794,1,1.0,[],[]
innovation_gru_mse,275000003,train,episode,lambda3,3,train:lambda3:271000004:neural,neural,1,0.16528990458289725,1,18,1,"[{""case"":3,""regime"":""lambda3""}]",0.16528990458289725,1,1.0,[],[]
innovation_gru_mse,275000003,train,episode,lambda3,3,train:lambda3:271000004:period4_hold,period4_hold,1,0.1827360795097088,1,546,1,"[{""case"":3,""regime"":""lambda3""}]",0.1827360795097088,1,1.0,[],[]
innovation_gru_mse,275000003,train,episode,lambda3,4,train:lambda3:271000005:neural,neural,1,0.011708400603936298,1,2,1,"[{""case"":4,""regime"":""lambda3""}]",0.011708400603936298,1,1.0,[],[]
innovation_gru_mse,275000003,train,episode,lambda3,4,train:lambda3:271000005:period4_hold,period4_hold,1,0.06315542088021145,1,546,1,"[{""case"":4,""regime"":""lambda3""}]",0.06315542088021145,1,1.0,[],[]
innovation_gru_mse,275000003,train,episode,lambda3,4,train:lambda3:271000005:analytic,analytic,1,0.005036054483468888,1,1,1,"[{""case"":4,""regime"":""lambda3""}]",0.005036054483468888,1,1.0,[],[]
innovation_gru_mse,275000003,train,episode,lambda3,5,train:lambda3:271000006:period4_hold,period4_hold,1,0.08533629566438466,1,546,1,"[{""case"":5,""regime"":""lambda3""}]",0.08533629566438466,1,1.0,[],[]
innovation_gru_mse,275000003,train,episode,lambda3,5,train:lambda3:271000006:analytic,analytic,1,0.02909278455095432,1,2,1,"[{""case"":5,""regime"":""lambda3""}]",0.02909278455095432,1,1.0,[],[]
innovation_gru_mse,275000003,train,episode,lambda3,5,train:lambda3:271000006:neural,neural,1,0.04027525661480998,1,3,1,"[{""case"":5,""regime"":""lambda3""}]",0.04027525661480998,1,1.0,[],[]
innovation_gru_mse,275000003,train,episode,lambda3,6,train:lambda3:271000007:analytic,analytic,1,0.0,1,0,0,[],,0,0.0,"[{""case"":6,""regime"":""lambda3""}]","[""train:lambda3:271000007:analytic""]"
innovation_gru_mse,275000003,train,episode,lambda3,6,train:lambda3:271000007:neural,neural,1,0.0,1,0,0,[],,0,0.0,"[{""case"":6,""regime"":""lambda3""}]","[""train:lambda3:271000007:neural""]"
innovation_gru_mse,275000003,train,episode,lambda3,6,train:lambda3:271000007:period4_hold,period4_hold,1,0.0,1,0,0,[],,0,0.0,"[{""case"":6,""regime"":""lambda3""}]","[""train:lambda3:271000007:period4_hold""]"
innovation_gru_mse,275000003,train,episode,lambda3,7,train:lambda3:271000008:neural,neural,1,0.16534656442172052,1,13,1,"[{""case"":7,""regime"":""lambda3""}]",0.16534656442172052,1,1.0,[],[]
innovation_gru_mse,275000003,train,episode,lambda3,7,train:lambda3:271000008:period4_hold,period4_hold,1,0.09618568141240957,1,546,1,"[{""case"":7,""regime"":""lambda3""}]",0.09618568141240957,1,1.0,[],[]
innovation_gru_mse,275000003,train,episode,lambda3,7,train:lambda3:271000008:analytic,analytic,1,0.09877934738648737,1,12,1,"[{""case"":7,""regime"":""lambda3""}]",0.09877934738648737,1,1.0,[],[]
innovation_gru_mse,275000003,train,episode,lambda3,8,train:lambda3:271000009:period4_hold,period4_hold,1,0.09738243103351157,1,546,1,"[{""case"":8,""regime"":""lambda3""}]",0.09738243103351157,1,1.0,[],[]
innovation_gru_mse,275000003,train,episode,lambda3,8,train:lambda3:271000009:analytic,analytic,1,0.21572085514608474,1,4,1,"[{""case"":8,""regime"":""lambda3""}]",0.21572085514608474,1,1.0,[],[]
innovation_gru_mse,275000003,train,episode,lambda3,8,train:lambda3:271000009:neural,neural,1,0.31413615502760306,1,5,1,"[{""case"":8,""regime"":""lambda3""}]",0.31413615502760306,1,1.0,[],[]
innovation_gru_mse,275000003,train,episode,lambda4,0,train:lambda4:272000001:analytic,analytic,1,0.0,1,0,0,[],,0,0.0,"[{""case"":0,""regime"":""lambda4""}]","[""train:lambda4:272000001:analytic""]"
innovation_gru_mse,275000003,train,episode,lambda4,0,train:lambda4:272000001:neural,neural,1,0.10300559211771798,1,8,1,"[{""case"":0,""regime"":""lambda4""}]",0.10300559211771798,1,1.0,[],[]
innovation_gru_mse,275000003,train,episode,lambda4,0,train:lambda4:272000001:period4_hold,period4_hold,1,0.05769397561397227,1,4,1,"[{""case"":0,""regime"":""lambda4""}]",0.05769397561397227,1,1.0,[],[]
innovation_gru_mse,275000003,train,episode,lambda4,1,train:lambda4:272000002:neural,neural,1,0.1733148574813832,1,5,1,"[{""case"":1,""regime"":""lambda4""}]",0.1733148574813832,1,1.0,[],[]
innovation_gru_mse,275000003,train,episode,lambda4,1,train:lambda4:272000002:period4_hold,period4_hold,1,0.06660990637098996,1,546,1,"[{""case"":1,""regime"":""lambda4""}]",0.06660990637098996,1,1.0,[],[]
innovation_gru_mse,275000003,train,episode,lambda4,1,train:lambda4:272000002:analytic,analytic,1,0.13620893485330754,1,4,1,"[{""case"":1,""regime"":""lambda4""}]",0.13620893485330754,1,1.0,[],[]
innovation_gru_mse,275000003,train,episode,lambda4,2,train:lambda4:272000003:period4_hold,period4_hold,1,0.0,1,0,0,[],,0,0.0,"[{""case"":2,""regime"":""lambda4""}]","[""train:lambda4:272000003:period4_hold""]"
innovation_gru_mse,275000003,train,episode,lambda4,2,train:lambda4:272000003:analytic,analytic,1,0.010509446583228055,1,2,1,"[{""case"":2,""regime"":""lambda4""}]",0.010509446583228055,1,1.0,[],[]
innovation_gru_mse,275000003,train,episode,lambda4,2,train:lambda4:272000003:neural,neural,1,0.15884450061962477,1,6,1,"[{""case"":2,""regime"":""lambda4""}]",0.15884450061962477,1,1.0,[],[]
innovation_gru_mse,275000003,train,episode,lambda4,3,train:lambda4:272000004:analytic,analytic,1,0.03911709113663164,1,10,1,"[{""case"":3,""regime"":""lambda4""}]",0.03911709113663164,1,1.0,[],[]
innovation_gru_mse,275000003,train,episode,lambda4,3,train:lambda4:272000004:neural,neural,1,0.0749077929649037,1,11,1,"[{""case"":3,""regime"":""lambda4""}]",0.0749077929649037,1,1.0,[],[]
innovation_gru_mse,275000003,train,episode,lambda4,3,train:lambda4:272000004:period4_hold,period4_hold,1,0.09585400308128555,1,16,1,"[{""case"":3,""regime"":""lambda4""}]",0.09585400308128555,1,1.0,[],[]
innovation_gru_mse,275000003,train,episode,lambda4,4,train:lambda4:272000005:neural,neural,1,0.08913890198130048,1,2,1,"[{""case"":4,""regime"":""lambda4""}]",0.08913890198130048,1,1.0,[],[]
innovation_gru_mse,275000003,train,episode,lambda4,4,train:lambda4:272000005:period4_hold,period4_hold,1,0.09782187619932804,1,546,1,"[{""case"":4,""regime"":""lambda4""}]",0.09782187619932804,1,1.0,[],[]
innovation_gru_mse,275000003,train,episode,lambda4,4,train:lambda4:272000005:analytic,analytic,1,0.27949835434970893,1,4,1,"[{""case"":4,""regime"":""lambda4""}]",0.27949835434970893,1,1.0,[],[]
innovation_gru_mse,275000003,train,episode,lambda4,5,train:lambda4:272000006:period4_hold,period4_hold,1,0.2003975358868053,1,546,1,"[{""case"":5,""regime"":""lambda4""}]",0.2003975358868053,1,1.0,[],[]
innovation_gru_mse,275000003,train,episode,lambda4,5,train:lambda4:272000006:analytic,analytic,1,0.02522492556141742,1,2,1,"[{""case"":5,""regime"":""lambda4""}]",0.02522492556141742,1,1.0,[],[]
innovation_gru_mse,275000003,train,episode,lambda4,5,train:lambda4:272000006:neural,neural,1,0.08733166729505608,1,3,1,"[{""case"":5,""regime"":""lambda4""}]",0.08733166729505608,1,1.0,[],[]
innovation_gru_mse,275000003,train,episode,lambda4,6,train:lambda4:272000007:analytic,analytic,1,0.030688130560719173,1,2,1,"[{""case"":6,""regime"":""lambda4""}]",0.030688130560719173,1,1.0,[],[]
innovation_gru_mse,275000003,train,episode,lambda4,6,train:lambda4:272000007:neural,neural,1,0.1404983065395527,1,5,1,"[{""case"":6,""regime"":""lambda4""}]",0.1404983065395527,1,1.0,[],[]
innovation_gru_mse,275000003,train,episode,lambda4,6,train:lambda4:272000007:period4_hold,period4_hold,1,0.1250941274548233,1,546,1,"[{""case"":6,""regime"":""lambda4""}]",0.1250941274548233,1,1.0,[],[]
innovation_gru_mse,275000003,train,episode,lambda4,7,train:lambda4:272000008:neural,neural,1,0.04518417328563373,1,8,1,"[{""case"":7,""regime"":""lambda4""}]",0.04518417328563373,1,1.0,[],[]
innovation_gru_mse,275000003,train,episode,lambda4,7,train:lambda4:272000008:period4_hold,period4_hold,1,0.012994208075497227,1,1,1,"[{""case"":7,""regime"":""lambda4""}]",0.012994208075497227,1,1.0,[],[]
innovation_gru_mse,275000003,train,episode,lambda4,7,train:lambda4:272000008:analytic,analytic,1,0.13296567621512168,1,9,1,"[{""case"":7,""regime"":""lambda4""}]",0.13296567621512168,1,1.0,[],[]
innovation_gru_mse,275000003,train,episode,lambda4,8,train:lambda4:272000009:period4_hold,period4_hold,1,0.3195505350483548,1,6,1,"[{""case"":8,""regime"":""lambda4""}]",0.3195505350483548,1,1.0,[],[]
innovation_gru_mse,275000003,train,episode,lambda4,8,train:lambda4:272000009:analytic,analytic,1,0.05691853414072057,1,1,1,"[{""case"":8,""regime"":""lambda4""}]",0.05691853414072057,1,1.0,[],[]
innovation_gru_mse,275000003,train,episode,lambda4,8,train:lambda4:272000009:neural,neural,1,0.25133551052849723,1,5,1,"[{""case"":8,""regime"":""lambda4""}]",0.25133551052849723,1,1.0,[],[]
innovation_gru_aux,275000003,train,overall,,,,,18,0.05021937016708211,54,6761,17,"[{""case"":0,""regime"":""lambda3""},{""case"":1,""regime"":""lambda3""},{""case"":2,""regime"":""lambda3""},{""case"":3,""regime"":""lambda3""},{""case"":4,""regime"":""lambda3""},{""case"":5,""regime"":""lambda3""},{""case"":7,""regime"":""lambda3""},{""case"":8,""regime"":""lambda3""},{""case"":0,""regime"":""lambda4""},{""case"":1,""regime"":""lambda4""},{""case"":2,""regime"":""lambda4""},{""case"":3,""regime"":""lambda4""},{""case"":4,""regime"":""lambda4""},{""case"":5,""regime"":""lambda4""},{""case"":6,""regime"":""lambda4""},{""case"":7,""regime"":""lambda4""},{""case"":8,""regime"":""lambda4""}]",0.057698850830264554,47,0.8703703703703703,"[{""case"":6,""regime"":""lambda3""}]","[""train:lambda3:271000003:analytic"",""train:lambda3:271000003:neural"",""train:lambda3:271000007:analytic"",""train:lambda3:271000007:neural"",""train:lambda3:271000007:period4_hold"",""train:lambda4:272000001:analytic"",""train:lambda4:272000003:period4_hold""]"
innovation_gru_aux,275000003,train,regime,lambda3,,,,9,0.04550480728252043,27,4463,8,"[{""case"":0,""regime"":""lambda3""},{""case"":1,""regime"":""lambda3""},{""case"":2,""regime"":""lambda3""},{""case"":3,""regime"":""lambda3""},{""case"":4,""regime"":""lambda3""},{""case"":5,""regime"":""lambda3""},{""case"":7,""regime"":""lambda3""},{""case"":8,""regime"":""lambda3""}]",0.055846808937638714,22,0.8148148148148148,"[{""case"":6,""regime"":""lambda3""}]","[""train:lambda3:271000003:analytic"",""train:lambda3:271000003:neural"",""train:lambda3:271000007:analytic"",""train:lambda3:271000007:neural"",""train:lambda3:271000007:period4_hold""]"
innovation_gru_aux,275000003,train,regime,lambda4,,,,9,0.0549339330516438,27,2298,9,"[{""case"":0,""regime"":""lambda4""},{""case"":1,""regime"":""lambda4""},{""case"":2,""regime"":""lambda4""},{""case"":3,""regime"":""lambda4""},{""case"":4,""regime"":""lambda4""},{""case"":5,""regime"":""lambda4""},{""case"":6,""regime"":""lambda4""},{""case"":7,""regime"":""lambda4""},{""case"":8,""regime"":""lambda4""}]",0.059328647695775304,25,0.9259259259259259,[],"[""train:lambda4:272000001:analytic"",""train:lambda4:272000003:period4_hold""]"
innovation_gru_aux,275000003,train,case,lambda3,0,,,1,0.042634952677601805,3,553,1,"[{""case"":0,""regime"":""lambda3""}]",0.042634952677601805,3,1.0,[],[]
innovation_gru_aux,275000003,train,case,lambda3,1,,,1,0.07285519449695897,3,558,1,"[{""case"":1,""regime"":""lambda3""}]",0.07285519449695897,3,1.0,[],[]
innovation_gru_aux,275000003,train,case,lambda3,2,,,1,0.012718055371631022,3,546,1,"[{""case"":2,""regime"":""lambda3""}]",0.038154166114893064,1,0.3333333333333333,[],"[""train:lambda3:271000003:analytic"",""train:lambda3:271000003:neural""]"
innovation_gru_aux,275000003,train,case,lambda3,3,,,1,0.07745179626217254,3,580,1,"[{""case"":3,""regime"":""lambda3""}]",0.07745179626217254,3,1.0,[],[]
innovation_gru_aux,275000003,train,case,lambda3,4,,,1,0.01548910434464998,3,549,1,"[{""case"":4,""regime"":""lambda3""}]",0.01548910434464998,3,1.0,[],[]
innovation_gru_aux,275000003,train,case,lambda3,5,,,1,0.028566323196138096,3,551,1,"[{""case"":5,""regime"":""lambda3""}]",0.028566323196138096,3,1.0,[],[]
innovation_gru_aux,275000003,train,case,lambda3,6,,,1,0.0,3,0,0,[],,0,0.0,"[{""case"":6,""regime"":""lambda3""}]","[""train:lambda3:271000007:analytic"",""train:lambda3:271000007:neural"",""train:lambda3:271000007:period4_hold""]"
innovation_gru_aux,275000003,train,case,lambda3,7,,,1,0.08870120331429134,3,571,1,"[{""case"":7,""regime"":""lambda3""}]",0.08870120331429134,3,1.0,[],[]
innovation_gru_aux,275000003,train,case,lambda3,8,,,1,0.07112663587924016,3,555,1,"[{""case"":8,""regime"":""lambda3""}]",0.07112663587924016,3,1.0,[],[]
innovation_gru_aux,275000003,train,case,lambda4,0,,,1,0.03838339219800465,3,12,1,"[{""case"":0,""regime"":""lambda4""}]",0.05757508829700697,2,0.6666666666666666,[],"[""train:lambda4:272000001:analytic""]"
innovation_gru_aux,275000003,train,case,lambda4,1,,,1,0.06266069524920612,3,555,1,"[{""case"":1,""regime"":""lambda4""}]",0.06266069524920612,3,1.0,[],[]
innovation_gru_aux,275000003,train,case,lambda4,2,,,1,0.04982678633697507,3,8,1,"[{""case"":2,""regime"":""lambda4""}]",0.0747401795054626,2,0.6666666666666666,[],"[""train:lambda4:272000003:period4_hold""]"
innovation_gru_aux,275000003,train,case,lambda4,3,,,1,0.0633950604266333,3,37,1,"[{""case"":3,""regime"":""lambda4""}]",0.0633950604266333,3,1.0,[],[]
innovation_gru_aux,275000003,train,case,lambda4,4,,,1,0.04544750453557391,3,552,1,"[{""case"":4,""regime"":""lambda4""}]",0.04544750453557391,3,1.0,[],[]
innovation_gru_aux,275000003,train,case,lambda4,5,,,1,0.0304422045937236,3,551,1,"[{""case"":5,""regime"":""lambda4""}]",0.0304422045937236,3,1.0,[],[]
innovation_gru_aux,275000003,train,case,lambda4,6,,,1,0.03978190404366874,3,553,1,"[{""case"":6,""regime"":""lambda4""}]",0.03978190404366874,3,1.0,[],[]
innovation_gru_aux,275000003,train,case,lambda4,7,,,1,0.05832068532949161,3,18,1,"[{""case"":7,""regime"":""lambda4""}]",0.05832068532949161,3,1.0,[],[]
innovation_gru_aux,275000003,train,case,lambda4,8,,,1,0.1061471647515172,3,12,1,"[{""case"":8,""regime"":""lambda4""}]",0.1061471647515172,3,1.0,[],[]
innovation_gru_aux,275000003,train,episode,lambda3,0,train:lambda3:271000001:analytic,analytic,1,0.06024394611605999,1,2,1,"[{""case"":0,""regime"":""lambda3""}]",0.06024394611605999,1,1.0,[],[]
innovation_gru_aux,275000003,train,episode,lambda3,0,train:lambda3:271000001:neural,neural,1,0.04518775046485359,1,5,1,"[{""case"":0,""regime"":""lambda3""}]",0.04518775046485359,1,1.0,[],[]
innovation_gru_aux,275000003,train,episode,lambda3,0,train:lambda3:271000001:period4_hold,period4_hold,1,0.022473161451891828,1,546,1,"[{""case"":0,""regime"":""lambda3""}]",0.022473161451891828,1,1.0,[],[]
innovation_gru_aux,275000003,train,episode,lambda3,1,train:lambda3:271000002:neural,neural,1,0.0383728383780408,1,5,1,"[{""case"":1,""regime"":""lambda3""}]",0.0383728383780408,1,1.0,[],[]
innovation_gru_aux,275000003,train,episode,lambda3,1,train:lambda3:271000002:period4_hold,period4_hold,1,0.043470382497337146,1,546,1,"[{""case"":1,""regime"":""lambda3""}]",0.043470382497337146,1,1.0,[],[]
innovation_gru_aux,275000003,train,episode,lambda3,1,train:lambda3:271000002:analytic,analytic,1,0.13672236261549894,1,7,1,"[{""case"":1,""regime"":""lambda3""}]",0.13672236261549894,1,1.0,[],[]
innovation_gru_aux,275000003,train,episode,lambda3,2,train:lambda3:271000003:period4_hold,period4_hold,1,0.038154166114893064,1,546,1,"[{""case"":2,""regime"":""lambda3""}]",0.038154166114893064,1,1.0,[],[]
innovation_gru_aux,275000003,train,episode,lambda3,2,train:lambda3:271000003:analytic,analytic,1,0.0,1,0,0,[],,0,0.0,"[{""case"":2,""regime"":""lambda3""}]","[""train:lambda3:271000003:analytic""]"
innovation_gru_aux,275000003,train,episode,lambda3,2,train:lambda3:271000003:neural,neural,1,0.0,1,0,0,[],,0,0.0,"[{""case"":2,""regime"":""lambda3""}]","[""train:lambda3:271000003:neural""]"
innovation_gru_aux,275000003,train,episode,lambda3,3,train:lambda3:271000004:analytic,analytic,1,0.08101669729901584,1,16,1,"[{""case"":3,""regime"":""lambda3""}]",0.08101669729901584,1,1.0,[],[]
innovation_gru_aux,275000003,train,episode,lambda3,3,train:lambda3:271000004:neural,neural,1,0.09120790807858252,1,18,1,"[{""case"":3,""regime"":""lambda3""}]",0.09120790807858252,1,1.0,[],[]
innovation_gru_aux,275000003,train,episode,lambda3,3,train:lambda3:271000004:period4_hold,period4_hold,1,0.06013078340891925,1,546,1,"[{""case"":3,""regime"":""lambda3""}]",0.06013078340891925,1,1.0,[],[]
innovation_gru_aux,275000003,train,episode,lambda3,4,train:lambda3:271000005:neural,neural,1,0.011862265044499054,1,2,1,"[{""case"":4,""regime"":""lambda3""}]",0.011862265044499054,1,1.0,[],[]
innovation_gru_aux,275000003,train,episode,lambda3,4,train:lambda3:271000005:period4_hold,period4_hold,1,0.025305902102409385,1,546,1,"[{""case"":4,""regime"":""lambda3""}]",0.025305902102409385,1,1.0,[],[]
innovation_gru_aux,275000003,train,episode,lambda3,4,train:lambda3:271000005:analytic,analytic,1,0.009299145887041504,1,1,1,"[{""case"":4,""regime"":""lambda3""}]",0.009299145887041504,1,1.0,[],[]
innovation_gru_aux,275000003,train,episode,lambda3,5,train:lambda3:271000006:period4_hold,period4_hold,1,0.041966860118708364,1,546,1,"[{""case"":5,""regime"":""lambda3""}]",0.041966860118708364,1,1.0,[],[]
innovation_gru_aux,275000003,train,episode,lambda3,5,train:lambda3:271000006:analytic,analytic,1,0.02599132393007153,1,2,1,"[{""case"":5,""regime"":""lambda3""}]",0.02599132393007153,1,1.0,[],[]
innovation_gru_aux,275000003,train,episode,lambda3,5,train:lambda3:271000006:neural,neural,1,0.01774078553963439,1,3,1,"[{""case"":5,""regime"":""lambda3""}]",0.01774078553963439,1,1.0,[],[]
innovation_gru_aux,275000003,train,episode,lambda3,6,train:lambda3:271000007:analytic,analytic,1,0.0,1,0,0,[],,0,0.0,"[{""case"":6,""regime"":""lambda3""}]","[""train:lambda3:271000007:analytic""]"
innovation_gru_aux,275000003,train,episode,lambda3,6,train:lambda3:271000007:neural,neural,1,0.0,1,0,0,[],,0,0.0,"[{""case"":6,""regime"":""lambda3""}]","[""train:lambda3:271000007:neural""]"
innovation_gru_aux,275000003,train,episode,lambda3,6,train:lambda3:271000007:period4_hold,period4_hold,1,0.0,1,0,0,[],,0,0.0,"[{""case"":6,""regime"":""lambda3""}]","[""train:lambda3:271000007:period4_hold""]"
innovation_gru_aux,275000003,train,episode,lambda3,7,train:lambda3:271000008:neural,neural,1,0.13160280324202545,1,13,1,"[{""case"":7,""regime"":""lambda3""}]",0.13160280324202545,1,1.0,[],[]
innovation_gru_aux,275000003,train,episode,lambda3,7,train:lambda3:271000008:period4_hold,period4_hold,1,0.05698584965831964,1,546,1,"[{""case"":7,""regime"":""lambda3""}]",0.05698584965831964,1,1.0,[],[]
innovation_gru_aux,275000003,train,episode,lambda3,7,train:lambda3:271000008:analytic,analytic,1,0.07751495704252893,1,12,1,"[{""case"":7,""regime"":""lambda3""}]",0.07751495704252893,1,1.0,[],[]
innovation_gru_aux,275000003,train,episode,lambda3,8,train:lambda3:271000009:period4_hold,period4_hold,1,0.03441125731042154,1,546,1,"[{""case"":8,""regime"":""lambda3""}]",0.03441125731042154,1,1.0,[],[]
innovation_gru_aux,275000003,train,episode,lambda3,8,train:lambda3:271000009:analytic,analytic,1,0.08085434195454155,1,4,1,"[{""case"":8,""regime"":""lambda3""}]",0.08085434195454155,1,1.0,[],[]
innovation_gru_aux,275000003,train,episode,lambda3,8,train:lambda3:271000009:neural,neural,1,0.09811430837275736,1,5,1,"[{""case"":8,""regime"":""lambda3""}]",0.09811430837275736,1,1.0,[],[]
innovation_gru_aux,275000003,train,episode,lambda4,0,train:lambda4:272000001:analytic,analytic,1,0.0,1,0,0,[],,0,0.0,"[{""case"":0,""regime"":""lambda4""}]","[""train:lambda4:272000001:analytic""]"
innovation_gru_aux,275000003,train,episode,lambda4,0,train:lambda4:272000001:neural,neural,1,0.07869193161486976,1,8,1,"[{""case"":0,""regime"":""lambda4""}]",0.07869193161486976,1,1.0,[],[]
innovation_gru_aux,275000003,train,episode,lambda4,0,train:lambda4:272000001:period4_hold,period4_hold,1,0.03645824497914418,1,4,1,"[{""case"":0,""regime"":""lambda4""}]",0.03645824497914418,1,1.0,[],[]
innovation_gru_aux,275000003,train,episode,lambda4,1,train:lambda4:272000002:neural,neural,1,0.1185911592565013,1,5,1,"[{""case"":1,""regime"":""lambda4""}]",0.1185911592565013,1,1.0,[],[]
innovation_gru_aux,275000003,train,episode,lambda4,1,train:lambda4:272000002:period4_hold,period4_hold,1,0.03214882241280753,1,546,1,"[{""case"":1,""regime"":""lambda4""}]",0.03214882241280753,1,1.0,[],[]
innovation_gru_aux,275000003,train,episode,lambda4,1,train:lambda4:272000002:analytic,analytic,1,0.037242104078309524,1,4,1,"[{""case"":1,""regime"":""lambda4""}]",0.037242104078309524,1,1.0,[],[]
innovation_gru_aux,275000003,train,episode,lambda4,2,train:lambda4:272000003:period4_hold,period4_hold,1,0.0,1,0,0,[],,0,0.0,"[{""case"":2,""regime"":""lambda4""}]","[""train:lambda4:272000003:period4_hold""]"
innovation_gru_aux,275000003,train,episode,lambda4,2,train:lambda4:272000003:analytic,analytic,1,0.02636628824356535,1,2,1,"[{""case"":2,""regime"":""lambda4""}]",0.02636628824356535,1,1.0,[],[]
innovation_gru_aux,275000003,train,episode,lambda4,2,train:lambda4:272000003:neural,neural,1,0.12311407076735985,1,6,1,"[{""case"":2,""regime"":""lambda4""}]",0.12311407076735985,1,1.0,[],[]
innovation_gru_aux,275000003,train,episode,lambda4,3,train:lambda4:272000004:analytic,analytic,1,0.03847586102692731,1,10,1,"[{""case"":3,""regime"":""lambda4""}]",0.03847586102692731,1,1.0,[],[]
innovation_gru_aux,275000003,train,episode,lambda4,3,train:lambda4:272000004:neural,neural,1,0.0637898989836675,1,11,1,"[{""case"":3,""regime"":""lambda4""}]",0.0637898989836675,1,1.0,[],[]
innovation_gru_aux,275000003,train,episode,lambda4,3,train:lambda4:272000004:period4_hold,period4_hold,1,0.08791942126930508,1,16,1,"[{""case"":3,""regime"":""lambda4""}]",0.08791942126930508,1,1.0,[],[]
innovation_gru_aux,275000003,train,episode,lambda4,4,train:lambda4:272000005:neural,neural,1,0.019847066549118608,1,2,1,"[{""case"":4,""regime"":""lambda4""}]",0.019847066549118608,1,1.0,[],[]
innovation_gru_aux,275000003,train,episode,lambda4,4,train:lambda4:272000005:period4_hold,period4_hold,1,0.01995821589398368,1,546,1,"[{""case"":4,""regime"":""lambda4""}]",0.01995821589398368,1,1.0,[],[]
innovation_gru_aux,275000003,train,episode,lambda4,4,train:lambda4:272000005:analytic,analytic,1,0.09653723116361945,1,4,1,"[{""case"":4,""regime"":""lambda4""}]",0.09653723116361945,1,1.0,[],[]
innovation_gru_aux,275000003,train,episode,lambda4,5,train:lambda4:272000006:period4_hold,period4_hold,1,0.05066143839995425,1,546,1,"[{""case"":5,""regime"":""lambda4""}]",0.05066143839995425,1,1.0,[],[]
innovation_gru_aux,275000003,train,episode,lambda4,5,train:lambda4:272000006:analytic,analytic,1,0.011592846098579912,1,2,1,"[{""case"":5,""regime"":""lambda4""}]",0.011592846098579912,1,1.0,[],[]
innovation_gru_aux,275000003,train,episode,lambda4,5,train:lambda4:272000006:neural,neural,1,0.029072329282636627,1,3,1,"[{""case"":5,""regime"":""lambda4""}]",0.029072329282636627,1,1.0,[],[]
innovation_gru_aux,275000003,train,episode,lambda4,6,train:lambda4:272000007:analytic,analytic,1,0.010604803380232397,1,2,1,"[{""case"":6,""regime"":""lambda4""}]",0.010604803380232397,1,1.0,[],[]
innovation_gru_aux,275000003,train,episode,lambda4,6,train:lambda4:272000007:neural,neural,1,0.07426080238791428,1,5,1,"[{""case"":6,""regime"":""lambda4""}]",0.07426080238791428,1,1.0,[],[]
innovation_gru_aux,275000003,train,episode,lambda4,6,train:lambda4:272000007:period4_hold,period4_hold,1,0.034480106362859544,1,546,1,"[{""case"":6,""regime"":""lambda4""}]",0.034480106362859544,1,1.0,[],[]
innovation_gru_aux,275000003,train,episode,lambda4,7,train:lambda4:272000008:neural,neural,1,0.04290504749445745,1,8,1,"[{""case"":7,""regime"":""lambda4""}]",0.04290504749445745,1,1.0,[],[]
innovation_gru_aux,275000003,train,episode,lambda4,7,train:lambda4:272000008:period4_hold,period4_hold,1,0.02413263451740022,1,1,1,"[{""case"":7,""regime"":""lambda4""}]",0.02413263451740022,1,1.0,[],[]
innovation_gru_aux,275000003,train,episode,lambda4,7,train:lambda4:272000008:analytic,analytic,1,0.10792437397661717,1,9,1,"[{""case"":7,""regime"":""lambda4""}]",0.10792437397661717,1,1.0,[],[]
innovation_gru_aux,275000003,train,episode,lambda4,8,train:lambda4:272000009:period4_hold,period4_hold,1,0.1782778650633361,1,6,1,"[{""case"":8,""regime"":""lambda4""}]",0.1782778650633361,1,1.0,[],[]
innovation_gru_aux,275000003,train,episode,lambda4,8,train:lambda4:272000009:analytic,analytic,1,0.0328488120596262,1,1,1,"[{""case"":8,""regime"":""lambda4""}]",0.0328488120596262,1,1.0,[],[]
innovation_gru_aux,275000003,train,episode,lambda4,8,train:lambda4:272000009:neural,neural,1,0.10731481713158927,1,5,1,"[{""case"":8,""regime"":""lambda4""}]",0.10731481713158927,1,1.0,[],[]
innovation_aux,275000001,valid,overall,,,,,12,0.07264533045860061,36,4573,12,"[{""case"":0,""regime"":""lambda3""},{""case"":1,""regime"":""lambda3""},{""case"":2,""regime"":""lambda3""},{""case"":3,""regime"":""lambda3""},{""case"":4,""regime"":""lambda3""},{""case"":5,""regime"":""lambda3""},{""case"":0,""regime"":""lambda4""},{""case"":1,""regime"":""lambda4""},{""case"":2,""regime"":""lambda4""},{""case"":3,""regime"":""lambda4""},{""case"":4,""regime"":""lambda4""},{""case"":5,""regime"":""lambda4""}]",0.100585842173447,26,0.7222222222222222,[],"[""valid:lambda3:273000003:analytic"",""valid:lambda3:273000003:neural"",""valid:lambda3:273000005:neural"",""valid:lambda3:273000005:analytic"",""valid:lambda4:274000002:neural"",""valid:lambda4:274000002:analytic"",""valid:lambda4:274000003:analytic"",""valid:lambda4:274000003:neural"",""valid:lambda4:274000006:period4_hold"",""valid:lambda4:274000006:neural""]"
innovation_aux,275000001,valid,regime,lambda3,,,,6,0.07241102452200372,18,2291,6,"[{""case"":0,""regime"":""lambda3""},{""case"":1,""regime"":""lambda3""},{""case"":2,""regime"":""lambda3""},{""case"":3,""regime"":""lambda3""},{""case"":4,""regime"":""lambda3""},{""case"":5,""regime"":""lambda3""}]",0.09309988867114764,14,0.7777777777777778,[],"[""valid:lambda3:273000003:analytic"",""valid:lambda3:273000003:neural"",""valid:lambda3:273000005:neural"",""valid:lambda3:273000005:analytic""]"
innovation_aux,275000001,valid,regime,lambda4,,,,6,0.07287963639519751,18,2282,6,"[{""case"":0,""regime"":""lambda4""},{""case"":1,""regime"":""lambda4""},{""case"":2,""regime"":""lambda4""},{""case"":3,""regime"":""lambda4""},{""case"":4,""regime"":""lambda4""},{""case"":5,""regime"":""lambda4""}]",0.10931945459279628,12,0.6666666666666666,[],"[""valid:lambda4:274000002:neural"",""valid:lambda4:274000002:analytic"",""valid:lambda4:274000003:analytic"",""valid:lambda4:274000003:neural"",""valid:lambda4:274000006:period4_hold"",""valid:lambda4:274000006:neural""]"
innovation_aux,275000001,valid,case,lambda3,0,,,1,0.06929770577677206,3,550,1,"[{""case"":0,""regime"":""lambda3""}]",0.06929770577677206,3,1.0,[],[]
innovation_aux,275000001,valid,case,lambda3,1,,,1,0.06102350773020149,3,6,1,"[{""case"":1,""regime"":""lambda3""}]",0.06102350773020149,3,1.0,[],[]
innovation_aux,275000001,valid,case,lambda3,2,,,1,0.015818438716521725,3,546,1,"[{""case"":2,""regime"":""lambda3""}]",0.04745531614956518,1,0.3333333333333333,[],"[""valid:lambda3:273000003:analytic"",""valid:lambda3:273000003:neural""]"
innovation_aux,275000001,valid,case,lambda3,3,,,1,0.13869528656477598,3,87,1,"[{""case"":3,""regime"":""lambda3""}]",0.13869528656477598,3,1.0,[],[]
innovation_aux,275000001,valid,case,lambda3,4,,,1,0.005424634300712494,3,546,1,"[{""case"":4,""regime"":""lambda3""}]",0.016273902902137483,1,0.3333333333333333,[],"[""valid:lambda3:273000005:neural"",""valid:lambda3:273000005:analytic""]"
innovation_aux,275000001,valid,case,lambda3,5,,,1,0.14420657404303863,3,556,1,"[{""case"":5,""regime"":""lambda3""}]",0.14420657404303863,3,1.0,[],[]
innovation_aux,275000001,valid,case,lambda4,0,,,1,0.12848350875655312,3,559,1,"[{""case"":0,""regime"":""lambda4""}]",0.12848350875655312,3,1.0,[],[]
innovation_aux,275000001,valid,case,lambda4,1,,,1,0.024778807015019652,3,546,1,"[{""case"":1,""regime"":""lambda4""}]",0.07433642104505896,1,0.3333333333333333,[],"[""valid:lambda4:274000002:neural"",""valid:lambda4:274000002:analytic""]"
innovation_aux,275000001,valid,case,lambda4,2,,,1,0.015571721142633303,3,546,1,"[{""case"":2,""regime"":""lambda4""}]",0.04671516342789991,1,0.3333333333333333,[],"[""valid:lambda4:274000003:analytic"",""valid:lambda4:274000003:neural""]"
innovation_aux,275000001,valid,case,lambda4,3,,,1,0.1247424069940744,3,26,1,"[{""case"":3,""regime"":""lambda4""}]",0.1247424069940744,3,1.0,[],[]
innovation_aux,275000001,valid,case,lambda4,4,,,1,0.12679657256969534,3,604,1,"[{""case"":4,""regime"":""lambda4""}]",0.12679657256969534,3,1.0,[],[]
innovation_aux,275000001,valid,case,lambda4,5,,,1,0.01690480189320927,3,1,1,"[{""case"":5,""regime"":""lambda4""}]",0.050714405679627816,1,0.3333333333333333,[],"[""valid:lambda4:274000006:period4_hold"",""valid:lambda4:274000006:neural""]"
innovation_aux,275000001,valid,episode,lambda3,0,valid:lambda3:273000001:analytic,analytic,1,0.07359423046409574,1,2,1,"[{""case"":0,""regime"":""lambda3""}]",0.07359423046409574,1,1.0,[],[]
innovation_aux,275000001,valid,episode,lambda3,0,valid:lambda3:273000001:neural,neural,1,0.07359423046409574,1,2,1,"[{""case"":0,""regime"":""lambda3""}]",0.07359423046409574,1,1.0,[],[]
innovation_aux,275000001,valid,episode,lambda3,0,valid:lambda3:273000001:period4_hold,period4_hold,1,0.060704656402124677,1,546,1,"[{""case"":0,""regime"":""lambda3""}]",0.060704656402124677,1,1.0,[],[]
innovation_aux,275000001,valid,episode,lambda3,1,valid:lambda3:273000002:neural,neural,1,0.06628504434746674,1,1,1,"[{""case"":1,""regime"":""lambda3""}]",0.06628504434746674,1,1.0,[],[]
innovation_aux,275000001,valid,episode,lambda3,1,valid:lambda3:273000002:period4_hold,period4_hold,1,0.05050043449567099,1,4,1,"[{""case"":1,""regime"":""lambda3""}]",0.05050043449567099,1,1.0,[],[]
innovation_aux,275000001,valid,episode,lambda3,1,valid:lambda3:273000002:analytic,analytic,1,0.06628504434746674,1,1,1,"[{""case"":1,""regime"":""lambda3""}]",0.06628504434746674,1,1.0,[],[]
innovation_aux,275000001,valid,episode,lambda3,2,valid:lambda3:273000003:period4_hold,period4_hold,1,0.04745531614956518,1,546,1,"[{""case"":2,""regime"":""lambda3""}]",0.04745531614956518,1,1.0,[],[]
innovation_aux,275000001,valid,episode,lambda3,2,valid:lambda3:273000003:analytic,analytic,1,0.0,1,0,0,[],,0,0.0,"[{""case"":2,""regime"":""lambda3""}]","[""valid:lambda3:273000003:analytic""]"
innovation_aux,275000001,valid,episode,lambda3,2,valid:lambda3:273000003:neural,neural,1,0.0,1,0,0,[],,0,0.0,"[{""case"":2,""regime"":""lambda3""}]","[""valid:lambda3:273000003:neural""]"
innovation_aux,275000001,valid,episode,lambda3,3,valid:lambda3:273000004:analytic,analytic,1,0.16895486462550136,1,33,1,"[{""case"":3,""regime"":""lambda3""}]",0.16895486462550136,1,1.0,[],[]
innovation_aux,275000001,valid,episode,lambda3,3,valid:lambda3:273000004:neural,neural,1,0.15541810690911007,1,34,1,"[{""case"":3,""regime"":""lambda3""}]",0.15541810690911007,1,1.0,[],[]
innovation_aux,275000001,valid,episode,lambda3,3,valid:lambda3:273000004:period4_hold,period4_hold,1,0.0917128881597165,1,20,1,"[{""case"":3,""regime"":""lambda3""}]",0.0917128881597165,1,1.0,[],[]
innovation_aux,275000001,valid,episode,lambda3,4,valid:lambda3:273000005:neural,neural,1,0.0,1,0,0,[],,0,0.0,"[{""case"":4,""regime"":""lambda3""}]","[""valid:lambda3:273000005:neural""]"
innovation_aux,275000001,valid,episode,lambda3,4,valid:lambda3:273000005:period4_hold,period4_hold,1,0.016273902902137483,1,546,1,"[{""case"":4,""regime"":""lambda3""}]",0.016273902902137483,1,1.0,[],[]
innovation_aux,275000001,valid,episode,lambda3,4,valid:lambda3:273000005:analytic,analytic,1,0.0,1,0,0,[],,0,0.0,"[{""case"":4,""regime"":""lambda3""}]","[""valid:lambda3:273000005:analytic""]"
innovation_aux,275000001,valid,episode,lambda3,5,valid:lambda3:273000006:period4_hold,period4_hold,1,0.05055416117999683,1,546,1,"[{""case"":5,""regime"":""lambda3""}]",0.05055416117999683,1,1.0,[],[]
innovation_aux,275000001,valid,episode,lambda3,5,valid:lambda3:273000006:analytic,analytic,1,0.13864309652398887,1,4,1,"[{""case"":5,""regime"":""lambda3""}]",0.13864309652398887,1,1.0,[],[]
innovation_aux,275000001,valid,episode,lambda3,5,valid:lambda3:273000006:neural,neural,1,0.24342246442513016,1,6,1,"[{""case"":5,""regime"":""lambda3""}]",0.24342246442513016,1,1.0,[],[]
innovation_aux,275000001,valid,episode,lambda4,0,valid:lambda4:274000001:analytic,analytic,1,0.19594756073118624,1,8,1,"[{""case"":0,""regime"":""lambda4""}]",0.19594756073118624,1,1.0,[],[]
innovation_aux,275000001,valid,episode,lambda4,0,valid:lambda4:274000001:neural,neural,1,0.11696898634212402,1,5,1,"[{""case"":0,""regime"":""lambda4""}]",0.11696898634212402,1,1.0,[],[]
innovation_aux,275000001,valid,episode,lambda4,0,valid:lambda4:274000001:period4_hold,period4_hold,1,0.07253397919634912,1,546,1,"[{""case"":0,""regime"":""lambda4""}]",0.07253397919634912,1,1.0,[],[]
innovation_aux,275000001,valid,episode,lambda4,1,valid:lambda4:274000002:neural,neural,1,0.0,1,0,0,[],,0,0.0,"[{""case"":1,""regime"":""lambda4""}]","[""valid:lambda4:274000002:neural""]"
innovation_aux,275000001,valid,episode,lambda4,1,valid:lambda4:274000002:period4_hold,period4_hold,1,0.07433642104505896,1,546,1,"[{""case"":1,""regime"":""lambda4""}]",0.07433642104505896,1,1.0,[],[]
innovation_aux,275000001,valid,episode,lambda4,1,valid:lambda4:274000002:analytic,analytic,1,0.0,1,0,0,[],,0,0.0,"[{""case"":1,""regime"":""lambda4""}]","[""valid:lambda4:274000002:analytic""]"
innovation_aux,275000001,valid,episode,lambda4,2,valid:lambda4:274000003:period4_hold,period4_hold,1,0.04671516342789991,1,546,1,"[{""case"":2,""regime"":""lambda4""}]",0.04671516342789991,1,1.0,[],[]
innovation_aux,275000001,valid,episode,lambda4,2,valid:lambda4:274000003:analytic,analytic,1,0.0,1,0,0,[],,0,0.0,"[{""case"":2,""regime"":""lambda4""}]","[""valid:lambda4:274000003:analytic""]"
innovation_aux,275000001,valid,episode,lambda4,2,valid:lambda4:274000003:neural,neural,1,0.0,1,0,0,[],,0,0.0,"[{""case"":2,""regime"":""lambda4""}]","[""valid:lambda4:274000003:neural""]"
innovation_aux,275000001,valid,episode,lambda4,3,valid:lambda4:274000004:analytic,analytic,1,0.0872242568120593,1,6,1,"[{""case"":3,""regime"":""lambda4""}]",0.0872242568120593,1,1.0,[],[]
innovation_aux,275000001,valid,episode,lambda4,3,valid:lambda4:274000004:neural,neural,1,0.06066666057239445,1,5,1,"[{""case"":3,""regime"":""lambda4""}]",0.06066666057239445,1,1.0,[],[]
innovation_aux,275000001,valid,episode,lambda4,3,valid:lambda4:274000004:period4_hold,period4_hold,1,0.2263363035977695,1,15,1,"[{""case"":3,""regime"":""lambda4""}]",0.2263363035977695,1,1.0,[],[]
innovation_aux,275000001,valid,episode,lambda4,4,valid:lambda4:274000005:neural,neural,1,0.1346385105073464,1,27,1,"[{""case"":4,""regime"":""lambda4""}]",0.1346385105073464,1,1.0,[],[]
innovation_aux,275000001,valid,episode,lambda4,4,valid:lambda4:274000005:period4_hold,period4_hold,1,0.09168617020988633,1,546,1,"[{""case"":4,""regime"":""lambda4""}]",0.09168617020988633,1,1.0,[],[]
innovation_aux,275000001,valid,episode,lambda4,4,valid:lambda4:274000005:analytic,analytic,1,0.15406503699185328,1,31,1,"[{""case"":4,""regime"":""lambda4""}]",0.15406503699185328,1,1.0,[],[]
innovation_aux,275000001,valid,episode,lambda4,5,valid:lambda4:274000006:period4_hold,period4_hold,1,0.0,1,0,0,[],,0,0.0,"[{""case"":5,""regime"":""lambda4""}]","[""valid:lambda4:274000006:period4_hold""]"
innovation_aux,275000001,valid,episode,lambda4,5,valid:lambda4:274000006:analytic,analytic,1,0.050714405679627816,1,1,1,"[{""case"":5,""regime"":""lambda4""}]",0.050714405679627816,1,1.0,[],[]
innovation_aux,275000001,valid,episode,lambda4,5,valid:lambda4:274000006:neural,neural,1,0.0,1,0,0,[],,0,0.0,"[{""case"":5,""regime"":""lambda4""}]","[""valid:lambda4:274000006:neural""]"
innovation_mse,275000001,valid,overall,,,,,12,0.11708591503688529,36,4573,12,"[{""case"":0,""regime"":""lambda3""},{""case"":1,""regime"":""lambda3""},{""case"":2,""regime"":""lambda3""},{""case"":3,""regime"":""lambda3""},{""case"":4,""regime"":""lambda3""},{""case"":5,""regime"":""lambda3""},{""case"":0,""regime"":""lambda4""},{""case"":1,""regime"":""lambda4""},{""case"":2,""regime"":""lambda4""},{""case"":3,""regime"":""lambda4""},{""case"":4,""regime"":""lambda4""},{""case"":5,""regime"":""lambda4""}]",0.16211895928184117,26,0.7222222222222222,[],"[""valid:lambda3:273000003:analytic"",""valid:lambda3:273000003:neural"",""valid:lambda3:273000005:neural"",""valid:lambda3:273000005:analytic"",""valid:lambda4:274000002:neural"",""valid:lambda4:274000002:analytic"",""valid:lambda4:274000003:analytic"",""valid:lambda4:274000003:neural"",""valid:lambda4:274000006:period4_hold"",""valid:lambda4:274000006:neural""]"
innovation_mse,275000001,valid,regime,lambda3,,,,6,0.11697360445038196,18,2291,6,"[{""case"":0,""regime"":""lambda3""},{""case"":1,""regime"":""lambda3""},{""case"":2,""regime"":""lambda3""},{""case"":3,""regime"":""lambda3""},{""case"":4,""regime"":""lambda3""},{""case"":5,""regime"":""lambda3""}]",0.15039463429334823,14,0.7777777777777778,[],"[""valid:lambda3:273000003:analytic"",""valid:lambda3:273000003:neural"",""valid:lambda3:273000005:neural"",""valid:lambda3:273000005:analytic""]"
innovation_mse,275000001,valid,regime,lambda4,,,,6,0.11719822562338861,18,2282,6,"[{""case"":0,""regime"":""lambda4""},{""case"":1,""regime"":""lambda4""},{""case"":2,""regime"":""lambda4""},{""case"":3,""regime"":""lambda4""},{""case"":4,""regime"":""lambda4""},{""case"":5,""regime"":""lambda4""}]",0.1757973384350829,12,0.6666666666666666,[],"[""valid:lambda4:274000002:neural"",""valid:lambda4:274000002:analytic"",""valid:lambda4:274000003:analytic"",""valid:lambda4:274000003:neural"",""valid:lambda4:274000006:period4_hold"",""valid:lambda4:274000006:neural""]"
innovation_mse,275000001,valid,case,lambda3,0,,,1,0.15287050869268035,3,550,1,"[{""case"":0,""regime"":""lambda3""}]",0.15287050869268035,3,1.0,[],[]
innovation_mse,275000001,valid,case,lambda3,1,,,1,0.05148108386139327,3,6,1,"[{""case"":1,""regime"":""lambda3""}]",0.05148108386139327,3,1.0,[],[]
innovation_mse,275000001,valid,case,lambda3,2,,,1,0.03451603710209257,3,546,1,"[{""case"":2,""regime"":""lambda3""}]",0.10354811130627771,1,0.3333333333333333,[],"[""valid:lambda3:273000003:analytic"",""valid:lambda3:273000003:neural""]"
innovation_mse,275000001,valid,case,lambda3,3,,,1,0.1159175984194647,3,87,1,"[{""case"":3,""regime"":""lambda3""}]",0.1159175984194647,3,1.0,[],[]
innovation_mse,275000001,valid,case,lambda3,4,,,1,0.06718651987337193,3,546,1,"[{""case"":4,""regime"":""lambda3""}]",0.2015595596201158,1,0.3333333333333333,[],"[""valid:lambda3:273000005:neural"",""valid:lambda3:273000005:analytic""]"
innovation_mse,275000001,valid,case,lambda3,5,,,1,0.279869878753289,3,556,1,"[{""case"":5,""regime"":""lambda3""}]",0.279869878753289,3,1.0,[],[]
innovation_mse,275000001,valid,case,lambda4,0,,,1,0.16239488443862146,3,559,1,"[{""case"":0,""regime"":""lambda4""}]",0.16239488443862146,3,1.0,[],[]
innovation_mse,275000001,valid,case,lambda4,1,,,1,0.036256433523072326,3,546,1,"[{""case"":1,""regime"":""lambda4""}]",0.10876930056921698,1,0.3333333333333333,[],"[""valid:lambda4:274000002:neural"",""valid:lambda4:274000002:analytic""]"
innovation_mse,275000001,valid,case,lambda4,2,,,1,0.0981260856063997,3,546,1,"[{""case"":2,""regime"":""lambda4""}]",0.2943782568191991,1,0.3333333333333333,[],"[""valid:lambda4:274000003:analytic"",""valid:lambda4:274000003:neural""]"
innovation_mse,275000001,valid,case,lambda4,3,,,1,0.19576085102758578,3,26,1,"[{""case"":3,""regime"":""lambda4""}]",0.19576085102758578,3,1.0,[],[]
innovation_mse,275000001,valid,case,lambda4,4,,,1,0.17537197999288553,3,604,1,"[{""case"":4,""regime"":""lambda4""}]",0.17537197999288553,3,1.0,[],[]
innovation_mse,275000001,valid,case,lambda4,5,,,1,0.035279119151766736,3,1,1,"[{""case"":5,""regime"":""lambda4""}]",0.10583735745530021,1,0.3333333333333333,[],"[""valid:lambda4:274000006:period4_hold"",""valid:lambda4:274000006:neural""]"
innovation_mse,275000001,valid,episode,lambda3,0,valid:lambda3:273000001:analytic,analytic,1,0.1519259426258941,1,2,1,"[{""case"":0,""regime"":""lambda3""}]",0.1519259426258941,1,1.0,[],[]
innovation_mse,275000001,valid,episode,lambda3,0,valid:lambda3:273000001:neural,neural,1,0.1519259426258941,1,2,1,"[{""case"":0,""regime"":""lambda3""}]",0.1519259426258941,1,1.0,[],[]
innovation_mse,275000001,valid,episode,lambda3,0,valid:lambda3:273000001:period4_hold,period4_hold,1,0.15475964082625288,1,546,1,"[{""case"":0,""regime"":""lambda3""}]",0.15475964082625288,1,1.0,[],[]
innovation_mse,275000001,valid,episode,lambda3,1,valid:lambda3:273000002:neural,neural,1,0.04300587512460652,1,1,1,"[{""case"":1,""regime"":""lambda3""}]",0.04300587512460652,1,1.0,[],[]
innovation_mse,275000001,valid,episode,lambda3,1,valid:lambda3:273000002:period4_hold,period4_hold,1,0.06843150133496678,1,4,1,"[{""case"":1,""regime"":""lambda3""}]",0.06843150133496678,1,1.0,[],[]
innovation_mse,275000001,valid,episode,lambda3,1,valid:lambda3:273000002:analytic,analytic,1,0.04300587512460652,1,1,1,"[{""case"":1,""regime"":""lambda3""}]",0.04300587512460652,1,1.0,[],[]
innovation_mse,275000001,valid,episode,lambda3,2,valid:lambda3:273000003:period4_hold,period4_hold,1,0.10354811130627771,1,546,1,"[{""case"":2,""regime"":""lambda3""}]",0.10354811130627771,1,1.0,[],[]
innovation_mse,275000001,valid,episode,lambda3,2,valid:lambda3:273000003:analytic,analytic,1,0.0,1,0,0,[],,0,0.0,"[{""case"":2,""regime"":""lambda3""}]","[""valid:lambda3:273000003:analytic""]"
innovation_mse,275000001,valid,episode,lambda3,2,valid:lambda3:273000003:neural,neural,1,0.0,1,0,0,[],,0,0.0,"[{""case"":2,""regime"":""lambda3""}]","[""valid:lambda3:273000003:neural""]"
innovation_mse,275000001,valid,episode,lambda3,3,valid:lambda3:273000004:analytic,analytic,1,0.13115768012232992,1,33,1,"[{""case"":3,""regime"":""lambda3""}]",0.13115768012232992,1,1.0,[],[]
innovation_mse,275000001,valid,episode,lambda3,3,valid:lambda3:273000004:neural,neural,1,0.10496884057916385,1,34,1,"[{""case"":3,""regime"":""lambda3""}]",0.10496884057916385,1,1.0,[],[]
innovation_mse,275000001,valid,episode,lambda3,3,valid:lambda3:273000004:period4_hold,period4_hold,1,0.11162627455690029,1,20,1,"[{""case"":3,""regime"":""lambda3""}]",0.11162627455690029,1,1.0,[],[]
innovation_mse,275000001,valid,episode,lambda3,4,valid:lambda3:273000005:neural,neural,1,0.0,1,0,0,[],,0,0.0,"[{""case"":4,""regime"":""lambda3""}]","[""valid:lambda3:273000005:neural""]"
innovation_mse,275000001,valid,episode,lambda3,4,valid:lambda3:273000005:period4_hold,period4_hold,1,0.2015595596201158,1,546,1,"[{""case"":4,""regime"":""lambda3""}]",0.2015595596201158,1,1.0,[],[]
innovation_mse,275000001,valid,episode,lambda3,4,valid:lambda3:273000005:analytic,analytic,1,0.0,1,0,0,[],,0,0.0,"[{""case"":4,""regime"":""lambda3""}]","[""valid:lambda3:273000005:analytic""]"
innovation_mse,275000001,valid,episode,lambda3,5,valid:lambda3:273000006:period4_hold,period4_hold,1,0.18664898845543862,1,546,1,"[{""case"":5,""regime"":""lambda3""}]",0.18664898845543862,1,1.0,[],[]
innovation_mse,275000001,valid,episode,lambda3,5,valid:lambda3:273000006:analytic,analytic,1,0.27229300070910867,1,4,1,"[{""case"":5,""regime"":""lambda3""}]",0.27229300070910867,1,1.0,[],[]
innovation_mse,275000001,valid,episode,lambda3,5,valid:lambda3:273000006:neural,neural,1,0.3806676470953197,1,6,1,"[{""case"":5,""regime"":""lambda3""}]",0.3806676470953197,1,1.0,[],[]
innovation_mse,275000001,valid,episode,lambda4,0,valid:lambda4:274000001:analytic,analytic,1,0.2254088196670132,1,8,1,"[{""case"":0,""regime"":""lambda4""}]",0.2254088196670132,1,1.0,[],[]
innovation_mse,275000001,valid,episode,lambda4,0,valid:lambda4:274000001:neural,neural,1,0.11602373652229972,1,5,1,"[{""case"":0,""regime"":""lambda4""}]",0.11602373652229972,1,1.0,[],[]
innovation_mse,275000001,valid,episode,lambda4,0,valid:lambda4:274000001:period4_hold,period4_hold,1,0.14575209712655146,1,546,1,"[{""case"":0,""regime"":""lambda4""}]",0.14575209712655146,1,1.0,[],[]
innovation_mse,275000001,valid,episode,lambda4,1,valid:lambda4:274000002:neural,neural,1,0.0,1,0,0,[],,0,0.0,"[{""case"":1,""regime"":""lambda4""}]","[""valid:lambda4:274000002:neural""]"
innovation_mse,275000001,valid,episode,lambda4,1,valid:lambda4:274000002:period4_hold,period4_hold,1,0.10876930056921698,1,546,1,"[{""case"":1,""regime"":""lambda4""}]",0.10876930056921698,1,1.0,[],[]
innovation_mse,275000001,valid,episode,lambda4,1,valid:lambda4:274000002:analytic,analytic,1,0.0,1,0,0,[],,0,0.0,"[{""case"":1,""regime"":""lambda4""}]","[""valid:lambda4:274000002:analytic""]"
innovation_mse,275000001,valid,episode,lambda4,2,valid:lambda4:274000003:period4_hold,period4_hold,1,0.2943782568191991,1,546,1,"[{""case"":2,""regime"":""lambda4""}]",0.2943782568191991,1,1.0,[],[]
innovation_mse,275000001,valid,episode,lambda4,2,valid:lambda4:274000003:analytic,analytic,1,0.0,1,0,0,[],,0,0.0,"[{""case"":2,""regime"":""lambda4""}]","[""valid:lambda4:274000003:analytic""]"
innovation_mse,275000001,valid,episode,lambda4,2,valid:lambda4:274000003:neural,neural,1,0.0,1,0,0,[],,0,0.0,"[{""case"":2,""regime"":""lambda4""}]","[""valid:lambda4:274000003:neural""]"
innovation_mse,275000001,valid,episode,lambda4,3,valid:lambda4:274000004:analytic,analytic,1,0.19333638301256428,1,6,1,"[{""case"":3,""regime"":""lambda4""}]",0.19333638301256428,1,1.0,[],[]
innovation_mse,275000001,valid,episode,lambda4,3,valid:lambda4:274000004:neural,neural,1,0.1083300730928272,1,5,1,"[{""case"":3,""regime"":""lambda4""}]",0.1083300730928272,1,1.0,[],[]
innovation_mse,275000001,valid,episode,lambda4,3,valid:lambda4:274000004:period4_hold,period4_hold,1,0.2856160969773659,1,15,1,"[{""case"":3,""regime"":""lambda4""}]",0.2856160969773659,1,1.0,[],[]
innovation_mse,275000001,valid,episode,lambda4,4,valid:lambda4:274000005:neural,neural,1,0.09091330448262414,1,27,1,"[{""case"":4,""regime"":""lambda4""}]",0.09091330448262414,1,1.0,[],[]
innovation_mse,275000001,valid,episode,lambda4,4,valid:lambda4:274000005:period4_hold,period4_hold,1,0.26863797561359154,1,546,1,"[{""case"":4,""regime"":""lambda4""}]",0.26863797561359154,1,1.0,[],[]
innovation_mse,275000001,valid,episode,lambda4,4,valid:lambda4:274000005:analytic,analytic,1,0.1665646598824409,1,31,1,"[{""case"":4,""regime"":""lambda4""}]",0.1665646598824409,1,1.0,[],[]
innovation_mse,275000001,valid,episode,lambda4,5,valid:lambda4:274000006:period4_hold,period4_hold,1,0.0,1,0,0,[],,0,0.0,"[{""case"":5,""regime"":""lambda4""}]","[""valid:lambda4:274000006:period4_hold""]"
innovation_mse,275000001,valid,episode,lambda4,5,valid:lambda4:274000006:analytic,analytic,1,0.10583735745530021,1,1,1,"[{""case"":5,""regime"":""lambda4""}]",0.10583735745530021,1,1.0,[],[]
innovation_mse,275000001,valid,episode,lambda4,5,valid:lambda4:274000006:neural,neural,1,0.0,1,0,0,[],,0,0.0,"[{""case"":5,""regime"":""lambda4""}]","[""valid:lambda4:274000006:neural""]"
innovation_gru_mse,275000001,valid,overall,,,,,12,0.09908376724799971,36,4573,12,"[{""case"":0,""regime"":""lambda3""},{""case"":1,""regime"":""lambda3""},{""case"":2,""regime"":""lambda3""},{""case"":3,""regime"":""lambda3""},{""case"":4,""regime"":""lambda3""},{""case"":5,""regime"":""lambda3""},{""case"":0,""regime"":""lambda4""},{""case"":1,""regime"":""lambda4""},{""case"":2,""regime"":""lambda4""},{""case"":3,""regime"":""lambda4""},{""case"":4,""regime"":""lambda4""},{""case"":5,""regime"":""lambda4""}]",0.13719290849723037,26,0.7222222222222222,[],"[""valid:lambda3:273000003:analytic"",""valid:lambda3:273000003:neural"",""valid:lambda3:273000005:neural"",""valid:lambda3:273000005:analytic"",""valid:lambda4:274000002:neural"",""valid:lambda4:274000002:analytic"",""valid:lambda4:274000003:analytic"",""valid:lambda4:274000003:neural"",""valid:lambda4:274000006:period4_hold"",""valid:lambda4:274000006:neural""]"
innovation_gru_mse,275000001,valid,regime,lambda3,,,,6,0.1039599873398997,18,2291,6,"[{""case"":0,""regime"":""lambda3""},{""case"":1,""regime"":""lambda3""},{""case"":2,""regime"":""lambda3""},{""case"":3,""regime"":""lambda3""},{""case"":4,""regime"":""lambda3""},{""case"":5,""regime"":""lambda3""}]",0.13366284086558533,14,0.7777777777777778,[],"[""valid:lambda3:273000003:analytic"",""valid:lambda3:273000003:neural"",""valid:lambda3:273000005:neural"",""valid:lambda3:273000005:analytic""]"
innovation_gru_mse,275000001,valid,regime,lambda4,,,,6,0.09420754715609972,18,2282,6,"[{""case"":0,""regime"":""lambda4""},{""case"":1,""regime"":""lambda4""},{""case"":2,""regime"":""lambda4""},{""case"":3,""regime"":""lambda4""},{""case"":4,""regime"":""lambda4""},{""case"":5,""regime"":""lambda4""}]",0.14131132073414956,12,0.6666666666666666,[],"[""valid:lambda4:274000002:neural"",""valid:lambda4:274000002:analytic"",""valid:lambda4:274000003:analytic"",""valid:lambda4:274000003:neural"",""valid:lambda4:274000006:period4_hold"",""valid:lambda4:274000006:neural""]"
innovation_gru_mse,275000001,valid,case,lambda3,0,,,1,0.21106738478799714,3,550,1,"[{""case"":0,""regime"":""lambda3""}]",0.21106738478799714,3,1.0,[],[]
innovation_gru_mse,275000001,valid,case,lambda3,1,,,1,0.07425414657521638,3,6,1,"[{""case"":1,""regime"":""lambda3""}]",0.07425414657521638,3,1.0,[],[]
innovation_gru_mse,275000001,valid,case,lambda3,2,,,1,0.0260132257889098,3,546,1,"[{""case"":2,""regime"":""lambda3""}]",0.0780396773667294,1,0.3333333333333333,[],"[""valid:lambda3:273000003:analytic"",""valid:lambda3:273000003:neural""]"
innovation_gru_mse,275000001,valid,case,lambda3,3,,,1,0.13032838563366353,3,87,1,"[{""case"":3,""regime"":""lambda3""}]",0.13032838563366353,3,1.0,[],[]
innovation_gru_mse,275000001,valid,case,lambda3,4,,,1,0.016885450290626294,3,546,1,"[{""case"":4,""regime"":""lambda3""}]",0.05065635087187888,1,0.3333333333333333,[],"[""valid:lambda3:273000005:neural"",""valid:lambda3:273000005:analytic""]"
innovation_gru_mse,275000001,valid,case,lambda3,5,,,1,0.16521133096298507,3,556,1,"[{""case"":5,""regime"":""lambda3""}]",0.16521133096298507,3,1.0,[],[]
innovation_gru_mse,275000001,valid,case,lambda4,0,,,1,0.10915526017902788,3,559,1,"[{""case"":0,""regime"":""lambda4""}]",0.10915526017902788,3,1.0,[],[]
innovation_gru_mse,275000001,valid,case,lambda4,1,,,1,0.038761720704649796,3,546,1,"[{""case"":1,""regime"":""lambda4""}]",0.11628516211394939,1,0.3333333333333333,[],"[""valid:lambda4:274000002:neural"",""valid:lambda4:274000002:analytic""]"
innovation_gru_mse,275000001,valid,case,lambda4,2,,,1,0.035030953278126754,3,546,1,"[{""case"":2,""regime"":""lambda4""}]",0.10509285983438027,1,0.3333333333333333,[],"[""valid:lambda4:274000003:analytic"",""valid:lambda4:274000003:neural""]"
innovation_gru_mse,275000001,valid,case,lambda4,3,,,1,0.14967116393834012,3,26,1,"[{""case"":3,""regime"":""lambda4""}]",0.14967116393834012,3,1.0,[],[]
innovation_gru_mse,275000001,valid,case,lambda4,4,,,1,0.1668571117598919,3,604,1,"[{""case"":4,""regime"":""lambda4""}]",0.1668571117598919,3,1.0,[],[]
innovation_gru_mse,275000001,valid,case,lambda4,5,,,1,0.06576907307656181,3,1,1,"[{""case"":5,""regime"":""lambda4""}]",0.19730721922968542,1,0.3333333333333333,[],"[""valid:lambda4:274000006:period4_hold"",""valid:lambda4:274000006:neural""]"
innovation_gru_mse,275000001,valid,episode,lambda3,0,valid:lambda3:273000001:analytic,analytic,1,0.2777432687920509,1,2,1,"[{""case"":0,""regime"":""lambda3""}]",0.2777432687920509,1,1.0,[],[]
innovation_gru_mse,275000001,valid,episode,lambda3,0,valid:lambda3:273000001:neural,neural,1,0.2777432687920509,1,2,1,"[{""case"":0,""regime"":""lambda3""}]",0.2777432687920509,1,1.0,[],[]
innovation_gru_mse,275000001,valid,episode,lambda3,0,valid:lambda3:273000001:period4_hold,period4_hold,1,0.07771561677988954,1,546,1,"[{""case"":0,""regime"":""lambda3""}]",0.07771561677988954,1,1.0,[],[]
innovation_gru_mse,275000001,valid,episode,lambda3,1,valid:lambda3:273000002:neural,neural,1,0.05061848614349174,1,1,1,"[{""case"":1,""regime"":""lambda3""}]",0.05061848614349174,1,1.0,[],[]
innovation_gru_mse,275000001,valid,episode,lambda3,1,valid:lambda3:273000002:period4_hold,period4_hold,1,0.12152546743866566,1,4,1,"[{""case"":1,""regime"":""lambda3""}]",0.12152546743866566,1,1.0,[],[]
innovation_gru_mse,275000001,valid,episode,lambda3,1,valid:lambda3:273000002:analytic,analytic,1,0.05061848614349174,1,1,1,"[{""case"":1,""regime"":""lambda3""}]",0.05061848614349174,1,1.0,[],[]
innovation_gru_mse,275000001,valid,episode,lambda3,2,valid:lambda3:273000003:period4_hold,period4_hold,1,0.0780396773667294,1,546,1,"[{""case"":2,""regime"":""lambda3""}]",0.0780396773667294,1,1.0,[],[]
innovation_gru_mse,275000001,valid,episode,lambda3,2,valid:lambda3:273000003:analytic,analytic,1,0.0,1,0,0,[],,0,0.0,"[{""case"":2,""regime"":""lambda3""}]","[""valid:lambda3:273000003:analytic""]"
innovation_gru_mse,275000001,valid,episode,lambda3,2,valid:lambda3:273000003:neural,neural,1,0.0,1,0,0,[],,0,0.0,"[{""case"":2,""regime"":""lambda3""}]","[""valid:lambda3:273000003:neural""]"
innovation_gru_mse,275000001,valid,episode,lambda3,3,valid:lambda3:273000004:analytic,analytic,1,0.14869378187360857,1,33,1,"[{""case"":3,""regime"":""lambda3""}]",0.14869378187360857,1,1.0,[],[]
innovation_gru_mse,275000001,valid,episode,lambda3,3,valid:lambda3:273000004:neural,neural,1,0.12843779627114735,1,34,1,"[{""case"":3,""regime"":""lambda3""}]",0.12843779627114735,1,1.0,[],[]
innovation_gru_mse,275000001,valid,episode,lambda3,3,valid:lambda3:273000004:period4_hold,period4_hold,1,0.1138535787562347,1,20,1,"[{""case"":3,""regime"":""lambda3""}]",0.1138535787562347,1,1.0,[],[]
innovation_gru_mse,275000001,valid,episode,lambda3,4,valid:lambda3:273000005:neural,neural,1,0.0,1,0,0,[],,0,0.0,"[{""case"":4,""regime"":""lambda3""}]","[""valid:lambda3:273000005:neural""]"
innovation_gru_mse,275000001,valid,episode,lambda3,4,valid:lambda3:273000005:period4_hold,period4_hold,1,0.05065635087187888,1,546,1,"[{""case"":4,""regime"":""lambda3""}]",0.05065635087187888,1,1.0,[],[]
innovation_gru_mse,275000001,valid,episode,lambda3,4,valid:lambda3:273000005:analytic,analytic,1,0.0,1,0,0,[],,0,0.0,"[{""case"":4,""regime"":""lambda3""}]","[""valid:lambda3:273000005:analytic""]"
innovation_gru_mse,275000001,valid,episode,lambda3,5,valid:lambda3:273000006:period4_hold,period4_hold,1,0.09358393551675367,1,546,1,"[{""case"":5,""regime"":""lambda3""}]",0.09358393551675367,1,1.0,[],[]
innovation_gru_mse,275000001,valid,episode,lambda3,5,valid:lambda3:273000006:analytic,analytic,1,0.17822856253806307,1,4,1,"[{""case"":5,""regime"":""lambda3""}]",0.17822856253806307,1,1.0,[],[]
innovation_gru_mse,275000001,valid,episode,lambda3,5,valid:lambda3:273000006:neural,neural,1,0.22382149483413846,1,6,1,"[{""case"":5,""regime"":""lambda3""}]",0.22382149483413846,1,1.0,[],[]
innovation_gru_mse,275000001,valid,episode,lambda4,0,valid:lambda4:274000001:analytic,analytic,1,0.1818952081010501,1,8,1,"[{""case"":0,""regime"":""lambda4""}]",0.1818952081010501,1,1.0,[],[]
innovation_gru_mse,275000001,valid,episode,lambda4,0,valid:lambda4:274000001:neural,neural,1,0.08595756434496024,1,5,1,"[{""case"":0,""regime"":""lambda4""}]",0.08595756434496024,1,1.0,[],[]
innovation_gru_mse,275000001,valid,episode,lambda4,0,valid:lambda4:274000001:period4_hold,period4_hold,1,0.059613008091073325,1,546,1,"[{""case"":0,""regime"":""lambda4""}]",0.059613008091073325,1,1.0,[],[]
innovation_gru_mse,275000001,valid,episode,lambda4,1,valid:lambda4:274000002:neural,neural,1,0.0,1,0,0,[],,0,0.0,"[{""case"":1,""regime"":""lambda4""}]","[""valid:lambda4:274000002:neural""]"
innovation_gru_mse,275000001,valid,episode,lambda4,1,valid:lambda4:274000002:period4_hold,period4_hold,1,0.11628516211394939,1,546,1,"[{""case"":1,""regime"":""lambda4""}]",0.11628516211394939,1,1.0,[],[]
innovation_gru_mse,275000001,valid,episode,lambda4,1,valid:lambda4:274000002:analytic,analytic,1,0.0,1,0,0,[],,0,0.0,"[{""case"":1,""regime"":""lambda4""}]","[""valid:lambda4:274000002:analytic""]"
innovation_gru_mse,275000001,valid,episode,lambda4,2,valid:lambda4:274000003:period4_hold,period4_hold,1,0.10509285983438027,1,546,1,"[{""case"":2,""regime"":""lambda4""}]",0.10509285983438027,1,1.0,[],[]
innovation_gru_mse,275000001,valid,episode,lambda4,2,valid:lambda4:274000003:analytic,analytic,1,0.0,1,0,0,[],,0,0.0,"[{""case"":2,""regime"":""lambda4""}]","[""valid:lambda4:274000003:analytic""]"
innovation_gru_mse,275000001,valid,episode,lambda4,2,valid:lambda4:274000003:neural,neural,1,0.0,1,0,0,[],,0,0.0,"[{""case"":2,""regime"":""lambda4""}]","[""valid:lambda4:274000003:neural""]"
innovation_gru_mse,275000001,valid,episode,lambda4,3,valid:lambda4:274000004:analytic,analytic,1,0.11226066131574915,1,6,1,"[{""case"":3,""regime"":""lambda4""}]",0.11226066131574915,1,1.0,[],[]
innovation_gru_mse,275000001,valid,episode,lambda4,3,valid:lambda4:274000004:neural,neural,1,0.08509164262152069,1,5,1,"[{""case"":3,""regime"":""lambda4""}]",0.08509164262152069,1,1.0,[],[]
innovation_gru_mse,275000001,valid,episode,lambda4,3,valid:lambda4:274000004:period4_hold,period4_hold,1,0.25166118787775055,1,15,1,"[{""case"":3,""regime"":""lambda4""}]",0.25166118787775055,1,1.0,[],[]
innovation_gru_mse,275000001,valid,episode,lambda4,4,valid:lambda4:274000005:neural,neural,1,0.11789018043641927,1,27,1,"[{""case"":4,""regime"":""lambda4""}]",0.11789018043641927,1,1.0,[],[]
innovation_gru_mse,275000001,valid,episode,lambda4,4,valid:lambda4:274000005:period4_hold,period4_hold,1,0.2116737337057007,1,546,1,"[{""case"":4,""regime"":""lambda4""}]",0.2116737337057007,1,1.0,[],[]
innovation_gru_mse,275000001,valid,episode,lambda4,4,valid:lambda4:274000005:analytic,analytic,1,0.1710074211375557,1,31,1,"[{""case"":4,""regime"":""lambda4""}]",0.1710074211375557,1,1.0,[],[]
innovation_gru_mse,275000001,valid,episode,lambda4,5,valid:lambda4:274000006:period4_hold,period4_hold,1,0.0,1,0,0,[],,0,0.0,"[{""case"":5,""regime"":""lambda4""}]","[""valid:lambda4:274000006:period4_hold""]"
innovation_gru_mse,275000001,valid,episode,lambda4,5,valid:lambda4:274000006:analytic,analytic,1,0.19730721922968542,1,1,1,"[{""case"":5,""regime"":""lambda4""}]",0.19730721922968542,1,1.0,[],[]
innovation_gru_mse,275000001,valid,episode,lambda4,5,valid:lambda4:274000006:neural,neural,1,0.0,1,0,0,[],,0,0.0,"[{""case"":5,""regime"":""lambda4""}]","[""valid:lambda4:274000006:neural""]"
innovation_gru_aux,275000001,valid,overall,,,,,12,0.06419113002911576,36,4573,12,"[{""case"":0,""regime"":""lambda3""},{""case"":1,""regime"":""lambda3""},{""case"":2,""regime"":""lambda3""},{""case"":3,""regime"":""lambda3""},{""case"":4,""regime"":""lambda3""},{""case"":5,""regime"":""lambda3""},{""case"":0,""regime"":""lambda4""},{""case"":1,""regime"":""lambda4""},{""case"":2,""regime"":""lambda4""},{""case"":3,""regime"":""lambda4""},{""case"":4,""regime"":""lambda4""},{""case"":5,""regime"":""lambda4""}]",0.0888800261941603,26,0.7222222222222222,[],"[""valid:lambda3:273000003:analytic"",""valid:lambda3:273000003:neural"",""valid:lambda3:273000005:neural"",""valid:lambda3:273000005:analytic"",""valid:lambda4:274000002:neural"",""valid:lambda4:274000002:analytic"",""valid:lambda4:274000003:analytic"",""valid:lambda4:274000003:neural"",""valid:lambda4:274000006:period4_hold"",""valid:lambda4:274000006:neural""]"
innovation_gru_aux,275000001,valid,regime,lambda3,,,,6,0.06423346444827024,18,2291,6,"[{""case"":0,""regime"":""lambda3""},{""case"":1,""regime"":""lambda3""},{""case"":2,""regime"":""lambda3""},{""case"":3,""regime"":""lambda3""},{""case"":4,""regime"":""lambda3""},{""case"":5,""regime"":""lambda3""}]",0.08258588286206174,14,0.7777777777777778,[],"[""valid:lambda3:273000003:analytic"",""valid:lambda3:273000003:neural"",""valid:lambda3:273000005:neural"",""valid:lambda3:273000005:analytic""]"
innovation_gru_aux,275000001,valid,regime,lambda4,,,,6,0.0641487956099613,18,2282,6,"[{""case"":0,""regime"":""lambda4""},{""case"":1,""regime"":""lambda4""},{""case"":2,""regime"":""lambda4""},{""case"":3,""regime"":""lambda4""},{""case"":4,""regime"":""lambda4""},{""case"":5,""regime"":""lambda4""}]",0.09622319341494195,12,0.6666666666666666,[],"[""valid:lambda4:274000002:neural"",""valid:lambda4:274000002:analytic"",""valid:lambda4:274000003:analytic"",""valid:lambda4:274000003:neural"",""valid:lambda4:274000006:period4_hold"",""valid:lambda4:274000006:neural""]"
innovation_gru_aux,275000001,valid,case,lambda3,0,,,1,0.06907060626263349,3,550,1,"[{""case"":0,""regime"":""lambda3""}]",0.06907060626263349,3,1.0,[],[]
innovation_gru_aux,275000001,valid,case,lambda3,1,,,1,0.01738347472147339,3,6,1,"[{""case"":1,""regime"":""lambda3""}]",0.01738347472147339,3,1.0,[],[]
innovation_gru_aux,275000001,valid,case,lambda3,2,,,1,0.01558600661631067,3,546,1,"[{""case"":2,""regime"":""lambda3""}]",0.04675801984893201,1,0.3333333333333333,[],"[""valid:lambda3:273000003:analytic"",""valid:lambda3:273000003:neural""]"
innovation_gru_aux,275000001,valid,case,lambda3,3,,,1,0.14194658758629072,3,87,1,"[{""case"":3,""regime"":""lambda3""}]",0.14194658758629072,3,1.0,[],[]
innovation_gru_aux,275000001,valid,case,lambda3,4,,,1,0.01229838071364295,3,546,1,"[{""case"":4,""regime"":""lambda3""}]",0.03689514214092885,1,0.3333333333333333,[],"[""valid:lambda3:273000005:neural"",""valid:lambda3:273000005:analytic""]"
innovation_gru_aux,275000001,valid,case,lambda3,5,,,1,0.12911573078927022,3,556,1,"[{""case"":5,""regime"":""lambda3""}]",0.12911573078927022,3,1.0,[],[]
innovation_gru_aux,275000001,valid,case,lambda4,0,,,1,0.0903149667470227,3,559,1,"[{""case"":0,""regime"":""lambda4""}]",0.0903149667470227,3,1.0,[],[]
innovation_gru_aux,275000001,valid,case,lambda4,1,,,1,0.015410125148879213,3,546,1,"[{""case"":1,""regime"":""lambda4""}]",0.04623037544663764,1,0.3333333333333333,[],"[""valid:lambda4:274000002:neural"",""valid:lambda4:274000002:analytic""]"
innovation_gru_aux,275000001,valid,case,lambda4,2,,,1,0.014153464104894181,3,546,1,"[{""case"":2,""regime"":""lambda4""}]",0.042460392314682543,1,0.3333333333333333,[],"[""valid:lambda4:274000003:analytic"",""valid:lambda4:274000003:neural""]"
innovation_gru_aux,275000001,valid,case,lambda4,3,,,1,0.12884698341646553,3,26,1,"[{""case"":3,""regime"":""lambda4""}]",0.12884698341646553,3,1.0,[],[]
innovation_gru_aux,275000001,valid,case,lambda4,4,,,1,0.11154350470906567,3,604,1,"[{""case"":4,""regime"":""lambda4""}]",0.11154350470906567,3,1.0,[],[]
innovation_gru_aux,275000001,valid,case,lambda4,5,,,1,0.024623729533440535,3,1,1,"[{""case"":5,""regime"":""lambda4""}]",0.0738711886003216,1,0.3333333333333333,[],"[""valid:lambda4:274000006:period4_hold"",""valid:lambda4:274000006:neural""]"
innovation_gru_aux,275000001,valid,episode,lambda3,0,valid:lambda3:273000001:analytic,analytic,1,0.09199375260391207,1,2,1,"[{""case"":0,""regime"":""lambda3""}]",0.09199375260391207,1,1.0,[],[]
innovation_gru_aux,275000001,valid,episode,lambda3,0,valid:lambda3:273000001:neural,neural,1,0.09199375260391207,1,2,1,"[{""case"":0,""regime"":""lambda3""}]",0.09199375260391207,1,1.0,[],[]
innovation_gru_aux,275000001,valid,episode,lambda3,0,valid:lambda3:273000001:period4_hold,period4_hold,1,0.023224313580076327,1,546,1,"[{""case"":0,""regime"":""lambda3""}]",0.023224313580076327,1,1.0,[],[]
innovation_gru_aux,275000001,valid,episode,lambda3,1,valid:lambda3:273000002:neural,neural,1,0.00407944155875839,1,1,1,"[{""case"":1,""regime"":""lambda3""}]",0.00407944155875839,1,1.0,[],[]
innovation_gru_aux,275000001,valid,episode,lambda3,1,valid:lambda3:273000002:period4_hold,period4_hold,1,0.04399154104690339,1,4,1,"[{""case"":1,""regime"":""lambda3""}]",0.04399154104690339,1,1.0,[],[]
innovation_gru_aux,275000001,valid,episode,lambda3,1,valid:lambda3:273000002:analytic,analytic,1,0.00407944155875839,1,1,1,"[{""case"":1,""regime"":""lambda3""}]",0.00407944155875839,1,1.0,[],[]
innovation_gru_aux,275000001,valid,episode,lambda3,2,valid:lambda3:273000003:period4_hold,period4_hold,1,0.04675801984893201,1,546,1,"[{""case"":2,""regime"":""lambda3""}]",0.04675801984893201,1,1.0,[],[]
innovation_gru_aux,275000001,valid,episode,lambda3,2,valid:lambda3:273000003:analytic,analytic,1,0.0,1,0,0,[],,0,0.0,"[{""case"":2,""regime"":""lambda3""}]","[""valid:lambda3:273000003:analytic""]"
innovation_gru_aux,275000001,valid,episode,lambda3,2,valid:lambda3:273000003:neural,neural,1,0.0,1,0,0,[],,0,0.0,"[{""case"":2,""regime"":""lambda3""}]","[""valid:lambda3:273000003:neural""]"
innovation_gru_aux,275000001,valid,episode,lambda3,3,valid:lambda3:273000004:analytic,analytic,1,0.15657649249152772,1,33,1,"[{""case"":3,""regime"":""lambda3""}]",0.15657649249152772,1,1.0,[],[]
innovation_gru_aux,275000001,valid,episode,lambda3,3,valid:lambda3:273000004:neural,neural,1,0.1421473810595979,1,34,1,"[{""case"":3,""regime"":""lambda3""}]",0.1421473810595979,1,1.0,[],[]
innovation_gru_aux,275000001,valid,episode,lambda3,3,valid:lambda3:273000004:period4_hold,period4_hold,1,0.12711588920774658,1,20,1,"[{""case"":3,""regime"":""lambda3""}]",0.12711588920774658,1,1.0,[],[]
innovation_gru_aux,275000001,valid,episode,lambda3,4,valid:lambda3:273000005:neural,neural,1,0.0,1,0,0,[],,0,0.0,"[{""case"":4,""regime"":""lambda3""}]","[""valid:lambda3:273000005:neural""]"
innovation_gru_aux,275000001,valid,episode,lambda3,4,valid:lambda3:273000005:period4_hold,period4_hold,1,0.03689514214092885,1,546,1,"[{""case"":4,""regime"":""lambda3""}]",0.03689514214092885,1,1.0,[],[]
innovation_gru_aux,275000001,valid,episode,lambda3,4,valid:lambda3:273000005:analytic,analytic,1,0.0,1,0,0,[],,0,0.0,"[{""case"":4,""regime"":""lambda3""}]","[""valid:lambda3:273000005:analytic""]"
innovation_gru_aux,275000001,valid,episode,lambda3,5,valid:lambda3:273000006:period4_hold,period4_hold,1,0.048804866143540786,1,546,1,"[{""case"":5,""regime"":""lambda3""}]",0.048804866143540786,1,1.0,[],[]
innovation_gru_aux,275000001,valid,episode,lambda3,5,valid:lambda3:273000006:analytic,analytic,1,0.15074408816104423,1,4,1,"[{""case"":5,""regime"":""lambda3""}]",0.15074408816104423,1,1.0,[],[]
innovation_gru_aux,275000001,valid,episode,lambda3,5,valid:lambda3:273000006:neural,neural,1,0.18779823806322563,1,6,1,"[{""case"":5,""regime"":""lambda3""}]",0.18779823806322563,1,1.0,[],[]
innovation_gru_aux,275000001,valid,episode,lambda4,0,valid:lambda4:274000001:analytic,analytic,1,0.10672176519442544,1,8,1,"[{""case"":0,""regime"":""lambda4""}]",0.10672176519442544,1,1.0,[],[]
innovation_gru_aux,275000001,valid,episode,lambda4,0,valid:lambda4:274000001:neural,neural,1,0.11241083890307664,1,5,1,"[{""case"":0,""regime"":""lambda4""}]",0.11241083890307664,1,1.0,[],[]
innovation_gru_aux,275000001,valid,episode,lambda4,0,valid:lambda4:274000001:period4_hold,period4_hold,1,0.051812296143566014,1,546,1,"[{""case"":0,""regime"":""lambda4""}]",0.051812296143566014,1,1.0,[],[]
innovation_gru_aux,275000001,valid,episode,lambda4,1,valid:lambda4:274000002:neural,neural,1,0.0,1,0,0,[],,0,0.0,"[{""case"":1,""regime"":""lambda4""}]","[""valid:lambda4:274000002:neural""]"
innovation_gru_aux,275000001,valid,episode,lambda4,1,valid:lambda4:274000002:period4_hold,period4_hold,1,0.04623037544663764,1,546,1,"[{""case"":1,""regime"":""lambda4""}]",0.04623037544663764,1,1.0,[],[]
innovation_gru_aux,275000001,valid,episode,lambda4,1,valid:lambda4:274000002:analytic,analytic,1,0.0,1,0,0,[],,0,0.0,"[{""case"":1,""regime"":""lambda4""}]","[""valid:lambda4:274000002:analytic""]"
innovation_gru_aux,275000001,valid,episode,lambda4,2,valid:lambda4:274000003:period4_hold,period4_hold,1,0.042460392314682543,1,546,1,"[{""case"":2,""regime"":""lambda4""}]",0.042460392314682543,1,1.0,[],[]
innovation_gru_aux,275000001,valid,episode,lambda4,2,valid:lambda4:274000003:analytic,analytic,1,0.0,1,0,0,[],,0,0.0,"[{""case"":2,""regime"":""lambda4""}]","[""valid:lambda4:274000003:analytic""]"
innovation_gru_aux,275000001,valid,episode,lambda4,2,valid:lambda4:274000003:neural,neural,1,0.0,1,0,0,[],,0,0.0,"[{""case"":2,""regime"":""lambda4""}]","[""valid:lambda4:274000003:neural""]"
innovation_gru_aux,275000001,valid,episode,lambda4,3,valid:lambda4:274000004:analytic,analytic,1,0.12117605976351342,1,6,1,"[{""case"":3,""regime"":""lambda4""}]",0.12117605976351342,1,1.0,[],[]
innovation_gru_aux,275000001,valid,episode,lambda4,3,valid:lambda4:274000004:neural,neural,1,0.08570718132131958,1,5,1,"[{""case"":3,""regime"":""lambda4""}]",0.08570718132131958,1,1.0,[],[]
innovation_gru_aux,275000001,valid,episode,lambda4,3,valid:lambda4:274000004:period4_hold,period4_hold,1,0.17965770916456356,1,15,1,"[{""case"":3,""regime"":""lambda4""}]",0.17965770916456356,1,1.0,[],[]
innovation_gru_aux,275000001,valid,episode,lambda4,4,valid:lambda4:274000005:neural,neural,1,0.1008434319193704,1,27,1,"[{""case"":4,""regime"":""lambda4""}]",0.1008434319193704,1,1.0,[],[]
innovation_gru_aux,275000001,valid,episode,lambda4,4,valid:lambda4:274000005:period4_hold,period4_hold,1,0.08921389772744505,1,546,1,"[{""case"":4,""regime"":""lambda4""}]",0.08921389772744505,1,1.0,[],[]
innovation_gru_aux,275000001,valid,episode,lambda4,4,valid:lambda4:274000005:analytic,analytic,1,0.14457318448038156,1,31,1,"[{""case"":4,""regime"":""lambda4""}]",0.14457318448038156,1,1.0,[],[]
innovation_gru_aux,275000001,valid,episode,lambda4,5,valid:lambda4:274000006:period4_hold,period4_hold,1,0.0,1,0,0,[],,0,0.0,"[{""case"":5,""regime"":""lambda4""}]","[""valid:lambda4:274000006:period4_hold""]"
innovation_gru_aux,275000001,valid,episode,lambda4,5,valid:lambda4:274000006:analytic,analytic,1,0.0738711886003216,1,1,1,"[{""case"":5,""regime"":""lambda4""}]",0.0738711886003216,1,1.0,[],[]
innovation_gru_aux,275000001,valid,episode,lambda4,5,valid:lambda4:274000006:neural,neural,1,0.0,1,0,0,[],,0,0.0,"[{""case"":5,""regime"":""lambda4""}]","[""valid:lambda4:274000006:neural""]"
innovation_aux,275000002,valid,overall,,,,,12,0.06177313057667233,36,4573,12,"[{""case"":0,""regime"":""lambda3""},{""case"":1,""regime"":""lambda3""},{""case"":2,""regime"":""lambda3""},{""case"":3,""regime"":""lambda3""},{""case"":4,""regime"":""lambda3""},{""case"":5,""regime"":""lambda3""},{""case"":0,""regime"":""lambda4""},{""case"":1,""regime"":""lambda4""},{""case"":2,""regime"":""lambda4""},{""case"":3,""regime"":""lambda4""},{""case"":4,""regime"":""lambda4""},{""case"":5,""regime"":""lambda4""}]",0.08553202695231553,26,0.7222222222222222,[],"[""valid:lambda3:273000003:analytic"",""valid:lambda3:273000003:neural"",""valid:lambda3:273000005:neural"",""valid:lambda3:273000005:analytic"",""valid:lambda4:274000002:neural"",""valid:lambda4:274000002:analytic"",""valid:lambda4:274000003:analytic"",""valid:lambda4:274000003:neural"",""valid:lambda4:274000006:period4_hold"",""valid:lambda4:274000006:neural""]"
innovation_aux,275000002,valid,regime,lambda3,,,,6,0.058043551861528764,18,2291,6,"[{""case"":0,""regime"":""lambda3""},{""case"":1,""regime"":""lambda3""},{""case"":2,""regime"":""lambda3""},{""case"":3,""regime"":""lambda3""},{""case"":4,""regime"":""lambda3""},{""case"":5,""regime"":""lambda3""}]",0.07462742382196555,14,0.7777777777777778,[],"[""valid:lambda3:273000003:analytic"",""valid:lambda3:273000003:neural"",""valid:lambda3:273000005:neural"",""valid:lambda3:273000005:analytic""]"
innovation_aux,275000002,valid,regime,lambda4,,,,6,0.0655027092918159,18,2282,6,"[{""case"":0,""regime"":""lambda4""},{""case"":1,""regime"":""lambda4""},{""case"":2,""regime"":""lambda4""},{""case"":3,""regime"":""lambda4""},{""case"":4,""regime"":""lambda4""},{""case"":5,""regime"":""lambda4""}]",0.09825406393772385,12,0.6666666666666666,[],"[""valid:lambda4:274000002:neural"",""valid:lambda4:274000002:analytic"",""valid:lambda4:274000003:analytic"",""valid:lambda4:274000003:neural"",""valid:lambda4:274000006:period4_hold"",""valid:lambda4:274000006:neural""]"
innovation_aux,275000002,valid,case,lambda3,0,,,1,0.029338757172685668,3,550,1,"[{""case"":0,""regime"":""lambda3""}]",0.029338757172685668,3,1.0,[],[]
innovation_aux,275000002,valid,case,lambda3,1,,,1,0.04153110359634956,3,6,1,"[{""case"":1,""regime"":""lambda3""}]",0.04153110359634956,3,1.0,[],[]
innovation_aux,275000002,valid,case,lambda3,2,,,1,0.008188258332832503,3,546,1,"[{""case"":2,""regime"":""lambda3""}]",0.02456477499849751,1,0.3333333333333333,[],"[""valid:lambda3:273000003:analytic"",""valid:lambda3:273000003:neural""]"
innovation_aux,275000002,valid,case,lambda3,3,,,1,0.13127956235121999,3,87,1,"[{""case"":3,""regime"":""lambda3""}]",0.13127956235121999,3,1.0,[],[]
innovation_aux,275000002,valid,case,lambda3,4,,,1,0.007194669128582624,3,546,1,"[{""case"":4,""regime"":""lambda3""}]",0.02158400738574787,1,0.3333333333333333,[],"[""valid:lambda3:273000005:neural"",""valid:lambda3:273000005:analytic""]"
innovation_aux,275000002,valid,case,lambda3,5,,,1,0.13072896058750222,3,556,1,"[{""case"":5,""regime"":""lambda3""}]",0.13072896058750222,3,1.0,[],[]
innovation_aux,275000002,valid,case,lambda4,0,,,1,0.12978047316238409,3,559,1,"[{""case"":0,""regime"":""lambda4""}]",0.12978047316238409,3,1.0,[],[]
innovation_aux,275000002,valid,case,lambda4,1,,,1,0.00899188946918363,3,546,1,"[{""case"":1,""regime"":""lambda4""}]",0.02697566840755089,1,0.3333333333333333,[],"[""valid:lambda4:274000002:neural"",""valid:lambda4:274000002:analytic""]"
innovation_aux,275000002,valid,case,lambda4,2,,,1,0.012850839287234806,3,546,1,"[{""case"":2,""regime"":""lambda4""}]",0.03855251786170442,1,0.3333333333333333,[],"[""valid:lambda4:274000003:analytic"",""valid:lambda4:274000003:neural""]"
innovation_aux,275000002,valid,case,lambda4,3,,,1,0.11592014549334838,3,26,1,"[{""case"":3,""regime"":""lambda4""}]",0.11592014549334838,3,1.0,[],[]
innovation_aux,275000002,valid,case,lambda4,4,,,1,0.10058443082500323,3,604,1,"[{""case"":4,""regime"":""lambda4""}]",0.10058443082500323,3,1.0,[],[]
innovation_aux,275000002,valid,case,lambda4,5,,,1,0.024888477513741236,3,1,1,"[{""case"":5,""regime"":""lambda4""}]",0.07466543254122371,1,0.3333333333333333,[],"[""valid:lambda4:274000006:period4_hold"",""valid:lambda4:274000006:neural""]"
innovation_aux,275000002,valid,episode,lambda3,0,valid:lambda3:273000001:analytic,analytic,1,0.026578069112332514,1,2,1,"[{""case"":0,""regime"":""lambda3""}]",0.026578069112332514,1,1.0,[],[]
innovation_aux,275000002,valid,episode,lambda3,0,valid:lambda3:273000001:neural,neural,1,0.026578069112332514,1,2,1,"[{""case"":0,""regime"":""lambda3""}]",0.026578069112332514,1,1.0,[],[]
innovation_aux,275000002,valid,episode,lambda3,0,valid:lambda3:273000001:period4_hold,period4_hold,1,0.03486013329339198,1,546,1,"[{""case"":0,""regime"":""lambda3""}]",0.03486013329339198,1,1.0,[],[]
innovation_aux,275000002,valid,episode,lambda3,1,valid:lambda3:273000002:neural,neural,1,0.0229957425137286,1,1,1,"[{""case"":1,""regime"":""lambda3""}]",0.0229957425137286,1,1.0,[],[]
innovation_aux,275000002,valid,episode,lambda3,1,valid:lambda3:273000002:period4_hold,period4_hold,1,0.07860182576159147,1,4,1,"[{""case"":1,""regime"":""lambda3""}]",0.07860182576159147,1,1.0,[],[]
innovation_aux,275000002,valid,episode,lambda3,1,valid:lambda3:273000002:analytic,analytic,1,0.0229957425137286,1,1,1,"[{""case"":1,""regime"":""lambda3""}]",0.0229957425137286,1,1.0,[],[]
innovation_aux,275000002,valid,episode,lambda3,2,valid:lambda3:273000003:period4_hold,period4_hold,1,0.02456477499849751,1,546,1,"[{""case"":2,""regime"":""lambda3""}]",0.02456477499849751,1,1.0,[],[]
innovation_aux,275000002,valid,episode,lambda3,2,valid:lambda3:273000003:analytic,analytic,1,0.0,1,0,0,[],,0,0.0,"[{""case"":2,""regime"":""lambda3""}]","[""valid:lambda3:273000003:analytic""]"
innovation_aux,275000002,valid,episode,lambda3,2,valid:lambda3:273000003:neural,neural,1,0.0,1,0,0,[],,0,0.0,"[{""case"":2,""regime"":""lambda3""}]","[""valid:lambda3:273000003:neural""]"
innovation_aux,275000002,valid,episode,lambda3,3,valid:lambda3:273000004:analytic,analytic,1,0.15708089413053447,1,33,1,"[{""case"":3,""regime"":""lambda3""}]",0.15708089413053447,1,1.0,[],[]
innovation_aux,275000002,valid,episode,lambda3,3,valid:lambda3:273000004:neural,neural,1,0.14192218988040062,1,34,1,"[{""case"":3,""regime"":""lambda3""}]",0.14192218988040062,1,1.0,[],[]
innovation_aux,275000002,valid,episode,lambda3,3,valid:lambda3:273000004:period4_hold,period4_hold,1,0.09483560304272487,1,20,1,"[{""case"":3,""regime"":""lambda3""}]",0.09483560304272487,1,1.0,[],[]
innovation_aux,275000002,valid,episode,lambda3,4,valid:lambda3:273000005:neural,neural,1,0.0,1,0,0,[],,0,0.0,"[{""case"":4,""regime"":""lambda3""}]","[""valid:lambda3:273000005:neural""]"
innovation_aux,275000002,valid,episode,lambda3,4,valid:lambda3:273000005:period4_hold,period4_hold,1,0.02158400738574787,1,546,1,"[{""case"":4,""regime"":""lambda3""}]",0.02158400738574787,1,1.0,[],[]
innovation_aux,275000002,valid,episode,lambda3,4,valid:lambda3:273000005:analytic,analytic,1,0.0,1,0,0,[],,0,0.0,"[{""case"":4,""regime"":""lambda3""}]","[""valid:lambda3:273000005:analytic""]"
innovation_aux,275000002,valid,episode,lambda3,5,valid:lambda3:273000006:period4_hold,period4_hold,1,0.046912718551572245,1,546,1,"[{""case"":5,""regime"":""lambda3""}]",0.046912718551572245,1,1.0,[],[]
innovation_aux,275000002,valid,episode,lambda3,5,valid:lambda3:273000006:analytic,analytic,1,0.1427115147507827,1,4,1,"[{""case"":5,""regime"":""lambda3""}]",0.1427115147507827,1,1.0,[],[]
innovation_aux,275000002,valid,episode,lambda3,5,valid:lambda3:273000006:neural,neural,1,0.2025626484601517,1,6,1,"[{""case"":5,""regime"":""lambda3""}]",0.2025626484601517,1,1.0,[],[]
innovation_aux,275000002,valid,episode,lambda4,0,valid:lambda4:274000001:analytic,analytic,1,0.18046489544090782,1,8,1,"[{""case"":0,""regime"":""lambda4""}]",0.18046489544090782,1,1.0,[],[]
innovation_aux,275000002,valid,episode,lambda4,0,valid:lambda4:274000001:neural,neural,1,0.12970225775228528,1,5,1,"[{""case"":0,""regime"":""lambda4""}]",0.12970225775228528,1,1.0,[],[]
innovation_aux,275000002,valid,episode,lambda4,0,valid:lambda4:274000001:period4_hold,period4_hold,1,0.07917426629395921,1,546,1,"[{""case"":0,""regime"":""lambda4""}]",0.07917426629395921,1,1.0,[],[]
innovation_aux,275000002,valid,episode,lambda4,1,valid:lambda4:274000002:neural,neural,1,0.0,1,0,0,[],,0,0.0,"[{""case"":1,""regime"":""lambda4""}]","[""valid:lambda4:274000002:neural""]"
innovation_aux,275000002,valid,episode,lambda4,1,valid:lambda4:274000002:period4_hold,period4_hold,1,0.02697566840755089,1,546,1,"[{""case"":1,""regime"":""lambda4""}]",0.02697566840755089,1,1.0,[],[]
innovation_aux,275000002,valid,episode,lambda4,1,valid:lambda4:274000002:analytic,analytic,1,0.0,1,0,0,[],,0,0.0,"[{""case"":1,""regime"":""lambda4""}]","[""valid:lambda4:274000002:analytic""]"
innovation_aux,275000002,valid,episode,lambda4,2,valid:lambda4:274000003:period4_hold,period4_hold,1,0.03855251786170442,1,546,1,"[{""case"":2,""regime"":""lambda4""}]",0.03855251786170442,1,1.0,[],[]
innovation_aux,275000002,valid,episode,lambda4,2,valid:lambda4:274000003:analytic,analytic,1,0.0,1,0,0,[],,0,0.0,"[{""case"":2,""regime"":""lambda4""}]","[""valid:lambda4:274000003:analytic""]"
innovation_aux,275000002,valid,episode,lambda4,2,valid:lambda4:274000003:neural,neural,1,0.0,1,0,0,[],,0,0.0,"[{""case"":2,""regime"":""lambda4""}]","[""valid:lambda4:274000003:neural""]"
innovation_aux,275000002,valid,episode,lambda4,3,valid:lambda4:274000004:analytic,analytic,1,0.10313468738375302,1,6,1,"[{""case"":3,""regime"":""lambda4""}]",0.10313468738375302,1,1.0,[],[]
innovation_aux,275000002,valid,episode,lambda4,3,valid:lambda4:274000004:neural,neural,1,0.05410424270559986,1,5,1,"[{""case"":3,""regime"":""lambda4""}]",0.05410424270559986,1,1.0,[],[]
innovation_aux,275000002,valid,episode,lambda4,3,valid:lambda4:274000004:period4_hold,period4_hold,1,0.19052150639069226,1,15,1,"[{""case"":3,""regime"":""lambda4""}]",0.19052150639069226,1,1.0,[],[]
innovation_aux,275000002,valid,episode,lambda4,4,valid:lambda4:274000005:neural,neural,1,0.10713982515726962,1,27,1,"[{""case"":4,""regime"":""lambda4""}]",0.10713982515726962,1,1.0,[],[]
innovation_aux,275000002,valid,episode,lambda4,4,valid:lambda4:274000005:period4_hold,period4_hold,1,0.0673319655494484,1,546,1,"[{""case"":4,""regime"":""lambda4""}]",0.0673319655494484,1,1.0,[],[]
innovation_aux,275000002,valid,episode,lambda4,4,valid:lambda4:274000005:analytic,analytic,1,0.1272815017682917,1,31,1,"[{""case"":4,""regime"":""lambda4""}]",0.1272815017682917,1,1.0,[],[]
innovation_aux,275000002,valid,episode,lambda4,5,valid:lambda4:274000006:period4_hold,period4_hold,1,0.0,1,0,0,[],,0,0.0,"[{""case"":5,""regime"":""lambda4""}]","[""valid:lambda4:274000006:period4_hold""]"
innovation_aux,275000002,valid,episode,lambda4,5,valid:lambda4:274000006:analytic,analytic,1,0.07466543254122371,1,1,1,"[{""case"":5,""regime"":""lambda4""}]",0.07466543254122371,1,1.0,[],[]
innovation_aux,275000002,valid,episode,lambda4,5,valid:lambda4:274000006:neural,neural,1,0.0,1,0,0,[],,0,0.0,"[{""case"":5,""regime"":""lambda4""}]","[""valid:lambda4:274000006:neural""]"
innovation_mse,275000002,valid,overall,,,,,12,0.11147746142639663,36,4573,12,"[{""case"":0,""regime"":""lambda3""},{""case"":1,""regime"":""lambda3""},{""case"":2,""regime"":""lambda3""},{""case"":3,""regime"":""lambda3""},{""case"":4,""regime"":""lambda3""},{""case"":5,""regime"":""lambda3""},{""case"":0,""regime"":""lambda4""},{""case"":1,""regime"":""lambda4""},{""case"":2,""regime"":""lambda4""},{""case"":3,""regime"":""lambda4""},{""case"":4,""regime"":""lambda4""},{""case"":5,""regime"":""lambda4""}]",0.15435340812885687,26,0.7222222222222222,[],"[""valid:lambda3:273000003:analytic"",""valid:lambda3:273000003:neural"",""valid:lambda3:273000005:neural"",""valid:lambda3:273000005:analytic"",""valid:lambda4:274000002:neural"",""valid:lambda4:274000002:analytic"",""valid:lambda4:274000003:analytic"",""valid:lambda4:274000003:neural"",""valid:lambda4:274000006:period4_hold"",""valid:lambda4:274000006:neural""]"
innovation_mse,275000002,valid,regime,lambda3,,,,6,0.11191279433691939,18,2291,6,"[{""case"":0,""regime"":""lambda3""},{""case"":1,""regime"":""lambda3""},{""case"":2,""regime"":""lambda3""},{""case"":3,""regime"":""lambda3""},{""case"":4,""regime"":""lambda3""},{""case"":5,""regime"":""lambda3""}]",0.14388787843318207,14,0.7777777777777778,[],"[""valid:lambda3:273000003:analytic"",""valid:lambda3:273000003:neural"",""valid:lambda3:273000005:neural"",""valid:lambda3:273000005:analytic""]"
innovation_mse,275000002,valid,regime,lambda4,,,,6,0.11104212851587386,18,2282,6,"[{""case"":0,""regime"":""lambda4""},{""case"":1,""regime"":""lambda4""},{""case"":2,""regime"":""lambda4""},{""case"":3,""regime"":""lambda4""},{""case"":4,""regime"":""lambda4""},{""case"":5,""regime"":""lambda4""}]",0.1665631927738108,12,0.6666666666666666,[],"[""valid:lambda4:274000002:neural"",""valid:lambda4:274000002:analytic"",""valid:lambda4:274000003:analytic"",""valid:lambda4:274000003:neural"",""valid:lambda4:274000006:period4_hold"",""valid:lambda4:274000006:neural""]"
innovation_mse,275000002,valid,case,lambda3,0,,,1,0.11519487232987184,3,550,1,"[{""case"":0,""regime"":""lambda3""}]",0.11519487232987184,3,1.0,[],[]
innovation_mse,275000002,valid,case,lambda3,1,,,1,0.1046634275005438,3,6,1,"[{""case"":1,""regime"":""lambda3""}]",0.1046634275005438,3,1.0,[],[]
innovation_mse,275000002,valid,case,lambda3,2,,,1,0.028180537616115605,3,546,1,"[{""case"":2,""regime"":""lambda3""}]",0.08454161284834681,1,0.3333333333333333,[],"[""valid:lambda3:273000003:analytic"",""valid:lambda3:273000003:neural""]"
innovation_mse,275000002,valid,case,lambda3,3,,,1,0.12343794722990835,3,87,1,"[{""case"":3,""regime"":""lambda3""}]",0.12343794722990835,3,1.0,[],[]
innovation_mse,275000002,valid,case,lambda3,4,,,1,0.02951317842532491,3,546,1,"[{""case"":4,""regime"":""lambda3""}]",0.08853953527597473,1,0.3333333333333333,[],"[""valid:lambda3:273000005:neural"",""valid:lambda3:273000005:analytic""]"
innovation_mse,275000002,valid,case,lambda3,5,,,1,0.2704868029197518,3,556,1,"[{""case"":5,""regime"":""lambda3""}]",0.2704868029197518,3,1.0,[],[]
innovation_mse,275000002,valid,case,lambda4,0,,,1,0.17764005542933578,3,559,1,"[{""case"":0,""regime"":""lambda4""}]",0.17764005542933578,3,1.0,[],[]
innovation_mse,275000002,valid,case,lambda4,1,,,1,0.030707039505245972,3,546,1,"[{""case"":1,""regime"":""lambda4""}]",0.09212111851573791,1,0.3333333333333333,[],"[""valid:lambda4:274000002:neural"",""valid:lambda4:274000002:analytic""]"
innovation_mse,275000002,valid,case,lambda4,2,,,1,0.07034149907414435,3,546,1,"[{""case"":2,""regime"":""lambda4""}]",0.21102449722243305,1,0.3333333333333333,[],"[""valid:lambda4:274000003:analytic"",""valid:lambda4:274000003:neural""]"
innovation_mse,275000002,valid,case,lambda4,3,,,1,0.19764870107736068,3,26,1,"[{""case"":3,""regime"":""lambda4""}]",0.19764870107736068,3,1.0,[],[]
innovation_mse,275000002,valid,case,lambda4,4,,,1,0.14744470939681206,3,604,1,"[{""case"":4,""regime"":""lambda4""}]",0.14744470939681206,3,1.0,[],[]
innovation_mse,275000002,valid,case,lambda4,5,,,1,0.042470766612344356,3,1,1,"[{""case"":5,""regime"":""lambda4""}]",0.12741229983703306,1,0.3333333333333333,[],"[""valid:lambda4:274000006:period4_hold"",""valid:lambda4:274000006:neural""]"
innovation_mse,275000002,valid,episode,lambda3,0,valid:lambda3:273000001:analytic,analytic,1,0.10878929395255454,1,2,1,"[{""case"":0,""regime"":""lambda3""}]",0.10878929395255454,1,1.0,[],[]
innovation_mse,275000002,valid,episode,lambda3,0,valid:lambda3:273000001:neural,neural,1,0.10878929395255454,1,2,1,"[{""case"":0,""regime"":""lambda3""}]",0.10878929395255454,1,1.0,[],[]
innovation_mse,275000002,valid,episode,lambda3,0,valid:lambda3:273000001:period4_hold,period4_hold,1,0.12800602908450645,1,546,1,"[{""case"":0,""regime"":""lambda3""}]",0.12800602908450645,1,1.0,[],[]
innovation_mse,275000002,valid,episode,lambda3,1,valid:lambda3:273000002:neural,neural,1,0.10824501036057654,1,1,1,"[{""case"":1,""regime"":""lambda3""}]",0.10824501036057654,1,1.0,[],[]
innovation_mse,275000002,valid,episode,lambda3,1,valid:lambda3:273000002:period4_hold,period4_hold,1,0.09750026178047833,1,4,1,"[{""case"":1,""regime"":""lambda3""}]",0.09750026178047833,1,1.0,[],[]
innovation_mse,275000002,valid,episode,lambda3,1,valid:lambda3:273000002:analytic,analytic,1,0.10824501036057654,1,1,1,"[{""case"":1,""regime"":""lambda3""}]",0.10824501036057654,1,1.0,[],[]
innovation_mse,275000002,valid,episode,lambda3,2,valid:lambda3:273000003:period4_hold,period4_hold,1,0.08454161284834681,1,546,1,"[{""case"":2,""regime"":""lambda3""}]",0.08454161284834681,1,1.0,[],[]
innovation_mse,275000002,valid,episode,lambda3,2,valid:lambda3:273000003:analytic,analytic,1,0.0,1,0,0,[],,0,0.0,"[{""case"":2,""regime"":""lambda3""}]","[""valid:lambda3:273000003:analytic""]"
innovation_mse,275000002,valid,episode,lambda3,2,valid:lambda3:273000003:neural,neural,1,0.0,1,0,0,[],,0,0.0,"[{""case"":2,""regime"":""lambda3""}]","[""valid:lambda3:273000003:neural""]"
innovation_mse,275000002,valid,episode,lambda3,3,valid:lambda3:273000004:analytic,analytic,1,0.1578282674580595,1,33,1,"[{""case"":3,""regime"":""lambda3""}]",0.1578282674580595,1,1.0,[],[]
innovation_mse,275000002,valid,episode,lambda3,3,valid:lambda3:273000004:neural,neural,1,0.12365398590709313,1,34,1,"[{""case"":3,""regime"":""lambda3""}]",0.12365398590709313,1,1.0,[],[]
innovation_mse,275000002,valid,episode,lambda3,3,valid:lambda3:273000004:period4_hold,period4_hold,1,0.08883158832457241,1,20,1,"[{""case"":3,""regime"":""lambda3""}]",0.08883158832457241,1,1.0,[],[]
innovation_mse,275000002,valid,episode,lambda3,4,valid:lambda3:273000005:neural,neural,1,0.0,1,0,0,[],,0,0.0,"[{""case"":4,""regime"":""lambda3""}]","[""valid:lambda3:273000005:neural""]"
innovation_mse,275000002,valid,episode,lambda3,4,valid:lambda3:273000005:period4_hold,period4_hold,1,0.08853953527597473,1,546,1,"[{""case"":4,""regime"":""lambda3""}]",0.08853953527597473,1,1.0,[],[]
innovation_mse,275000002,valid,episode,lambda3,4,valid:lambda3:273000005:analytic,analytic,1,0.0,1,0,0,[],,0,0.0,"[{""case"":4,""regime"":""lambda3""}]","[""valid:lambda3:273000005:analytic""]"
innovation_mse,275000002,valid,episode,lambda3,5,valid:lambda3:273000006:period4_hold,period4_hold,1,0.17512193819584054,1,546,1,"[{""case"":5,""regime"":""lambda3""}]",0.17512193819584054,1,1.0,[],[]
innovation_mse,275000002,valid,episode,lambda3,5,valid:lambda3:273000006:analytic,analytic,1,0.298240972754396,1,4,1,"[{""case"":5,""regime"":""lambda3""}]",0.298240972754396,1,1.0,[],[]
innovation_mse,275000002,valid,episode,lambda3,5,valid:lambda3:273000006:neural,neural,1,0.33809749780901893,1,6,1,"[{""case"":5,""regime"":""lambda3""}]",0.33809749780901893,1,1.0,[],[]
innovation_mse,275000002,valid,episode,lambda4,0,valid:lambda4:274000001:analytic,analytic,1,0.21795205360612968,1,8,1,"[{""case"":0,""regime"":""lambda4""}]",0.21795205360612968,1,1.0,[],[]
innovation_mse,275000002,valid,episode,lambda4,0,valid:lambda4:274000001:neural,neural,1,0.14052173906269444,1,5,1,"[{""case"":0,""regime"":""lambda4""}]",0.14052173906269444,1,1.0,[],[]
innovation_mse,275000002,valid,episode,lambda4,0,valid:lambda4:274000001:period4_hold,period4_hold,1,0.1744463736191832,1,546,1,"[{""case"":0,""regime"":""lambda4""}]",0.1744463736191832,1,1.0,[],[]
innovation_mse,275000002,valid,episode,lambda4,1,valid:lambda4:274000002:neural,neural,1,0.0,1,0,0,[],,0,0.0,"[{""case"":1,""regime"":""lambda4""}]","[""valid:lambda4:274000002:neural""]"
innovation_mse,275000002,valid,episode,lambda4,1,valid:lambda4:274000002:period4_hold,period4_hold,1,0.09212111851573791,1,546,1,"[{""case"":1,""regime"":""lambda4""}]",0.09212111851573791,1,1.0,[],[]
innovation_mse,275000002,valid,episode,lambda4,1,valid:lambda4:274000002:analytic,analytic,1,0.0,1,0,0,[],,0,0.0,"[{""case"":1,""regime"":""lambda4""}]","[""valid:lambda4:274000002:analytic""]"
innovation_mse,275000002,valid,episode,lambda4,2,valid:lambda4:274000003:period4_hold,period4_hold,1,0.21102449722243305,1,546,1,"[{""case"":2,""regime"":""lambda4""}]",0.21102449722243305,1,1.0,[],[]
innovation_mse,275000002,valid,episode,lambda4,2,valid:lambda4:274000003:analytic,analytic,1,0.0,1,0,0,[],,0,0.0,"[{""case"":2,""regime"":""lambda4""}]","[""valid:lambda4:274000003:analytic""]"
innovation_mse,275000002,valid,episode,lambda4,2,valid:lambda4:274000003:neural,neural,1,0.0,1,0,0,[],,0,0.0,"[{""case"":2,""regime"":""lambda4""}]","[""valid:lambda4:274000003:neural""]"
innovation_mse,275000002,valid,episode,lambda4,3,valid:lambda4:274000004:analytic,analytic,1,0.1658131538959632,1,6,1,"[{""case"":3,""regime"":""lambda4""}]",0.1658131538959632,1,1.0,[],[]
innovation_mse,275000002,valid,episode,lambda4,3,valid:lambda4:274000004:neural,neural,1,0.12506549597541153,1,5,1,"[{""case"":3,""regime"":""lambda4""}]",0.12506549597541153,1,1.0,[],[]
innovation_mse,275000002,valid,episode,lambda4,3,valid:lambda4:274000004:period4_hold,period4_hold,1,0.30206745336070734,1,15,1,"[{""case"":3,""regime"":""lambda4""}]",0.30206745336070734,1,1.0,[],[]
innovation_mse,275000002,valid,episode,lambda4,4,valid:lambda4:274000005:neural,neural,1,0.10318233421108508,1,27,1,"[{""case"":4,""regime"":""lambda4""}]",0.10318233421108508,1,1.0,[],[]
innovation_mse,275000002,valid,episode,lambda4,4,valid:lambda4:274000005:period4_hold,period4_hold,1,0.19063464854546844,1,546,1,"[{""case"":4,""regime"":""lambda4""}]",0.19063464854546844,1,1.0,[],[]
innovation_mse,275000002,valid,episode,lambda4,4,valid:lambda4:274000005:analytic,analytic,1,0.14851714543388264,1,31,1,"[{""case"":4,""regime"":""lambda4""}]",0.14851714543388264,1,1.0,[],[]
innovation_mse,275000002,valid,episode,lambda4,5,valid:lambda4:274000006:period4_hold,period4_hold,1,0.0,1,0,0,[],,0,0.0,"[{""case"":5,""regime"":""lambda4""}]","[""valid:lambda4:274000006:period4_hold""]"
innovation_mse,275000002,valid,episode,lambda4,5,valid:lambda4:274000006:analytic,analytic,1,0.12741229983703306,1,1,1,"[{""case"":5,""regime"":""lambda4""}]",0.12741229983703306,1,1.0,[],[]
innovation_mse,275000002,valid,episode,lambda4,5,valid:lambda4:274000006:neural,neural,1,0.0,1,0,0,[],,0,0.0,"[{""case"":5,""regime"":""lambda4""}]","[""valid:lambda4:274000006:neural""]"
innovation_gru_mse,275000002,valid,overall,,,,,12,0.10365242159693469,36,4573,12,"[{""case"":0,""regime"":""lambda3""},{""case"":1,""regime"":""lambda3""},{""case"":2,""regime"":""lambda3""},{""case"":3,""regime"":""lambda3""},{""case"":4,""regime"":""lambda3""},{""case"":5,""regime"":""lambda3""},{""case"":0,""regime"":""lambda4""},{""case"":1,""regime"":""lambda4""},{""case"":2,""regime"":""lambda4""},{""case"":3,""regime"":""lambda4""},{""case"":4,""regime"":""lambda4""},{""case"":5,""regime"":""lambda4""}]",0.14351873759575573,26,0.7222222222222222,[],"[""valid:lambda3:273000003:analytic"",""valid:lambda3:273000003:neural"",""valid:lambda3:273000005:neural"",""valid:lambda3:273000005:analytic"",""valid:lambda4:274000002:neural"",""valid:lambda4:274000002:analytic"",""valid:lambda4:274000003:analytic"",""valid:lambda4:274000003:neural"",""valid:lambda4:274000006:period4_hold"",""valid:lambda4:274000006:neural""]"
innovation_gru_mse,275000002,valid,regime,lambda3,,,,6,0.09949849168215692,18,2291,6,"[{""case"":0,""regime"":""lambda3""},{""case"":1,""regime"":""lambda3""},{""case"":2,""regime"":""lambda3""},{""case"":3,""regime"":""lambda3""},{""case"":4,""regime"":""lambda3""},{""case"":5,""regime"":""lambda3""}]",0.1279266321627732,14,0.7777777777777778,[],"[""valid:lambda3:273000003:analytic"",""valid:lambda3:273000003:neural"",""valid:lambda3:273000005:neural"",""valid:lambda3:273000005:analytic""]"
innovation_gru_mse,275000002,valid,regime,lambda4,,,,6,0.10780635151171244,18,2282,6,"[{""case"":0,""regime"":""lambda4""},{""case"":1,""regime"":""lambda4""},{""case"":2,""regime"":""lambda4""},{""case"":3,""regime"":""lambda4""},{""case"":4,""regime"":""lambda4""},{""case"":5,""regime"":""lambda4""}]",0.16170952726756868,12,0.6666666666666666,[],"[""valid:lambda4:274000002:neural"",""valid:lambda4:274000002:analytic"",""valid:lambda4:274000003:analytic"",""valid:lambda4:274000003:neural"",""valid:lambda4:274000006:period4_hold"",""valid:lambda4:274000006:neural""]"
innovation_gru_mse,275000002,valid,case,lambda3,0,,,1,0.1413673081538873,3,550,1,"[{""case"":0,""regime"":""lambda3""}]",0.1413673081538873,3,1.0,[],[]
innovation_gru_mse,275000002,valid,case,lambda3,1,,,1,0.06263789273874683,3,6,1,"[{""case"":1,""regime"":""lambda3""}]",0.06263789273874683,3,1.0,[],[]
innovation_gru_mse,275000002,valid,case,lambda3,2,,,1,0.02727253823943379,3,546,1,"[{""case"":2,""regime"":""lambda3""}]",0.08181761471830137,1,0.3333333333333333,[],"[""valid:lambda3:273000003:analytic"",""valid:lambda3:273000003:neural""]"
innovation_gru_mse,275000002,valid,case,lambda3,3,,,1,0.14142974460126523,3,87,1,"[{""case"":3,""regime"":""lambda3""}]",0.14142974460126523,3,1.0,[],[]
innovation_gru_mse,275000002,valid,case,lambda3,4,,,1,0.020851746727126665,3,546,1,"[{""case"":4,""regime"":""lambda3""}]",0.06255524018137999,1,0.3333333333333333,[],"[""valid:lambda3:273000005:neural"",""valid:lambda3:273000005:analytic""]"
innovation_gru_mse,275000002,valid,case,lambda3,5,,,1,0.20343171963248174,3,556,1,"[{""case"":5,""regime"":""lambda3""}]",0.20343171963248174,3,1.0,[],[]
innovation_gru_mse,275000002,valid,case,lambda4,0,,,1,0.1921765118444144,3,559,1,"[{""case"":0,""regime"":""lambda4""}]",0.1921765118444144,3,1.0,[],[]
innovation_gru_mse,275000002,valid,case,lambda4,1,,,1,0.02586481600363036,3,546,1,"[{""case"":1,""regime"":""lambda4""}]",0.07759444801089108,1,0.3333333333333333,[],"[""valid:lambda4:274000002:neural"",""valid:lambda4:274000002:analytic""]"
innovation_gru_mse,275000002,valid,case,lambda4,2,,,1,0.042348810085327045,3,546,1,"[{""case"":2,""regime"":""lambda4""}]",0.12704643025598114,1,0.3333333333333333,[],"[""valid:lambda4:274000003:analytic"",""valid:lambda4:274000003:neural""]"
innovation_gru_mse,275000002,valid,case,lambda4,3,,,1,0.2063690053265257,3,26,1,"[{""case"":3,""regime"":""lambda4""}]",0.2063690053265257,3,1.0,[],[]
innovation_gru_mse,275000002,valid,case,lambda4,4,,,1,0.1419145396935079,3,604,1,"[{""case"":4,""regime"":""lambda4""}]",0.1419145396935079,3,1.0,[],[]
innovation_gru_mse,275000002,valid,case,lambda4,5,,,1,0.038164426116869286,3,1,1,"[{""case"":5,""regime"":""lambda4""}]",0.11449327835060785,1,0.3333333333333333,[],"[""valid:lambda4:274000006:period4_hold"",""valid:lambda4:274000006:neural""]"
innovation_gru_mse,275000002,valid,episode,lambda3,0,valid:lambda3:273000001:analytic,analytic,1,0.18245206158508154,1,2,1,"[{""case"":0,""regime"":""lambda3""}]",0.18245206158508154,1,1.0,[],[]
innovation_gru_mse,275000002,valid,episode,lambda3,0,valid:lambda3:273000001:neural,neural,1,0.18245206158508154,1,2,1,"[{""case"":0,""regime"":""lambda3""}]",0.18245206158508154,1,1.0,[],[]
innovation_gru_mse,275000002,valid,episode,lambda3,0,valid:lambda3:273000001:period4_hold,period4_hold,1,0.059197801291498826,1,546,1,"[{""case"":0,""regime"":""lambda3""}]",0.059197801291498826,1,1.0,[],[]
innovation_gru_mse,275000002,valid,episode,lambda3,1,valid:lambda3:273000002:neural,neural,1,0.04946903876560782,1,1,1,"[{""case"":1,""regime"":""lambda3""}]",0.04946903876560782,1,1.0,[],[]
innovation_gru_mse,275000002,valid,episode,lambda3,1,valid:lambda3:273000002:period4_hold,period4_hold,1,0.08897560068502486,1,4,1,"[{""case"":1,""regime"":""lambda3""}]",0.08897560068502486,1,1.0,[],[]
innovation_gru_mse,275000002,valid,episode,lambda3,1,valid:lambda3:273000002:analytic,analytic,1,0.04946903876560782,1,1,1,"[{""case"":1,""regime"":""lambda3""}]",0.04946903876560782,1,1.0,[],[]
innovation_gru_mse,275000002,valid,episode,lambda3,2,valid:lambda3:273000003:period4_hold,period4_hold,1,0.08181761471830137,1,546,1,"[{""case"":2,""regime"":""lambda3""}]",0.08181761471830137,1,1.0,[],[]
innovation_gru_mse,275000002,valid,episode,lambda3,2,valid:lambda3:273000003:analytic,analytic,1,0.0,1,0,0,[],,0,0.0,"[{""case"":2,""regime"":""lambda3""}]","[""valid:lambda3:273000003:analytic""]"
innovation_gru_mse,275000002,valid,episode,lambda3,2,valid:lambda3:273000003:neural,neural,1,0.0,1,0,0,[],,0,0.0,"[{""case"":2,""regime"":""lambda3""}]","[""valid:lambda3:273000003:neural""]"
innovation_gru_mse,275000002,valid,episode,lambda3,3,valid:lambda3:273000004:analytic,analytic,1,0.16573067320247978,1,33,1,"[{""case"":3,""regime"":""lambda3""}]",0.16573067320247978,1,1.0,[],[]
innovation_gru_mse,275000002,valid,episode,lambda3,3,valid:lambda3:273000004:neural,neural,1,0.14875446202660547,1,34,1,"[{""case"":3,""regime"":""lambda3""}]",0.14875446202660547,1,1.0,[],[]
innovation_gru_mse,275000002,valid,episode,lambda3,3,valid:lambda3:273000004:period4_hold,period4_hold,1,0.10980409857471045,1,20,1,"[{""case"":3,""regime"":""lambda3""}]",0.10980409857471045,1,1.0,[],[]
innovation_gru_mse,275000002,valid,episode,lambda3,4,valid:lambda3:273000005:neural,neural,1,0.0,1,0,0,[],,0,0.0,"[{""case"":4,""regime"":""lambda3""}]","[""valid:lambda3:273000005:neural""]"
innovation_gru_mse,275000002,valid,episode,lambda3,4,valid:lambda3:273000005:period4_hold,period4_hold,1,0.06255524018137999,1,546,1,"[{""case"":4,""regime"":""lambda3""}]",0.06255524018137999,1,1.0,[],[]
innovation_gru_mse,275000002,valid,episode,lambda3,4,valid:lambda3:273000005:analytic,analytic,1,0.0,1,0,0,[],,0,0.0,"[{""case"":4,""regime"":""lambda3""}]","[""valid:lambda3:273000005:analytic""]"
innovation_gru_mse,275000002,valid,episode,lambda3,5,valid:lambda3:273000006:period4_hold,period4_hold,1,0.13023238829453315,1,546,1,"[{""case"":5,""regime"":""lambda3""}]",0.13023238829453315,1,1.0,[],[]
innovation_gru_mse,275000002,valid,episode,lambda3,5,valid:lambda3:273000006:analytic,analytic,1,0.2333227175858461,1,4,1,"[{""case"":5,""regime"":""lambda3""}]",0.2333227175858461,1,1.0,[],[]
innovation_gru_mse,275000002,valid,episode,lambda3,5,valid:lambda3:273000006:neural,neural,1,0.24674005301706595,1,6,1,"[{""case"":5,""regime"":""lambda3""}]",0.24674005301706595,1,1.0,[],[]
innovation_gru_mse,275000002,valid,episode,lambda4,0,valid:lambda4:274000001:analytic,analytic,1,0.23563133584556972,1,8,1,"[{""case"":0,""regime"":""lambda4""}]",0.23563133584556972,1,1.0,[],[]
innovation_gru_mse,275000002,valid,episode,lambda4,0,valid:lambda4:274000001:neural,neural,1,0.20561499382496323,1,5,1,"[{""case"":0,""regime"":""lambda4""}]",0.20561499382496323,1,1.0,[],[]
innovation_gru_mse,275000002,valid,episode,lambda4,0,valid:lambda4:274000001:period4_hold,period4_hold,1,0.13528320586271023,1,546,1,"[{""case"":0,""regime"":""lambda4""}]",0.13528320586271023,1,1.0,[],[]
innovation_gru_mse,275000002,valid,episode,lambda4,1,valid:lambda4:274000002:neural,neural,1,0.0,1,0,0,[],,0,0.0,"[{""case"":1,""regime"":""lambda4""}]","[""valid:lambda4:274000002:neural""]"
innovation_gru_mse,275000002,valid,episode,lambda4,1,valid:lambda4:274000002:period4_hold,period4_hold,1,0.07759444801089108,1,546,1,"[{""case"":1,""regime"":""lambda4""}]",0.07759444801089108,1,1.0,[],[]
innovation_gru_mse,275000002,valid,episode,lambda4,1,valid:lambda4:274000002:analytic,analytic,1,0.0,1,0,0,[],,0,0.0,"[{""case"":1,""regime"":""lambda4""}]","[""valid:lambda4:274000002:analytic""]"
innovation_gru_mse,275000002,valid,episode,lambda4,2,valid:lambda4:274000003:period4_hold,period4_hold,1,0.12704643025598114,1,546,1,"[{""case"":2,""regime"":""lambda4""}]",0.12704643025598114,1,1.0,[],[]
innovation_gru_mse,275000002,valid,episode,lambda4,2,valid:lambda4:274000003:analytic,analytic,1,0.0,1,0,0,[],,0,0.0,"[{""case"":2,""regime"":""lambda4""}]","[""valid:lambda4:274000003:analytic""]"
innovation_gru_mse,275000002,valid,episode,lambda4,2,valid:lambda4:274000003:neural,neural,1,0.0,1,0,0,[],,0,0.0,"[{""case"":2,""regime"":""lambda4""}]","[""valid:lambda4:274000003:neural""]"
innovation_gru_mse,275000002,valid,episode,lambda4,3,valid:lambda4:274000004:analytic,analytic,1,0.17489280889893166,1,6,1,"[{""case"":3,""regime"":""lambda4""}]",0.17489280889893166,1,1.0,[],[]
innovation_gru_mse,275000002,valid,episode,lambda4,3,valid:lambda4:274000004:neural,neural,1,0.09774007961563029,1,5,1,"[{""case"":3,""regime"":""lambda4""}]",0.09774007961563029,1,1.0,[],[]
innovation_gru_mse,275000002,valid,episode,lambda4,3,valid:lambda4:274000004:period4_hold,period4_hold,1,0.34647412746501516,1,15,1,"[{""case"":3,""regime"":""lambda4""}]",0.34647412746501516,1,1.0,[],[]
innovation_gru_mse,275000002,valid,episode,lambda4,4,valid:lambda4:274000005:neural,neural,1,0.10996762901761402,1,27,1,"[{""case"":4,""regime"":""lambda4""}]",0.10996762901761402,1,1.0,[],[]
innovation_gru_mse,275000002,valid,episode,lambda4,4,valid:lambda4:274000005:period4_hold,period4_hold,1,0.16498614563865874,1,546,1,"[{""case"":4,""regime"":""lambda4""}]",0.16498614563865874,1,1.0,[],[]
innovation_gru_mse,275000002,valid,episode,lambda4,4,valid:lambda4:274000005:analytic,analytic,1,0.15078984442425097,1,31,1,"[{""case"":4,""regime"":""lambda4""}]",0.15078984442425097,1,1.0,[],[]
innovation_gru_mse,275000002,valid,episode,lambda4,5,valid:lambda4:274000006:period4_hold,period4_hold,1,0.0,1,0,0,[],,0,0.0,"[{""case"":5,""regime"":""lambda4""}]","[""valid:lambda4:274000006:period4_hold""]"
innovation_gru_mse,275000002,valid,episode,lambda4,5,valid:lambda4:274000006:analytic,analytic,1,0.11449327835060785,1,1,1,"[{""case"":5,""regime"":""lambda4""}]",0.11449327835060785,1,1.0,[],[]
innovation_gru_mse,275000002,valid,episode,lambda4,5,valid:lambda4:274000006:neural,neural,1,0.0,1,0,0,[],,0,0.0,"[{""case"":5,""regime"":""lambda4""}]","[""valid:lambda4:274000006:neural""]"
innovation_gru_aux,275000002,valid,overall,,,,,12,0.06976976463125356,36,4573,12,"[{""case"":0,""regime"":""lambda3""},{""case"":1,""regime"":""lambda3""},{""case"":2,""regime"":""lambda3""},{""case"":3,""regime"":""lambda3""},{""case"":4,""regime"":""lambda3""},{""case"":5,""regime"":""lambda3""},{""case"":0,""regime"":""lambda4""},{""case"":1,""regime"":""lambda4""},{""case"":2,""regime"":""lambda4""},{""case"":3,""regime"":""lambda4""},{""case"":4,""regime"":""lambda4""},{""case"":5,""regime"":""lambda4""}]",0.09660428948942802,26,0.7222222222222222,[],"[""valid:lambda3:273000003:analytic"",""valid:lambda3:273000003:neural"",""valid:lambda3:273000005:neural"",""valid:lambda3:273000005:analytic"",""valid:lambda4:274000002:neural"",""valid:lambda4:274000002:analytic"",""valid:lambda4:274000003:analytic"",""valid:lambda4:274000003:neural"",""valid:lambda4:274000006:period4_hold"",""valid:lambda4:274000006:neural""]"
innovation_gru_aux,275000002,valid,regime,lambda3,,,,6,0.07099273623808194,18,2291,6,"[{""case"":0,""regime"":""lambda3""},{""case"":1,""regime"":""lambda3""},{""case"":2,""regime"":""lambda3""},{""case"":3,""regime"":""lambda3""},{""case"":4,""regime"":""lambda3""},{""case"":5,""regime"":""lambda3""}]",0.0912763751632482,14,0.7777777777777778,[],"[""valid:lambda3:273000003:analytic"",""valid:lambda3:273000003:neural"",""valid:lambda3:273000005:neural"",""valid:lambda3:273000005:analytic""]"
innovation_gru_aux,275000002,valid,regime,lambda4,,,,6,0.06854679302442519,18,2282,6,"[{""case"":0,""regime"":""lambda4""},{""case"":1,""regime"":""lambda4""},{""case"":2,""regime"":""lambda4""},{""case"":3,""regime"":""lambda4""},{""case"":4,""regime"":""lambda4""},{""case"":5,""regime"":""lambda4""}]",0.1028201895366378,12,0.6666666666666666,[],"[""valid:lambda4:274000002:neural"",""valid:lambda4:274000002:analytic"",""valid:lambda4:274000003:analytic"",""valid:lambda4:274000003:neural"",""valid:lambda4:274000006:period4_hold"",""valid:lambda4:274000006:neural""]"
innovation_gru_aux,275000002,valid,case,lambda3,0,,,1,0.0768604316732817,3,550,1,"[{""case"":0,""regime"":""lambda3""}]",0.0768604316732817,3,1.0,[],[]
innovation_gru_aux,275000002,valid,case,lambda3,1,,,1,0.06291907097219251,3,6,1,"[{""case"":1,""regime"":""lambda3""}]",0.06291907097219251,3,1.0,[],[]
innovation_gru_aux,275000002,valid,case,lambda3,2,,,1,0.008241616849188822,3,546,1,"[{""case"":2,""regime"":""lambda3""}]",0.024724850547566467,1,0.3333333333333333,[],"[""valid:lambda3:273000003:analytic"",""valid:lambda3:273000003:neural""]"
innovation_gru_aux,275000002,valid,case,lambda3,3,,,1,0.12044010987768555,3,87,1,"[{""case"":3,""regime"":""lambda3""}]",0.12044010987768555,3,1.0,[],[]
innovation_gru_aux,275000002,valid,case,lambda3,4,,,1,0.006652381450397922,3,546,1,"[{""case"":4,""regime"":""lambda3""}]",0.019957144351193765,1,0.3333333333333333,[],"[""valid:lambda3:273000005:neural"",""valid:lambda3:273000005:analytic""]"
innovation_gru_aux,275000002,valid,case,lambda3,5,,,1,0.15084280660574514,3,556,1,"[{""case"":5,""regime"":""lambda3""}]",0.15084280660574514,3,1.0,[],[]
innovation_gru_aux,275000002,valid,case,lambda4,0,,,1,0.1384537903629118,3,559,1,"[{""case"":0,""regime"":""lambda4""}]",0.1384537903629118,3,1.0,[],[]
innovation_gru_aux,275000002,valid,case,lambda4,1,,,1,0.011489007136573123,3,546,1,"[{""case"":1,""regime"":""lambda4""}]",0.03446702140971937,1,0.3333333333333333,[],"[""valid:lambda4:274000002:neural"",""valid:lambda4:274000002:analytic""]"
innovation_gru_aux,275000002,valid,case,lambda4,2,,,1,0.012063369429700141,3,546,1,"[{""case"":2,""regime"":""lambda4""}]",0.03619010828910042,1,0.3333333333333333,[],"[""valid:lambda4:274000003:analytic"",""valid:lambda4:274000003:neural""]"
innovation_gru_aux,275000002,valid,case,lambda4,3,,,1,0.13454549041570688,3,26,1,"[{""case"":3,""regime"":""lambda4""}]",0.13454549041570688,3,1.0,[],[]
innovation_gru_aux,275000002,valid,case,lambda4,4,,,1,0.08572234920755357,3,604,1,"[{""case"":4,""regime"":""lambda4""}]",0.08572234920755357,3,1.0,[],[]
innovation_gru_aux,275000002,valid,case,lambda4,5,,,1,0.029006751594105634,3,1,1,"[{""case"":5,""regime"":""lambda4""}]",0.0870202547823169,1,0.3333333333333333,[],"[""valid:lambda4:274000006:period4_hold"",""valid:lambda4:274000006:neural""]"
innovation_gru_aux,275000002,valid,episode,lambda3,0,valid:lambda3:273000001:analytic,analytic,1,0.10262023450115976,1,2,1,"[{""case"":0,""regime"":""lambda3""}]",0.10262023450115976,1,1.0,[],[]
innovation_gru_aux,275000002,valid,episode,lambda3,0,valid:lambda3:273000001:neural,neural,1,0.10262023450115976,1,2,1,"[{""case"":0,""regime"":""lambda3""}]",0.10262023450115976,1,1.0,[],[]
innovation_gru_aux,275000002,valid,episode,lambda3,0,valid:lambda3:273000001:period4_hold,period4_hold,1,0.025340826017525575,1,546,1,"[{""case"":0,""regime"":""lambda3""}]",0.025340826017525575,1,1.0,[],[]
innovation_gru_aux,275000002,valid,episode,lambda3,1,valid:lambda3:273000002:neural,neural,1,0.06397096817653392,1,1,1,"[{""case"":1,""regime"":""lambda3""}]",0.06397096817653392,1,1.0,[],[]
innovation_gru_aux,275000002,valid,episode,lambda3,1,valid:lambda3:273000002:period4_hold,period4_hold,1,0.06081527656350971,1,4,1,"[{""case"":1,""regime"":""lambda3""}]",0.06081527656350971,1,1.0,[],[]
innovation_gru_aux,275000002,valid,episode,lambda3,1,valid:lambda3:273000002:analytic,analytic,1,0.06397096817653392,1,1,1,"[{""case"":1,""regime"":""lambda3""}]",0.06397096817653392,1,1.0,[],[]
innovation_gru_aux,275000002,valid,episode,lambda3,2,valid:lambda3:273000003:period4_hold,period4_hold,1,0.024724850547566467,1,546,1,"[{""case"":2,""regime"":""lambda3""}]",0.024724850547566467,1,1.0,[],[]
innovation_gru_aux,275000002,valid,episode,lambda3,2,valid:lambda3:273000003:analytic,analytic,1,0.0,1,0,0,[],,0,0.0,"[{""case"":2,""regime"":""lambda3""}]","[""valid:lambda3:273000003:analytic""]"
innovation_gru_aux,275000002,valid,episode,lambda3,2,valid:lambda3:273000003:neural,neural,1,0.0,1,0,0,[],,0,0.0,"[{""case"":2,""regime"":""lambda3""}]","[""valid:lambda3:273000003:neural""]"
innovation_gru_aux,275000002,valid,episode,lambda3,3,valid:lambda3:273000004:analytic,analytic,1,0.13691987841121656,1,33,1,"[{""case"":3,""regime"":""lambda3""}]",0.13691987841121656,1,1.0,[],[]
innovation_gru_aux,275000002,valid,episode,lambda3,3,valid:lambda3:273000004:neural,neural,1,0.12031096533263842,1,34,1,"[{""case"":3,""regime"":""lambda3""}]",0.12031096533263842,1,1.0,[],[]
innovation_gru_aux,275000002,valid,episode,lambda3,3,valid:lambda3:273000004:period4_hold,period4_hold,1,0.10408948588920168,1,20,1,"[{""case"":3,""regime"":""lambda3""}]",0.10408948588920168,1,1.0,[],[]
innovation_gru_aux,275000002,valid,episode,lambda3,4,valid:lambda3:273000005:neural,neural,1,0.0,1,0,0,[],,0,0.0,"[{""case"":4,""regime"":""lambda3""}]","[""valid:lambda3:273000005:neural""]"
innovation_gru_aux,275000002,valid,episode,lambda3,4,valid:lambda3:273000005:period4_hold,period4_hold,1,0.019957144351193765,1,546,1,"[{""case"":4,""regime"":""lambda3""}]",0.019957144351193765,1,1.0,[],[]
innovation_gru_aux,275000002,valid,episode,lambda3,4,valid:lambda3:273000005:analytic,analytic,1,0.0,1,0,0,[],,0,0.0,"[{""case"":4,""regime"":""lambda3""}]","[""valid:lambda3:273000005:analytic""]"
innovation_gru_aux,275000002,valid,episode,lambda3,5,valid:lambda3:273000006:period4_hold,period4_hold,1,0.038646246832541774,1,546,1,"[{""case"":5,""regime"":""lambda3""}]",0.038646246832541774,1,1.0,[],[]
innovation_gru_aux,275000002,valid,episode,lambda3,5,valid:lambda3:273000006:analytic,analytic,1,0.1876026313686303,1,4,1,"[{""case"":5,""regime"":""lambda3""}]",0.1876026313686303,1,1.0,[],[]
innovation_gru_aux,275000002,valid,episode,lambda3,5,valid:lambda3:273000006:neural,neural,1,0.2262795416160633,1,6,1,"[{""case"":5,""regime"":""lambda3""}]",0.2262795416160633,1,1.0,[],[]
innovation_gru_aux,275000002,valid,episode,lambda4,0,valid:lambda4:274000001:analytic,analytic,1,0.17525206488393863,1,8,1,"[{""case"":0,""regime"":""lambda4""}]",0.17525206488393863,1,1.0,[],[]
innovation_gru_aux,275000002,valid,episode,lambda4,0,valid:lambda4:274000001:neural,neural,1,0.18635530024065475,1,5,1,"[{""case"":0,""regime"":""lambda4""}]",0.18635530024065475,1,1.0,[],[]
innovation_gru_aux,275000002,valid,episode,lambda4,0,valid:lambda4:274000001:period4_hold,period4_hold,1,0.05375400596414205,1,546,1,"[{""case"":0,""regime"":""lambda4""}]",0.05375400596414205,1,1.0,[],[]
innovation_gru_aux,275000002,valid,episode,lambda4,1,valid:lambda4:274000002:neural,neural,1,0.0,1,0,0,[],,0,0.0,"[{""case"":1,""regime"":""lambda4""}]","[""valid:lambda4:274000002:neural""]"
innovation_gru_aux,275000002,valid,episode,lambda4,1,valid:lambda4:274000002:period4_hold,period4_hold,1,0.03446702140971937,1,546,1,"[{""case"":1,""regime"":""lambda4""}]",0.03446702140971937,1,1.0,[],[]
innovation_gru_aux,275000002,valid,episode,lambda4,1,valid:lambda4:274000002:analytic,analytic,1,0.0,1,0,0,[],,0,0.0,"[{""case"":1,""regime"":""lambda4""}]","[""valid:lambda4:274000002:analytic""]"
innovation_gru_aux,275000002,valid,episode,lambda4,2,valid:lambda4:274000003:period4_hold,period4_hold,1,0.03619010828910042,1,546,1,"[{""case"":2,""regime"":""lambda4""}]",0.03619010828910042,1,1.0,[],[]
innovation_gru_aux,275000002,valid,episode,lambda4,2,valid:lambda4:274000003:analytic,analytic,1,0.0,1,0,0,[],,0,0.0,"[{""case"":2,""regime"":""lambda4""}]","[""valid:lambda4:274000003:analytic""]"
innovation_gru_aux,275000002,valid,episode,lambda4,2,valid:lambda4:274000003:neural,neural,1,0.0,1,0,0,[],,0,0.0,"[{""case"":2,""regime"":""lambda4""}]","[""valid:lambda4:274000003:neural""]"
innovation_gru_aux,275000002,valid,episode,lambda4,3,valid:lambda4:274000004:analytic,analytic,1,0.1219229150460895,1,6,1,"[{""case"":3,""regime"":""lambda4""}]",0.1219229150460895,1,1.0,[],[]
innovation_gru_aux,275000002,valid,episode,lambda4,3,valid:lambda4:274000004:neural,neural,1,0.052293868990761896,1,5,1,"[{""case"":3,""regime"":""lambda4""}]",0.052293868990761896,1,1.0,[],[]
innovation_gru_aux,275000002,valid,episode,lambda4,3,valid:lambda4:274000004:period4_hold,period4_hold,1,0.22941968721026929,1,15,1,"[{""case"":3,""regime"":""lambda4""}]",0.22941968721026929,1,1.0,[],[]
innovation_gru_aux,275000002,valid,episode,lambda4,4,valid:lambda4:274000005:neural,neural,1,0.0794458519362622,1,27,1,"[{""case"":4,""regime"":""lambda4""}]",0.0794458519362622,1,1.0,[],[]
innovation_gru_aux,275000002,valid,episode,lambda4,4,valid:lambda4:274000005:period4_hold,period4_hold,1,0.06644350608577922,1,546,1,"[{""case"":4,""regime"":""lambda4""}]",0.06644350608577922,1,1.0,[],[]
innovation_gru_aux,275000002,valid,episode,lambda4,4,valid:lambda4:274000005:analytic,analytic,1,0.11127768960061933,1,31,1,"[{""case"":4,""regime"":""lambda4""}]",0.11127768960061933,1,1.0,[],[]
innovation_gru_aux,275000002,valid,episode,lambda4,5,valid:lambda4:274000006:period4_hold,period4_hold,1,0.0,1,0,0,[],,0,0.0,"[{""case"":5,""regime"":""lambda4""}]","[""valid:lambda4:274000006:period4_hold""]"
innovation_gru_aux,275000002,valid,episode,lambda4,5,valid:lambda4:274000006:analytic,analytic,1,0.0870202547823169,1,1,1,"[{""case"":5,""regime"":""lambda4""}]",0.0870202547823169,1,1.0,[],[]
innovation_gru_aux,275000002,valid,episode,lambda4,5,valid:lambda4:274000006:neural,neural,1,0.0,1,0,0,[],,0,0.0,"[{""case"":5,""regime"":""lambda4""}]","[""valid:lambda4:274000006:neural""]"
innovation_aux,275000003,valid,overall,,,,,12,0.07654822754260687,36,4573,12,"[{""case"":0,""regime"":""lambda3""},{""case"":1,""regime"":""lambda3""},{""case"":2,""regime"":""lambda3""},{""case"":3,""regime"":""lambda3""},{""case"":4,""regime"":""lambda3""},{""case"":5,""regime"":""lambda3""},{""case"":0,""regime"":""lambda4""},{""case"":1,""regime"":""lambda4""},{""case"":2,""regime"":""lambda4""},{""case"":3,""regime"":""lambda4""},{""case"":4,""regime"":""lambda4""},{""case"":5,""regime"":""lambda4""}]",0.1059898535205326,26,0.7222222222222222,[],"[""valid:lambda3:273000003:analytic"",""valid:lambda3:273000003:neural"",""valid:lambda3:273000005:neural"",""valid:lambda3:273000005:analytic"",""valid:lambda4:274000002:neural"",""valid:lambda4:274000002:analytic"",""valid:lambda4:274000003:analytic"",""valid:lambda4:274000003:neural"",""valid:lambda4:274000006:period4_hold"",""valid:lambda4:274000006:neural""]"
innovation_aux,275000003,valid,regime,lambda3,,,,6,0.07307441560580223,18,2291,6,"[{""case"":0,""regime"":""lambda3""},{""case"":1,""regime"":""lambda3""},{""case"":2,""regime"":""lambda3""},{""case"":3,""regime"":""lambda3""},{""case"":4,""regime"":""lambda3""},{""case"":5,""regime"":""lambda3""}]",0.09395282006460286,14,0.7777777777777778,[],"[""valid:lambda3:273000003:analytic"",""valid:lambda3:273000003:neural"",""valid:lambda3:273000005:neural"",""valid:lambda3:273000005:analytic""]"
innovation_aux,275000003,valid,regime,lambda4,,,,6,0.08002203947941153,18,2282,6,"[{""case"":0,""regime"":""lambda4""},{""case"":1,""regime"":""lambda4""},{""case"":2,""regime"":""lambda4""},{""case"":3,""regime"":""lambda4""},{""case"":4,""regime"":""lambda4""},{""case"":5,""regime"":""lambda4""}]",0.12003305921911729,12,0.6666666666666666,[],"[""valid:lambda4:274000002:neural"",""valid:lambda4:274000002:analytic"",""valid:lambda4:274000003:analytic"",""valid:lambda4:274000003:neural"",""valid:lambda4:274000006:period4_hold"",""valid:lambda4:274000006:neural""]"
innovation_aux,275000003,valid,case,lambda3,0,,,1,0.0655145144564069,3,550,1,"[{""case"":0,""regime"":""lambda3""}]",0.0655145144564069,3,1.0,[],[]
innovation_aux,275000003,valid,case,lambda3,1,,,1,0.056950769680931046,3,6,1,"[{""case"":1,""regime"":""lambda3""}]",0.056950769680931046,3,1.0,[],[]
innovation_aux,275000003,valid,case,lambda3,2,,,1,0.02133705667495495,3,546,1,"[{""case"":2,""regime"":""lambda3""}]",0.06401117002486485,1,0.3333333333333333,[],"[""valid:lambda3:273000003:analytic"",""valid:lambda3:273000003:neural""]"
innovation_aux,275000003,valid,case,lambda3,3,,,1,0.12841856728436285,3,87,1,"[{""case"":3,""regime"":""lambda3""}]",0.12841856728436285,3,1.0,[],[]
innovation_aux,275000003,valid,case,lambda3,4,,,1,0.012704138188291136,3,546,1,"[{""case"":4,""regime"":""lambda3""}]",0.03811241456487341,1,0.3333333333333333,[],"[""valid:lambda3:273000005:neural"",""valid:lambda3:273000005:analytic""]"
innovation_aux,275000003,valid,case,lambda3,5,,,1,0.15352144734986653,3,556,1,"[{""case"":5,""regime"":""lambda3""}]",0.15352144734986653,3,1.0,[],[]
innovation_aux,275000003,valid,case,lambda4,0,,,1,0.15181491381654152,3,559,1,"[{""case"":0,""regime"":""lambda4""}]",0.15181491381654152,3,1.0,[],[]
innovation_aux,275000003,valid,case,lambda4,1,,,1,0.009003848420900103,3,546,1,"[{""case"":1,""regime"":""lambda4""}]",0.027011545262700307,1,0.3333333333333333,[],"[""valid:lambda4:274000002:neural"",""valid:lambda4:274000002:analytic""]"
innovation_aux,275000003,valid,case,lambda4,2,,,1,0.03557429495051124,3,546,1,"[{""case"":2,""regime"":""lambda4""}]",0.10672288485153371,1,0.3333333333333333,[],"[""valid:lambda4:274000003:analytic"",""valid:lambda4:274000003:neural""]"
innovation_aux,275000003,valid,case,lambda4,3,,,1,0.13153130605885982,3,26,1,"[{""case"":3,""regime"":""lambda4""}]",0.13153130605885982,3,1.0,[],[]
innovation_aux,275000003,valid,case,lambda4,4,,,1,0.1177718992876489,3,604,1,"[{""case"":4,""regime"":""lambda4""}]",0.1177718992876489,3,1.0,[],[]
innovation_aux,275000003,valid,case,lambda4,5,,,1,0.03443597434200759,3,1,1,"[{""case"":5,""regime"":""lambda4""}]",0.10330792302602276,1,0.3333333333333333,[],"[""valid:lambda4:274000006:period4_hold"",""valid:lambda4:274000006:neural""]"
innovation_aux,275000003,valid,episode,lambda3,0,valid:lambda3:273000001:analytic,analytic,1,0.0636370697057771,1,2,1,"[{""case"":0,""regime"":""lambda3""}]",0.0636370697057771,1,1.0,[],[]
innovation_aux,275000003,valid,episode,lambda3,0,valid:lambda3:273000001:neural,neural,1,0.0636370697057771,1,2,1,"[{""case"":0,""regime"":""lambda3""}]",0.0636370697057771,1,1.0,[],[]
innovation_aux,275000003,valid,episode,lambda3,0,valid:lambda3:273000001:period4_hold,period4_hold,1,0.06926940395766651,1,546,1,"[{""case"":0,""regime"":""lambda3""}]",0.06926940395766651,1,1.0,[],[]
innovation_aux,275000003,valid,episode,lambda3,1,valid:lambda3:273000002:neural,neural,1,0.05845013900778895,1,1,1,"[{""case"":1,""regime"":""lambda3""}]",0.05845013900778895,1,1.0,[],[]
innovation_aux,275000003,valid,episode,lambda3,1,valid:lambda3:273000002:period4_hold,period4_hold,1,0.05395203102721524,1,4,1,"[{""case"":1,""regime"":""lambda3""}]",0.05395203102721524,1,1.0,[],[]
innovation_aux,275000003,valid,episode,lambda3,1,valid:lambda3:273000002:analytic,analytic,1,0.05845013900778895,1,1,1,"[{""case"":1,""regime"":""lambda3""}]",0.05845013900778895,1,1.0,[],[]
innovation_aux,275000003,valid,episode,lambda3,2,valid:lambda3:273000003:period4_hold,period4_hold,1,0.06401117002486485,1,546,1,"[{""case"":2,""regime"":""lambda3""}]",0.06401117002486485,1,1.0,[],[]
innovation_aux,275000003,valid,episode,lambda3,2,valid:lambda3:273000003:analytic,analytic,1,0.0,1,0,0,[],,0,0.0,"[{""case"":2,""regime"":""lambda3""}]","[""valid:lambda3:273000003:analytic""]"
innovation_aux,275000003,valid,episode,lambda3,2,valid:lambda3:273000003:neural,neural,1,0.0,1,0,0,[],,0,0.0,"[{""case"":2,""regime"":""lambda3""}]","[""valid:lambda3:273000003:neural""]"
innovation_aux,275000003,valid,episode,lambda3,3,valid:lambda3:273000004:analytic,analytic,1,0.13972919553683286,1,33,1,"[{""case"":3,""regime"":""lambda3""}]",0.13972919553683286,1,1.0,[],[]
innovation_aux,275000003,valid,episode,lambda3,3,valid:lambda3:273000004:neural,neural,1,0.11852796590255821,1,34,1,"[{""case"":3,""regime"":""lambda3""}]",0.11852796590255821,1,1.0,[],[]
innovation_aux,275000003,valid,episode,lambda3,3,valid:lambda3:273000004:period4_hold,period4_hold,1,0.12699854041369746,1,20,1,"[{""case"":3,""regime"":""lambda3""}]",0.12699854041369746,1,1.0,[],[]
innovation_aux,275000003,valid,episode,lambda3,4,valid:lambda3:273000005:neural,neural,1,0.0,1,0,0,[],,0,0.0,"[{""case"":4,""regime"":""lambda3""}]","[""valid:lambda3:273000005:neural""]"
innovation_aux,275000003,valid,episode,lambda3,4,valid:lambda3:273000005:period4_hold,period4_hold,1,0.03811241456487341,1,546,1,"[{""case"":4,""regime"":""lambda3""}]",0.03811241456487341,1,1.0,[],[]
innovation_aux,275000003,valid,episode,lambda3,4,valid:lambda3:273000005:analytic,analytic,1,0.0,1,0,0,[],,0,0.0,"[{""case"":4,""regime"":""lambda3""}]","[""valid:lambda3:273000005:analytic""]"
innovation_aux,275000003,valid,episode,lambda3,5,valid:lambda3:273000006:period4_hold,period4_hold,1,0.09736911149165185,1,546,1,"[{""case"":5,""regime"":""lambda3""}]",0.09736911149165185,1,1.0,[],[]
innovation_aux,275000003,valid,episode,lambda3,5,valid:lambda3:273000006:analytic,analytic,1,0.14392850346977681,1,4,1,"[{""case"":5,""regime"":""lambda3""}]",0.14392850346977681,1,1.0,[],[]
innovation_aux,275000003,valid,episode,lambda3,5,valid:lambda3:273000006:neural,neural,1,0.21926672708817088,1,6,1,"[{""case"":5,""regime"":""lambda3""}]",0.21926672708817088,1,1.0,[],[]
innovation_aux,275000003,valid,episode,lambda4,0,valid:lambda4:274000001:analytic,analytic,1,0.18385215357962537,1,8,1,"[{""case"":0,""regime"":""lambda4""}]",0.18385215357962537,1,1.0,[],[]
innovation_aux,275000003,valid,episode,lambda4,0,valid:lambda4:274000001:neural,neural,1,0.10690250320438963,1,5,1,"[{""case"":0,""regime"":""lambda4""}]",0.10690250320438963,1,1.0,[],[]
innovation_aux,275000003,valid,episode,lambda4,0,valid:lambda4:274000001:period4_hold,period4_hold,1,0.16469008466560955,1,546,1,"[{""case"":0,""regime"":""lambda4""}]",0.16469008466560955,1,1.0,[],[]
innovation_aux,275000003,valid,episode,lambda4,1,valid:lambda4:274000002:neural,neural,1,0.0,1,0,0,[],,0,0.0,"[{""case"":1,""regime"":""lambda4""}]","[""valid:lambda4:274000002:neural""]"
innovation_aux,275000003,valid,episode,lambda4,1,valid:lambda4:274000002:period4_hold,period4_hold,1,0.027011545262700307,1,546,1,"[{""case"":1,""regime"":""lambda4""}]",0.027011545262700307,1,1.0,[],[]
innovation_aux,275000003,valid,episode,lambda4,1,valid:lambda4:274000002:analytic,analytic,1,0.0,1,0,0,[],,0,0.0,"[{""case"":1,""regime"":""lambda4""}]","[""valid:lambda4:274000002:analytic""]"
innovation_aux,275000003,valid,episode,lambda4,2,valid:lambda4:274000003:period4_hold,period4_hold,1,0.10672288485153371,1,546,1,"[{""case"":2,""regime"":""lambda4""}]",0.10672288485153371,1,1.0,[],[]
innovation_aux,275000003,valid,episode,lambda4,2,valid:lambda4:274000003:analytic,analytic,1,0.0,1,0,0,[],,0,0.0,"[{""case"":2,""regime"":""lambda4""}]","[""valid:lambda4:274000003:analytic""]"
innovation_aux,275000003,valid,episode,lambda4,2,valid:lambda4:274000003:neural,neural,1,0.0,1,0,0,[],,0,0.0,"[{""case"":2,""regime"":""lambda4""}]","[""valid:lambda4:274000003:neural""]"
innovation_aux,275000003,valid,episode,lambda4,3,valid:lambda4:274000004:analytic,analytic,1,0.10879388775460559,1,6,1,"[{""case"":3,""regime"":""lambda4""}]",0.10879388775460559,1,1.0,[],[]
innovation_aux,275000003,valid,episode,lambda4,3,valid:lambda4:274000004:neural,neural,1,0.05160861538087147,1,5,1,"[{""case"":3,""regime"":""lambda4""}]",0.05160861538087147,1,1.0,[],[]
innovation_aux,275000003,valid,episode,lambda4,3,valid:lambda4:274000004:period4_hold,period4_hold,1,0.23419141504110239,1,15,1,"[{""case"":3,""regime"":""lambda4""}]",0.23419141504110239,1,1.0,[],[]
innovation_aux,275000003,valid,episode,lambda4,4,valid:lambda4:274000005:neural,neural,1,0.08664344131756883,1,27,1,"[{""case"":4,""regime"":""lambda4""}]",0.08664344131756883,1,1.0,[],[]
innovation_aux,275000003,valid,episode,lambda4,4,valid:lambda4:274000005:period4_hold,period4_hold,1,0.15020090825669125,1,546,1,"[{""case"":4,""regime"":""lambda4""}]",0.15020090825669125,1,1.0,[],[]
innovation_aux,275000003,valid,episode,lambda4,4,valid:lambda4:274000005:analytic,analytic,1,0.11647134828868663,1,31,1,"[{""case"":4,""regime"":""lambda4""}]",0.11647134828868663,1,1.0,[],[]
innovation_aux,275000003,valid,episode,lambda4,5,valid:lambda4:274000006:period4_hold,period4_hold,1,0.0,1,0,0,[],,0,0.0,"[{""case"":5,""regime"":""lambda4""}]","[""valid:lambda4:274000006:period4_hold""]"
innovation_aux,275000003,valid,episode,lambda4,5,valid:lambda4:274000006:analytic,analytic,1,0.10330792302602276,1,1,1,"[{""case"":5,""regime"":""lambda4""}]",0.10330792302602276,1,1.0,[],[]
innovation_aux,275000003,valid,episode,lambda4,5,valid:lambda4:274000006:neural,neural,1,0.0,1,0,0,[],,0,0.0,"[{""case"":5,""regime"":""lambda4""}]","[""valid:lambda4:274000006:neural""]"
innovation_mse,275000003,valid,overall,,,,,12,0.13982785742959167,36,4573,12,"[{""case"":0,""regime"":""lambda3""},{""case"":1,""regime"":""lambda3""},{""case"":2,""regime"":""lambda3""},{""case"":3,""regime"":""lambda3""},{""case"":4,""regime"":""lambda3""},{""case"":5,""regime"":""lambda3""},{""case"":0,""regime"":""lambda4""},{""case"":1,""regime"":""lambda4""},{""case"":2,""regime"":""lambda4""},{""case"":3,""regime"":""lambda4""},{""case"":4,""regime"":""lambda4""},{""case"":5,""regime"":""lambda4""}]",0.19360780259481924,26,0.7222222222222222,[],"[""valid:lambda3:273000003:analytic"",""valid:lambda3:273000003:neural"",""valid:lambda3:273000005:neural"",""valid:lambda3:273000005:analytic"",""valid:lambda4:274000002:neural"",""valid:lambda4:274000002:analytic"",""valid:lambda4:274000003:analytic"",""valid:lambda4:274000003:neural"",""valid:lambda4:274000006:period4_hold"",""valid:lambda4:274000006:neural""]"
innovation_mse,275000003,valid,regime,lambda3,,,,6,0.14029744943861988,18,2291,6,"[{""case"":0,""regime"":""lambda3""},{""case"":1,""regime"":""lambda3""},{""case"":2,""regime"":""lambda3""},{""case"":3,""regime"":""lambda3""},{""case"":4,""regime"":""lambda3""},{""case"":5,""regime"":""lambda3""}]",0.18038243499251125,14,0.7777777777777778,[],"[""valid:lambda3:273000003:analytic"",""valid:lambda3:273000003:neural"",""valid:lambda3:273000005:neural"",""valid:lambda3:273000005:analytic""]"
innovation_mse,275000003,valid,regime,lambda4,,,,6,0.13935826542056348,18,2282,6,"[{""case"":0,""regime"":""lambda4""},{""case"":1,""regime"":""lambda4""},{""case"":2,""regime"":""lambda4""},{""case"":3,""regime"":""lambda4""},{""case"":4,""regime"":""lambda4""},{""case"":5,""regime"":""lambda4""}]",0.2090373981308452,12,0.6666666666666666,[],"[""valid:lambda4:274000002:neural"",""valid:lambda4:274000002:analytic"",""valid:lambda4:274000003:analytic"",""valid:lambda4:274000003:neural"",""valid:lambda4:274000006:period4_hold"",""valid:lambda4:274000006:neural""]"
innovation_mse,275000003,valid,case,lambda3,0,,,1,0.15533611377452036,3,550,1,"[{""case"":0,""regime"":""lambda3""}]",0.15533611377452036,3,1.0,[],[]
innovation_mse,275000003,valid,case,lambda3,1,,,1,0.1514398537936934,3,6,1,"[{""case"":1,""regime"":""lambda3""}]",0.1514398537936934,3,1.0,[],[]
innovation_mse,275000003,valid,case,lambda3,2,,,1,0.059409004162831784,3,546,1,"[{""case"":2,""regime"":""lambda3""}]",0.17822701248849535,1,0.3333333333333333,[],"[""valid:lambda3:273000003:analytic"",""valid:lambda3:273000003:neural""]"
innovation_mse,275000003,valid,case,lambda3,3,,,1,0.12574775885083075,3,87,1,"[{""case"":3,""regime"":""lambda3""}]",0.12574775885083075,3,1.0,[],[]
innovation_mse,275000003,valid,case,lambda3,4,,,1,0.05858247041814413,3,546,1,"[{""case"":4,""regime"":""lambda3""}]",0.17574741125443238,1,0.3333333333333333,[],"[""valid:lambda3:273000005:neural"",""valid:lambda3:273000005:analytic""]"
innovation_mse,275000003,valid,case,lambda3,5,,,1,0.29126949563169874,3,556,1,"[{""case"":5,""regime"":""lambda3""}]",0.29126949563169874,3,1.0,[],[]
innovation_mse,275000003,valid,case,lambda4,0,,,1,0.21038347394661672,3,559,1,"[{""case"":0,""regime"":""lambda4""}]",0.21038347394661672,3,1.0,[],[]
innovation_mse,275000003,valid,case,lambda4,1,,,1,0.054241982353363784,3,546,1,"[{""case"":1,""regime"":""lambda4""}]",0.16272594706009136,1,0.3333333333333333,[],"[""valid:lambda4:274000002:neural"",""valid:lambda4:274000002:analytic""]"
innovation_mse,275000003,valid,case,lambda4,2,,,1,0.11595926143256363,3,546,1,"[{""case"":2,""regime"":""lambda4""}]",0.3478777842976909,1,0.3333333333333333,[],"[""valid:lambda4:274000003:analytic"",""valid:lambda4:274000003:neural""]"
innovation_mse,275000003,valid,case,lambda4,3,,,1,0.19105299975129555,3,26,1,"[{""case"":3,""regime"":""lambda4""}]",0.19105299975129555,3,1.0,[],[]
innovation_mse,275000003,valid,case,lambda4,4,,,1,0.17764195272666972,3,604,1,"[{""case"":4,""regime"":""lambda4""}]",0.17764195272666972,3,1.0,[],[]
innovation_mse,275000003,valid,case,lambda4,5,,,1,0.0868699223128715,3,1,1,"[{""case"":5,""regime"":""lambda4""}]",0.2606097669386145,1,0.3333333333333333,[],"[""valid:lambda4:274000006:period4_hold"",""valid:lambda4:274000006:neural""]"
innovation_mse,275000003,valid,episode,lambda3,0,valid:lambda3:273000001:analytic,analytic,1,0.13318035649112403,1,2,1,"[{""case"":0,""regime"":""lambda3""}]",0.13318035649112403,1,1.0,[],[]
innovation_mse,275000003,valid,episode,lambda3,0,valid:lambda3:273000001:neural,neural,1,0.13318035649112403,1,2,1,"[{""case"":0,""regime"":""lambda3""}]",0.13318035649112403,1,1.0,[],[]
innovation_mse,275000003,valid,episode,lambda3,0,valid:lambda3:273000001:period4_hold,period4_hold,1,0.19964762834131305,1,546,1,"[{""case"":0,""regime"":""lambda3""}]",0.19964762834131305,1,1.0,[],[]
innovation_mse,275000003,valid,episode,lambda3,1,valid:lambda3:273000002:neural,neural,1,0.16483940926099194,1,1,1,"[{""case"":1,""regime"":""lambda3""}]",0.16483940926099194,1,1.0,[],[]
innovation_mse,275000003,valid,episode,lambda3,1,valid:lambda3:273000002:period4_hold,period4_hold,1,0.12464074285909632,1,4,1,"[{""case"":1,""regime"":""lambda3""}]",0.12464074285909632,1,1.0,[],[]
innovation_mse,275000003,valid,episode,lambda3,1,valid:lambda3:273000002:analytic,analytic,1,0.16483940926099194,1,1,1,"[{""case"":1,""regime"":""lambda3""}]",0.16483940926099194,1,1.0,[],[]
innovation_mse,275000003,valid,episode,lambda3,2,valid:lambda3:273000003:period4_hold,period4_hold,1,0.17822701248849535,1,546,1,"[{""case"":2,""regime"":""lambda3""}]",0.17822701248849535,1,1.0,[],[]
innovation_mse,275000003,valid,episode,lambda3,2,valid:lambda3:273000003:analytic,analytic,1,0.0,1,0,0,[],,0,0.0,"[{""case"":2,""regime"":""lambda3""}]","[""valid:lambda3:273000003:analytic""]"
innovation_mse,275000003,valid,episode,lambda3,2,valid:lambda3:273000003:neural,neural,1,0.0,1,0,0,[],,0,0.0,"[{""case"":2,""regime"":""lambda3""}]","[""valid:lambda3:273000003:neural""]"
innovation_mse,275000003,valid,episode,lambda3,3,valid:lambda3:273000004:analytic,analytic,1,0.14299370380327694,1,33,1,"[{""case"":3,""regime"":""lambda3""}]",0.14299370380327694,1,1.0,[],[]
innovation_mse,275000003,valid,episode,lambda3,3,valid:lambda3:273000004:neural,neural,1,0.1205639429077056,1,34,1,"[{""case"":3,""regime"":""lambda3""}]",0.1205639429077056,1,1.0,[],[]
innovation_mse,275000003,valid,episode,lambda3,3,valid:lambda3:273000004:period4_hold,period4_hold,1,0.11368562984150969,1,20,1,"[{""case"":3,""regime"":""lambda3""}]",0.11368562984150969,1,1.0,[],[]
innovation_mse,275000003,valid,episode,lambda3,4,valid:lambda3:273000005:neural,neural,1,0.0,1,0,0,[],,0,0.0,"[{""case"":4,""regime"":""lambda3""}]","[""valid:lambda3:273000005:neural""]"
innovation_mse,275000003,valid,episode,lambda3,4,valid:lambda3:273000005:period4_hold,period4_hold,1,0.17574741125443238,1,546,1,"[{""case"":4,""regime"":""lambda3""}]",0.17574741125443238,1,1.0,[],[]
innovation_mse,275000003,valid,episode,lambda3,4,valid:lambda3:273000005:analytic,analytic,1,0.0,1,0,0,[],,0,0.0,"[{""case"":4,""regime"":""lambda3""}]","[""valid:lambda3:273000005:analytic""]"
innovation_mse,275000003,valid,episode,lambda3,5,valid:lambda3:273000006:period4_hold,period4_hold,1,0.25856821928743695,1,546,1,"[{""case"":5,""regime"":""lambda3""}]",0.25856821928743695,1,1.0,[],[]
innovation_mse,275000003,valid,episode,lambda3,5,valid:lambda3:273000006:analytic,analytic,1,0.26290787200244026,1,4,1,"[{""case"":5,""regime"":""lambda3""}]",0.26290787200244026,1,1.0,[],[]
innovation_mse,275000003,valid,episode,lambda3,5,valid:lambda3:273000006:neural,neural,1,0.35233239560521906,1,6,1,"[{""case"":5,""regime"":""lambda3""}]",0.35233239560521906,1,1.0,[],[]
innovation_mse,275000003,valid,episode,lambda4,0,valid:lambda4:274000001:analytic,analytic,1,0.1928734841026447,1,8,1,"[{""case"":0,""regime"":""lambda4""}]",0.1928734841026447,1,1.0,[],[]
innovation_mse,275000003,valid,episode,lambda4,0,valid:lambda4:274000001:neural,neural,1,0.2056543620563275,1,5,1,"[{""case"":0,""regime"":""lambda4""}]",0.2056543620563275,1,1.0,[],[]
innovation_mse,275000003,valid,episode,lambda4,0,valid:lambda4:274000001:period4_hold,period4_hold,1,0.2326225756808779,1,546,1,"[{""case"":0,""regime"":""lambda4""}]",0.2326225756808779,1,1.0,[],[]
innovation_mse,275000003,valid,episode,lambda4,1,valid:lambda4:274000002:neural,neural,1,0.0,1,0,0,[],,0,0.0,"[{""case"":1,""regime"":""lambda4""}]","[""valid:lambda4:274000002:neural""]"
innovation_mse,275000003,valid,episode,lambda4,1,valid:lambda4:274000002:period4_hold,period4_hold,1,0.16272594706009136,1,546,1,"[{""case"":1,""regime"":""lambda4""}]",0.16272594706009136,1,1.0,[],[]
innovation_mse,275000003,valid,episode,lambda4,1,valid:lambda4:274000002:analytic,analytic,1,0.0,1,0,0,[],,0,0.0,"[{""case"":1,""regime"":""lambda4""}]","[""valid:lambda4:274000002:analytic""]"
innovation_mse,275000003,valid,episode,lambda4,2,valid:lambda4:274000003:period4_hold,period4_hold,1,0.3478777842976909,1,546,1,"[{""case"":2,""regime"":""lambda4""}]",0.3478777842976909,1,1.0,[],[]
innovation_mse,275000003,valid,episode,lambda4,2,valid:lambda4:274000003:analytic,analytic,1,0.0,1,0,0,[],,0,0.0,"[{""case"":2,""regime"":""lambda4""}]","[""valid:lambda4:274000003:analytic""]"
innovation_mse,275000003,valid,episode,lambda4,2,valid:lambda4:274000003:neural,neural,1,0.0,1,0,0,[],,0,0.0,"[{""case"":2,""regime"":""lambda4""}]","[""valid:lambda4:274000003:neural""]"
innovation_mse,275000003,valid,episode,lambda4,3,valid:lambda4:274000004:analytic,analytic,1,0.1846957581773078,1,6,1,"[{""case"":3,""regime"":""lambda4""}]",0.1846957581773078,1,1.0,[],[]
innovation_mse,275000003,valid,episode,lambda4,3,valid:lambda4:274000004:neural,neural,1,0.08515455751462184,1,5,1,"[{""case"":3,""regime"":""lambda4""}]",0.08515455751462184,1,1.0,[],[]
innovation_mse,275000003,valid,episode,lambda4,3,valid:lambda4:274000004:period4_hold,period4_hold,1,0.30330868356195706,1,15,1,"[{""case"":3,""regime"":""lambda4""}]",0.30330868356195706,1,1.0,[],[]
innovation_mse,275000003,valid,episode,lambda4,4,valid:lambda4:274000005:neural,neural,1,0.10339608521381807,1,27,1,"[{""case"":4,""regime"":""lambda4""}]",0.10339608521381807,1,1.0,[],[]
innovation_mse,275000003,valid,episode,lambda4,4,valid:lambda4:274000005:period4_hold,period4_hold,1,0.27246703525469773,1,546,1,"[{""case"":4,""regime"":""lambda4""}]",0.27246703525469773,1,1.0,[],[]
innovation_mse,275000003,valid,episode,lambda4,4,valid:lambda4:274000005:analytic,analytic,1,0.15706273771149332,1,31,1,"[{""case"":4,""regime"":""lambda4""}]",0.15706273771149332,1,1.0,[],[]
innovation_mse,275000003,valid,episode,lambda4,5,valid:lambda4:274000006:period4_hold,period4_hold,1,0.0,1,0,0,[],,0,0.0,"[{""case"":5,""regime"":""lambda4""}]","[""valid:lambda4:274000006:period4_hold""]"
innovation_mse,275000003,valid,episode,lambda4,5,valid:lambda4:274000006:analytic,analytic,1,0.2606097669386145,1,1,1,"[{""case"":5,""regime"":""lambda4""}]",0.2606097669386145,1,1.0,[],[]
innovation_mse,275000003,valid,episode,lambda4,5,valid:lambda4:274000006:neural,neural,1,0.0,1,0,0,[],,0,0.0,"[{""case"":5,""regime"":""lambda4""}]","[""valid:lambda4:274000006:neural""]"
innovation_gru_mse,275000003,valid,overall,,,,,12,0.09864678287951394,36,4573,12,"[{""case"":0,""regime"":""lambda3""},{""case"":1,""regime"":""lambda3""},{""case"":2,""regime"":""lambda3""},{""case"":3,""regime"":""lambda3""},{""case"":4,""regime"":""lambda3""},{""case"":5,""regime"":""lambda3""},{""case"":0,""regime"":""lambda4""},{""case"":1,""regime"":""lambda4""},{""case"":2,""regime"":""lambda4""},{""case"":3,""regime"":""lambda4""},{""case"":4,""regime"":""lambda4""},{""case"":5,""regime"":""lambda4""}]",0.13658785321778852,26,0.7222222222222222,[],"[""valid:lambda3:273000003:analytic"",""valid:lambda3:273000003:neural"",""valid:lambda3:273000005:neural"",""valid:lambda3:273000005:analytic"",""valid:lambda4:274000002:neural"",""valid:lambda4:274000002:analytic"",""valid:lambda4:274000003:analytic"",""valid:lambda4:274000003:neural"",""valid:lambda4:274000006:period4_hold"",""valid:lambda4:274000006:neural""]"
innovation_gru_mse,275000003,valid,regime,lambda3,,,,6,0.10346801598337506,18,2291,6,"[{""case"":0,""regime"":""lambda3""},{""case"":1,""regime"":""lambda3""},{""case"":2,""regime"":""lambda3""},{""case"":3,""regime"":""lambda3""},{""case"":4,""regime"":""lambda3""},{""case"":5,""regime"":""lambda3""}]",0.13303030626433937,14,0.7777777777777778,[],"[""valid:lambda3:273000003:analytic"",""valid:lambda3:273000003:neural"",""valid:lambda3:273000005:neural"",""valid:lambda3:273000005:analytic""]"
innovation_gru_mse,275000003,valid,regime,lambda4,,,,6,0.09382554977565279,18,2282,6,"[{""case"":0,""regime"":""lambda4""},{""case"":1,""regime"":""lambda4""},{""case"":2,""regime"":""lambda4""},{""case"":3,""regime"":""lambda4""},{""case"":4,""regime"":""lambda4""},{""case"":5,""regime"":""lambda4""}]",0.1407383246634792,12,0.6666666666666666,[],"[""valid:lambda4:274000002:neural"",""valid:lambda4:274000002:analytic"",""valid:lambda4:274000003:analytic"",""valid:lambda4:274000003:neural"",""valid:lambda4:274000006:period4_hold"",""valid:lambda4:274000006:neural""]"
innovation_gru_mse,275000003,valid,case,lambda3,0,,,1,0.20191130394716475,3,550,1,"[{""case"":0,""regime"":""lambda3""}]",0.20191130394716475,3,1.0,[],[]
innovation_gru_mse,275000003,valid,case,lambda3,1,,,1,0.03260798564407589,3,6,1,"[{""case"":1,""regime"":""lambda3""}]",0.03260798564407589,3,1.0,[],[]
innovation_gru_mse,275000003,valid,case,lambda3,2,,,1,0.03352129873299825,3,546,1,"[{""case"":2,""regime"":""lambda3""}]",0.10056389619899475,1,0.3333333333333333,[],"[""valid:lambda3:273000003:analytic"",""valid:lambda3:273000003:neural""]"
innovation_gru_mse,275000003,valid,case,lambda3,3,,,1,0.13239437290164457,3,87,1,"[{""case"":3,""regime"":""lambda3""}]",0.13239437290164457,3,1.0,[],[]
innovation_gru_mse,275000003,valid,case,lambda3,4,,,1,0.016141450396455082,3,546,1,"[{""case"":4,""regime"":""lambda3""}]",0.04842435118936524,1,0.3333333333333333,[],"[""valid:lambda3:273000005:neural"",""valid:lambda3:273000005:analytic""]"
innovation_gru_mse,275000003,valid,case,lambda3,5,,,1,0.2042316842779118,3,556,1,"[{""case"":5,""regime"":""lambda3""}]",0.2042316842779118,3,1.0,[],[]
innovation_gru_mse,275000003,valid,case,lambda4,0,,,1,0.14222098527243504,3,559,1,"[{""case"":0,""regime"":""lambda4""}]",0.14222098527243504,3,1.0,[],[]
innovation_gru_mse,275000003,valid,case,lambda4,1,,,1,0.03482735711904817,3,546,1,"[{""case"":1,""regime"":""lambda4""}]",0.1044820713571445,1,0.3333333333333333,[],"[""valid:lambda4:274000002:neural"",""valid:lambda4:274000002:analytic""]"
innovation_gru_mse,275000003,valid,case,lambda4,2,,,1,0.03608428846465283,3,546,1,"[{""case"":2,""regime"":""lambda4""}]",0.10825286539395848,1,0.3333333333333333,[],"[""valid:lambda4:274000003:analytic"",""valid:lambda4:274000003:neural""]"
innovation_gru_mse,275000003,valid,case,lambda4,3,,,1,0.15343161336051214,3,26,1,"[{""case"":3,""regime"":""lambda4""}]",0.15343161336051214,3,1.0,[],[]
innovation_gru_mse,275000003,valid,case,lambda4,4,,,1,0.1425073015063487,3,604,1,"[{""case"":4,""regime"":""lambda4""}]",0.1425073015063487,3,1.0,[],[]
innovation_gru_mse,275000003,valid,case,lambda4,5,,,1,0.0538817529309199,3,1,1,"[{""case"":5,""regime"":""lambda4""}]",0.1616452587927597,1,0.3333333333333333,[],"[""valid:lambda4:274000006:period4_hold"",""valid:lambda4:274000006:neural""]"
innovation_gru_mse,275000003,valid,episode,lambda3,0,valid:lambda3:273000001:analytic,analytic,1,0.24922464680230405,1,2,1,"[{""case"":0,""regime"":""lambda3""}]",0.24922464680230405,1,1.0,[],[]
innovation_gru_mse,275000003,valid,episode,lambda3,0,valid:lambda3:273000001:neural,neural,1,0.24922464680230405,1,2,1,"[{""case"":0,""regime"":""lambda3""}]",0.24922464680230405,1,1.0,[],[]
innovation_gru_mse,275000003,valid,episode,lambda3,0,valid:lambda3:273000001:period4_hold,period4_hold,1,0.10728461823688615,1,546,1,"[{""case"":0,""regime"":""lambda3""}]",0.10728461823688615,1,1.0,[],[]
innovation_gru_mse,275000003,valid,episode,lambda3,1,valid:lambda3:273000002:neural,neural,1,0.019622505934592027,1,1,1,"[{""case"":1,""regime"":""lambda3""}]",0.019622505934592027,1,1.0,[],[]
innovation_gru_mse,275000003,valid,episode,lambda3,1,valid:lambda3:273000002:period4_hold,period4_hold,1,0.05857894506304362,1,4,1,"[{""case"":1,""regime"":""lambda3""}]",0.05857894506304362,1,1.0,[],[]
innovation_gru_mse,275000003,valid,episode,lambda3,1,valid:lambda3:273000002:analytic,analytic,1,0.019622505934592027,1,1,1,"[{""case"":1,""regime"":""lambda3""}]",0.019622505934592027,1,1.0,[],[]
innovation_gru_mse,275000003,valid,episode,lambda3,2,valid:lambda3:273000003:period4_hold,period4_hold,1,0.10056389619899475,1,546,1,"[{""case"":2,""regime"":""lambda3""}]",0.10056389619899475,1,1.0,[],[]
innovation_gru_mse,275000003,valid,episode,lambda3,2,valid:lambda3:273000003:analytic,analytic,1,0.0,1,0,0,[],,0,0.0,"[{""case"":2,""regime"":""lambda3""}]","[""valid:lambda3:273000003:analytic""]"
innovation_gru_mse,275000003,valid,episode,lambda3,2,valid:lambda3:273000003:neural,neural,1,0.0,1,0,0,[],,0,0.0,"[{""case"":2,""regime"":""lambda3""}]","[""valid:lambda3:273000003:neural""]"
innovation_gru_mse,275000003,valid,episode,lambda3,3,valid:lambda3:273000004:analytic,analytic,1,0.14513287379369813,1,33,1,"[{""case"":3,""regime"":""lambda3""}]",0.14513287379369813,1,1.0,[],[]
innovation_gru_mse,275000003,valid,episode,lambda3,3,valid:lambda3:273000004:neural,neural,1,0.13049659408629985,1,34,1,"[{""case"":3,""regime"":""lambda3""}]",0.13049659408629985,1,1.0,[],[]
innovation_gru_mse,275000003,valid,episode,lambda3,3,valid:lambda3:273000004:period4_hold,period4_hold,1,0.12155365082493574,1,20,1,"[{""case"":3,""regime"":""lambda3""}]",0.12155365082493574,1,1.0,[],[]
innovation_gru_mse,275000003,valid,episode,lambda3,4,valid:lambda3:273000005:neural,neural,1,0.0,1,0,0,[],,0,0.0,"[{""case"":4,""regime"":""lambda3""}]","[""valid:lambda3:273000005:neural""]"
innovation_gru_mse,275000003,valid,episode,lambda3,4,valid:lambda3:273000005:period4_hold,period4_hold,1,0.04842435118936524,1,546,1,"[{""case"":4,""regime"":""lambda3""}]",0.04842435118936524,1,1.0,[],[]
innovation_gru_mse,275000003,valid,episode,lambda3,4,valid:lambda3:273000005:analytic,analytic,1,0.0,1,0,0,[],,0,0.0,"[{""case"":4,""regime"":""lambda3""}]","[""valid:lambda3:273000005:analytic""]"
innovation_gru_mse,275000003,valid,episode,lambda3,5,valid:lambda3:273000006:period4_hold,period4_hold,1,0.1621011466202606,1,546,1,"[{""case"":5,""regime"":""lambda3""}]",0.1621011466202606,1,1.0,[],[]
innovation_gru_mse,275000003,valid,episode,lambda3,5,valid:lambda3:273000006:analytic,analytic,1,0.18205528871184384,1,4,1,"[{""case"":5,""regime"":""lambda3""}]",0.18205528871184384,1,1.0,[],[]
innovation_gru_mse,275000003,valid,episode,lambda3,5,valid:lambda3:273000006:neural,neural,1,0.26853861750163094,1,6,1,"[{""case"":5,""regime"":""lambda3""}]",0.26853861750163094,1,1.0,[],[]
innovation_gru_mse,275000003,valid,episode,lambda4,0,valid:lambda4:274000001:analytic,analytic,1,0.19357409668862502,1,8,1,"[{""case"":0,""regime"":""lambda4""}]",0.19357409668862502,1,1.0,[],[]
innovation_gru_mse,275000003,valid,episode,lambda4,0,valid:lambda4:274000001:neural,neural,1,0.10923532833274976,1,5,1,"[{""case"":0,""regime"":""lambda4""}]",0.10923532833274976,1,1.0,[],[]
innovation_gru_mse,275000003,valid,episode,lambda4,0,valid:lambda4:274000001:period4_hold,period4_hold,1,0.12385353079593035,1,546,1,"[{""case"":0,""regime"":""lambda4""}]",0.12385353079593035,1,1.0,[],[]
innovation_gru_mse,275000003,valid,episode,lambda4,1,valid:lambda4:274000002:neural,neural,1,0.0,1,0,0,[],,0,0.0,"[{""case"":1,""regime"":""lambda4""}]","[""valid:lambda4:274000002:neural""]"
innovation_gru_mse,275000003,valid,episode,lambda4,1,valid:lambda4:274000002:period4_hold,period4_hold,1,0.1044820713571445,1,546,1,"[{""case"":1,""regime"":""lambda4""}]",0.1044820713571445,1,1.0,[],[]
innovation_gru_mse,275000003,valid,episode,lambda4,1,valid:lambda4:274000002:analytic,analytic,1,0.0,1,0,0,[],,0,0.0,"[{""case"":1,""regime"":""lambda4""}]","[""valid:lambda4:274000002:analytic""]"
innovation_gru_mse,275000003,valid,episode,lambda4,2,valid:lambda4:274000003:period4_hold,period4_hold,1,0.10825286539395848,1,546,1,"[{""case"":2,""regime"":""lambda4""}]",0.10825286539395848,1,1.0,[],[]
innovation_gru_mse,275000003,valid,episode,lambda4,2,valid:lambda4:274000003:analytic,analytic,1,0.0,1,0,0,[],,0,0.0,"[{""case"":2,""regime"":""lambda4""}]","[""valid:lambda4:274000003:analytic""]"
innovation_gru_mse,275000003,valid,episode,lambda4,2,valid:lambda4:274000003:neural,neural,1,0.0,1,0,0,[],,0,0.0,"[{""case"":2,""regime"":""lambda4""}]","[""valid:lambda4:274000003:neural""]"
innovation_gru_mse,275000003,valid,episode,lambda4,3,valid:lambda4:274000004:analytic,analytic,1,0.08998507322219022,1,6,1,"[{""case"":3,""regime"":""lambda4""}]",0.08998507322219022,1,1.0,[],[]
innovation_gru_mse,275000003,valid,episode,lambda4,3,valid:lambda4:274000004:neural,neural,1,0.05667135462294652,1,5,1,"[{""case"":3,""regime"":""lambda4""}]",0.05667135462294652,1,1.0,[],[]
innovation_gru_mse,275000003,valid,episode,lambda4,3,valid:lambda4:274000004:period4_hold,period4_hold,1,0.3136384122363997,1,15,1,"[{""case"":3,""regime"":""lambda4""}]",0.3136384122363997,1,1.0,[],[]
innovation_gru_mse,275000003,valid,episode,lambda4,4,valid:lambda4:274000005:neural,neural,1,0.10520767133665584,1,27,1,"[{""case"":4,""regime"":""lambda4""}]",0.10520767133665584,1,1.0,[],[]
innovation_gru_mse,275000003,valid,episode,lambda4,4,valid:lambda4:274000005:period4_hold,period4_hold,1,0.18732366752537702,1,546,1,"[{""case"":4,""regime"":""lambda4""}]",0.18732366752537702,1,1.0,[],[]
innovation_gru_mse,275000003,valid,episode,lambda4,4,valid:lambda4:274000005:analytic,analytic,1,0.13499056565701317,1,31,1,"[{""case"":4,""regime"":""lambda4""}]",0.13499056565701317,1,1.0,[],[]
innovation_gru_mse,275000003,valid,episode,lambda4,5,valid:lambda4:274000006:period4_hold,period4_hold,1,0.0,1,0,0,[],,0,0.0,"[{""case"":5,""regime"":""lambda4""}]","[""valid:lambda4:274000006:period4_hold""]"
innovation_gru_mse,275000003,valid,episode,lambda4,5,valid:lambda4:274000006:analytic,analytic,1,0.1616452587927597,1,1,1,"[{""case"":5,""regime"":""lambda4""}]",0.1616452587927597,1,1.0,[],[]
innovation_gru_mse,275000003,valid,episode,lambda4,5,valid:lambda4:274000006:neural,neural,1,0.0,1,0,0,[],,0,0.0,"[{""case"":5,""regime"":""lambda4""}]","[""valid:lambda4:274000006:neural""]"
innovation_gru_aux,275000003,valid,overall,,,,,12,0.06744111539536586,36,4573,12,"[{""case"":0,""regime"":""lambda3""},{""case"":1,""regime"":""lambda3""},{""case"":2,""regime"":""lambda3""},{""case"":3,""regime"":""lambda3""},{""case"":4,""regime"":""lambda3""},{""case"":5,""regime"":""lambda3""},{""case"":0,""regime"":""lambda4""},{""case"":1,""regime"":""lambda4""},{""case"":2,""regime"":""lambda4""},{""case"":3,""regime"":""lambda4""},{""case"":4,""regime"":""lambda4""},{""case"":5,""regime"":""lambda4""}]",0.09338000593204504,26,0.7222222222222222,[],"[""valid:lambda3:273000003:analytic"",""valid:lambda3:273000003:neural"",""valid:lambda3:273000005:neural"",""valid:lambda3:273000005:analytic"",""valid:lambda4:274000002:neural"",""valid:lambda4:274000002:analytic"",""valid:lambda4:274000003:analytic"",""valid:lambda4:274000003:neural"",""valid:lambda4:274000006:period4_hold"",""valid:lambda4:274000006:neural""]"
innovation_gru_aux,275000003,valid,regime,lambda3,,,,6,0.0722458033481568,18,2291,6,"[{""case"":0,""regime"":""lambda3""},{""case"":1,""regime"":""lambda3""},{""case"":2,""regime"":""lambda3""},{""case"":3,""regime"":""lambda3""},{""case"":4,""regime"":""lambda3""},{""case"":5,""regime"":""lambda3""}]",0.09288746144763017,14,0.7777777777777778,[],"[""valid:lambda3:273000003:analytic"",""valid:lambda3:273000003:neural"",""valid:lambda3:273000005:neural"",""valid:lambda3:273000005:analytic""]"
innovation_gru_aux,275000003,valid,regime,lambda4,,,,6,0.06263642744257494,18,2282,6,"[{""case"":0,""regime"":""lambda4""},{""case"":1,""regime"":""lambda4""},{""case"":2,""regime"":""lambda4""},{""case"":3,""regime"":""lambda4""},{""case"":4,""regime"":""lambda4""},{""case"":5,""regime"":""lambda4""}]",0.09395464116386242,12,0.6666666666666666,[],"[""valid:lambda4:274000002:neural"",""valid:lambda4:274000002:analytic"",""valid:lambda4:274000003:analytic"",""valid:lambda4:274000003:neural"",""valid:lambda4:274000006:period4_hold"",""valid:lambda4:274000006:neural""]"
innovation_gru_aux,275000003,valid,case,lambda3,0,,,1,0.09563553658883224,3,550,1,"[{""case"":0,""regime"":""lambda3""}]",0.09563553658883224,3,1.0,[],[]
innovation_gru_aux,275000003,valid,case,lambda3,1,,,1,0.06366122099245193,3,6,1,"[{""case"":1,""regime"":""lambda3""}]",0.06366122099245193,3,1.0,[],[]
innovation_gru_aux,275000003,valid,case,lambda3,2,,,1,0.008971860160761258,3,546,1,"[{""case"":2,""regime"":""lambda3""}]",0.026915580482283777,1,0.3333333333333333,[],"[""valid:lambda3:273000003:analytic"",""valid:lambda3:273000003:neural""]"
innovation_gru_aux,275000003,valid,case,lambda3,3,,,1,0.13913938182195074,3,87,1,"[{""case"":3,""regime"":""lambda3""}]",0.13913938182195074,3,1.0,[],[]
innovation_gru_aux,275000003,valid,case,lambda3,4,,,1,0.010274022706402276,3,546,1,"[{""case"":4,""regime"":""lambda3""}]",0.030822068119206826,1,0.3333333333333333,[],"[""valid:lambda3:273000005:neural"",""valid:lambda3:273000005:analytic""]"
innovation_gru_aux,275000003,valid,case,lambda3,5,,,1,0.11579279781854236,3,556,1,"[{""case"":5,""regime"":""lambda3""}]",0.11579279781854236,3,1.0,[],[]
innovation_gru_aux,275000003,valid,case,lambda4,0,,,1,0.08280998969283984,3,559,1,"[{""case"":0,""regime"":""lambda4""}]",0.08280998969283984,3,1.0,[],[]
innovation_gru_aux,275000003,valid,case,lambda4,1,,,1,0.007446613471391751,3,546,1,"[{""case"":1,""regime"":""lambda4""}]",0.022339840414175253,1,0.3333333333333333,[],"[""valid:lambda4:274000002:neural"",""valid:lambda4:274000002:analytic""]"
innovation_gru_aux,275000003,valid,case,lambda4,2,,,1,0.02238791643329331,3,546,1,"[{""case"":2,""regime"":""lambda4""}]",0.06716374929987994,1,0.3333333333333333,[],"[""valid:lambda4:274000003:analytic"",""valid:lambda4:274000003:neural""]"
innovation_gru_aux,275000003,valid,case,lambda4,3,,,1,0.1060863463930695,3,26,1,"[{""case"":3,""regime"":""lambda4""}]",0.1060863463930695,3,1.0,[],[]
innovation_gru_aux,275000003,valid,case,lambda4,4,,,1,0.10313751192802319,3,604,1,"[{""case"":4,""regime"":""lambda4""}]",0.10313751192802319,3,1.0,[],[]
innovation_gru_aux,275000003,valid,case,lambda4,5,,,1,0.053950186736832016,3,1,1,"[{""case"":5,""regime"":""lambda4""}]",0.16185056021049604,1,0.3333333333333333,[],"[""valid:lambda4:274000006:period4_hold"",""valid:lambda4:274000006:neural""]"
innovation_gru_aux,275000003,valid,episode,lambda3,0,valid:lambda3:273000001:analytic,analytic,1,0.12325272841471246,1,2,1,"[{""case"":0,""regime"":""lambda3""}]",0.12325272841471246,1,1.0,[],[]
innovation_gru_aux,275000003,valid,episode,lambda3,0,valid:lambda3:273000001:neural,neural,1,0.12325272841471246,1,2,1,"[{""case"":0,""regime"":""lambda3""}]",0.12325272841471246,1,1.0,[],[]
innovation_gru_aux,275000003,valid,episode,lambda3,0,valid:lambda3:273000001:period4_hold,period4_hold,1,0.040401152937071784,1,546,1,"[{""case"":0,""regime"":""lambda3""}]",0.040401152937071784,1,1.0,[],[]
innovation_gru_aux,275000003,valid,episode,lambda3,1,valid:lambda3:273000002:neural,neural,1,0.0679347316929011,1,1,1,"[{""case"":1,""regime"":""lambda3""}]",0.0679347316929011,1,1.0,[],[]
innovation_gru_aux,275000003,valid,episode,lambda3,1,valid:lambda3:273000002:period4_hold,period4_hold,1,0.055114199591553614,1,4,1,"[{""case"":1,""regime"":""lambda3""}]",0.055114199591553614,1,1.0,[],[]
innovation_gru_aux,275000003,valid,episode,lambda3,1,valid:lambda3:273000002:analytic,analytic,1,0.0679347316929011,1,1,1,"[{""case"":1,""regime"":""lambda3""}]",0.0679347316929011,1,1.0,[],[]
innovation_gru_aux,275000003,valid,episode,lambda3,2,valid:lambda3:273000003:period4_hold,period4_hold,1,0.026915580482283777,1,546,1,"[{""case"":2,""regime"":""lambda3""}]",0.026915580482283777,1,1.0,[],[]
innovation_gru_aux,275000003,valid,episode,lambda3,2,valid:lambda3:273000003:analytic,analytic,1,0.0,1,0,0,[],,0,0.0,"[{""case"":2,""regime"":""lambda3""}]","[""valid:lambda3:273000003:analytic""]"
innovation_gru_aux,275000003,valid,episode,lambda3,2,valid:lambda3:273000003:neural,neural,1,0.0,1,0,0,[],,0,0.0,"[{""case"":2,""regime"":""lambda3""}]","[""valid:lambda3:273000003:neural""]"
innovation_gru_aux,275000003,valid,episode,lambda3,3,valid:lambda3:273000004:analytic,analytic,1,0.14928079983539447,1,33,1,"[{""case"":3,""regime"":""lambda3""}]",0.14928079983539447,1,1.0,[],[]
innovation_gru_aux,275000003,valid,episode,lambda3,3,valid:lambda3:273000004:neural,neural,1,0.12873263812142502,1,34,1,"[{""case"":3,""regime"":""lambda3""}]",0.12873263812142502,1,1.0,[],[]
innovation_gru_aux,275000003,valid,episode,lambda3,3,valid:lambda3:273000004:period4_hold,period4_hold,1,0.13940470750903272,1,20,1,"[{""case"":3,""regime"":""lambda3""}]",0.13940470750903272,1,1.0,[],[]
innovation_gru_aux,275000003,valid,episode,lambda3,4,valid:lambda3:273000005:neural,neural,1,0.0,1,0,0,[],,0,0.0,"[{""case"":4,""regime"":""lambda3""}]","[""valid:lambda3:273000005:neural""]"
innovation_gru_aux,275000003,valid,episode,lambda3,4,valid:lambda3:273000005:period4_hold,period4_hold,1,0.030822068119206826,1,546,1,"[{""case"":4,""regime"":""lambda3""}]",0.030822068119206826,1,1.0,[],[]
innovation_gru_aux,275000003,valid,episode,lambda3,4,valid:lambda3:273000005:analytic,analytic,1,0.0,1,0,0,[],,0,0.0,"[{""case"":4,""regime"":""lambda3""}]","[""valid:lambda3:273000005:analytic""]"
innovation_gru_aux,275000003,valid,episode,lambda3,5,valid:lambda3:273000006:period4_hold,period4_hold,1,0.04975936728645086,1,546,1,"[{""case"":5,""regime"":""lambda3""}]",0.04975936728645086,1,1.0,[],[]
innovation_gru_aux,275000003,valid,episode,lambda3,5,valid:lambda3:273000006:analytic,analytic,1,0.11900073649129794,1,4,1,"[{""case"":5,""regime"":""lambda3""}]",0.11900073649129794,1,1.0,[],[]
innovation_gru_aux,275000003,valid,episode,lambda3,5,valid:lambda3:273000006:neural,neural,1,0.1786182896778783,1,6,1,"[{""case"":5,""regime"":""lambda3""}]",0.1786182896778783,1,1.0,[],[]
innovation_gru_aux,275000003,valid,episode,lambda4,0,valid:lambda4:274000001:analytic,analytic,1,0.13339999702191285,1,8,1,"[{""case"":0,""regime"":""lambda4""}]",0.13339999702191285,1,1.0,[],[]
innovation_gru_aux,275000003,valid,episode,lambda4,0,valid:lambda4:274000001:neural,neural,1,0.06611737399852018,1,5,1,"[{""case"":0,""regime"":""lambda4""}]",0.06611737399852018,1,1.0,[],[]
innovation_gru_aux,275000003,valid,episode,lambda4,0,valid:lambda4:274000001:period4_hold,period4_hold,1,0.0489125980580865,1,546,1,"[{""case"":0,""regime"":""lambda4""}]",0.0489125980580865,1,1.0,[],[]
innovation_gru_aux,275000003,valid,episode,lambda4,1,valid:lambda4:274000002:neural,neural,1,0.0,1,0,0,[],,0,0.0,"[{""case"":1,""regime"":""lambda4""}]","[""valid:lambda4:274000002:neural""]"
innovation_gru_aux,275000003,valid,episode,lambda4,1,valid:lambda4:274000002:period4_hold,period4_hold,1,0.022339840414175253,1,546,1,"[{""case"":1,""regime"":""lambda4""}]",0.022339840414175253,1,1.0,[],[]
innovation_gru_aux,275000003,valid,episode,lambda4,1,valid:lambda4:274000002:analytic,analytic,1,0.0,1,0,0,[],,0,0.0,"[{""case"":1,""regime"":""lambda4""}]","[""valid:lambda4:274000002:analytic""]"
innovation_gru_aux,275000003,valid,episode,lambda4,2,valid:lambda4:274000003:period4_hold,period4_hold,1,0.06716374929987994,1,546,1,"[{""case"":2,""regime"":""lambda4""}]",0.06716374929987994,1,1.0,[],[]
innovation_gru_aux,275000003,valid,episode,lambda4,2,valid:lambda4:274000003:analytic,analytic,1,0.0,1,0,0,[],,0,0.0,"[{""case"":2,""regime"":""lambda4""}]","[""valid:lambda4:274000003:analytic""]"
innovation_gru_aux,275000003,valid,episode,lambda4,2,valid:lambda4:274000003:neural,neural,1,0.0,1,0,0,[],,0,0.0,"[{""case"":2,""regime"":""lambda4""}]","[""valid:lambda4:274000003:neural""]"
innovation_gru_aux,275000003,valid,episode,lambda4,3,valid:lambda4:274000004:analytic,analytic,1,0.07618301789362174,1,6,1,"[{""case"":3,""regime"":""lambda4""}]",0.07618301789362174,1,1.0,[],[]
innovation_gru_aux,275000003,valid,episode,lambda4,3,valid:lambda4:274000004:neural,neural,1,0.0275755314845469,1,5,1,"[{""case"":3,""regime"":""lambda4""}]",0.0275755314845469,1,1.0,[],[]
innovation_gru_aux,275000003,valid,episode,lambda4,3,valid:lambda4:274000004:period4_hold,period4_hold,1,0.21450048980103986,1,15,1,"[{""case"":3,""regime"":""lambda4""}]",0.21450048980103986,1,1.0,[],[]
innovation_gru_aux,275000003,valid,episode,lambda4,4,valid:lambda4:274000005:neural,neural,1,0.11599213581276942,1,27,1,"[{""case"":4,""regime"":""lambda4""}]",0.11599213581276942,1,1.0,[],[]
innovation_gru_aux,275000003,valid,episode,lambda4,4,valid:lambda4:274000005:period4_hold,period4_hold,1,0.06859462391249939,1,546,1,"[{""case"":4,""regime"":""lambda4""}]",0.06859462391249939,1,1.0,[],[]
innovation_gru_aux,275000003,valid,episode,lambda4,4,valid:lambda4:274000005:analytic,analytic,1,0.1248257760588008,1,31,1,"[{""case"":4,""regime"":""lambda4""}]",0.1248257760588008,1,1.0,[],[]
innovation_gru_aux,275000003,valid,episode,lambda4,5,valid:lambda4:274000006:period4_hold,period4_hold,1,0.0,1,0,0,[],,0,0.0,"[{""case"":5,""regime"":""lambda4""}]","[""valid:lambda4:274000006:period4_hold""]"
innovation_gru_aux,275000003,valid,episode,lambda4,5,valid:lambda4:274000006:analytic,analytic,1,0.16185056021049604,1,1,1,"[{""case"":5,""regime"":""lambda4""}]",0.16185056021049604,1,1.0,[],[]
innovation_gru_aux,275000003,valid,episode,lambda4,5,valid:lambda4:274000006:neural,neural,1,0.0,1,0,0,[],,0,0.0,"[{""case"":5,""regime"":""lambda4""}]","[""valid:lambda4:274000006:neural""]"
