architecture,seed,episode_id,phase,cell,count,mass,baseline_gap,candidate_gap,gap_delta
innovation,275000001,valid:lambda3:273000001:analytic,initial,CC,2,0.2222222222222222,0.0,0.0,0.0
innovation,275000001,valid:lambda3:273000001:analytic,initial,CW,0,0.0,0.0,0.0,0.0
innovation,275000001,valid:lambda3:273000001:analytic,initial,WC,0,0.0,0.0,0.0,0.0
innovation,275000001,valid:lambda3:273000001:analytic,initial,WW,1,0.1111111111111111,0.07866361406114367,0.07866361406114367,0.0
innovation,275000001,valid:lambda3:273000001:analytic,post,CC,4,0.4444444444444444,0.0,0.0,0.0
innovation,275000001,valid:lambda3:273000001:analytic,post,CW,0,0.0,0.0,0.0,0.0
innovation,275000001,valid:lambda3:273000001:analytic,post,WC,0,0.0,0.0,0.0,0.0
innovation,275000001,valid:lambda3:273000001:analytic,post,WW,2,0.2222222222222222,0.11738501654730903,0.11738501654730903,0.0
innovation,275000001,valid:lambda3:273000001:neural,initial,CC,2,0.2222222222222222,0.0,0.0,0.0
innovation,275000001,valid:lambda3:273000001:neural,initial,CW,0,0.0,0.0,0.0,0.0
innovation,275000001,valid:lambda3:273000001:neural,initial,WC,0,0.0,0.0,0.0,0.0
innovation,275000001,valid:lambda3:273000001:neural,initial,WW,1,0.1111111111111111,0.07866361406114367,0.07866361406114367,0.0
innovation,275000001,valid:lambda3:273000001:neural,post,CC,4,0.4444444444444444,0.0,0.0,0.0
innovation,275000001,valid:lambda3:273000001:neural,post,CW,0,0.0,0.0,0.0,0.0
innovation,275000001,valid:lambda3:273000001:neural,post,WC,0,0.0,0.0,0.0,0.0
innovation,275000001,valid:lambda3:273000001:neural,post,WW,2,0.2222222222222222,0.11738501654730903,0.11738501654730903,0.0
innovation,275000001,valid:lambda3:273000001:period4_hold,initial,CC,3,0.0018281535648994515,0.0,0.0,0.0
innovation,275000001,valid:lambda3:273000001:period4_hold,initial,CW,0,0.0,0.0,0.0,0.0
innovation,275000001,valid:lambda3:273000001:period4_hold,initial,WC,0,0.0,0.0,0.0,0.0
innovation,275000001,valid:lambda3:273000001:period4_hold,initial,WW,0,0.0,0.0,0.0,0.0
innovation,275000001,valid:lambda3:273000001:period4_hold,post,CC,611,0.37233394271785497,0.0,0.0,0.0
innovation,275000001,valid:lambda3:273000001:period4_hold,post,CW,195,0.11882998171846434,0.0,0.012375336315194548,0.012375336315194548
innovation,275000001,valid:lambda3:273000001:period4_hold,post,WC,71,0.043266301035953685,0.007232136293419391,0.0,-0.007232136293419391
innovation,275000001,valid:lambda3:273000001:period4_hold,post,WW,761,0.46374162096282756,0.017627846388319948,0.017627846388319948,0.0
innovation,275000001,valid:lambda3:273000002:neural,initial,CC,3,0.6,0.0,0.0,0.0
innovation,275000001,valid:lambda3:273000002:neural,initial,CW,0,0.0,0.0,0.0,0.0
innovation,275000001,valid:lambda3:273000002:neural,initial,WC,0,0.0,0.0,0.0,0.0
innovation,275000001,valid:lambda3:273000002:neural,initial,WW,0,0.0,0.0,0.0,0.0
innovation,275000001,valid:lambda3:273000002:neural,post,CC,1,0.2,0.0,0.0,0.0
innovation,275000001,valid:lambda3:273000002:neural,post,CW,0,0.0,0.0,0.0,0.0
innovation,275000001,valid:lambda3:273000002:neural,post,WC,1,0.2,0.09844961166381835,0.0,-0.09844961166381835
innovation,275000001,valid:lambda3:273000002:neural,post,WW,0,0.0,0.0,0.0,0.0
innovation,275000001,valid:lambda3:273000002:period4_hold,initial,CC,2,0.16666666666666666,0.0,0.0,0.0
innovation,275000001,valid:lambda3:273000002:period4_hold,initial,CW,1,0.08333333333333333,0.0,0.06661113103230794,0.06661113103230794
innovation,275000001,valid:lambda3:273000002:period4_hold,initial,WC,0,0.0,0.0,0.0,0.0
innovation,275000001,valid:lambda3:273000002:period4_hold,initial,WW,0,0.0,0.0,0.0,0.0
innovation,275000001,valid:lambda3:273000002:period4_hold,post,CC,4,0.3333333333333333,0.0,0.0,0.0
innovation,275000001,valid:lambda3:273000002:period4_hold,post,CW,1,0.08333333333333333,0.0,0.003246466318766276,0.003246466318766276
innovation,275000001,valid:lambda3:273000002:period4_hold,post,WC,1,0.08333333333333333,7.947285970052083e-08,0.0,-7.947285970052083e-08
innovation,275000001,valid:lambda3:273000002:period4_hold,post,WW,3,0.25,0.05542560418446859,0.05542560418446859,0.0
innovation,275000001,valid:lambda3:273000002:analytic,initial,CC,3,0.6,0.0,0.0,0.0
innovation,275000001,valid:lambda3:273000002:analytic,initial,CW,0,0.0,0.0,0.0,0.0
innovation,275000001,valid:lambda3:273000002:analytic,initial,WC,0,0.0,0.0,0.0,0.0
innovation,275000001,valid:lambda3:273000002:analytic,initial,WW,0,0.0,0.0,0.0,0.0
innovation,275000001,valid:lambda3:273000002:analytic,post,CC,1,0.2,0.0,0.0,0.0
innovation,275000001,valid:lambda3:273000002:analytic,post,CW,0,0.0,0.0,0.0,0.0
innovation,275000001,valid:lambda3:273000002:analytic,post,WC,1,0.2,0.09844961166381835,0.0,-0.09844961166381835
innovation,275000001,valid:lambda3:273000002:analytic,post,WW,0,0.0,0.0,0.0,0.0
innovation,275000001,valid:lambda3:273000003:period4_hold,initial,CC,3,0.0018281535648994515,0.0,0.0,0.0
innovation,275000001,valid:lambda3:273000003:period4_hold,initial,CW,0,0.0,0.0,0.0,0.0
innovation,275000001,valid:lambda3:273000003:period4_hold,initial,WC,0,0.0,0.0,0.0,0.0
innovation,275000001,valid:lambda3:273000003:period4_hold,initial,WW,0,0.0,0.0,0.0,0.0
innovation,275000001,valid:lambda3:273000003:period4_hold,post,CC,654,0.39853747714808047,0.0,0.0,0.0
innovation,275000001,valid:lambda3:273000003:period4_hold,post,CW,145,0.08836075563680683,0.0,0.0053895882612899045,0.0053895882612899045
innovation,275000001,valid:lambda3:273000003:period4_hold,post,WC,5,0.0030469226081657527,0.00015121520400991677,0.0,-0.00015121520400991677
innovation,275000001,valid:lambda3:273000003:period4_hold,post,WW,834,0.5082266910420475,0.01367035353786694,0.01367035353786694,0.0
innovation,275000001,valid:lambda3:273000003:analytic,initial,CC,3,1.0,0.0,0.0,0.0
innovation,275000001,valid:lambda3:273000003:analytic,initial,CW,0,0.0,0.0,0.0,0.0
innovation,275000001,valid:lambda3:273000003:analytic,initial,WC,0,0.0,0.0,0.0,0.0
innovation,275000001,valid:lambda3:273000003:analytic,initial,WW,0,0.0,0.0,0.0,0.0
innovation,275000001,valid:lambda3:273000003:analytic,post,CC,0,0.0,0.0,0.0,0.0
innovation,275000001,valid:lambda3:273000003:analytic,post,CW,0,0.0,0.0,0.0,0.0
innovation,275000001,valid:lambda3:273000003:analytic,post,WC,0,0.0,0.0,0.0,0.0
innovation,275000001,valid:lambda3:273000003:analytic,post,WW,0,0.0,0.0,0.0,0.0
innovation,275000001,valid:lambda3:273000003:neural,initial,CC,3,1.0,0.0,0.0,0.0
innovation,275000001,valid:lambda3:273000003:neural,initial,CW,0,0.0,0.0,0.0,0.0
innovation,275000001,valid:lambda3:273000003:neural,initial,WC,0,0.0,0.0,0.0,0.0
innovation,275000001,valid:lambda3:273000003:neural,initial,WW,0,0.0,0.0,0.0,0.0
innovation,275000001,valid:lambda3:273000003:neural,post,CC,0,0.0,0.0,0.0,0.0
innovation,275000001,valid:lambda3:273000003:neural,post,CW,0,0.0,0.0,0.0,0.0
innovation,275000001,valid:lambda3:273000003:neural,post,WC,0,0.0,0.0,0.0,0.0
innovation,275000001,valid:lambda3:273000003:neural,post,WW,0,0.0,0.0,0.0,0.0
innovation,275000001,valid:lambda3:273000004:analytic,initial,CC,2,0.0196078431372549,0.0,0.0,0.0
innovation,275000001,valid:lambda3:273000004:analytic,initial,CW,0,0.0,0.0,0.0,0.0
innovation,275000001,valid:lambda3:273000004:analytic,initial,WC,0,0.0,0.0,0.0,0.0
innovation,275000001,valid:lambda3:273000004:analytic,initial,WW,1,0.00980392156862745,0.0015570883657418046,0.0015570883657418046,0.0
innovation,275000001,valid:lambda3:273000004:analytic,post,CC,62,0.6078431372549019,0.0,0.0,0.0
innovation,275000001,valid:lambda3:273000004:analytic,post,CW,10,0.09803921568627451,0.0,0.04980633305568321,0.04980633305568321
innovation,275000001,valid:lambda3:273000004:analytic,post,WC,10,0.09803921568627451,0.028629592820709825,0.0,-0.028629592820709825
innovation,275000001,valid:lambda3:273000004:analytic,post,WW,17,0.16666666666666666,0.04570590748506434,0.04597910712747013,0.00027319964240579003
innovation,275000001,valid:lambda3:273000004:neural,initial,CC,2,0.01904761904761905,0.0,0.0,0.0
innovation,275000001,valid:lambda3:273000004:neural,initial,CW,0,0.0,0.0,0.0,0.0
innovation,275000001,valid:lambda3:273000004:neural,initial,WC,0,0.0,0.0,0.0,0.0
innovation,275000001,valid:lambda3:273000004:neural,initial,WW,1,0.009523809523809525,0.0015126001267206101,0.0015126001267206101,0.0
innovation,275000001,valid:lambda3:273000004:neural,post,CC,73,0.6952380952380952,0.0,0.0,0.0
innovation,275000001,valid:lambda3:273000004:neural,post,CW,9,0.08571428571428572,0.0,0.04051112220400856,0.04051112220400856
innovation,275000001,valid:lambda3:273000004:neural,post,WC,7,0.06666666666666667,0.02945345924014137,0.0,-0.02945345924014137
innovation,275000001,valid:lambda3:273000004:neural,post,WW,13,0.12380952380952381,0.017618946802048455,0.018171351296561104,0.000552404494512649
innovation,275000001,valid:lambda3:273000004:period4_hold,initial,CC,1,0.01639344262295082,0.0,0.0,0.0
innovation,275000001,valid:lambda3:273000004:period4_hold,initial,CW,0,0.0,0.0,0.0,0.0
innovation,275000001,valid:lambda3:273000004:period4_hold,initial,WC,0,0.0,0.0,0.0,0.0
innovation,275000001,valid:lambda3:273000004:period4_hold,initial,WW,2,0.03278688524590164,0.004697049250368212,0.004697049250368212,0.0
innovation,275000001,valid:lambda3:273000004:period4_hold,post,CC,27,0.4426229508196721,0.0,0.0,0.0
innovation,275000001,valid:lambda3:273000004:period4_hold,post,CW,8,0.13114754098360656,0.0,0.023383031125928534,0.023383031125928534
innovation,275000001,valid:lambda3:273000004:period4_hold,post,WC,5,0.08196721311475409,0.03533555640548956,0.0,-0.03533555640548956
innovation,275000001,valid:lambda3:273000004:period4_hold,post,WW,18,0.29508196721311475,0.08095717820964876,0.09210777282714844,0.011150594617499676
innovation,275000001,valid:lambda3:273000005:neural,initial,CC,1,1.0,0.0,0.0,0.0
innovation,275000001,valid:lambda3:273000005:neural,initial,CW,0,0.0,0.0,0.0,0.0
innovation,275000001,valid:lambda3:273000005:neural,initial,WC,0,0.0,0.0,0.0,0.0
innovation,275000001,valid:lambda3:273000005:neural,initial,WW,0,0.0,0.0,0.0,0.0
innovation,275000001,valid:lambda3:273000005:neural,post,CC,0,0.0,0.0,0.0,0.0
innovation,275000001,valid:lambda3:273000005:neural,post,CW,0,0.0,0.0,0.0,0.0
innovation,275000001,valid:lambda3:273000005:neural,post,WC,0,0.0,0.0,0.0,0.0
innovation,275000001,valid:lambda3:273000005:neural,post,WW,0,0.0,0.0,0.0,0.0
innovation,275000001,valid:lambda3:273000005:period4_hold,initial,CC,2,0.001218769043266301,0.0,0.0,0.0
innovation,275000001,valid:lambda3:273000005:period4_hold,initial,CW,0,0.0,0.0,0.0,0.0
innovation,275000001,valid:lambda3:273000005:period4_hold,initial,WC,1,0.0006093845216331506,5.485690417339132e-05,0.0,-5.485690417339132e-05
innovation,275000001,valid:lambda3:273000005:period4_hold,initial,WW,0,0.0,0.0,0.0,0.0
innovation,275000001,valid:lambda3:273000005:period4_hold,post,CC,665,0.4052407068860451,0.0,0.0,0.0
innovation,275000001,valid:lambda3:273000005:period4_hold,post,CW,248,0.15112736136502133,0.0,0.003390541169644855,0.003390541169644855
innovation,275000001,valid:lambda3:273000005:period4_hold,post,WC,120,0.07312614259597806,0.003663143539196249,0.0,-0.003663143539196249
innovation,275000001,valid:lambda3:273000005:period4_hold,post,WW,605,0.36867763558805605,0.015710841585120944,0.015710841585120944,0.0
innovation,275000001,valid:lambda3:273000005:analytic,initial,CC,1,1.0,0.0,0.0,0.0
innovation,275000001,valid:lambda3:273000005:analytic,initial,CW,0,0.0,0.0,0.0,0.0
innovation,275000001,valid:lambda3:273000005:analytic,initial,WC,0,0.0,0.0,0.0,0.0
innovation,275000001,valid:lambda3:273000005:analytic,initial,WW,0,0.0,0.0,0.0,0.0
innovation,275000001,valid:lambda3:273000005:analytic,post,CC,0,0.0,0.0,0.0,0.0
innovation,275000001,valid:lambda3:273000005:analytic,post,CW,0,0.0,0.0,0.0,0.0
innovation,275000001,valid:lambda3:273000005:analytic,post,WC,0,0.0,0.0,0.0,0.0
innovation,275000001,valid:lambda3:273000005:analytic,post,WW,0,0.0,0.0,0.0,0.0
innovation,275000001,valid:lambda3:273000006:period4_hold,initial,CC,2,0.001218769043266301,0.0,0.0,0.0
innovation,275000001,valid:lambda3:273000006:period4_hold,initial,CW,1,0.0006093845216331506,0.0,0.00021792707611772072,0.00021792707611772072
innovation,275000001,valid:lambda3:273000006:period4_hold,initial,WC,0,0.0,0.0,0.0,0.0
innovation,275000001,valid:lambda3:273000006:period4_hold,initial,WW,0,0.0,0.0,0.0,0.0
innovation,275000001,valid:lambda3:273000006:period4_hold,post,CC,602,0.3668494820231566,0.0,0.0,0.0
innovation,275000001,valid:lambda3:273000006:period4_hold,post,CW,479,0.2918951858622791,0.0,0.07777597583117535,0.07777597583117535
innovation,275000001,valid:lambda3:273000006:period4_hold,post,WC,299,0.182205971968312,0.047686918997895344,0.0,-0.047686918997895344
innovation,275000001,valid:lambda3:273000006:period4_hold,post,WW,258,0.15722120658135283,0.03756541700206247,0.04198511267202355,0.004419695669961081
innovation,275000001,valid:lambda3:273000006:analytic,initial,CC,3,0.21428571428571427,0.0,0.0,0.0
innovation,275000001,valid:lambda3:273000006:analytic,initial,CW,0,0.0,0.0,0.0,0.0
innovation,275000001,valid:lambda3:273000006:analytic,initial,WC,0,0.0,0.0,0.0,0.0
innovation,275000001,valid:lambda3:273000006:analytic,initial,WW,0,0.0,0.0,0.0,0.0
innovation,275000001,valid:lambda3:273000006:analytic,post,CC,5,0.35714285714285715,0.0,0.0,0.0
innovation,275000001,valid:lambda3:273000006:analytic,post,CW,1,0.07142857142857142,0.0,0.054440362112862725,0.054440362112862725
innovation,275000001,valid:lambda3:273000006:analytic,post,WC,1,0.07142857142857142,0.044501679284232,0.0,-0.044501679284232
innovation,275000001,valid:lambda3:273000006:analytic,post,WW,4,0.2857142857142857,0.21167162486485072,0.07663447516305107,-0.13503714970179964
innovation,275000001,valid:lambda3:273000006:neural,initial,CC,3,0.16666666666666666,0.0,0.0,0.0
innovation,275000001,valid:lambda3:273000006:neural,initial,CW,0,0.0,0.0,0.0,0.0
innovation,275000001,valid:lambda3:273000006:neural,initial,WC,0,0.0,0.0,0.0,0.0
innovation,275000001,valid:lambda3:273000006:neural,initial,WW,0,0.0,0.0,0.0,0.0
innovation,275000001,valid:lambda3:273000006:neural,post,CC,7,0.3888888888888889,0.0,0.0,0.0
innovation,275000001,valid:lambda3:273000006:neural,post,CW,1,0.05555555555555555,0.0,0.023579862382676866,0.023579862382676866
innovation,275000001,valid:lambda3:273000006:neural,post,WC,1,0.05555555555555555,0.020988305409749348,0.0,-0.020988305409749348
innovation,275000001,valid:lambda3:273000006:neural,post,WW,6,0.3333333333333333,0.18457751803927952,0.18457751803927952,0.0
innovation,275000001,valid:lambda4:274000001:analytic,initial,CC,1,0.04,0.0,0.0,0.0
innovation,275000001,valid:lambda4:274000001:analytic,initial,CW,0,0.0,0.0,0.0,0.0
innovation,275000001,valid:lambda4:274000001:analytic,initial,WC,2,0.08,0.00576171875,0.0,-0.00576171875
innovation,275000001,valid:lambda4:274000001:analytic,initial,WW,0,0.0,0.0,0.0,0.0
innovation,275000001,valid:lambda4:274000001:analytic,post,CC,12,0.48,0.0,0.0,0.0
innovation,275000001,valid:lambda4:274000001:analytic,post,CW,1,0.04,0.0,0.007383575439453125,0.007383575439453125
innovation,275000001,valid:lambda4:274000001:analytic,post,WC,0,0.0,0.0,0.0,0.0
innovation,275000001,valid:lambda4:274000001:analytic,post,WW,9,0.36,0.1133500099182129,0.12027482986450196,0.00692481994628906
innovation,275000001,valid:lambda4:274000001:neural,initial,CC,0,0.0,0.0,0.0,0.0
innovation,275000001,valid:lambda4:274000001:neural,initial,CW,3,0.16666666666666666,0.0,0.008840348985460069,0.008840348985460069
innovation,275000001,valid:lambda4:274000001:neural,initial,WC,0,0.0,0.0,0.0,0.0
innovation,275000001,valid:lambda4:274000001:neural,initial,WW,0,0.0,0.0,0.0,0.0
innovation,275000001,valid:lambda4:274000001:neural,post,CC,4,0.2222222222222222,0.0,0.0,0.0
innovation,275000001,valid:lambda4:274000001:neural,post,CW,1,0.05555555555555555,0.0,0.04093297322591146,0.04093297322591146
innovation,275000001,valid:lambda4:274000001:neural,post,WC,0,0.0,0.0,0.0,0.0
innovation,275000001,valid:lambda4:274000001:neural,post,WW,10,0.5555555555555556,0.12446218066745335,0.10747342639499241,-0.016988754272460938
innovation,275000001,valid:lambda4:274000001:period4_hold,initial,CC,0,0.0,0.0,0.0,0.0
innovation,275000001,valid:lambda4:274000001:period4_hold,initial,CW,3,0.0018281535648994515,0.0,9.696909307634446e-05,9.696909307634446e-05
innovation,275000001,valid:lambda4:274000001:period4_hold,initial,WC,0,0.0,0.0,0.0,0.0
innovation,275000001,valid:lambda4:274000001:period4_hold,initial,WW,0,0.0,0.0,0.0,0.0
innovation,275000001,valid:lambda4:274000001:period4_hold,post,CC,648,0.39488117001828155,0.0,0.0,0.0
innovation,275000001,valid:lambda4:274000001:period4_hold,post,CW,65,0.039609993906154786,0.0,0.003926520373747161,0.003926520373747161
innovation,275000001,valid:lambda4:274000001:period4_hold,post,WC,11,0.006703229737964655,0.0007086440893588162,0.0,-0.0007086440893588162
innovation,275000001,valid:lambda4:274000001:period4_hold,post,WW,914,0.5569774527726996,0.017526789164848258,0.017924002944369785,0.0003972137795215276
innovation,275000001,valid:lambda4:274000002:neural,initial,CC,0,0.0,0.0,0.0,0.0
innovation,275000001,valid:lambda4:274000002:neural,initial,CW,1,1.0,0.0,0.059101104736328125,0.059101104736328125
innovation,275000001,valid:lambda4:274000002:neural,initial,WC,0,0.0,0.0,0.0,0.0
innovation,275000001,valid:lambda4:274000002:neural,initial,WW,0,0.0,0.0,0.0,0.0
innovation,275000001,valid:lambda4:274000002:neural,post,CC,0,0.0,0.0,0.0,0.0
innovation,275000001,valid:lambda4:274000002:neural,post,CW,0,0.0,0.0,0.0,0.0
innovation,275000001,valid:lambda4:274000002:neural,post,WC,0,0.0,0.0,0.0,0.0
innovation,275000001,valid:lambda4:274000002:neural,post,WW,0,0.0,0.0,0.0,0.0
innovation,275000001,valid:lambda4:274000002:period4_hold,initial,CC,2,0.001218769043266301,0.0,0.0,0.0
innovation,275000001,valid:lambda4:274000002:period4_hold,initial,CW,1,0.0006093845216331506,0.0,3.6015298437738043e-05,3.6015298437738043e-05
innovation,275000001,valid:lambda4:274000002:period4_hold,initial,WC,0,0.0,0.0,0.0,0.0
innovation,275000001,valid:lambda4:274000002:period4_hold,initial,WW,0,0.0,0.0,0.0,0.0
innovation,275000001,valid:lambda4:274000002:period4_hold,post,CC,655,0.3991468616697136,0.0,0.0,0.0
innovation,275000001,valid:lambda4:274000002:period4_hold,post,CW,318,0.19378427787934185,0.0,0.009068950947140282,0.009068950947140282
innovation,275000001,valid:lambda4:274000002:period4_hold,post,WC,18,0.010968921389396709,0.0006812927855143527,0.0,-0.0006812927855143527
innovation,275000001,valid:lambda4:274000002:period4_hold,post,WW,647,0.3942717854966484,0.009933923963073693,0.009933923963073693,0.0
innovation,275000001,valid:lambda4:274000002:analytic,initial,CC,0,0.0,0.0,0.0,0.0
innovation,275000001,valid:lambda4:274000002:analytic,initial,CW,1,1.0,0.0,0.059101104736328125,0.059101104736328125
innovation,275000001,valid:lambda4:274000002:analytic,initial,WC,0,0.0,0.0,0.0,0.0
innovation,275000001,valid:lambda4:274000002:analytic,initial,WW,0,0.0,0.0,0.0,0.0
innovation,275000001,valid:lambda4:274000002:analytic,post,CC,0,0.0,0.0,0.0,0.0
innovation,275000001,valid:lambda4:274000002:analytic,post,CW,0,0.0,0.0,0.0,0.0
innovation,275000001,valid:lambda4:274000002:analytic,post,WC,0,0.0,0.0,0.0,0.0
innovation,275000001,valid:lambda4:274000002:analytic,post,WW,0,0.0,0.0,0.0,0.0
innovation,275000001,valid:lambda4:274000003:period4_hold,initial,CC,0,0.0,0.0,0.0,0.0
innovation,275000001,valid:lambda4:274000003:period4_hold,initial,CW,1,0.0006093845216331506,0.0,1.4310926289764721e-05,1.4310926289764721e-05
innovation,275000001,valid:lambda4:274000003:period4_hold,initial,WC,1,0.0006093845216331506,0.0001495438040501457,0.0,-0.0001495438040501457
innovation,275000001,valid:lambda4:274000003:period4_hold,initial,WW,1,0.0006093845216331506,1.162308734194089e-09,1.162308734194089e-09,0.0
innovation,275000001,valid:lambda4:274000003:period4_hold,post,CC,741,0.4515539305301645,0.0,0.0,0.0
innovation,275000001,valid:lambda4:274000003:period4_hold,post,CW,257,0.15661182205971969,0.0,0.034450144974071034,0.034450144974071034
innovation,275000001,valid:lambda4:274000003:period4_hold,post,WC,572,0.3485679463741621,0.05345376942812997,0.0,-0.05345376942812997
innovation,275000001,valid:lambda4:274000003:period4_hold,post,WW,68,0.04143814747105423,0.005700382933538182,0.006450180452382833,0.0007497975188446512
innovation,275000001,valid:lambda4:274000003:analytic,initial,CC,1,1.0,0.0,0.0,0.0
innovation,275000001,valid:lambda4:274000003:analytic,initial,CW,0,0.0,0.0,0.0,0.0
innovation,275000001,valid:lambda4:274000003:analytic,initial,WC,0,0.0,0.0,0.0,0.0
innovation,275000001,valid:lambda4:274000003:analytic,initial,WW,0,0.0,0.0,0.0,0.0
innovation,275000001,valid:lambda4:274000003:analytic,post,CC,0,0.0,0.0,0.0,0.0
innovation,275000001,valid:lambda4:274000003:analytic,post,CW,0,0.0,0.0,0.0,0.0
innovation,275000001,valid:lambda4:274000003:analytic,post,WC,0,0.0,0.0,0.0,0.0
innovation,275000001,valid:lambda4:274000003:analytic,post,WW,0,0.0,0.0,0.0,0.0
innovation,275000001,valid:lambda4:274000003:neural,initial,CC,1,0.3333333333333333,0.0,0.0,0.0
innovation,275000001,valid:lambda4:274000003:neural,initial,CW,1,0.3333333333333333,0.0,0.3225879669189453,0.3225879669189453
innovation,275000001,valid:lambda4:274000003:neural,initial,WC,0,0.0,0.0,0.0,0.0
innovation,275000001,valid:lambda4:274000003:neural,initial,WW,1,0.3333333333333333,6.357828776041666e-07,6.357828776041666e-07,0.0
innovation,275000001,valid:lambda4:274000003:neural,post,CC,0,0.0,0.0,0.0,0.0
innovation,275000001,valid:lambda4:274000003:neural,post,CW,0,0.0,0.0,0.0,0.0
innovation,275000001,valid:lambda4:274000003:neural,post,WC,0,0.0,0.0,0.0,0.0
innovation,275000001,valid:lambda4:274000003:neural,post,WW,0,0.0,0.0,0.0,0.0
innovation,275000001,valid:lambda4:274000004:analytic,initial,CC,1,0.05,0.0,0.0,0.0
innovation,275000001,valid:lambda4:274000004:analytic,initial,CW,0,0.0,0.0,0.0,0.0
innovation,275000001,valid:lambda4:274000004:analytic,initial,WC,2,0.1,0.018506813049316406,0.0,-0.018506813049316406
innovation,275000001,valid:lambda4:274000004:analytic,initial,WW,0,0.0,0.0,0.0,0.0
innovation,275000001,valid:lambda4:274000004:analytic,post,CC,11,0.55,0.0,0.0,0.0
innovation,275000001,valid:lambda4:274000004:analytic,post,CW,1,0.05,0.0,0.01996746063232422,0.01996746063232422
innovation,275000001,valid:lambda4:274000004:analytic,post,WC,1,0.05,0.0019014835357666015,0.0,-0.0019014835357666015
innovation,275000001,valid:lambda4:274000004:analytic,post,WW,4,0.2,0.08046948909759521,0.08046948909759521,0.0
innovation,275000001,valid:lambda4:274000004:neural,initial,CC,1,0.06666666666666667,0.0,0.0,0.0
innovation,275000001,valid:lambda4:274000004:neural,initial,CW,1,0.06666666666666667,0.0,0.003261820475260417,0.003261820475260417
innovation,275000001,valid:lambda4:274000004:neural,initial,WC,0,0.0,0.0,0.0,0.0
innovation,275000001,valid:lambda4:274000004:neural,initial,WW,1,0.06666666666666667,0.011863454182942709,0.011863454182942709,0.0
innovation,275000001,valid:lambda4:274000004:neural,post,CC,2,0.13333333333333333,0.0,0.0,0.0
innovation,275000001,valid:lambda4:274000004:neural,post,CW,1,0.06666666666666667,0.0,0.00986328125,0.00986328125
innovation,275000001,valid:lambda4:274000004:neural,post,WC,5,0.3333333333333333,0.3454740842183431,0.0,-0.3454740842183431
innovation,275000001,valid:lambda4:274000004:neural,post,WW,4,0.26666666666666666,0.06139643987019857,0.06139669418334961,2.543131510379659e-07
innovation,275000001,valid:lambda4:274000004:period4_hold,initial,CC,1,0.02127659574468085,0.0,0.0,0.0
innovation,275000001,valid:lambda4:274000004:period4_hold,initial,CW,1,0.02127659574468085,0.0,0.0010410065346575798,0.0010410065346575798
innovation,275000001,valid:lambda4:274000004:period4_hold,initial,WC,0,0.0,0.0,0.0,0.0
innovation,275000001,valid:lambda4:274000004:period4_hold,initial,WW,1,0.02127659574468085,0.003786208781790226,0.003786208781790226,0.0
innovation,275000001,valid:lambda4:274000004:period4_hold,post,CC,23,0.48936170212765956,0.0,0.0,0.0
innovation,275000001,valid:lambda4:274000004:period4_hold,post,CW,3,0.06382978723404255,0.0,0.019146493140687334,0.019146493140687334
innovation,275000001,valid:lambda4:274000004:period4_hold,post,WC,8,0.1702127659574468,0.11369370399637425,0.0,-0.11369370399637425
innovation,275000001,valid:lambda4:274000004:period4_hold,post,WW,10,0.2127659574468085,0.06707780919176468,0.06707789035553628,8.11637716063851e-08
innovation,275000001,valid:lambda4:274000005:neural,initial,CC,3,0.036585365853658534,0.0,0.0,0.0
innovation,275000001,valid:lambda4:274000005:neural,initial,CW,0,0.0,0.0,0.0,0.0
innovation,275000001,valid:lambda4:274000005:neural,initial,WC,0,0.0,0.0,0.0,0.0
innovation,275000001,valid:lambda4:274000005:neural,initial,WW,0,0.0,0.0,0.0,0.0
innovation,275000001,valid:lambda4:274000005:neural,post,CC,63,0.7682926829268293,0.0,0.0,0.0
innovation,275000001,valid:lambda4:274000005:neural,post,CW,7,0.08536585365853659,0.0,0.06455542401569646,0.06455542401569646
innovation,275000001,valid:lambda4:274000005:neural,post,WC,4,0.04878048780487805,0.04018825437964463,0.0,-0.04018825437964463
innovation,275000001,valid:lambda4:274000005:neural,post,WW,5,0.06097560975609756,0.010202210123946027,0.010202210123946027,0.0
innovation,275000001,valid:lambda4:274000005:period4_hold,initial,CC,3,0.0018281535648994515,0.0,0.0,0.0
innovation,275000001,valid:lambda4:274000005:period4_hold,initial,CW,0,0.0,0.0,0.0,0.0
innovation,275000001,valid:lambda4:274000005:period4_hold,initial,WC,0,0.0,0.0,0.0,0.0
innovation,275000001,valid:lambda4:274000005:period4_hold,initial,WW,0,0.0,0.0,0.0,0.0
innovation,275000001,valid:lambda4:274000005:period4_hold,post,CC,205,0.12492382693479585,0.0,0.0,0.0
innovation,275000001,valid:lambda4:274000005:period4_hold,post,CW,61,0.03717245581962218,0.0,0.008419065487086954,0.008419065487086954
innovation,275000001,valid:lambda4:274000005:period4_hold,post,WC,32,0.019500304692260818,0.005921777176610004,0.0,-0.005921777176610004
innovation,275000001,valid:lambda4:274000005:period4_hold,post,WW,1340,0.8165752589884216,0.1274197183681072,0.12817377836365731,0.0007540599955501159
innovation,275000001,valid:lambda4:274000005:analytic,initial,CC,3,0.031914893617021274,0.0,0.0,0.0
innovation,275000001,valid:lambda4:274000005:analytic,initial,CW,0,0.0,0.0,0.0,0.0
innovation,275000001,valid:lambda4:274000005:analytic,initial,WC,0,0.0,0.0,0.0,0.0
innovation,275000001,valid:lambda4:274000005:analytic,initial,WW,0,0.0,0.0,0.0,0.0
innovation,275000001,valid:lambda4:274000005:analytic,post,CC,62,0.6595744680851063,0.0,0.0,0.0
innovation,275000001,valid:lambda4:274000005:analytic,post,CW,9,0.09574468085106383,0.0,0.06023158925644895,0.06023158925644895
innovation,275000001,valid:lambda4:274000005:analytic,post,WC,5,0.05319148936170213,0.03764277316154318,0.0,-0.03764277316154318
innovation,275000001,valid:lambda4:274000005:analytic,post,WW,15,0.1595744680851064,0.06240604278889108,0.06615893384243579,0.0037528910535447116
innovation,275000001,valid:lambda4:274000006:period4_hold,initial,CC,0,0.0,0.0,0.0,0.0
innovation,275000001,valid:lambda4:274000006:period4_hold,initial,CW,0,0.0,0.0,0.0,0.0
innovation,275000001,valid:lambda4:274000006:period4_hold,initial,WC,0,0.0,0.0,0.0,0.0
innovation,275000001,valid:lambda4:274000006:period4_hold,initial,WW,0,0.0,0.0,0.0,0.0
innovation,275000001,valid:lambda4:274000006:period4_hold,post,CC,0,0.0,0.0,0.0,0.0
innovation,275000001,valid:lambda4:274000006:period4_hold,post,CW,0,0.0,0.0,0.0,0.0
innovation,275000001,valid:lambda4:274000006:period4_hold,post,WC,0,0.0,0.0,0.0,0.0
innovation,275000001,valid:lambda4:274000006:period4_hold,post,WW,0,0.0,0.0,0.0,0.0
innovation,275000001,valid:lambda4:274000006:analytic,initial,CC,2,0.4,0.0,0.0,0.0
innovation,275000001,valid:lambda4:274000006:analytic,initial,CW,0,0.0,0.0,0.0,0.0
innovation,275000001,valid:lambda4:274000006:analytic,initial,WC,1,0.2,0.1291719436645508,0.0,-0.1291719436645508
innovation,275000001,valid:lambda4:274000006:analytic,initial,WW,0,0.0,0.0,0.0,0.0
innovation,275000001,valid:lambda4:274000006:analytic,post,CC,1,0.2,0.0,0.0,0.0
innovation,275000001,valid:lambda4:274000006:analytic,post,CW,0,0.0,0.0,0.0,0.0
innovation,275000001,valid:lambda4:274000006:analytic,post,WC,1,0.2,0.24039688110351562,0.0,-0.24039688110351562
innovation,275000001,valid:lambda4:274000006:analytic,post,WW,0,0.0,0.0,0.0,0.0
innovation,275000001,valid:lambda4:274000006:neural,initial,CC,0,0.0,0.0,0.0,0.0
innovation,275000001,valid:lambda4:274000006:neural,initial,CW,0,0.0,0.0,0.0,0.0
innovation,275000001,valid:lambda4:274000006:neural,initial,WC,0,0.0,0.0,0.0,0.0
innovation,275000001,valid:lambda4:274000006:neural,initial,WW,0,0.0,0.0,0.0,0.0
innovation,275000001,valid:lambda4:274000006:neural,post,CC,0,0.0,0.0,0.0,0.0
innovation,275000001,valid:lambda4:274000006:neural,post,CW,0,0.0,0.0,0.0,0.0
innovation,275000001,valid:lambda4:274000006:neural,post,WC,0,0.0,0.0,0.0,0.0
innovation,275000001,valid:lambda4:274000006:neural,post,WW,0,0.0,0.0,0.0,0.0
innovation,275000002,valid:lambda3:273000001:analytic,initial,CC,2,0.2222222222222222,0.0,0.0,0.0
innovation,275000002,valid:lambda3:273000001:analytic,initial,CW,1,0.1111111111111111,0.0,0.07866361406114367,0.07866361406114367
innovation,275000002,valid:lambda3:273000001:analytic,initial,WC,0,0.0,0.0,0.0,0.0
innovation,275000002,valid:lambda3:273000001:analytic,initial,WW,0,0.0,0.0,0.0,0.0
innovation,275000002,valid:lambda3:273000001:analytic,post,CC,3,0.3333333333333333,0.0,0.0,0.0
innovation,275000002,valid:lambda3:273000001:analytic,post,CW,1,0.1111111111111111,0.0,0.02397335900200738,0.02397335900200738
innovation,275000002,valid:lambda3:273000001:analytic,post,WC,0,0.0,0.0,0.0,0.0
innovation,275000002,valid:lambda3:273000001:analytic,post,WW,2,0.2222222222222222,0.11738501654730903,0.11738501654730903,0.0
innovation,275000002,valid:lambda3:273000001:neural,initial,CC,2,0.2222222222222222,0.0,0.0,0.0
innovation,275000002,valid:lambda3:273000001:neural,initial,CW,1,0.1111111111111111,0.0,0.07866361406114367,0.07866361406114367
innovation,275000002,valid:lambda3:273000001:neural,initial,WC,0,0.0,0.0,0.0,0.0
innovation,275000002,valid:lambda3:273000001:neural,initial,WW,0,0.0,0.0,0.0,0.0
innovation,275000002,valid:lambda3:273000001:neural,post,CC,3,0.3333333333333333,0.0,0.0,0.0
innovation,275000002,valid:lambda3:273000001:neural,post,CW,1,0.1111111111111111,0.0,0.02397335900200738,0.02397335900200738
innovation,275000002,valid:lambda3:273000001:neural,post,WC,0,0.0,0.0,0.0,0.0
innovation,275000002,valid:lambda3:273000001:neural,post,WW,2,0.2222222222222222,0.11738501654730903,0.11738501654730903,0.0
innovation,275000002,valid:lambda3:273000001:period4_hold,initial,CC,1,0.0006093845216331506,0.0,0.0,0.0
innovation,275000002,valid:lambda3:273000001:period4_hold,initial,CW,1,0.0006093845216331506,0.0,0.00017324618491219865,0.00017324618491219865
innovation,275000002,valid:lambda3:273000001:period4_hold,initial,WC,1,0.0006093845216331506,5.811543670970445e-10,0.0,-5.811543670970445e-10
innovation,275000002,valid:lambda3:273000001:period4_hold,initial,WW,0,0.0,0.0,0.0,0.0
innovation,275000002,valid:lambda3:273000001:period4_hold,post,CC,702,0.42778793418647165,0.0,0.0,0.0
innovation,275000002,valid:lambda3:273000001:period4_hold,post,CW,339,0.20658135283363802,0.0,0.0051857482217420245,0.0051857482217420245
innovation,275000002,valid:lambda3:273000001:period4_hold,post,WC,35,0.021328458257160267,0.0010458818664643766,0.0,-0.0010458818664643766
innovation,275000002,valid:lambda3:273000001:period4_hold,post,WW,562,0.3424741011578306,0.016471817172350932,0.016471817172350932,0.0
innovation,275000002,valid:lambda3:273000002:neural,initial,CC,1,0.2,0.0,0.0,0.0
innovation,275000002,valid:lambda3:273000002:neural,initial,CW,2,0.4,0.0,0.038322830200195314,0.038322830200195314
innovation,275000002,valid:lambda3:273000002:neural,initial,WC,0,0.0,0.0,0.0,0.0
innovation,275000002,valid:lambda3:273000002:neural,initial,WW,0,0.0,0.0,0.0,0.0
innovation,275000002,valid:lambda3:273000002:neural,post,CC,2,0.4,0.0,0.0,0.0
innovation,275000002,valid:lambda3:273000002:neural,post,CW,0,0.0,0.0,0.0,0.0
innovation,275000002,valid:lambda3:273000002:neural,post,WC,0,0.0,0.0,0.0,0.0
innovation,275000002,valid:lambda3:273000002:neural,post,WW,0,0.0,0.0,0.0,0.0
innovation,275000002,valid:lambda3:273000002:period4_hold,initial,CC,3,0.25,0.0,0.0,0.0
innovation,275000002,valid:lambda3:273000002:period4_hold,initial,CW,0,0.0,0.0,0.0,0.0
innovation,275000002,valid:lambda3:273000002:period4_hold,initial,WC,0,0.0,0.0,0.0,0.0
innovation,275000002,valid:lambda3:273000002:period4_hold,initial,WW,0,0.0,0.0,0.0,0.0
innovation,275000002,valid:lambda3:273000002:period4_hold,post,CC,5,0.4166666666666667,0.0,0.0,0.0
innovation,275000002,valid:lambda3:273000002:period4_hold,post,CW,0,0.0,0.0,0.0,0.0
innovation,275000002,valid:lambda3:273000002:period4_hold,post,WC,0,0.0,0.0,0.0,0.0
innovation,275000002,valid:lambda3:273000002:period4_hold,post,WW,4,0.3333333333333333,0.07019261519114177,0.07019261519114177,0.0
innovation,275000002,valid:lambda3:273000002:analytic,initial,CC,1,0.2,0.0,0.0,0.0
innovation,275000002,valid:lambda3:273000002:analytic,initial,CW,2,0.4,0.0,0.038322830200195314,0.038322830200195314
innovation,275000002,valid:lambda3:273000002:analytic,initial,WC,0,0.0,0.0,0.0,0.0
innovation,275000002,valid:lambda3:273000002:analytic,initial,WW,0,0.0,0.0,0.0,0.0
innovation,275000002,valid:lambda3:273000002:analytic,post,CC,2,0.4,0.0,0.0,0.0
innovation,275000002,valid:lambda3:273000002:analytic,post,CW,0,0.0,0.0,0.0,0.0
innovation,275000002,valid:lambda3:273000002:analytic,post,WC,0,0.0,0.0,0.0,0.0
innovation,275000002,valid:lambda3:273000002:analytic,post,WW,0,0.0,0.0,0.0,0.0
innovation,275000002,valid:lambda3:273000003:period4_hold,initial,CC,2,0.001218769043266301,0.0,0.0,0.0
innovation,275000002,valid:lambda3:273000003:period4_hold,initial,CW,1,0.0006093845216331506,0.0,4.1776862833138137e-05,4.1776862833138137e-05
innovation,275000002,valid:lambda3:273000003:period4_hold,initial,WC,0,0.0,0.0,0.0,0.0
innovation,275000002,valid:lambda3:273000003:period4_hold,initial,WW,0,0.0,0.0,0.0,0.0
innovation,275000002,valid:lambda3:273000003:period4_hold,post,CC,853,0.5198049969530774,0.0,0.0,0.0
innovation,275000002,valid:lambda3:273000003:period4_hold,post,CW,36,0.021937842778793418,0.0,0.0013210328884926748,0.0013210328884926748
innovation,275000002,valid:lambda3:273000003:period4_hold,post,WC,398,0.2425350396099939,0.012290246017381667,0.0,-0.012290246017381667
innovation,275000002,valid:lambda3:273000003:period4_hold,post,WW,351,0.21389396709323583,0.0024904834287040193,0.0028479134142943667,0.00035742998559034744
innovation,275000002,valid:lambda3:273000003:analytic,initial,CC,3,1.0,0.0,0.0,0.0
innovation,275000002,valid:lambda3:273000003:analytic,initial,CW,0,0.0,0.0,0.0,0.0
innovation,275000002,valid:lambda3:273000003:analytic,initial,WC,0,0.0,0.0,0.0,0.0
innovation,275000002,valid:lambda3:273000003:analytic,initial,WW,0,0.0,0.0,0.0,0.0
innovation,275000002,valid:lambda3:273000003:analytic,post,CC,0,0.0,0.0,0.0,0.0
innovation,275000002,valid:lambda3:273000003:analytic,post,CW,0,0.0,0.0,0.0,0.0
innovation,275000002,valid:lambda3:273000003:analytic,post,WC,0,0.0,0.0,0.0,0.0
innovation,275000002,valid:lambda3:273000003:analytic,post,WW,0,0.0,0.0,0.0,0.0
innovation,275000002,valid:lambda3:273000003:neural,initial,CC,3,1.0,0.0,0.0,0.0
innovation,275000002,valid:lambda3:273000003:neural,initial,CW,0,0.0,0.0,0.0,0.0
innovation,275000002,valid:lambda3:273000003:neural,initial,WC,0,0.0,0.0,0.0,0.0
innovation,275000002,valid:lambda3:273000003:neural,initial,WW,0,0.0,0.0,0.0,0.0
innovation,275000002,valid:lambda3:273000003:neural,post,CC,0,0.0,0.0,0.0,0.0
innovation,275000002,valid:lambda3:273000003:neural,post,CW,0,0.0,0.0,0.0,0.0
innovation,275000002,valid:lambda3:273000003:neural,post,WC,0,0.0,0.0,0.0,0.0
innovation,275000002,valid:lambda3:273000003:neural,post,WW,0,0.0,0.0,0.0,0.0
innovation,275000002,valid:lambda3:273000004:analytic,initial,CC,2,0.0196078431372549,0.0,0.0,0.0
innovation,275000002,valid:lambda3:273000004:analytic,initial,CW,0,0.0,0.0,0.0,0.0
innovation,275000002,valid:lambda3:273000004:analytic,initial,WC,1,0.00980392156862745,0.0015570883657418046,0.0,-0.0015570883657418046
innovation,275000002,valid:lambda3:273000004:analytic,initial,WW,0,0.0,0.0,0.0,0.0
innovation,275000002,valid:lambda3:273000004:analytic,post,CC,73,0.7156862745098039,0.0,0.0,0.0
innovation,275000002,valid:lambda3:273000004:analytic,post,CW,5,0.049019607843137254,0.0,0.006548956328747319,0.006548956328747319
innovation,275000002,valid:lambda3:273000004:analytic,post,WC,6,0.058823529411764705,0.019559112249636183,0.0,-0.019559112249636183
innovation,275000002,valid:lambda3:273000004:analytic,post,WW,15,0.14705882352941177,0.040874761693617874,0.047816865584429574,0.0069421038908117
innovation,275000002,valid:lambda3:273000004:neural,initial,CC,2,0.01904761904761905,0.0,0.0,0.0
innovation,275000002,valid:lambda3:273000004:neural,initial,CW,0,0.0,0.0,0.0,0.0
innovation,275000002,valid:lambda3:273000004:neural,initial,WC,1,0.009523809523809525,0.0015126001267206101,0.0,-0.0015126001267206101
innovation,275000002,valid:lambda3:273000004:neural,initial,WW,0,0.0,0.0,0.0,0.0
innovation,275000002,valid:lambda3:273000004:neural,post,CC,73,0.6952380952380952,0.0,0.0,0.0
innovation,275000002,valid:lambda3:273000004:neural,post,CW,9,0.08571428571428572,0.0,0.03745418730236235,0.03745418730236235
innovation,275000002,valid:lambda3:273000004:neural,post,WC,6,0.05714285714285714,0.028612554640997025,0.0,-0.028612554640997025
innovation,275000002,valid:lambda3:273000004:neural,post,WW,14,0.13333333333333333,0.021525687263125464,0.022078091757638113,0.000552404494512649
innovation,275000002,valid:lambda3:273000004:period4_hold,initial,CC,1,0.01639344262295082,0.0,0.0,0.0
innovation,275000002,valid:lambda3:273000004:period4_hold,initial,CW,0,0.0,0.0,0.0,0.0
innovation,275000002,valid:lambda3:273000004:period4_hold,initial,WC,0,0.0,0.0,0.0,0.0
innovation,275000002,valid:lambda3:273000004:period4_hold,initial,WW,2,0.03278688524590164,0.004697017982357838,0.004697049250368212,3.1268010374473076e-08
innovation,275000002,valid:lambda3:273000004:period4_hold,post,CC,36,0.5901639344262295,0.0,0.0,0.0
innovation,275000002,valid:lambda3:273000004:period4_hold,post,CW,8,0.13114754098360656,0.0,0.043799462865610594,0.043799462865610594
innovation,275000002,valid:lambda3:273000004:period4_hold,post,WC,1,0.01639344262295082,0.00718445074362833,0.0,-0.00718445074362833
innovation,275000002,valid:lambda3:273000004:period4_hold,post,WW,13,0.21311475409836064,0.051972780071321084,0.044273251392802256,-0.0076995286785188286
innovation,275000002,valid:lambda3:273000005:neural,initial,CC,1,1.0,0.0,0.0,0.0
innovation,275000002,valid:lambda3:273000005:neural,initial,CW,0,0.0,0.0,0.0,0.0
innovation,275000002,valid:lambda3:273000005:neural,initial,WC,0,0.0,0.0,0.0,0.0
innovation,275000002,valid:lambda3:273000005:neural,initial,WW,0,0.0,0.0,0.0,0.0
innovation,275000002,valid:lambda3:273000005:neural,post,CC,0,0.0,0.0,0.0,0.0
innovation,275000002,valid:lambda3:273000005:neural,post,CW,0,0.0,0.0,0.0,0.0
innovation,275000002,valid:lambda3:273000005:neural,post,WC,0,0.0,0.0,0.0,0.0
innovation,275000002,valid:lambda3:273000005:neural,post,WW,0,0.0,0.0,0.0,0.0
innovation,275000002,valid:lambda3:273000005:period4_hold,initial,CC,1,0.0006093845216331506,0.0,0.0,0.0
innovation,275000002,valid:lambda3:273000005:period4_hold,initial,CW,0,0.0,0.0,0.0,0.0
innovation,275000002,valid:lambda3:273000005:period4_hold,initial,WC,2,0.001218769043266301,5.4857485327758417e-05,0.0,-5.4857485327758417e-05
innovation,275000002,valid:lambda3:273000005:period4_hold,initial,WW,0,0.0,0.0,0.0,0.0
innovation,275000002,valid:lambda3:273000005:period4_hold,post,CC,781,0.47592931139549055,0.0,0.0,0.0
innovation,275000002,valid:lambda3:273000005:period4_hold,post,CW,267,0.16270566727605118,0.0,0.004235604999270256,0.004235604999270256
innovation,275000002,valid:lambda3:273000005:period4_hold,post,WC,18,0.010968921389396709,0.0005616810465643567,0.0,-0.0005616810465643567
innovation,275000002,valid:lambda3:273000005:period4_hold,post,WW,572,0.3485679463741621,0.016325455333749236,0.016325455333749236,0.0
innovation,275000002,valid:lambda3:273000005:analytic,initial,CC,1,1.0,0.0,0.0,0.0
innovation,275000002,valid:lambda3:273000005:analytic,initial,CW,0,0.0,0.0,0.0,0.0
innovation,275000002,valid:lambda3:273000005:analytic,initial,WC,0,0.0,0.0,0.0,0.0
innovation,275000002,valid:lambda3:273000005:analytic,initial,WW,0,0.0,0.0,0.0,0.0
innovation,275000002,valid:lambda3:273000005:analytic,post,CC,0,0.0,0.0,0.0,0.0
innovation,275000002,valid:lambda3:273000005:analytic,post,CW,0,0.0,0.0,0.0,0.0
innovation,275000002,valid:lambda3:273000005:analytic,post,WC,0,0.0,0.0,0.0,0.0
innovation,275000002,valid:lambda3:273000005:analytic,post,WW,0,0.0,0.0,0.0,0.0
innovation,275000002,valid:lambda3:273000006:period4_hold,initial,CC,2,0.001218769043266301,0.0,0.0,0.0
innovation,275000002,valid:lambda3:273000006:period4_hold,initial,CW,0,0.0,0.0,0.0,0.0
innovation,275000002,valid:lambda3:273000006:period4_hold,initial,WC,1,0.0006093845216331506,9.927162667878294e-05,0.0,-9.927162667878294e-05
innovation,275000002,valid:lambda3:273000006:period4_hold,initial,WW,0,0.0,0.0,0.0,0.0
innovation,275000002,valid:lambda3:273000006:period4_hold,post,CC,1092,0.6654478976234004,0.0,0.0,0.0
innovation,275000002,valid:lambda3:273000006:period4_hold,post,CW,26,0.015843997562461912,0.0,0.002819862691169102,0.002819862691169102
innovation,275000002,valid:lambda3:273000006:period4_hold,post,WC,433,0.2638634978671542,0.048179014872516676,0.0,-0.048179014872516676
innovation,275000002,valid:lambda3:273000006:period4_hold,post,WW,87,0.05301645338208409,0.008461402074219903,0.007772326905287162,-0.000689075168932741
innovation,275000002,valid:lambda3:273000006:analytic,initial,CC,2,0.14285714285714285,0.0,0.0,0.0
innovation,275000002,valid:lambda3:273000006:analytic,initial,CW,1,0.07142857142857142,0.0,0.06451954160417829,0.06451954160417829
innovation,275000002,valid:lambda3:273000006:analytic,initial,WC,0,0.0,0.0,0.0,0.0
innovation,275000002,valid:lambda3:273000006:analytic,initial,WW,0,0.0,0.0,0.0,0.0
innovation,275000002,valid:lambda3:273000006:analytic,post,CC,5,0.35714285714285715,0.0,0.0,0.0
innovation,275000002,valid:lambda3:273000006:analytic,post,CW,1,0.07142857142857142,0.0,0.03396238599504743,0.03396238599504743
innovation,275000002,valid:lambda3:273000006:analytic,post,WC,1,0.07142857142857142,0.062493392399379184,0.0,-0.062493392399379184
innovation,275000002,valid:lambda3:273000006:analytic,post,WW,4,0.2857142857142857,0.21344453947884695,0.08717376845223564,-0.12627077102661133
innovation,275000002,valid:lambda3:273000006:neural,initial,CC,2,0.1111111111111111,0.0,0.0,0.0
innovation,275000002,valid:lambda3:273000006:neural,initial,CW,1,0.05555555555555555,0.0,0.05018186569213867,0.05018186569213867
innovation,275000002,valid:lambda3:273000006:neural,initial,WC,0,0.0,0.0,0.0,0.0
innovation,275000002,valid:lambda3:273000006:neural,initial,WW,0,0.0,0.0,0.0,0.0
innovation,275000002,valid:lambda3:273000006:neural,post,CC,5,0.2777777777777778,0.0,0.0,0.0
innovation,275000002,valid:lambda3:273000006:neural,post,CW,3,0.16666666666666666,0.0,0.10077179802788629,0.10077179802788629
innovation,275000002,valid:lambda3:273000006:neural,post,WC,3,0.16666666666666666,0.09676525327894422,0.0,-0.09676525327894422
innovation,275000002,valid:lambda3:273000006:neural,post,WW,4,0.2222222222222222,0.08990833494398329,0.08990833494398329,0.0
innovation,275000002,valid:lambda4:274000001:analytic,initial,CC,2,0.08,0.0,0.0,0.0
innovation,275000002,valid:lambda4:274000001:analytic,initial,CW,0,0.0,0.0,0.0,0.0
innovation,275000002,valid:lambda4:274000001:analytic,initial,WC,0,0.0,0.0,0.0,0.0
innovation,275000002,valid:lambda4:274000001:analytic,initial,WW,1,0.04,0.001957244873046875,0.001957244873046875,0.0
innovation,275000002,valid:lambda4:274000001:analytic,post,CC,12,0.48,0.0,0.0,0.0
innovation,275000002,valid:lambda4:274000001:analytic,post,CW,1,0.04,0.0,0.007901420593261719,0.007901420593261719
innovation,275000002,valid:lambda4:274000001:analytic,post,WC,2,0.08,0.0206512451171875,0.0,-0.0206512451171875
innovation,275000002,valid:lambda4:274000001:analytic,post,WW,7,0.28,0.1277385139465332,0.1277385139465332,0.0
innovation,275000002,valid:lambda4:274000001:neural,initial,CC,2,0.1111111111111111,0.0,0.0,0.0
innovation,275000002,valid:lambda4:274000001:neural,initial,CW,0,0.0,0.0,0.0,0.0
innovation,275000002,valid:lambda4:274000001:neural,initial,WC,1,0.05555555555555555,0.0027181837293836805,0.0,-0.0027181837293836805
innovation,275000002,valid:lambda4:274000001:neural,initial,WW,0,0.0,0.0,0.0,0.0
innovation,275000002,valid:lambda4:274000001:neural,post,CC,4,0.2222222222222222,0.0,0.0,0.0
innovation,275000002,valid:lambda4:274000001:neural,post,CW,0,0.0,0.0,0.0,0.0
innovation,275000002,valid:lambda4:274000001:neural,post,WC,1,0.05555555555555555,0.025976181030273438,0.0,-0.025976181030273438
innovation,275000002,valid:lambda4:274000001:neural,post,WW,10,0.5555555555555556,0.1484930780198839,0.10747342639499241,-0.04101965162489149
innovation,275000002,valid:lambda4:274000001:period4_hold,initial,CC,2,0.001218769043266301,0.0,0.0,0.0
innovation,275000002,valid:lambda4:274000001:period4_hold,initial,CW,0,0.0,0.0,0.0,0.0
innovation,275000002,valid:lambda4:274000001:period4_hold,initial,WC,1,0.0006093845216331506,2.981554364954677e-05,0.0,-2.981554364954677e-05
innovation,275000002,valid:lambda4:274000001:period4_hold,initial,WW,0,0.0,0.0,0.0,0.0
innovation,275000002,valid:lambda4:274000001:period4_hold,post,CC,732,0.4460694698354662,0.0,0.0,0.0
innovation,275000002,valid:lambda4:274000001:period4_hold,post,CW,12,0.007312614259597806,0.0,0.002948677300099263,0.002948677300099263
innovation,275000002,valid:lambda4:274000001:period4_hold,post,WC,176,0.10725167580743449,0.007269177765180831,0.0,-0.007269177765180831
innovation,275000002,valid:lambda4:274000001:period4_hold,post,WW,718,0.43753808653260207,0.01180290594687918,0.011549482543173539,-0.000253423403705641
innovation,275000002,valid:lambda4:274000002:neural,initial,CC,1,1.0,0.0,0.0,0.0
innovation,275000002,valid:lambda4:274000002:neural,initial,CW,0,0.0,0.0,0.0,0.0
innovation,275000002,valid:lambda4:274000002:neural,initial,WC,0,0.0,0.0,0.0,0.0
innovation,275000002,valid:lambda4:274000002:neural,initial,WW,0,0.0,0.0,0.0,0.0
innovation,275000002,valid:lambda4:274000002:neural,post,CC,0,0.0,0.0,0.0,0.0
innovation,275000002,valid:lambda4:274000002:neural,post,CW,0,0.0,0.0,0.0,0.0
innovation,275000002,valid:lambda4:274000002:neural,post,WC,0,0.0,0.0,0.0,0.0
innovation,275000002,valid:lambda4:274000002:neural,post,WW,0,0.0,0.0,0.0,0.0
innovation,275000002,valid:lambda4:274000002:period4_hold,initial,CC,2,0.001218769043266301,0.0,0.0,0.0
innovation,275000002,valid:lambda4:274000002:period4_hold,initial,CW,0,0.0,0.0,0.0,0.0
innovation,275000002,valid:lambda4:274000002:period4_hold,initial,WC,1,0.0006093845216331506,5.811543670970445e-10,0.0,-5.811543670970445e-10
innovation,275000002,valid:lambda4:274000002:period4_hold,initial,WW,0,0.0,0.0,0.0,0.0
innovation,275000002,valid:lambda4:274000002:period4_hold,post,CC,725,0.4418037781840341,0.0,0.0,0.0
innovation,275000002,valid:lambda4:274000002:period4_hold,post,CW,145,0.08836075563680683,0.0,0.002510079953962532,0.002510079953962532
innovation,275000002,valid:lambda4:274000002:period4_hold,post,WC,119,0.0725167580743449,0.004204478080791355,0.0,-0.004204478080791355
innovation,275000002,valid:lambda4:274000002:period4_hold,post,WW,649,0.39549055453991466,0.010185255792212152,0.010185255792212152,0.0
innovation,275000002,valid:lambda4:274000002:analytic,initial,CC,1,1.0,0.0,0.0,0.0
innovation,275000002,valid:lambda4:274000002:analytic,initial,CW,0,0.0,0.0,0.0,0.0
innovation,275000002,valid:lambda4:274000002:analytic,initial,WC,0,0.0,0.0,0.0,0.0
innovation,275000002,valid:lambda4:274000002:analytic,initial,WW,0,0.0,0.0,0.0,0.0
innovation,275000002,valid:lambda4:274000002:analytic,post,CC,0,0.0,0.0,0.0,0.0
innovation,275000002,valid:lambda4:274000002:analytic,post,CW,0,0.0,0.0,0.0,0.0
innovation,275000002,valid:lambda4:274000002:analytic,post,WC,0,0.0,0.0,0.0,0.0
innovation,275000002,valid:lambda4:274000002:analytic,post,WW,0,0.0,0.0,0.0,0.0
innovation,275000002,valid:lambda4:274000003:period4_hold,initial,CC,1,0.0006093845216331506,0.0,0.0,0.0
innovation,275000002,valid:lambda4:274000003:period4_hold,initial,CW,0,0.0,0.0,0.0,0.0
innovation,275000002,valid:lambda4:274000003:period4_hold,initial,WC,1,0.0006093845216331506,1.162308734194089e-09,0.0,-1.162308734194089e-09
innovation,275000002,valid:lambda4:274000003:period4_hold,initial,WW,1,0.0006093845216331506,1.4310926289764721e-05,1.4310926289764721e-05,0.0
innovation,275000002,valid:lambda4:274000003:period4_hold,post,CC,783,0.47714808043875684,0.0,0.0,0.0
innovation,275000002,valid:lambda4:274000003:period4_hold,post,CW,179,0.10907982937233394,0.0,0.017986277848173395,0.017986277848173395
innovation,275000002,valid:lambda4:274000003:period4_hold,post,WC,398,0.2425350396099939,0.052442929499182736,0.0,-0.052442929499182736
innovation,275000002,valid:lambda4:274000003:period4_hold,post,WW,278,0.16940889701401585,0.03283508938307591,0.02608657624211564,-0.006748513140960269
innovation,275000002,valid:lambda4:274000003:analytic,initial,CC,0,0.0,0.0,0.0,0.0
innovation,275000002,valid:lambda4:274000003:analytic,initial,CW,0,0.0,0.0,0.0,0.0
innovation,275000002,valid:lambda4:274000003:analytic,initial,WC,0,0.0,0.0,0.0,0.0
innovation,275000002,valid:lambda4:274000003:analytic,initial,WW,1,1.0,9.5367431640625e-07,9.5367431640625e-07,0.0
innovation,275000002,valid:lambda4:274000003:analytic,post,CC,0,0.0,0.0,0.0,0.0
innovation,275000002,valid:lambda4:274000003:analytic,post,CW,0,0.0,0.0,0.0,0.0
innovation,275000002,valid:lambda4:274000003:analytic,post,WC,0,0.0,0.0,0.0,0.0
innovation,275000002,valid:lambda4:274000003:analytic,post,WW,0,0.0,0.0,0.0,0.0
innovation,275000002,valid:lambda4:274000003:neural,initial,CC,2,0.6666666666666666,0.0,0.0,0.0
innovation,275000002,valid:lambda4:274000003:neural,initial,CW,0,0.0,0.0,0.0,0.0
innovation,275000002,valid:lambda4:274000003:neural,initial,WC,1,0.3333333333333333,6.357828776041666e-07,0.0,-6.357828776041666e-07
innovation,275000002,valid:lambda4:274000003:neural,initial,WW,0,0.0,0.0,0.0,0.0
innovation,275000002,valid:lambda4:274000003:neural,post,CC,0,0.0,0.0,0.0,0.0
innovation,275000002,valid:lambda4:274000003:neural,post,CW,0,0.0,0.0,0.0,0.0
innovation,275000002,valid:lambda4:274000003:neural,post,WC,0,0.0,0.0,0.0,0.0
innovation,275000002,valid:lambda4:274000003:neural,post,WW,0,0.0,0.0,0.0,0.0
innovation,275000002,valid:lambda4:274000004:analytic,initial,CC,1,0.05,0.0,0.0,0.0
innovation,275000002,valid:lambda4:274000004:analytic,initial,CW,0,0.0,0.0,0.0,0.0
innovation,275000002,valid:lambda4:274000004:analytic,initial,WC,1,0.05,0.016060256958007814,0.0,-0.016060256958007814
innovation,275000002,valid:lambda4:274000004:analytic,initial,WW,1,0.05,0.002446556091308594,0.002446556091308594,0.0
innovation,275000002,valid:lambda4:274000004:analytic,post,CC,11,0.55,0.0,0.0,0.0
innovation,275000002,valid:lambda4:274000004:analytic,post,CW,1,0.05,0.0,0.0019014835357666015,0.0019014835357666015
innovation,275000002,valid:lambda4:274000004:analytic,post,WC,1,0.05,0.0198622465133667,0.0,-0.0198622465133667
innovation,275000002,valid:lambda4:274000004:analytic,post,WW,4,0.2,0.09148366451263427,0.10500051975250244,0.013516855239868161
innovation,275000002,valid:lambda4:274000004:neural,initial,CC,1,0.06666666666666667,0.0,0.0,0.0
innovation,275000002,valid:lambda4:274000004:neural,initial,CW,0,0.0,0.0,0.0,0.0
innovation,275000002,valid:lambda4:274000004:neural,initial,WC,2,0.13333333333333333,0.015125274658203125,0.0,-0.015125274658203125
innovation,275000002,valid:lambda4:274000004:neural,initial,WW,0,0.0,0.0,0.0,0.0
innovation,275000002,valid:lambda4:274000004:neural,post,CC,5,0.3333333333333333,0.0,0.0,0.0
innovation,275000002,valid:lambda4:274000004:neural,post,CW,1,0.06666666666666667,0.0,0.00986328125,0.00986328125
innovation,275000002,valid:lambda4:274000004:neural,post,WC,3,0.2,0.24461164474487304,0.0,-0.24461164474487304
innovation,275000002,valid:lambda4:274000004:neural,post,WW,3,0.2,0.05956258773803711,0.05956258773803711,0.0
innovation,275000002,valid:lambda4:274000004:period4_hold,initial,CC,1,0.02127659574468085,0.0,0.0,0.0
innovation,275000002,valid:lambda4:274000004:period4_hold,initial,CW,0,0.0,0.0,0.0,0.0
innovation,275000002,valid:lambda4:274000004:period4_hold,initial,WC,2,0.0425531914893617,0.004827215316447806,0.0,-0.004827215316447806
innovation,275000002,valid:lambda4:274000004:period4_hold,initial,WW,0,0.0,0.0,0.0,0.0
innovation,275000002,valid:lambda4:274000004:period4_hold,post,CC,25,0.5319148936170213,0.0,0.0,0.0
innovation,275000002,valid:lambda4:274000004:period4_hold,post,CW,3,0.06382978723404255,0.0,0.017434282505765876,0.017434282505765876
innovation,275000002,valid:lambda4:274000004:period4_hold,post,WC,6,0.1276595744680851,0.047883490298656704,0.0,-0.047883490298656704
innovation,275000002,valid:lambda4:274000004:period4_hold,post,WW,10,0.2127659574468085,0.08369384927952543,0.08816790073475939,0.004474051455233954
innovation,275000002,valid:lambda4:274000005:neural,initial,CC,2,0.024390243902439025,0.0,0.0,0.0
innovation,275000002,valid:lambda4:274000005:neural,initial,CW,0,0.0,0.0,0.0,0.0
innovation,275000002,valid:lambda4:274000005:neural,initial,WC,1,0.012195121951219513,0.0018638750401938835,0.0,-0.0018638750401938835
innovation,275000002,valid:lambda4:274000005:neural,initial,WW,0,0.0,0.0,0.0,0.0
innovation,275000002,valid:lambda4:274000005:neural,post,CC,69,0.8414634146341463,0.0,0.0,0.0
innovation,275000002,valid:lambda4:274000005:neural,post,CW,2,0.024390243902439025,0.0,0.009339495403010671,0.009339495403010671
innovation,275000002,valid:lambda4:274000005:neural,post,WC,3,0.036585365853658534,0.008989520189238757,0.0,-0.008989520189238757
innovation,275000002,valid:lambda4:274000005:neural,post,WW,5,0.06097560975609756,0.01030404393265887,0.01030404393265887,0.0
innovation,275000002,valid:lambda4:274000005:period4_hold,initial,CC,3,0.0018281535648994515,0.0,0.0,0.0
innovation,275000002,valid:lambda4:274000005:period4_hold,initial,CW,0,0.0,0.0,0.0,0.0
innovation,275000002,valid:lambda4:274000005:period4_hold,initial,WC,0,0.0,0.0,0.0,0.0
innovation,275000002,valid:lambda4:274000005:period4_hold,initial,WW,0,0.0,0.0,0.0,0.0
innovation,275000002,valid:lambda4:274000005:period4_hold,post,CC,246,0.14990859232175502,0.0,0.0,0.0
innovation,275000002,valid:lambda4:274000005:period4_hold,post,CW,10,0.006093845216331505,0.0,0.0016890753339805812,0.0016890753339805812
innovation,275000002,valid:lambda4:274000005:period4_hold,post,WC,636,0.3875685557586837,0.07264294906188482,0.0,-0.07264294906188482
innovation,275000002,valid:lambda4:274000005:period4_hold,post,WW,746,0.45460085313833026,0.06036509158479085,0.060778666022054895,0.0004135744372640443
innovation,275000002,valid:lambda4:274000005:analytic,initial,CC,2,0.02127659574468085,0.0,0.0,0.0
innovation,275000002,valid:lambda4:274000005:analytic,initial,CW,0,0.0,0.0,0.0,0.0
innovation,275000002,valid:lambda4:274000005:analytic,initial,WC,1,0.010638297872340425,0.0016259335457010473,0.0,-0.0016259335457010473
innovation,275000002,valid:lambda4:274000005:analytic,initial,WW,0,0.0,0.0,0.0,0.0
innovation,275000002,valid:lambda4:274000005:analytic,post,CC,67,0.7127659574468085,0.0,0.0,0.0
innovation,275000002,valid:lambda4:274000005:analytic,post,CW,1,0.010638297872340425,0.0,0.005674220146016872,0.005674220146016872
innovation,275000002,valid:lambda4:274000005:analytic,post,WC,6,0.06382978723404255,0.022117746637222616,0.0,-0.022117746637222616
innovation,275000002,valid:lambda4:274000005:analytic,post,WW,17,0.18085106382978725,0.08514171458305196,0.07819222896657091,-0.006949485616481052
innovation,275000002,valid:lambda4:274000006:period4_hold,initial,CC,0,0.0,0.0,0.0,0.0
innovation,275000002,valid:lambda4:274000006:period4_hold,initial,CW,0,0.0,0.0,0.0,0.0
innovation,275000002,valid:lambda4:274000006:period4_hold,initial,WC,0,0.0,0.0,0.0,0.0
innovation,275000002,valid:lambda4:274000006:period4_hold,initial,WW,0,0.0,0.0,0.0,0.0
innovation,275000002,valid:lambda4:274000006:period4_hold,post,CC,0,0.0,0.0,0.0,0.0
innovation,275000002,valid:lambda4:274000006:period4_hold,post,CW,0,0.0,0.0,0.0,0.0
innovation,275000002,valid:lambda4:274000006:period4_hold,post,WC,0,0.0,0.0,0.0,0.0
innovation,275000002,valid:lambda4:274000006:period4_hold,post,WW,0,0.0,0.0,0.0,0.0
innovation,275000002,valid:lambda4:274000006:analytic,initial,CC,1,0.2,0.0,0.0,0.0
innovation,275000002,valid:lambda4:274000006:analytic,initial,CW,0,0.0,0.0,0.0,0.0
innovation,275000002,valid:lambda4:274000006:analytic,initial,WC,0,0.0,0.0,0.0,0.0
innovation,275000002,valid:lambda4:274000006:analytic,initial,WW,2,0.4,0.12917213439941405,0.14963436126708984,0.020462226867675792
innovation,275000002,valid:lambda4:274000006:analytic,post,CC,2,0.4,0.0,0.0,0.0
innovation,275000002,valid:lambda4:274000006:analytic,post,CW,0,0.0,0.0,0.0,0.0
innovation,275000002,valid:lambda4:274000006:analytic,post,WC,0,0.0,0.0,0.0,0.0
innovation,275000002,valid:lambda4:274000006:analytic,post,WW,0,0.0,0.0,0.0,0.0
innovation,275000002,valid:lambda4:274000006:neural,initial,CC,0,0.0,0.0,0.0,0.0
innovation,275000002,valid:lambda4:274000006:neural,initial,CW,0,0.0,0.0,0.0,0.0
innovation,275000002,valid:lambda4:274000006:neural,initial,WC,0,0.0,0.0,0.0,0.0
innovation,275000002,valid:lambda4:274000006:neural,initial,WW,0,0.0,0.0,0.0,0.0
innovation,275000002,valid:lambda4:274000006:neural,post,CC,0,0.0,0.0,0.0,0.0
innovation,275000002,valid:lambda4:274000006:neural,post,CW,0,0.0,0.0,0.0,0.0
innovation,275000002,valid:lambda4:274000006:neural,post,WC,0,0.0,0.0,0.0,0.0
innovation,275000002,valid:lambda4:274000006:neural,post,WW,0,0.0,0.0,0.0,0.0
innovation,275000003,valid:lambda3:273000001:analytic,initial,CC,1,0.1111111111111111,0.0,0.0,0.0
innovation,275000003,valid:lambda3:273000001:analytic,initial,CW,1,0.1111111111111111,0.0,0.008114920722113715,0.008114920722113715
innovation,275000003,valid:lambda3:273000001:analytic,initial,WC,0,0.0,0.0,0.0,0.0
innovation,275000003,valid:lambda3:273000001:analytic,initial,WW,1,0.1111111111111111,0.08384037017822266,0.08384037017822266,0.0
innovation,275000003,valid:lambda3:273000001:analytic,post,CC,5,0.5555555555555556,0.0,0.0,0.0
innovation,275000003,valid:lambda3:273000001:analytic,post,CW,0,0.0,0.0,0.0,0.0
innovation,275000003,valid:lambda3:273000001:analytic,post,WC,0,0.0,0.0,0.0,0.0
innovation,275000003,valid:lambda3:273000001:analytic,post,WW,1,0.1111111111111111,0.08306969536675347,0.08306969536675347,0.0
innovation,275000003,valid:lambda3:273000001:neural,initial,CC,1,0.1111111111111111,0.0,0.0,0.0
innovation,275000003,valid:lambda3:273000001:neural,initial,CW,1,0.1111111111111111,0.0,0.008114920722113715,0.008114920722113715
innovation,275000003,valid:lambda3:273000001:neural,initial,WC,0,0.0,0.0,0.0,0.0
innovation,275000003,valid:lambda3:273000001:neural,initial,WW,1,0.1111111111111111,0.08384037017822266,0.08384037017822266,0.0
innovation,275000003,valid:lambda3:273000001:neural,post,CC,5,0.5555555555555556,0.0,0.0,0.0
innovation,275000003,valid:lambda3:273000001:neural,post,CW,0,0.0,0.0,0.0,0.0
innovation,275000003,valid:lambda3:273000001:neural,post,WC,0,0.0,0.0,0.0,0.0
innovation,275000003,valid:lambda3:273000001:neural,post,WW,1,0.1111111111111111,0.08306969536675347,0.08306969536675347,0.0
innovation,275000003,valid:lambda3:273000001:period4_hold,initial,CC,2,0.001218769043266301,0.0,0.0,0.0
innovation,275000003,valid:lambda3:273000001:period4_hold,initial,CW,1,0.0006093845216331506,0.0,4.450596374102586e-05,4.450596374102586e-05
innovation,275000003,valid:lambda3:273000001:period4_hold,initial,WC,0,0.0,0.0,0.0,0.0
innovation,275000003,valid:lambda3:273000001:period4_hold,initial,WW,0,0.0,0.0,0.0,0.0
innovation,275000003,valid:lambda3:273000001:period4_hold,post,CC,1062,0.6471663619744058,0.0,0.0,0.0
innovation,275000003,valid:lambda3:273000001:period4_hold,post,CW,14,0.008531383302864107,0.0,0.002390306436165595,0.002390306436165595
innovation,275000003,valid:lambda3:273000001:period4_hold,post,WC,12,0.007312614259597806,0.004388384162326327,0.0,-0.004388384162326327
innovation,275000003,valid:lambda3:273000001:period4_hold,post,WW,550,0.3351614868982328,0.0185637148613613,0.0185637148613613,0.0
innovation,275000003,valid:lambda3:273000002:neural,initial,CC,1,0.2,0.0,0.0,0.0
innovation,275000003,valid:lambda3:273000002:neural,initial,CW,1,0.2,0.0,0.05509605407714844,0.05509605407714844
innovation,275000003,valid:lambda3:273000002:neural,initial,WC,1,0.2,0.04223575592041016,0.0,-0.04223575592041016
innovation,275000003,valid:lambda3:273000002:neural,initial,WW,0,0.0,0.0,0.0,0.0
innovation,275000003,valid:lambda3:273000002:neural,post,CC,2,0.4,0.0,0.0,0.0
innovation,275000003,valid:lambda3:273000002:neural,post,CW,0,0.0,0.0,0.0,0.0
innovation,275000003,valid:lambda3:273000002:neural,post,WC,0,0.0,0.0,0.0,0.0
innovation,275000003,valid:lambda3:273000002:neural,post,WW,0,0.0,0.0,0.0,0.0
innovation,275000003,valid:lambda3:273000002:period4_hold,initial,CC,2,0.16666666666666666,0.0,0.0,0.0
innovation,275000003,valid:lambda3:273000002:period4_hold,initial,CW,0,0.0,0.0,0.0,0.0
innovation,275000003,valid:lambda3:273000002:period4_hold,initial,WC,1,0.08333333333333333,0.01759823163350423,0.0,-0.01759823163350423
innovation,275000003,valid:lambda3:273000002:period4_hold,initial,WW,0,0.0,0.0,0.0,0.0
innovation,275000003,valid:lambda3:273000002:period4_hold,post,CC,4,0.3333333333333333,0.0,0.0,0.0
innovation,275000003,valid:lambda3:273000002:period4_hold,post,CW,1,0.08333333333333333,0.0,0.05503149827321371,0.05503149827321371
innovation,275000003,valid:lambda3:273000002:period4_hold,post,WC,0,0.0,0.0,0.0,0.0
innovation,275000003,valid:lambda3:273000002:period4_hold,post,WW,4,0.3333333333333333,0.12195909023284912,0.12195909023284912,0.0
innovation,275000003,valid:lambda3:273000002:analytic,initial,CC,1,0.2,0.0,0.0,0.0
innovation,275000003,valid:lambda3:273000002:analytic,initial,CW,1,0.2,0.0,0.05509605407714844,0.05509605407714844
innovation,275000003,valid:lambda3:273000002:analytic,initial,WC,1,0.2,0.04223575592041016,0.0,-0.04223575592041016
innovation,275000003,valid:lambda3:273000002:analytic,initial,WW,0,0.0,0.0,0.0,0.0
innovation,275000003,valid:lambda3:273000002:analytic,post,CC,2,0.4,0.0,0.0,0.0
innovation,275000003,valid:lambda3:273000002:analytic,post,CW,0,0.0,0.0,0.0,0.0
innovation,275000003,valid:lambda3:273000002:analytic,post,WC,0,0.0,0.0,0.0,0.0
innovation,275000003,valid:lambda3:273000002:analytic,post,WW,0,0.0,0.0,0.0,0.0
innovation,275000003,valid:lambda3:273000003:period4_hold,initial,CC,2,0.001218769043266301,0.0,0.0,0.0
innovation,275000003,valid:lambda3:273000003:period4_hold,initial,CW,0,0.0,0.0,0.0,0.0
innovation,275000003,valid:lambda3:273000003:period4_hold,initial,WC,1,0.0006093845216331506,4.1776862833138137e-05,0.0,-4.1776862833138137e-05
innovation,275000003,valid:lambda3:273000003:period4_hold,initial,WW,0,0.0,0.0,0.0,0.0
innovation,275000003,valid:lambda3:273000003:period4_hold,post,CC,657,0.40036563071297987,0.0,0.0,0.0
innovation,275000003,valid:lambda3:273000003:period4_hold,post,CW,4,0.002437538086532602,0.0,0.0007313589436625795,0.0007313589436625795
innovation,275000003,valid:lambda3:273000003:period4_hold,post,WC,395,0.24070688604509446,0.012408877784780146,0.0,-0.012408877784780146
innovation,275000003,valid:lambda3:273000003:period4_hold,post,WW,582,0.3546617915904936,0.00820241883932854,0.00820241883932854,0.0
innovation,275000003,valid:lambda3:273000003:analytic,initial,CC,3,1.0,0.0,0.0,0.0
innovation,275000003,valid:lambda3:273000003:analytic,initial,CW,0,0.0,0.0,0.0,0.0
innovation,275000003,valid:lambda3:273000003:analytic,initial,WC,0,0.0,0.0,0.0,0.0
innovation,275000003,valid:lambda3:273000003:analytic,initial,WW,0,0.0,0.0,0.0,0.0
innovation,275000003,valid:lambda3:273000003:analytic,post,CC,0,0.0,0.0,0.0,0.0
innovation,275000003,valid:lambda3:273000003:analytic,post,CW,0,0.0,0.0,0.0,0.0
innovation,275000003,valid:lambda3:273000003:analytic,post,WC,0,0.0,0.0,0.0,0.0
innovation,275000003,valid:lambda3:273000003:analytic,post,WW,0,0.0,0.0,0.0,0.0
innovation,275000003,valid:lambda3:273000003:neural,initial,CC,3,1.0,0.0,0.0,0.0
innovation,275000003,valid:lambda3:273000003:neural,initial,CW,0,0.0,0.0,0.0,0.0
innovation,275000003,valid:lambda3:273000003:neural,initial,WC,0,0.0,0.0,0.0,0.0
innovation,275000003,valid:lambda3:273000003:neural,initial,WW,0,0.0,0.0,0.0,0.0
innovation,275000003,valid:lambda3:273000003:neural,post,CC,0,0.0,0.0,0.0,0.0
innovation,275000003,valid:lambda3:273000003:neural,post,CW,0,0.0,0.0,0.0,0.0
innovation,275000003,valid:lambda3:273000003:neural,post,WC,0,0.0,0.0,0.0,0.0
innovation,275000003,valid:lambda3:273000003:neural,post,WW,0,0.0,0.0,0.0,0.0
innovation,275000003,valid:lambda3:273000004:analytic,initial,CC,1,0.00980392156862745,0.0,0.0,0.0
innovation,275000003,valid:lambda3:273000004:analytic,initial,CW,0,0.0,0.0,0.0,0.0
innovation,275000003,valid:lambda3:273000004:analytic,initial,WC,2,0.0196078431372549,0.004473218730851716,0.0,-0.004473218730851716
innovation,275000003,valid:lambda3:273000004:analytic,initial,WW,0,0.0,0.0,0.0,0.0
innovation,275000003,valid:lambda3:273000004:analytic,post,CC,66,0.6470588235294118,0.0,0.0,0.0
innovation,275000003,valid:lambda3:273000004:analytic,post,CW,6,0.058823529411764705,0.0,0.018283470004212623,0.018283470004212623
innovation,275000003,valid:lambda3:273000004:analytic,post,WC,9,0.08823529411764706,0.04537067226335114,0.0,-0.04537067226335114
innovation,275000003,valid:lambda3:273000004:analytic,post,WW,18,0.17647058823529413,0.04606488171745749,0.05710041756723441,0.011035535849776922
innovation,275000003,valid:lambda3:273000004:neural,initial,CC,1,0.009523809523809525,0.0,0.0,0.0
innovation,275000003,valid:lambda3:273000004:neural,initial,CW,0,0.0,0.0,0.0,0.0
innovation,275000003,valid:lambda3:273000004:neural,initial,WC,2,0.01904761904761905,0.00434541248139881,0.0,-0.00434541248139881
innovation,275000003,valid:lambda3:273000004:neural,initial,WW,0,0.0,0.0,0.0,0.0
innovation,275000003,valid:lambda3:273000004:neural,post,CC,78,0.7428571428571429,0.0,0.0,0.0
innovation,275000003,valid:lambda3:273000004:neural,post,CW,3,0.02857142857142857,0.0,0.006116558256603423,0.006116558256603423
innovation,275000003,valid:lambda3:273000004:neural,post,WC,8,0.0761904761904762,0.03154191516694568,0.0,-0.03154191516694568
innovation,275000003,valid:lambda3:273000004:neural,post,WW,13,0.12380952380952381,0.02080372855776832,0.02080372855776832,0.0
innovation,275000003,valid:lambda3:273000004:period4_hold,initial,CC,2,0.03278688524590164,0.0,0.0,0.0
innovation,275000003,valid:lambda3:273000004:period4_hold,initial,CW,0,0.0,0.0,0.0,0.0
innovation,275000003,valid:lambda3:273000004:period4_hold,initial,WC,0,0.0,0.0,0.0,0.0
innovation,275000003,valid:lambda3:273000004:period4_hold,initial,WW,1,0.01639344262295082,0.001219452404585041,0.001219421136574667,-3.1268010374039396e-08
innovation,275000003,valid:lambda3:273000004:period4_hold,post,CC,33,0.5409836065573771,0.0,0.0,0.0
innovation,275000003,valid:lambda3:273000004:period4_hold,post,CW,5,0.08196721311475409,0.0,0.0434494643914895,0.0434494643914895
innovation,275000003,valid:lambda3:273000004:period4_hold,post,WC,5,0.08196721311475409,0.022036145945064357,0.0,-0.022036145945064357
innovation,275000003,valid:lambda3:273000004:period4_hold,post,WW,15,0.2459016393442623,0.07279983895723938,0.10646713757124103,0.03366729861400165
innovation,275000003,valid:lambda3:273000005:neural,initial,CC,1,1.0,0.0,0.0,0.0
innovation,275000003,valid:lambda3:273000005:neural,initial,CW,0,0.0,0.0,0.0,0.0
innovation,275000003,valid:lambda3:273000005:neural,initial,WC,0,0.0,0.0,0.0,0.0
innovation,275000003,valid:lambda3:273000005:neural,initial,WW,0,0.0,0.0,0.0,0.0
innovation,275000003,valid:lambda3:273000005:neural,post,CC,0,0.0,0.0,0.0,0.0
innovation,275000003,valid:lambda3:273000005:neural,post,CW,0,0.0,0.0,0.0,0.0
innovation,275000003,valid:lambda3:273000005:neural,post,WC,0,0.0,0.0,0.0,0.0
innovation,275000003,valid:lambda3:273000005:neural,post,WW,0,0.0,0.0,0.0,0.0
innovation,275000003,valid:lambda3:273000005:period4_hold,initial,CC,3,0.0018281535648994515,0.0,0.0,0.0
innovation,275000003,valid:lambda3:273000005:period4_hold,initial,CW,0,0.0,0.0,0.0,0.0
innovation,275000003,valid:lambda3:273000005:period4_hold,initial,WC,0,0.0,0.0,0.0,0.0
innovation,275000003,valid:lambda3:273000005:period4_hold,initial,WW,0,0.0,0.0,0.0,0.0
innovation,275000003,valid:lambda3:273000005:period4_hold,post,CC,763,0.46496039000609385,0.0,0.0,0.0
innovation,275000003,valid:lambda3:273000005:period4_hold,post,CW,105,0.06398537477148081,0.0,0.0030837342333750054,0.0030837342333750054
innovation,275000003,valid:lambda3:273000005:period4_hold,post,WC,74,0.04509445460085314,0.0011152378456538803,0.0,-0.0011152378456538803
innovation,275000003,valid:lambda3:273000005:period4_hold,post,WW,696,0.42413162705667273,0.017442641208841626,0.017442641208841626,0.0
innovation,275000003,valid:lambda3:273000005:analytic,initial,CC,1,1.0,0.0,0.0,0.0
innovation,275000003,valid:lambda3:273000005:analytic,initial,CW,0,0.0,0.0,0.0,0.0
innovation,275000003,valid:lambda3:273000005:analytic,initial,WC,0,0.0,0.0,0.0,0.0
innovation,275000003,valid:lambda3:273000005:analytic,initial,WW,0,0.0,0.0,0.0,0.0
innovation,275000003,valid:lambda3:273000005:analytic,post,CC,0,0.0,0.0,0.0,0.0
innovation,275000003,valid:lambda3:273000005:analytic,post,CW,0,0.0,0.0,0.0,0.0
innovation,275000003,valid:lambda3:273000005:analytic,post,WC,0,0.0,0.0,0.0,0.0
innovation,275000003,valid:lambda3:273000005:analytic,post,WW,0,0.0,0.0,0.0,0.0
innovation,275000003,valid:lambda3:273000006:period4_hold,initial,CC,3,0.0018281535648994515,0.0,0.0,0.0
innovation,275000003,valid:lambda3:273000006:period4_hold,initial,CW,0,0.0,0.0,0.0,0.0
innovation,275000003,valid:lambda3:273000006:period4_hold,initial,WC,0,0.0,0.0,0.0,0.0
innovation,275000003,valid:lambda3:273000006:period4_hold,initial,WW,0,0.0,0.0,0.0,0.0
innovation,275000003,valid:lambda3:273000006:period4_hold,post,CC,682,0.41560024375380866,0.0,0.0,0.0
innovation,275000003,valid:lambda3:273000006:period4_hold,post,CW,61,0.03717245581962218,0.0,0.005514552577249456,0.005514552577249456
innovation,275000003,valid:lambda3:273000006:period4_hold,post,WC,519,0.3162705667276051,0.05560002401062514,0.0,-0.05560002401062514
innovation,275000003,valid:lambda3:273000006:period4_hold,post,WW,376,0.2291285801340646,0.034930546497296155,0.03564906570694928,0.000718519209653122
innovation,275000003,valid:lambda3:273000006:analytic,initial,CC,3,0.21428571428571427,0.0,0.0,0.0
innovation,275000003,valid:lambda3:273000006:analytic,initial,CW,0,0.0,0.0,0.0,0.0
innovation,275000003,valid:lambda3:273000006:analytic,initial,WC,0,0.0,0.0,0.0,0.0
innovation,275000003,valid:lambda3:273000006:analytic,initial,WW,0,0.0,0.0,0.0,0.0
innovation,275000003,valid:lambda3:273000006:analytic,post,CC,5,0.35714285714285715,0.0,0.0,0.0
innovation,275000003,valid:lambda3:273000006:analytic,post,CW,1,0.07142857142857142,0.0,0.0025645664760044645,0.0025645664760044645
innovation,275000003,valid:lambda3:273000006:analytic,post,WC,2,0.14285714285714285,0.15944957733154297,0.0,-0.15944957733154297
innovation,275000003,valid:lambda3:273000006:analytic,post,WW,3,0.21428571428571427,0.1797832761492048,0.11085660117013114,-0.06892667497907366
innovation,275000003,valid:lambda3:273000006:neural,initial,CC,3,0.16666666666666666,0.0,0.0,0.0
innovation,275000003,valid:lambda3:273000006:neural,initial,CW,0,0.0,0.0,0.0,0.0
innovation,275000003,valid:lambda3:273000006:neural,initial,WC,0,0.0,0.0,0.0,0.0
innovation,275000003,valid:lambda3:273000006:neural,initial,WW,0,0.0,0.0,0.0,0.0
innovation,275000003,valid:lambda3:273000006:neural,post,CC,6,0.3333333333333333,0.0,0.0,0.0
innovation,275000003,valid:lambda3:273000006:neural,post,CW,2,0.1111111111111111,0.0,0.009517616695827909,0.009517616695827909
innovation,275000003,valid:lambda3:273000006:neural,post,WC,0,0.0,0.0,0.0,0.0
innovation,275000003,valid:lambda3:273000006:neural,post,WW,7,0.3888888888888889,0.20556582344902885,0.20556582344902885,0.0
innovation,275000003,valid:lambda4:274000001:analytic,initial,CC,2,0.08,0.0,0.0,0.0
innovation,275000003,valid:lambda4:274000001:analytic,initial,CW,1,0.04,0.0,0.001957244873046875,0.001957244873046875
innovation,275000003,valid:lambda4:274000001:analytic,initial,WC,0,0.0,0.0,0.0,0.0
innovation,275000003,valid:lambda4:274000001:analytic,initial,WW,0,0.0,0.0,0.0,0.0
innovation,275000003,valid:lambda4:274000001:analytic,post,CC,13,0.52,0.0,0.0,0.0
innovation,275000003,valid:lambda4:274000001:analytic,post,CW,0,0.0,0.0,0.0,0.0
innovation,275000003,valid:lambda4:274000001:analytic,post,WC,1,0.04,0.008161773681640625,0.0,-0.008161773681640625
innovation,275000003,valid:lambda4:274000001:analytic,post,WW,8,0.32,0.14005132675170898,0.10501157760620117,-0.03503974914550781
innovation,275000003,valid:lambda4:274000001:neural,initial,CC,3,0.16666666666666666,0.0,0.0,0.0
innovation,275000003,valid:lambda4:274000001:neural,initial,CW,0,0.0,0.0,0.0,0.0
innovation,275000003,valid:lambda4:274000001:neural,initial,WC,0,0.0,0.0,0.0,0.0
innovation,275000003,valid:lambda4:274000001:neural,initial,WW,0,0.0,0.0,0.0,0.0
innovation,275000003,valid:lambda4:274000001:neural,post,CC,3,0.16666666666666666,0.0,0.0,0.0
innovation,275000003,valid:lambda4:274000001:neural,post,CW,1,0.05555555555555555,0.0,0.008789486355251737,0.008789486355251737
innovation,275000003,valid:lambda4:274000001:neural,post,WC,2,0.1111111111111111,0.028745121426052518,0.0,-0.028745121426052518
innovation,275000003,valid:lambda4:274000001:neural,post,WW,9,0.5,0.20195404688517252,0.13278044594658744,-0.06917360093858507
innovation,275000003,valid:lambda4:274000001:period4_hold,initial,CC,3,0.0018281535648994515,0.0,0.0,0.0
innovation,275000003,valid:lambda4:274000001:period4_hold,initial,CW,0,0.0,0.0,0.0,0.0
innovation,275000003,valid:lambda4:274000001:period4_hold,initial,WC,0,0.0,0.0,0.0,0.0
innovation,275000003,valid:lambda4:274000001:period4_hold,initial,WW,0,0.0,0.0,0.0,0.0
innovation,275000003,valid:lambda4:274000001:period4_hold,post,CC,572,0.3485679463741621,0.0,0.0,0.0
innovation,275000003,valid:lambda4:274000001:period4_hold,post,CW,49,0.029859841560024376,0.0,0.03445100275791686,0.03445100275791686
innovation,275000003,valid:lambda4:274000001:period4_hold,post,WC,85,0.0517976843388178,0.004622606007810194,0.0,-0.004622606007810194
innovation,275000003,valid:lambda4:274000001:period4_hold,post,WW,932,0.5679463741620963,0.018391318614710984,0.018535104341291932,0.00014378572658094863
innovation,275000003,valid:lambda4:274000002:neural,initial,CC,0,0.0,0.0,0.0,0.0
innovation,275000003,valid:lambda4:274000002:neural,initial,CW,0,0.0,0.0,0.0,0.0
innovation,275000003,valid:lambda4:274000002:neural,initial,WC,0,0.0,0.0,0.0,0.0
innovation,275000003,valid:lambda4:274000002:neural,initial,WW,1,1.0,0.059101104736328125,0.059101104736328125,0.0
innovation,275000003,valid:lambda4:274000002:neural,post,CC,0,0.0,0.0,0.0,0.0
innovation,275000003,valid:lambda4:274000002:neural,post,CW,0,0.0,0.0,0.0,0.0
innovation,275000003,valid:lambda4:274000002:neural,post,WC,0,0.0,0.0,0.0,0.0
innovation,275000003,valid:lambda4:274000002:neural,post,WW,0,0.0,0.0,0.0,0.0
innovation,275000003,valid:lambda4:274000002:period4_hold,initial,CC,2,0.001218769043266301,0.0,0.0,0.0
innovation,275000003,valid:lambda4:274000002:period4_hold,initial,CW,0,0.0,0.0,0.0,0.0
innovation,275000003,valid:lambda4:274000002:period4_hold,initial,WC,0,0.0,0.0,0.0,0.0
innovation,275000003,valid:lambda4:274000002:period4_hold,initial,WW,1,0.0006093845216331506,3.6015298437738043e-05,3.6015298437738043e-05,0.0
innovation,275000003,valid:lambda4:274000002:period4_hold,post,CC,641,0.39061547836684946,0.0,0.0,0.0
innovation,275000003,valid:lambda4:274000002:period4_hold,post,CW,9,0.005484460694698354,0.0,0.0004266812117051817,0.0004266812117051817
innovation,275000003,valid:lambda4:274000002:period4_hold,post,WC,155,0.09445460085313832,0.004584758765518775,0.0,-0.004584758765518775
innovation,275000003,valid:lambda4:274000002:period4_hold,post,WW,833,0.5076173065204144,0.01463061901652762,0.01463061901652762,0.0
innovation,275000003,valid:lambda4:274000002:analytic,initial,CC,0,0.0,0.0,0.0,0.0
innovation,275000003,valid:lambda4:274000002:analytic,initial,CW,0,0.0,0.0,0.0,0.0
innovation,275000003,valid:lambda4:274000002:analytic,initial,WC,0,0.0,0.0,0.0,0.0
innovation,275000003,valid:lambda4:274000002:analytic,initial,WW,1,1.0,0.059101104736328125,0.059101104736328125,0.0
innovation,275000003,valid:lambda4:274000002:analytic,post,CC,0,0.0,0.0,0.0,0.0
innovation,275000003,valid:lambda4:274000002:analytic,post,CW,0,0.0,0.0,0.0,0.0
innovation,275000003,valid:lambda4:274000002:analytic,post,WC,0,0.0,0.0,0.0,0.0
innovation,275000003,valid:lambda4:274000002:analytic,post,WW,0,0.0,0.0,0.0,0.0
innovation,275000003,valid:lambda4:274000003:period4_hold,initial,CC,0,0.0,0.0,0.0,0.0
innovation,275000003,valid:lambda4:274000003:period4_hold,initial,CW,1,0.0006093845216331506,0.0,5.811543670970445e-10,5.811543670970445e-10
innovation,275000003,valid:lambda4:274000003:period4_hold,initial,WC,0,0.0,0.0,0.0,0.0
innovation,275000003,valid:lambda4:274000003:period4_hold,initial,WW,2,0.001218769043266301,1.4312088598498915e-05,1.4312088598498915e-05,0.0
innovation,275000003,valid:lambda4:274000003:period4_hold,post,CC,644,0.3924436319317489,0.0,0.0,0.0
innovation,275000003,valid:lambda4:274000003:period4_hold,post,CW,599,0.36502132845825713,0.0,0.08306194615756354,0.08306194615756354
innovation,275000003,valid:lambda4:274000003:period4_hold,post,WC,65,0.039609993906154786,0.005837095575605784,0.0,-0.005837095575605784
innovation,275000003,valid:lambda4:274000003:period4_hold,post,WW,330,0.20109689213893966,0.027285132445917123,0.05352065768058819,0.026235525234671066
innovation,275000003,valid:lambda4:274000003:analytic,initial,CC,0,0.0,0.0,0.0,0.0
innovation,275000003,valid:lambda4:274000003:analytic,initial,CW,1,1.0,0.0,9.5367431640625e-07,9.5367431640625e-07
innovation,275000003,valid:lambda4:274000003:analytic,initial,WC,0,0.0,0.0,0.0,0.0
innovation,275000003,valid:lambda4:274000003:analytic,initial,WW,0,0.0,0.0,0.0,0.0
innovation,275000003,valid:lambda4:274000003:analytic,post,CC,0,0.0,0.0,0.0,0.0
innovation,275000003,valid:lambda4:274000003:analytic,post,CW,0,0.0,0.0,0.0,0.0
innovation,275000003,valid:lambda4:274000003:analytic,post,WC,0,0.0,0.0,0.0,0.0
innovation,275000003,valid:lambda4:274000003:analytic,post,WW,0,0.0,0.0,0.0,0.0
innovation,275000003,valid:lambda4:274000003:neural,initial,CC,0,0.0,0.0,0.0,0.0
innovation,275000003,valid:lambda4:274000003:neural,initial,CW,1,0.3333333333333333,0.0,0.17776171366373697,0.17776171366373697
innovation,275000003,valid:lambda4:274000003:neural,initial,WC,1,0.3333333333333333,0.13674036661783853,0.0,-0.13674036661783853
innovation,275000003,valid:lambda4:274000003:neural,initial,WW,1,0.3333333333333333,6.357828776041666e-07,6.357828776041666e-07,0.0
innovation,275000003,valid:lambda4:274000003:neural,post,CC,0,0.0,0.0,0.0,0.0
innovation,275000003,valid:lambda4:274000003:neural,post,CW,0,0.0,0.0,0.0,0.0
innovation,275000003,valid:lambda4:274000003:neural,post,WC,0,0.0,0.0,0.0,0.0
innovation,275000003,valid:lambda4:274000003:neural,post,WW,0,0.0,0.0,0.0,0.0
innovation,275000003,valid:lambda4:274000004:analytic,initial,CC,0,0.0,0.0,0.0,0.0
innovation,275000003,valid:lambda4:274000004:analytic,initial,CW,1,0.05,0.0,0.002446556091308594,0.002446556091308594
innovation,275000003,valid:lambda4:274000004:analytic,initial,WC,2,0.1,0.03351860046386719,0.0,-0.03351860046386719
innovation,275000003,valid:lambda4:274000004:analytic,initial,WW,0,0.0,0.0,0.0,0.0
innovation,275000003,valid:lambda4:274000004:analytic,post,CC,12,0.6,0.0,0.0,0.0
innovation,275000003,valid:lambda4:274000004:analytic,post,CW,2,0.1,0.0,0.04740672111511231,0.04740672111511231
innovation,275000003,valid:lambda4:274000004:analytic,post,WC,0,0.0,0.0,0.0,0.0
innovation,275000003,valid:lambda4:274000004:analytic,post,WW,3,0.15,0.07901113033294678,0.08021485805511475,0.001203727722167966
innovation,275000003,valid:lambda4:274000004:neural,initial,CC,3,0.2,0.0,0.0,0.0
innovation,275000003,valid:lambda4:274000004:neural,initial,CW,0,0.0,0.0,0.0,0.0
innovation,275000003,valid:lambda4:274000004:neural,initial,WC,0,0.0,0.0,0.0,0.0
innovation,275000003,valid:lambda4:274000004:neural,initial,WW,0,0.0,0.0,0.0,0.0
innovation,275000003,valid:lambda4:274000004:neural,post,CC,4,0.26666666666666666,0.0,0.0,0.0
innovation,275000003,valid:lambda4:274000004:neural,post,CW,0,0.0,0.0,0.0,0.0
innovation,275000003,valid:lambda4:274000004:neural,post,WC,4,0.26666666666666666,0.3234711647033691,0.0,-0.3234711647033691
innovation,275000003,valid:lambda4:274000004:neural,post,WW,4,0.26666666666666666,0.06702795028686523,0.0766596794128418,0.009631729125976568
innovation,275000003,valid:lambda4:274000004:period4_hold,initial,CC,3,0.06382978723404255,0.0,0.0,0.0
innovation,275000003,valid:lambda4:274000004:period4_hold,initial,CW,0,0.0,0.0,0.0,0.0
innovation,275000003,valid:lambda4:274000004:period4_hold,initial,WC,0,0.0,0.0,0.0,0.0
innovation,275000003,valid:lambda4:274000004:period4_hold,initial,WW,0,0.0,0.0,0.0,0.0
innovation,275000003,valid:lambda4:274000004:period4_hold,post,CC,22,0.46808510638297873,0.0,0.0,0.0
innovation,275000003,valid:lambda4:274000004:period4_hold,post,CW,2,0.0425531914893617,0.0,0.016369839932056183,0.016369839932056183
innovation,275000003,valid:lambda4:274000004:period4_hold,post,WC,6,0.1276595744680851,0.06967450202779567,0.0,-0.06967450202779567
innovation,275000003,valid:lambda4:274000004:period4_hold,post,WW,14,0.2978723404255319,0.08235337886404484,0.08235337886404484,0.0
innovation,275000003,valid:lambda4:274000005:neural,initial,CC,2,0.024390243902439025,0.0,0.0,0.0
innovation,275000003,valid:lambda4:274000005:neural,initial,CW,0,0.0,0.0,0.0,0.0
innovation,275000003,valid:lambda4:274000005:neural,initial,WC,1,0.012195121951219513,0.0018638750401938835,0.0,-0.0018638750401938835
innovation,275000003,valid:lambda4:274000005:neural,initial,WW,0,0.0,0.0,0.0,0.0
innovation,275000003,valid:lambda4:274000005:neural,post,CC,66,0.8048780487804879,0.0,0.0,0.0
innovation,275000003,valid:lambda4:274000005:neural,post,CW,3,0.036585365853658534,0.0,0.011053038806450076,0.011053038806450076
innovation,275000003,valid:lambda4:274000005:neural,post,WC,5,0.06097560975609756,0.025243433510384907,0.0,-0.025243433510384907
innovation,275000003,valid:lambda4:274000005:neural,post,WW,5,0.06097560975609756,0.00850025037439858,0.00850025037439858,0.0
innovation,275000003,valid:lambda4:274000005:period4_hold,initial,CC,3,0.0018281535648994515,0.0,0.0,0.0
innovation,275000003,valid:lambda4:274000005:period4_hold,initial,CW,0,0.0,0.0,0.0,0.0
innovation,275000003,valid:lambda4:274000005:period4_hold,initial,WC,0,0.0,0.0,0.0,0.0
innovation,275000003,valid:lambda4:274000005:period4_hold,initial,WW,0,0.0,0.0,0.0,0.0
innovation,275000003,valid:lambda4:274000005:period4_hold,post,CC,84,0.051188299817184646,0.0,0.0,0.0
innovation,275000003,valid:lambda4:274000005:period4_hold,post,CW,24,0.014625228519195612,0.0,0.0030613461331141425,0.0030613461331141425
innovation,275000003,valid:lambda4:274000005:period4_hold,post,WC,281,0.1712370505789153,0.01902312087547772,0.0,-0.01902312087547772
innovation,275000003,valid:lambda4:274000005:period4_hold,post,WW,1249,0.761121267519805,0.1342870669710716,0.13364076025961086,-0.0006463067114607368
innovation,275000003,valid:lambda4:274000005:analytic,initial,CC,2,0.02127659574468085,0.0,0.0,0.0
innovation,275000003,valid:lambda4:274000005:analytic,initial,CW,0,0.0,0.0,0.0,0.0
innovation,275000003,valid:lambda4:274000005:analytic,initial,WC,1,0.010638297872340425,0.0016259335457010473,0.0,-0.0016259335457010473
innovation,275000003,valid:lambda4:274000005:analytic,initial,WW,0,0.0,0.0,0.0,0.0
innovation,275000003,valid:lambda4:274000005:analytic,post,CC,63,0.6702127659574468,0.0,0.0,0.0
innovation,275000003,valid:lambda4:274000005:analytic,post,CW,1,0.010638297872340425,0.0,0.0013690704995013298,0.0013690704995013298
innovation,275000003,valid:lambda4:274000005:analytic,post,WC,8,0.0851063829787234,0.03525254066954268,0.0,-0.03525254066954268
innovation,275000003,valid:lambda4:274000005:analytic,post,WW,19,0.20212765957446807,0.09656530238212423,0.09656530238212423,0.0
innovation,275000003,valid:lambda4:274000006:period4_hold,initial,CC,0,0.0,0.0,0.0,0.0
innovation,275000003,valid:lambda4:274000006:period4_hold,initial,CW,0,0.0,0.0,0.0,0.0
innovation,275000003,valid:lambda4:274000006:period4_hold,initial,WC,0,0.0,0.0,0.0,0.0
innovation,275000003,valid:lambda4:274000006:period4_hold,initial,WW,0,0.0,0.0,0.0,0.0
innovation,275000003,valid:lambda4:274000006:period4_hold,post,CC,0,0.0,0.0,0.0,0.0
innovation,275000003,valid:lambda4:274000006:period4_hold,post,CW,0,0.0,0.0,0.0,0.0
innovation,275000003,valid:lambda4:274000006:period4_hold,post,WC,0,0.0,0.0,0.0,0.0
innovation,275000003,valid:lambda4:274000006:period4_hold,post,WW,0,0.0,0.0,0.0,0.0
innovation,275000003,valid:lambda4:274000006:analytic,initial,CC,1,0.2,0.0,0.0,0.0
innovation,275000003,valid:lambda4:274000006:analytic,initial,CW,2,0.4,0.0,0.14963436126708984,0.14963436126708984
innovation,275000003,valid:lambda4:274000006:analytic,initial,WC,0,0.0,0.0,0.0,0.0
innovation,275000003,valid:lambda4:274000006:analytic,initial,WW,0,0.0,0.0,0.0,0.0
innovation,275000003,valid:lambda4:274000006:analytic,post,CC,2,0.4,0.0,0.0,0.0
innovation,275000003,valid:lambda4:274000006:analytic,post,CW,0,0.0,0.0,0.0,0.0
innovation,275000003,valid:lambda4:274000006:analytic,post,WC,0,0.0,0.0,0.0,0.0
innovation,275000003,valid:lambda4:274000006:analytic,post,WW,0,0.0,0.0,0.0,0.0
innovation,275000003,valid:lambda4:274000006:neural,initial,CC,0,0.0,0.0,0.0,0.0
innovation,275000003,valid:lambda4:274000006:neural,initial,CW,0,0.0,0.0,0.0,0.0
innovation,275000003,valid:lambda4:274000006:neural,initial,WC,0,0.0,0.0,0.0,0.0
innovation,275000003,valid:lambda4:274000006:neural,initial,WW,0,0.0,0.0,0.0,0.0
innovation,275000003,valid:lambda4:274000006:neural,post,CC,0,0.0,0.0,0.0,0.0
innovation,275000003,valid:lambda4:274000006:neural,post,CW,0,0.0,0.0,0.0,0.0
innovation,275000003,valid:lambda4:274000006:neural,post,WC,0,0.0,0.0,0.0,0.0
innovation,275000003,valid:lambda4:274000006:neural,post,WW,0,0.0,0.0,0.0,0.0
innovation_gru,275000001,valid:lambda3:273000001:analytic,initial,CC,1,0.1111111111111111,0.0,0.0,0.0
innovation_gru,275000001,valid:lambda3:273000001:analytic,initial,CW,1,0.1111111111111111,0.0,0.08384037017822266,0.08384037017822266
innovation_gru,275000001,valid:lambda3:273000001:analytic,initial,WC,0,0.0,0.0,0.0,0.0
innovation_gru,275000001,valid:lambda3:273000001:analytic,initial,WW,1,0.1111111111111111,0.10039763980441624,0.10039763980441624,0.0
innovation_gru,275000001,valid:lambda3:273000001:analytic,post,CC,4,0.4444444444444444,0.0,0.0,0.0
innovation_gru,275000001,valid:lambda3:273000001:analytic,post,CW,0,0.0,0.0,0.0,0.0
innovation_gru,275000001,valid:lambda3:273000001:analytic,post,WC,0,0.0,0.0,0.0,0.0
innovation_gru,275000001,valid:lambda3:273000001:analytic,post,WW,2,0.2222222222222222,0.11738501654730903,0.11738501654730903,0.0
innovation_gru,275000001,valid:lambda3:273000001:neural,initial,CC,1,0.1111111111111111,0.0,0.0,0.0
innovation_gru,275000001,valid:lambda3:273000001:neural,initial,CW,1,0.1111111111111111,0.0,0.08384037017822266,0.08384037017822266
innovation_gru,275000001,valid:lambda3:273000001:neural,initial,WC,0,0.0,0.0,0.0,0.0
innovation_gru,275000001,valid:lambda3:273000001:neural,initial,WW,1,0.1111111111111111,0.10039763980441624,0.10039763980441624,0.0
innovation_gru,275000001,valid:lambda3:273000001:neural,post,CC,4,0.4444444444444444,0.0,0.0,0.0
innovation_gru,275000001,valid:lambda3:273000001:neural,post,CW,0,0.0,0.0,0.0,0.0
innovation_gru,275000001,valid:lambda3:273000001:neural,post,WC,0,0.0,0.0,0.0,0.0
innovation_gru,275000001,valid:lambda3:273000001:neural,post,WW,2,0.2222222222222222,0.11738501654730903,0.11738501654730903,0.0
innovation_gru,275000001,valid:lambda3:273000001:period4_hold,initial,CC,3,0.0018281535648994515,0.0,0.0,0.0
innovation_gru,275000001,valid:lambda3:273000001:period4_hold,initial,CW,0,0.0,0.0,0.0,0.0
innovation_gru,275000001,valid:lambda3:273000001:period4_hold,initial,WC,0,0.0,0.0,0.0,0.0
innovation_gru,275000001,valid:lambda3:273000001:period4_hold,initial,WW,0,0.0,0.0,0.0,0.0
innovation_gru,275000001,valid:lambda3:273000001:period4_hold,post,CC,635,0.3869591712370506,0.0,0.0,0.0
innovation_gru,275000001,valid:lambda3:273000001:period4_hold,post,CW,209,0.12736136502132847,0.0,0.006620676469541337,0.006620676469541337
innovation_gru,275000001,valid:lambda3:273000001:period4_hold,post,WC,19,0.01157830591102986,0.0016567728855056345,0.0,-0.0016567728855056345
innovation_gru,275000001,valid:lambda3:273000001:period4_hold,post,WW,775,0.47227300426569163,0.015457310667857391,0.015457310667857391,0.0
innovation_gru,275000001,valid:lambda3:273000002:neural,initial,CC,1,0.2,0.0,0.0,0.0
innovation_gru,275000001,valid:lambda3:273000002:neural,initial,CW,2,0.4,0.0,0.038322830200195314,0.038322830200195314
innovation_gru,275000001,valid:lambda3:273000002:neural,initial,WC,0,0.0,0.0,0.0,0.0
innovation_gru,275000001,valid:lambda3:273000002:neural,initial,WW,0,0.0,0.0,0.0,0.0
innovation_gru,275000001,valid:lambda3:273000002:neural,post,CC,2,0.4,0.0,0.0,0.0
innovation_gru,275000001,valid:lambda3:273000002:neural,post,CW,0,0.0,0.0,0.0,0.0
innovation_gru,275000001,valid:lambda3:273000002:neural,post,WC,0,0.0,0.0,0.0,0.0
innovation_gru,275000001,valid:lambda3:273000002:neural,post,WW,0,0.0,0.0,0.0,0.0
innovation_gru,275000001,valid:lambda3:273000002:period4_hold,initial,CC,3,0.25,0.0,0.0,0.0
innovation_gru,275000001,valid:lambda3:273000002:period4_hold,initial,CW,0,0.0,0.0,0.0,0.0
innovation_gru,275000001,valid:lambda3:273000002:period4_hold,initial,WC,0,0.0,0.0,0.0,0.0
innovation_gru,275000001,valid:lambda3:273000002:period4_hold,initial,WW,0,0.0,0.0,0.0,0.0
innovation_gru,275000001,valid:lambda3:273000002:period4_hold,post,CC,4,0.3333333333333333,0.0,0.0,0.0
innovation_gru,275000001,valid:lambda3:273000002:period4_hold,post,CW,1,0.08333333333333333,0.0,0.003246466318766276,0.003246466318766276
innovation_gru,275000001,valid:lambda3:273000002:period4_hold,post,WC,2,0.16666666666666666,0.08044942220052083,0.0,-0.08044942220052083
innovation_gru,275000001,valid:lambda3:273000002:period4_hold,post,WW,2,0.16666666666666666,0.03688577810923258,0.03688577810923258,0.0
innovation_gru,275000001,valid:lambda3:273000002:analytic,initial,CC,1,0.2,0.0,0.0,0.0
innovation_gru,275000001,valid:lambda3:273000002:analytic,initial,CW,2,0.4,0.0,0.038322830200195314,0.038322830200195314
innovation_gru,275000001,valid:lambda3:273000002:analytic,initial,WC,0,0.0,0.0,0.0,0.0
innovation_gru,275000001,valid:lambda3:273000002:analytic,initial,WW,0,0.0,0.0,0.0,0.0
innovation_gru,275000001,valid:lambda3:273000002:analytic,post,CC,2,0.4,0.0,0.0,0.0
innovation_gru,275000001,valid:lambda3:273000002:analytic,post,CW,0,0.0,0.0,0.0,0.0
innovation_gru,275000001,valid:lambda3:273000002:analytic,post,WC,0,0.0,0.0,0.0,0.0
innovation_gru,275000001,valid:lambda3:273000002:analytic,post,WW,0,0.0,0.0,0.0,0.0
innovation_gru,275000001,valid:lambda3:273000003:period4_hold,initial,CC,2,0.001218769043266301,0.0,0.0,0.0
innovation_gru,275000001,valid:lambda3:273000003:period4_hold,initial,CW,1,0.0006093845216331506,0.0,0.00024753107957764417,0.00024753107957764417
innovation_gru,275000001,valid:lambda3:273000003:period4_hold,initial,WC,0,0.0,0.0,0.0,0.0
innovation_gru,275000001,valid:lambda3:273000003:period4_hold,initial,WW,0,0.0,0.0,0.0,0.0
innovation_gru,275000001,valid:lambda3:273000003:period4_hold,post,CC,715,0.4357099329677026,0.0,0.0,0.0
innovation_gru,275000001,valid:lambda3:273000003:period4_hold,post,CW,27,0.016453382084095063,0.0,0.0027787990500329836,0.0027787990500329836
innovation_gru,275000001,valid:lambda3:273000003:period4_hold,post,WC,489,0.2979890310786106,0.011011500535833624,0.0,-0.011011500535833624
innovation_gru,275000001,valid:lambda3:273000003:period4_hold,post,WW,407,0.24801950030469225,0.005804440802295785,0.005804440802295785,0.0
innovation_gru,275000001,valid:lambda3:273000003:analytic,initial,CC,2,0.6666666666666666,0.0,0.0,0.0
innovation_gru,275000001,valid:lambda3:273000003:analytic,initial,CW,1,0.3333333333333333,0.0,0.19847329457600912,0.19847329457600912
innovation_gru,275000001,valid:lambda3:273000003:analytic,initial,WC,0,0.0,0.0,0.0,0.0
innovation_gru,275000001,valid:lambda3:273000003:analytic,initial,WW,0,0.0,0.0,0.0,0.0
innovation_gru,275000001,valid:lambda3:273000003:analytic,post,CC,0,0.0,0.0,0.0,0.0
innovation_gru,275000001,valid:lambda3:273000003:analytic,post,CW,0,0.0,0.0,0.0,0.0
innovation_gru,275000001,valid:lambda3:273000003:analytic,post,WC,0,0.0,0.0,0.0,0.0
innovation_gru,275000001,valid:lambda3:273000003:analytic,post,WW,0,0.0,0.0,0.0,0.0
innovation_gru,275000001,valid:lambda3:273000003:neural,initial,CC,2,0.6666666666666666,0.0,0.0,0.0
innovation_gru,275000001,valid:lambda3:273000003:neural,initial,CW,1,0.3333333333333333,0.0,0.19847329457600912,0.19847329457600912
innovation_gru,275000001,valid:lambda3:273000003:neural,initial,WC,0,0.0,0.0,0.0,0.0
innovation_gru,275000001,valid:lambda3:273000003:neural,initial,WW,0,0.0,0.0,0.0,0.0
innovation_gru,275000001,valid:lambda3:273000003:neural,post,CC,0,0.0,0.0,0.0,0.0
innovation_gru,275000001,valid:lambda3:273000003:neural,post,CW,0,0.0,0.0,0.0,0.0
innovation_gru,275000001,valid:lambda3:273000003:neural,post,WC,0,0.0,0.0,0.0,0.0
innovation_gru,275000001,valid:lambda3:273000003:neural,post,WW,0,0.0,0.0,0.0,0.0
innovation_gru,275000001,valid:lambda3:273000004:analytic,initial,CC,3,0.029411764705882353,0.0,0.0,0.0
innovation_gru,275000001,valid:lambda3:273000004:analytic,initial,CW,0,0.0,0.0,0.0,0.0
innovation_gru,275000001,valid:lambda3:273000004:analytic,initial,WC,0,0.0,0.0,0.0,0.0
innovation_gru,275000001,valid:lambda3:273000004:analytic,initial,WW,0,0.0,0.0,0.0,0.0
innovation_gru,275000001,valid:lambda3:273000004:analytic,post,CC,79,0.7745098039215687,0.0,0.0,0.0
innovation_gru,275000001,valid:lambda3:273000004:analytic,post,CW,5,0.049019607843137254,0.0,0.006188635732613358,0.006188635732613358
innovation_gru,275000001,valid:lambda3:273000004:analytic,post,WC,3,0.029411764705882353,0.0017058428596047795,0.0,-0.0017058428596047795
innovation_gru,275000001,valid:lambda3:273000004:analytic,post,WW,12,0.11764705882352941,0.031130089479334214,0.031130089479334214,0.0
innovation_gru,275000001,valid:lambda3:273000004:neural,initial,CC,3,0.02857142857142857,0.0,0.0,0.0
innovation_gru,275000001,valid:lambda3:273000004:neural,initial,CW,0,0.0,0.0,0.0,0.0
innovation_gru,275000001,valid:lambda3:273000004:neural,initial,WC,0,0.0,0.0,0.0,0.0
innovation_gru,275000001,valid:lambda3:273000004:neural,initial,WW,0,0.0,0.0,0.0,0.0
innovation_gru,275000001,valid:lambda3:273000004:neural,post,CC,78,0.7428571428571429,0.0,0.0,0.0
innovation_gru,275000001,valid:lambda3:273000004:neural,post,CW,8,0.0761904761904762,0.0,0.027701355162121,0.027701355162121
innovation_gru,275000001,valid:lambda3:273000004:neural,post,WC,1,0.009523809523809525,0.006390126546223959,0.0,-0.006390126546223959
innovation_gru,275000001,valid:lambda3:273000004:neural,post,WW,15,0.14285714285714285,0.02207693372453962,0.02207693372453962,0.0
innovation_gru,275000001,valid:lambda3:273000004:period4_hold,initial,CC,1,0.01639344262295082,0.0,0.0,0.0
innovation_gru,275000001,valid:lambda3:273000004:period4_hold,initial,CW,0,0.0,0.0,0.0,0.0
innovation_gru,275000001,valid:lambda3:273000004:period4_hold,initial,WC,0,0.0,0.0,0.0,0.0
innovation_gru,275000001,valid:lambda3:273000004:period4_hold,initial,WW,2,0.03278688524590164,0.004697049250368212,0.004697049250368212,0.0
innovation_gru,275000001,valid:lambda3:273000004:period4_hold,post,CC,27,0.4426229508196721,0.0,0.0,0.0
innovation_gru,275000001,valid:lambda3:273000004:period4_hold,post,CW,7,0.11475409836065574,0.0,0.0644760757196145,0.0644760757196145
innovation_gru,275000001,valid:lambda3:273000004:period4_hold,post,WC,8,0.13114754098360656,0.047562677352154845,0.0,-0.047562677352154845
innovation_gru,275000001,valid:lambda3:273000004:period4_hold,post,WW,16,0.26229508196721313,0.0605877266555536,0.07947115038262038,0.018883423727066785
innovation_gru,275000001,valid:lambda3:273000005:neural,initial,CC,1,1.0,0.0,0.0,0.0
innovation_gru,275000001,valid:lambda3:273000005:neural,initial,CW,0,0.0,0.0,0.0,0.0
innovation_gru,275000001,valid:lambda3:273000005:neural,initial,WC,0,0.0,0.0,0.0,0.0
innovation_gru,275000001,valid:lambda3:273000005:neural,initial,WW,0,0.0,0.0,0.0,0.0
innovation_gru,275000001,valid:lambda3:273000005:neural,post,CC,0,0.0,0.0,0.0,0.0
innovation_gru,275000001,valid:lambda3:273000005:neural,post,CW,0,0.0,0.0,0.0,0.0
innovation_gru,275000001,valid:lambda3:273000005:neural,post,WC,0,0.0,0.0,0.0,0.0
innovation_gru,275000001,valid:lambda3:273000005:neural,post,WW,0,0.0,0.0,0.0,0.0
innovation_gru,275000001,valid:lambda3:273000005:period4_hold,initial,CC,2,0.001218769043266301,0.0,0.0,0.0
innovation_gru,275000001,valid:lambda3:273000005:period4_hold,initial,CW,1,0.0006093845216331506,0.0,5.485690417339132e-05,5.485690417339132e-05
innovation_gru,275000001,valid:lambda3:273000005:period4_hold,initial,WC,0,0.0,0.0,0.0,0.0
innovation_gru,275000001,valid:lambda3:273000005:period4_hold,initial,WW,0,0.0,0.0,0.0,0.0
innovation_gru,275000001,valid:lambda3:273000005:period4_hold,post,CC,936,0.5703839122486288,0.0,0.0,0.0
innovation_gru,275000001,valid:lambda3:273000005:period4_hold,post,CW,13,0.007921998781230956,0.0,0.00023909126528147732,0.00023909126528147732
innovation_gru,275000001,valid:lambda3:273000005:period4_hold,post,WC,144,0.08775137111517367,0.0020756666286917158,0.0,-0.0020756666286917158
innovation_gru,275000001,valid:lambda3:273000005:period4_hold,post,WW,545,0.332114564290067,0.016365249007304655,0.016365249007304655,0.0
innovation_gru,275000001,valid:lambda3:273000005:analytic,initial,CC,1,1.0,0.0,0.0,0.0
innovation_gru,275000001,valid:lambda3:273000005:analytic,initial,CW,0,0.0,0.0,0.0,0.0
innovation_gru,275000001,valid:lambda3:273000005:analytic,initial,WC,0,0.0,0.0,0.0,0.0
innovation_gru,275000001,valid:lambda3:273000005:analytic,initial,WW,0,0.0,0.0,0.0,0.0
innovation_gru,275000001,valid:lambda3:273000005:analytic,post,CC,0,0.0,0.0,0.0,0.0
innovation_gru,275000001,valid:lambda3:273000005:analytic,post,CW,0,0.0,0.0,0.0,0.0
innovation_gru,275000001,valid:lambda3:273000005:analytic,post,WC,0,0.0,0.0,0.0,0.0
innovation_gru,275000001,valid:lambda3:273000005:analytic,post,WW,0,0.0,0.0,0.0,0.0
innovation_gru,275000001,valid:lambda3:273000006:period4_hold,initial,CC,2,0.001218769043266301,0.0,0.0,0.0
innovation_gru,275000001,valid:lambda3:273000006:period4_hold,initial,CW,1,0.0006093845216331506,0.0,9.927162667878294e-05,9.927162667878294e-05
innovation_gru,275000001,valid:lambda3:273000006:period4_hold,initial,WC,0,0.0,0.0,0.0,0.0
innovation_gru,275000001,valid:lambda3:273000006:period4_hold,initial,WW,0,0.0,0.0,0.0,0.0
innovation_gru,275000001,valid:lambda3:273000006:period4_hold,post,CC,1300,0.7921998781230957,0.0,0.0,0.0
innovation_gru,275000001,valid:lambda3:273000006:period4_hold,post,CW,20,0.01218769043266301,0.0,0.002094524942615423,0.002094524942615423
innovation_gru,275000001,valid:lambda3:273000006:period4_hold,post,WC,272,0.16575258988421693,0.035372768575864764,0.0,-0.035372768575864764
innovation_gru,275000001,valid:lambda3:273000006:period4_hold,post,WW,46,0.028031687995124923,0.004558754650141538,0.0043845405526309385,-0.00017421409751059921
innovation_gru,275000001,valid:lambda3:273000006:analytic,initial,CC,1,0.07142857142857142,0.0,0.0,0.0
innovation_gru,275000001,valid:lambda3:273000006:analytic,initial,CW,2,0.14285714285714285,0.0,0.12702008656093053,0.12702008656093053
innovation_gru,275000001,valid:lambda3:273000006:analytic,initial,WC,0,0.0,0.0,0.0,0.0
innovation_gru,275000001,valid:lambda3:273000006:analytic,initial,WW,0,0.0,0.0,0.0,0.0
innovation_gru,275000001,valid:lambda3:273000006:analytic,post,CC,4,0.2857142857142857,0.0,0.0,0.0
innovation_gru,275000001,valid:lambda3:273000006:analytic,post,CW,1,0.07142857142857142,0.0,0.10135303224836077,0.10135303224836077
innovation_gru,275000001,valid:lambda3:273000006:analytic,post,WC,2,0.14285714285714285,0.07846406527927943,0.0,-0.07846406527927943
innovation_gru,275000001,valid:lambda3:273000006:analytic,post,WW,4,0.2857142857142857,0.17182867867606028,0.17182867867606028,0.0
innovation_gru,275000001,valid:lambda3:273000006:neural,initial,CC,1,0.05555555555555555,0.0,0.0,0.0
innovation_gru,275000001,valid:lambda3:273000006:neural,initial,CW,2,0.1111111111111111,0.0,0.09879340065850152,0.09879340065850152
innovation_gru,275000001,valid:lambda3:273000006:neural,initial,WC,0,0.0,0.0,0.0,0.0
innovation_gru,275000001,valid:lambda3:273000006:neural,initial,WW,0,0.0,0.0,0.0,0.0
innovation_gru,275000001,valid:lambda3:273000006:neural,post,CC,8,0.4444444444444444,0.0,0.0,0.0
innovation_gru,275000001,valid:lambda3:273000006:neural,post,CW,0,0.0,0.0,0.0,0.0
innovation_gru,275000001,valid:lambda3:273000006:neural,post,WC,3,0.16666666666666666,0.11565748850504558,0.0,-0.11565748850504558
innovation_gru,275000001,valid:lambda3:273000006:neural,post,WW,4,0.2222222222222222,0.12786727481418186,0.12786727481418186,0.0
innovation_gru,275000001,valid:lambda4:274000001:analytic,initial,CC,2,0.08,0.0,0.0,0.0
innovation_gru,275000001,valid:lambda4:274000001:analytic,initial,CW,0,0.0,0.0,0.0,0.0
innovation_gru,275000001,valid:lambda4:274000001:analytic,initial,WC,0,0.0,0.0,0.0,0.0
innovation_gru,275000001,valid:lambda4:274000001:analytic,initial,WW,1,0.04,0.001957244873046875,0.001957244873046875,0.0
innovation_gru,275000001,valid:lambda4:274000001:analytic,post,CC,11,0.44,0.0,0.0,0.0
innovation_gru,275000001,valid:lambda4:274000001:analytic,post,CW,3,0.12,0.0,0.016464958190917967,0.016464958190917967
innovation_gru,275000001,valid:lambda4:274000001:analytic,post,WC,3,0.12,0.02176788330078125,0.0,-0.02176788330078125
innovation_gru,275000001,valid:lambda4:274000001:analytic,post,WW,5,0.2,0.09045412063598633,0.09045412063598633,0.0
innovation_gru,275000001,valid:lambda4:274000001:neural,initial,CC,0,0.0,0.0,0.0,0.0
innovation_gru,275000001,valid:lambda4:274000001:neural,initial,CW,0,0.0,0.0,0.0,0.0
innovation_gru,275000001,valid:lambda4:274000001:neural,initial,WC,1,0.05555555555555555,0.0027181837293836805,0.0,-0.0027181837293836805
innovation_gru,275000001,valid:lambda4:274000001:neural,initial,WW,2,0.1111111111111111,0.006122165256076389,0.006122165256076389,0.0
innovation_gru,275000001,valid:lambda4:274000001:neural,post,CC,4,0.2222222222222222,0.0,0.0,0.0
innovation_gru,275000001,valid:lambda4:274000001:neural,post,CW,0,0.0,0.0,0.0,0.0
innovation_gru,275000001,valid:lambda4:274000001:neural,post,WC,1,0.05555555555555555,0.003757264879014757,0.0,-0.003757264879014757
innovation_gru,275000001,valid:lambda4:274000001:neural,post,WW,10,0.5555555555555556,0.1484930780198839,0.10014931360880534,-0.04834376441107856
innovation_gru,275000001,valid:lambda4:274000001:period4_hold,initial,CC,0,0.0,0.0,0.0,0.0
innovation_gru,275000001,valid:lambda4:274000001:period4_hold,initial,CW,0,0.0,0.0,0.0,0.0
innovation_gru,275000001,valid:lambda4:274000001:period4_hold,initial,WC,1,0.0006093845216331506,2.981554364954677e-05,0.0,-2.981554364954677e-05
innovation_gru,275000001,valid:lambda4:274000001:period4_hold,initial,WW,2,0.001218769043266301,6.715354942679769e-05,6.715354942679769e-05,0.0
innovation_gru,275000001,valid:lambda4:274000001:period4_hold,post,CC,780,0.4753199268738574,0.0,0.0,0.0
innovation_gru,275000001,valid:lambda4:274000001:period4_hold,post,CW,298,0.18159658744667886,0.0,0.007266558211871141,0.007266558211871141
innovation_gru,275000001,valid:lambda4:274000001:period4_hold,post,WC,122,0.07434491163924437,0.004578759073121456,0.0,-0.004578759073121456
innovation_gru,275000001,valid:lambda4:274000001:period4_hold,post,WW,438,0.26691042047531993,0.006653128129400036,0.006618140311883325,-3.498781751671079e-05
innovation_gru,275000001,valid:lambda4:274000002:neural,initial,CC,1,1.0,0.0,0.0,0.0
innovation_gru,275000001,valid:lambda4:274000002:neural,initial,CW,0,0.0,0.0,0.0,0.0
innovation_gru,275000001,valid:lambda4:274000002:neural,initial,WC,0,0.0,0.0,0.0,0.0
innovation_gru,275000001,valid:lambda4:274000002:neural,initial,WW,0,0.0,0.0,0.0,0.0
innovation_gru,275000001,valid:lambda4:274000002:neural,post,CC,0,0.0,0.0,0.0,0.0
innovation_gru,275000001,valid:lambda4:274000002:neural,post,CW,0,0.0,0.0,0.0,0.0
innovation_gru,275000001,valid:lambda4:274000002:neural,post,WC,0,0.0,0.0,0.0,0.0
innovation_gru,275000001,valid:lambda4:274000002:neural,post,WW,0,0.0,0.0,0.0,0.0
innovation_gru,275000001,valid:lambda4:274000002:period4_hold,initial,CC,3,0.0018281535648994515,0.0,0.0,0.0
innovation_gru,275000001,valid:lambda4:274000002:period4_hold,initial,CW,0,0.0,0.0,0.0,0.0
innovation_gru,275000001,valid:lambda4:274000002:period4_hold,initial,WC,0,0.0,0.0,0.0,0.0
innovation_gru,275000001,valid:lambda4:274000002:period4_hold,initial,WW,0,0.0,0.0,0.0,0.0
innovation_gru,275000001,valid:lambda4:274000002:period4_hold,post,CC,744,0.453382084095064,0.0,0.0,0.0
innovation_gru,275000001,valid:lambda4:274000002:period4_hold,post,CW,91,0.055453991468616695,0.0,0.00324800201918133,0.00324800201918133
innovation_gru,275000001,valid:lambda4:274000002:period4_hold,post,WC,192,0.1170018281535649,0.009445514495891453,0.0,-0.009445514495891453
innovation_gru,275000001,valid:lambda4:274000002:period4_hold,post,WW,611,0.37233394271785497,0.009529652209052365,0.009529652209052365,0.0
innovation_gru,275000001,valid:lambda4:274000002:analytic,initial,CC,1,1.0,0.0,0.0,0.0
innovation_gru,275000001,valid:lambda4:274000002:analytic,initial,CW,0,0.0,0.0,0.0,0.0
innovation_gru,275000001,valid:lambda4:274000002:analytic,initial,WC,0,0.0,0.0,0.0,0.0
innovation_gru,275000001,valid:lambda4:274000002:analytic,initial,WW,0,0.0,0.0,0.0,0.0
innovation_gru,275000001,valid:lambda4:274000002:analytic,post,CC,0,0.0,0.0,0.0,0.0
innovation_gru,275000001,valid:lambda4:274000002:analytic,post,CW,0,0.0,0.0,0.0,0.0
innovation_gru,275000001,valid:lambda4:274000002:analytic,post,WC,0,0.0,0.0,0.0,0.0
innovation_gru,275000001,valid:lambda4:274000002:analytic,post,WW,0,0.0,0.0,0.0,0.0
innovation_gru,275000001,valid:lambda4:274000003:period4_hold,initial,CC,1,0.0006093845216331506,0.0,0.0,0.0
innovation_gru,275000001,valid:lambda4:274000003:period4_hold,initial,CW,0,0.0,0.0,0.0,0.0
innovation_gru,275000001,valid:lambda4:274000003:period4_hold,initial,WC,0,0.0,0.0,0.0,0.0
innovation_gru,275000001,valid:lambda4:274000003:period4_hold,initial,WW,2,0.001218769043266301,0.00014954496635887987,0.00014954496635887987,0.0
innovation_gru,275000001,valid:lambda4:274000003:period4_hold,post,CC,772,0.4704448507007922,0.0,0.0,0.0
innovation_gru,275000001,valid:lambda4:274000003:period4_hold,post,CW,253,0.15417428397318708,0.0,0.02314234760605221,0.02314234760605221
innovation_gru,275000001,valid:lambda4:274000003:period4_hold,post,WC,46,0.028031687995124923,0.003263622068327277,0.0,-0.003263622068327277
innovation_gru,275000001,valid:lambda4:274000003:period4_hold,post,WW,567,0.34552102376599636,0.05116981758278075,0.05472227097429349,0.003552453391512743
innovation_gru,275000001,valid:lambda4:274000003:analytic,initial,CC,1,1.0,0.0,0.0,0.0
innovation_gru,275000001,valid:lambda4:274000003:analytic,initial,CW,0,0.0,0.0,0.0,0.0
innovation_gru,275000001,valid:lambda4:274000003:analytic,initial,WC,0,0.0,0.0,0.0,0.0
innovation_gru,275000001,valid:lambda4:274000003:analytic,initial,WW,0,0.0,0.0,0.0,0.0
innovation_gru,275000001,valid:lambda4:274000003:analytic,post,CC,0,0.0,0.0,0.0,0.0
innovation_gru,275000001,valid:lambda4:274000003:analytic,post,CW,0,0.0,0.0,0.0,0.0
innovation_gru,275000001,valid:lambda4:274000003:analytic,post,WC,0,0.0,0.0,0.0,0.0
innovation_gru,275000001,valid:lambda4:274000003:analytic,post,WW,0,0.0,0.0,0.0,0.0
innovation_gru,275000001,valid:lambda4:274000003:neural,initial,CC,2,0.6666666666666666,0.0,0.0,0.0
innovation_gru,275000001,valid:lambda4:274000003:neural,initial,CW,0,0.0,0.0,0.0,0.0
innovation_gru,275000001,valid:lambda4:274000003:neural,initial,WC,0,0.0,0.0,0.0,0.0
innovation_gru,275000001,valid:lambda4:274000003:neural,initial,WW,1,0.3333333333333333,6.357828776041666e-07,6.357828776041666e-07,0.0
innovation_gru,275000001,valid:lambda4:274000003:neural,post,CC,0,0.0,0.0,0.0,0.0
innovation_gru,275000001,valid:lambda4:274000003:neural,post,CW,0,0.0,0.0,0.0,0.0
innovation_gru,275000001,valid:lambda4:274000003:neural,post,WC,0,0.0,0.0,0.0,0.0
innovation_gru,275000001,valid:lambda4:274000003:neural,post,WW,0,0.0,0.0,0.0,0.0
innovation_gru,275000001,valid:lambda4:274000004:analytic,initial,CC,2,0.1,0.0,0.0,0.0
innovation_gru,275000001,valid:lambda4:274000004:analytic,initial,CW,0,0.0,0.0,0.0,0.0
innovation_gru,275000001,valid:lambda4:274000004:analytic,initial,WC,0,0.0,0.0,0.0,0.0
innovation_gru,275000001,valid:lambda4:274000004:analytic,initial,WW,1,0.05,0.002446556091308594,0.002446556091308594,0.0
innovation_gru,275000001,valid:lambda4:274000004:analytic,post,CC,7,0.35,0.0,0.0,0.0
innovation_gru,275000001,valid:lambda4:274000004:analytic,post,CW,3,0.15,0.0,0.12345452308654785,0.12345452308654785
innovation_gru,275000001,valid:lambda4:274000004:analytic,post,WC,0,0.0,0.0,0.0,0.0
innovation_gru,275000001,valid:lambda4:274000004:analytic,post,WW,7,0.35,0.12551960945129395,0.12551960945129395,0.0
innovation_gru,275000001,valid:lambda4:274000004:neural,initial,CC,0,0.0,0.0,0.0,0.0
innovation_gru,275000001,valid:lambda4:274000004:neural,initial,CW,1,0.06666666666666667,0.0,0.017250442504882814,0.017250442504882814
innovation_gru,275000001,valid:lambda4:274000004:neural,initial,WC,1,0.06666666666666667,0.003261820475260417,0.0,-0.003261820475260417
innovation_gru,275000001,valid:lambda4:274000004:neural,initial,WW,1,0.06666666666666667,0.011863454182942709,0.011863454182942709,0.0
innovation_gru,275000001,valid:lambda4:274000004:neural,post,CC,4,0.26666666666666666,0.0,0.0,0.0
innovation_gru,275000001,valid:lambda4:274000004:neural,post,CW,1,0.06666666666666667,0.0,0.00986328125,0.00986328125
innovation_gru,275000001,valid:lambda4:274000004:neural,post,WC,2,0.13333333333333333,0.011952972412109375,0.0,-0.011952972412109375
innovation_gru,275000001,valid:lambda4:274000004:neural,post,WW,5,0.3333333333333333,0.12732515335083008,0.12732515335083008,0.0
innovation_gru,275000001,valid:lambda4:274000004:period4_hold,initial,CC,0,0.0,0.0,0.0,0.0
innovation_gru,275000001,valid:lambda4:274000004:period4_hold,initial,CW,1,0.02127659574468085,0.0,0.00550546037389877,0.00550546037389877
innovation_gru,275000001,valid:lambda4:274000004:period4_hold,initial,WC,1,0.02127659574468085,0.0010410065346575798,0.0,-0.0010410065346575798
innovation_gru,275000001,valid:lambda4:274000004:period4_hold,initial,WW,1,0.02127659574468085,0.003786208781790226,0.003786208781790226,0.0
innovation_gru,275000001,valid:lambda4:274000004:period4_hold,post,CC,25,0.5319148936170213,0.0,0.0,0.0
innovation_gru,275000001,valid:lambda4:274000004:period4_hold,post,CW,5,0.10638297872340426,0.0,0.02496798495028881,0.02496798495028881
innovation_gru,275000001,valid:lambda4:274000004:period4_hold,post,WC,4,0.0851063829787234,0.03641860028530689,0.0,-0.03641860028530689
innovation_gru,275000001,valid:lambda4:274000004:period4_hold,post,WW,10,0.2127659574468085,0.08026699309653425,0.09090865926539644,0.010641666168862196
innovation_gru,275000001,valid:lambda4:274000005:neural,initial,CC,2,0.024390243902439025,0.0,0.0,0.0
innovation_gru,275000001,valid:lambda4:274000005:neural,initial,CW,0,0.0,0.0,0.0,0.0
innovation_gru,275000001,valid:lambda4:274000005:neural,initial,WC,0,0.0,0.0,0.0,0.0
innovation_gru,275000001,valid:lambda4:274000005:neural,initial,WW,1,0.012195121951219513,0.0001774299435499238,0.0001774299435499238,0.0
innovation_gru,275000001,valid:lambda4:274000005:neural,post,CC,69,0.8414634146341463,0.0,0.0,0.0
innovation_gru,275000001,valid:lambda4:274000005:neural,post,CW,3,0.036585365853658534,0.0,0.02004455938571837,0.02004455938571837
innovation_gru,275000001,valid:lambda4:274000005:neural,post,WC,2,0.024390243902439025,0.006524295341677782,0.0,-0.006524295341677782
innovation_gru,275000001,valid:lambda4:274000005:neural,post,WW,5,0.06097560975609756,0.01030404393265887,0.009516431064140506,-0.0007876128685183649
innovation_gru,275000001,valid:lambda4:274000005:period4_hold,initial,CC,3,0.0018281535648994515,0.0,0.0,0.0
innovation_gru,275000001,valid:lambda4:274000005:period4_hold,initial,CW,0,0.0,0.0,0.0,0.0
innovation_gru,275000001,valid:lambda4:274000005:period4_hold,initial,WC,0,0.0,0.0,0.0,0.0
innovation_gru,275000001,valid:lambda4:274000005:period4_hold,initial,WW,0,0.0,0.0,0.0,0.0
innovation_gru,275000001,valid:lambda4:274000005:period4_hold,post,CC,444,0.27056672760511885,0.0,0.0,0.0
innovation_gru,275000001,valid:lambda4:274000005:period4_hold,post,CW,261,0.1590493601462523,0.0,0.038934342095504657,0.038934342095504657
innovation_gru,275000001,valid:lambda4:274000005:period4_hold,post,WC,356,0.21694088970140157,0.01991363126718729,0.0,-0.01991363126718729
innovation_gru,275000001,valid:lambda4:274000005:period4_hold,post,WW,577,0.35161486898232786,0.047156047632169754,0.046952165313641665,-0.0002038823185280883
innovation_gru,275000001,valid:lambda4:274000005:analytic,initial,CC,3,0.031914893617021274,0.0,0.0,0.0
innovation_gru,275000001,valid:lambda4:274000005:analytic,initial,CW,0,0.0,0.0,0.0,0.0
innovation_gru,275000001,valid:lambda4:274000005:analytic,initial,WC,0,0.0,0.0,0.0,0.0
innovation_gru,275000001,valid:lambda4:274000005:analytic,initial,WW,0,0.0,0.0,0.0,0.0
innovation_gru,275000001,valid:lambda4:274000005:analytic,post,CC,69,0.7340425531914894,0.0,0.0,0.0
innovation_gru,275000001,valid:lambda4:274000005:analytic,post,CW,4,0.0425531914893617,0.0,0.019093067088025682,0.019093067088025682
innovation_gru,275000001,valid:lambda4:274000005:analytic,post,WC,7,0.07446808510638298,0.03426960681347137,0.0,-0.03426960681347137
innovation_gru,275000001,valid:lambda4:274000005:analytic,post,WW,11,0.11702127659574468,0.03700957399733523,0.04171759016970371,0.004708016172368476
innovation_gru,275000001,valid:lambda4:274000006:period4_hold,initial,CC,0,0.0,0.0,0.0,0.0
innovation_gru,275000001,valid:lambda4:274000006:period4_hold,initial,CW,0,0.0,0.0,0.0,0.0
innovation_gru,275000001,valid:lambda4:274000006:period4_hold,initial,WC,0,0.0,0.0,0.0,0.0
innovation_gru,275000001,valid:lambda4:274000006:period4_hold,initial,WW,0,0.0,0.0,0.0,0.0
innovation_gru,275000001,valid:lambda4:274000006:period4_hold,post,CC,0,0.0,0.0,0.0,0.0
innovation_gru,275000001,valid:lambda4:274000006:period4_hold,post,CW,0,0.0,0.0,0.0,0.0
innovation_gru,275000001,valid:lambda4:274000006:period4_hold,post,WC,0,0.0,0.0,0.0,0.0
innovation_gru,275000001,valid:lambda4:274000006:period4_hold,post,WW,0,0.0,0.0,0.0,0.0
innovation_gru,275000001,valid:lambda4:274000006:analytic,initial,CC,2,0.4,0.0,0.0,0.0
innovation_gru,275000001,valid:lambda4:274000006:analytic,initial,CW,1,0.2,0.0,0.1291719436645508,0.1291719436645508
innovation_gru,275000001,valid:lambda4:274000006:analytic,initial,WC,0,0.0,0.0,0.0,0.0
innovation_gru,275000001,valid:lambda4:274000006:analytic,initial,WW,0,0.0,0.0,0.0,0.0
innovation_gru,275000001,valid:lambda4:274000006:analytic,post,CC,2,0.4,0.0,0.0,0.0
innovation_gru,275000001,valid:lambda4:274000006:analytic,post,CW,0,0.0,0.0,0.0,0.0
innovation_gru,275000001,valid:lambda4:274000006:analytic,post,WC,0,0.0,0.0,0.0,0.0
innovation_gru,275000001,valid:lambda4:274000006:analytic,post,WW,0,0.0,0.0,0.0,0.0
innovation_gru,275000001,valid:lambda4:274000006:neural,initial,CC,0,0.0,0.0,0.0,0.0
innovation_gru,275000001,valid:lambda4:274000006:neural,initial,CW,0,0.0,0.0,0.0,0.0
innovation_gru,275000001,valid:lambda4:274000006:neural,initial,WC,0,0.0,0.0,0.0,0.0
innovation_gru,275000001,valid:lambda4:274000006:neural,initial,WW,0,0.0,0.0,0.0,0.0
innovation_gru,275000001,valid:lambda4:274000006:neural,post,CC,0,0.0,0.0,0.0,0.0
innovation_gru,275000001,valid:lambda4:274000006:neural,post,CW,0,0.0,0.0,0.0,0.0
innovation_gru,275000001,valid:lambda4:274000006:neural,post,WC,0,0.0,0.0,0.0,0.0
innovation_gru,275000001,valid:lambda4:274000006:neural,post,WW,0,0.0,0.0,0.0,0.0
innovation_gru,275000002,valid:lambda3:273000001:analytic,initial,CC,2,0.2222222222222222,0.0,0.0,0.0
innovation_gru,275000002,valid:lambda3:273000001:analytic,initial,CW,0,0.0,0.0,0.0,0.0
innovation_gru,275000002,valid:lambda3:273000001:analytic,initial,WC,1,0.1111111111111111,0.08384037017822266,0.0,-0.08384037017822266
innovation_gru,275000002,valid:lambda3:273000001:analytic,initial,WW,0,0.0,0.0,0.0,0.0
innovation_gru,275000002,valid:lambda3:273000001:analytic,post,CC,3,0.3333333333333333,0.0,0.0,0.0
innovation_gru,275000002,valid:lambda3:273000001:analytic,post,CW,0,0.0,0.0,0.0,0.0
innovation_gru,275000002,valid:lambda3:273000001:analytic,post,WC,1,0.1111111111111111,0.02397335900200738,0.0,-0.02397335900200738
innovation_gru,275000002,valid:lambda3:273000001:analytic,post,WW,2,0.2222222222222222,0.11738501654730903,0.11738501654730903,0.0
innovation_gru,275000002,valid:lambda3:273000001:neural,initial,CC,2,0.2222222222222222,0.0,0.0,0.0
innovation_gru,275000002,valid:lambda3:273000001:neural,initial,CW,0,0.0,0.0,0.0,0.0
innovation_gru,275000002,valid:lambda3:273000001:neural,initial,WC,1,0.1111111111111111,0.08384037017822266,0.0,-0.08384037017822266
innovation_gru,275000002,valid:lambda3:273000001:neural,initial,WW,0,0.0,0.0,0.0,0.0
innovation_gru,275000002,valid:lambda3:273000001:neural,post,CC,3,0.3333333333333333,0.0,0.0,0.0
innovation_gru,275000002,valid:lambda3:273000001:neural,post,CW,0,0.0,0.0,0.0,0.0
innovation_gru,275000002,valid:lambda3:273000001:neural,post,WC,1,0.1111111111111111,0.02397335900200738,0.0,-0.02397335900200738
innovation_gru,275000002,valid:lambda3:273000001:neural,post,WW,2,0.2222222222222222,0.11738501654730903,0.11738501654730903,0.0
innovation_gru,275000002,valid:lambda3:273000001:period4_hold,initial,CC,3,0.0018281535648994515,0.0,0.0,0.0
innovation_gru,275000002,valid:lambda3:273000001:period4_hold,initial,CW,0,0.0,0.0,0.0,0.0
innovation_gru,275000002,valid:lambda3:273000001:period4_hold,initial,WC,0,0.0,0.0,0.0,0.0
innovation_gru,275000002,valid:lambda3:273000001:period4_hold,initial,WW,0,0.0,0.0,0.0,0.0
innovation_gru,275000002,valid:lambda3:273000001:period4_hold,post,CC,989,0.6026812918951858,0.0,0.0,0.0
innovation_gru,275000002,valid:lambda3:273000001:period4_hold,post,CW,41,0.024984765386959172,0.0,0.0006444258053516339,0.0006444258053516339
innovation_gru,275000002,valid:lambda3:273000001:period4_hold,post,WC,23,0.014015843997562462,0.0003403720878959065,0.0,-0.0003403720878959065
innovation_gru,275000002,valid:lambda3:273000001:period4_hold,post,WW,585,0.35648994515539306,0.017132201476623053,0.017132201476623053,0.0
innovation_gru,275000002,valid:lambda3:273000002:neural,initial,CC,1,0.2,0.0,0.0,0.0
innovation_gru,275000002,valid:lambda3:273000002:neural,initial,CW,0,0.0,0.0,0.0,0.0
innovation_gru,275000002,valid:lambda3:273000002:neural,initial,WC,2,0.4,0.038322830200195314,0.0,-0.038322830200195314
innovation_gru,275000002,valid:lambda3:273000002:neural,initial,WW,0,0.0,0.0,0.0,0.0
innovation_gru,275000002,valid:lambda3:273000002:neural,post,CC,2,0.4,0.0,0.0,0.0
innovation_gru,275000002,valid:lambda3:273000002:neural,post,CW,0,0.0,0.0,0.0,0.0
innovation_gru,275000002,valid:lambda3:273000002:neural,post,WC,0,0.0,0.0,0.0,0.0
innovation_gru,275000002,valid:lambda3:273000002:neural,post,WW,0,0.0,0.0,0.0,0.0
innovation_gru,275000002,valid:lambda3:273000002:period4_hold,initial,CC,3,0.25,0.0,0.0,0.0
innovation_gru,275000002,valid:lambda3:273000002:period4_hold,initial,CW,0,0.0,0.0,0.0,0.0
innovation_gru,275000002,valid:lambda3:273000002:period4_hold,initial,WC,0,0.0,0.0,0.0,0.0
innovation_gru,275000002,valid:lambda3:273000002:period4_hold,initial,WW,0,0.0,0.0,0.0,0.0
innovation_gru,275000002,valid:lambda3:273000002:period4_hold,post,CC,6,0.5,0.0,0.0,0.0
innovation_gru,275000002,valid:lambda3:273000002:period4_hold,post,CW,1,0.08333333333333333,0.0,0.014767011006673178,0.014767011006673178
innovation_gru,275000002,valid:lambda3:273000002:period4_hold,post,WC,0,0.0,0.0,0.0,0.0
innovation_gru,275000002,valid:lambda3:273000002:period4_hold,post,WW,2,0.16666666666666666,0.03688577810923258,0.03688577810923258,0.0
innovation_gru,275000002,valid:lambda3:273000002:analytic,initial,CC,1,0.2,0.0,0.0,0.0
innovation_gru,275000002,valid:lambda3:273000002:analytic,initial,CW,0,0.0,0.0,0.0,0.0
innovation_gru,275000002,valid:lambda3:273000002:analytic,initial,WC,2,0.4,0.038322830200195314,0.0,-0.038322830200195314
innovation_gru,275000002,valid:lambda3:273000002:analytic,initial,WW,0,0.0,0.0,0.0,0.0
innovation_gru,275000002,valid:lambda3:273000002:analytic,post,CC,2,0.4,0.0,0.0,0.0
innovation_gru,275000002,valid:lambda3:273000002:analytic,post,CW,0,0.0,0.0,0.0,0.0
innovation_gru,275000002,valid:lambda3:273000002:analytic,post,WC,0,0.0,0.0,0.0,0.0
innovation_gru,275000002,valid:lambda3:273000002:analytic,post,WW,0,0.0,0.0,0.0,0.0
innovation_gru,275000002,valid:lambda3:273000003:period4_hold,initial,CC,2,0.001218769043266301,0.0,0.0,0.0
innovation_gru,275000002,valid:lambda3:273000003:period4_hold,initial,CW,0,0.0,0.0,0.0,0.0
innovation_gru,275000002,valid:lambda3:273000003:period4_hold,initial,WC,1,0.0006093845216331506,0.00024753107957764417,0.0,-0.00024753107957764417
innovation_gru,275000002,valid:lambda3:273000003:period4_hold,initial,WW,0,0.0,0.0,0.0,0.0
innovation_gru,275000002,valid:lambda3:273000003:period4_hold,post,CC,747,0.45521023765996343,0.0,0.0,0.0
innovation_gru,275000002,valid:lambda3:273000003:period4_hold,post,CW,66,0.04021937842778794,0.0,0.001274464117325638,0.001274464117325638
innovation_gru,275000002,valid:lambda3:273000003:period4_hold,post,WC,163,0.09932967702620353,0.006500354995820524,0.0,-0.006500354995820524
innovation_gru,275000002,valid:lambda3:273000003:period4_hold,post,WW,662,0.4034125533211456,0.010338301777767017,0.010382755437615004,4.445365984798687e-05
innovation_gru,275000002,valid:lambda3:273000003:analytic,initial,CC,3,1.0,0.0,0.0,0.0
innovation_gru,275000002,valid:lambda3:273000003:analytic,initial,CW,0,0.0,0.0,0.0,0.0
innovation_gru,275000002,valid:lambda3:273000003:analytic,initial,WC,0,0.0,0.0,0.0,0.0
innovation_gru,275000002,valid:lambda3:273000003:analytic,initial,WW,0,0.0,0.0,0.0,0.0
innovation_gru,275000002,valid:lambda3:273000003:analytic,post,CC,0,0.0,0.0,0.0,0.0
innovation_gru,275000002,valid:lambda3:273000003:analytic,post,CW,0,0.0,0.0,0.0,0.0
innovation_gru,275000002,valid:lambda3:273000003:analytic,post,WC,0,0.0,0.0,0.0,0.0
innovation_gru,275000002,valid:lambda3:273000003:analytic,post,WW,0,0.0,0.0,0.0,0.0
innovation_gru,275000002,valid:lambda3:273000003:neural,initial,CC,3,1.0,0.0,0.0,0.0
innovation_gru,275000002,valid:lambda3:273000003:neural,initial,CW,0,0.0,0.0,0.0,0.0
innovation_gru,275000002,valid:lambda3:273000003:neural,initial,WC,0,0.0,0.0,0.0,0.0
innovation_gru,275000002,valid:lambda3:273000003:neural,initial,WW,0,0.0,0.0,0.0,0.0
innovation_gru,275000002,valid:lambda3:273000003:neural,post,CC,0,0.0,0.0,0.0,0.0
innovation_gru,275000002,valid:lambda3:273000003:neural,post,CW,0,0.0,0.0,0.0,0.0
innovation_gru,275000002,valid:lambda3:273000003:neural,post,WC,0,0.0,0.0,0.0,0.0
innovation_gru,275000002,valid:lambda3:273000003:neural,post,WW,0,0.0,0.0,0.0,0.0
innovation_gru,275000002,valid:lambda3:273000004:analytic,initial,CC,2,0.0196078431372549,0.0,0.0,0.0
innovation_gru,275000002,valid:lambda3:273000004:analytic,initial,CW,1,0.00980392156862745,0.0,0.0015570883657418046,0.0015570883657418046
innovation_gru,275000002,valid:lambda3:273000004:analytic,initial,WC,0,0.0,0.0,0.0,0.0
innovation_gru,275000002,valid:lambda3:273000004:analytic,initial,WW,0,0.0,0.0,0.0,0.0
innovation_gru,275000002,valid:lambda3:273000004:analytic,post,CC,71,0.696078431372549,0.0,0.0,0.0
innovation_gru,275000002,valid:lambda3:273000004:analytic,post,CW,6,0.058823529411764705,0.0,0.024407442878274357,0.024407442878274357
innovation_gru,275000002,valid:lambda3:273000004:analytic,post,WC,7,0.06862745098039216,0.032126763287712544,0.0,-0.032126763287712544
innovation_gru,275000002,valid:lambda3:273000004:analytic,post,WW,15,0.14705882352941177,0.03232871784883387,0.03232871784883387,0.0
innovation_gru,275000002,valid:lambda3:273000004:neural,initial,CC,2,0.01904761904761905,0.0,0.0,0.0
innovation_gru,275000002,valid:lambda3:273000004:neural,initial,CW,1,0.009523809523809525,0.0,0.0015126001267206101,0.0015126001267206101
innovation_gru,275000002,valid:lambda3:273000004:neural,initial,WC,0,0.0,0.0,0.0,0.0
innovation_gru,275000002,valid:lambda3:273000004:neural,initial,WW,0,0.0,0.0,0.0,0.0
innovation_gru,275000002,valid:lambda3:273000004:neural,post,CC,77,0.7333333333333333,0.0,0.0,0.0
innovation_gru,275000002,valid:lambda3:273000004:neural,post,CW,3,0.02857142857142857,0.0,0.009001822698683966,0.009001822698683966
innovation_gru,275000002,valid:lambda3:273000004:neural,post,WC,9,0.08571428571428572,0.039472620827811104,0.0,-0.039472620827811104
innovation_gru,275000002,valid:lambda3:273000004:neural,post,WW,13,0.12380952380952381,0.02414060320172991,0.029028206779843285,0.004887603578113374
innovation_gru,275000002,valid:lambda3:273000004:period4_hold,initial,CC,1,0.01639344262295082,0.0,0.0,0.0
innovation_gru,275000002,valid:lambda3:273000004:period4_hold,initial,CW,0,0.0,0.0,0.0,0.0
innovation_gru,275000002,valid:lambda3:273000004:period4_hold,initial,WC,0,0.0,0.0,0.0,0.0
innovation_gru,275000002,valid:lambda3:273000004:period4_hold,initial,WW,2,0.03278688524590164,0.004697017982357838,0.004697017982357838,0.0
innovation_gru,275000002,valid:lambda3:273000004:period4_hold,post,CC,21,0.3442622950819672,0.0,0.0,0.0
innovation_gru,275000002,valid:lambda3:273000004:period4_hold,post,CW,20,0.32786885245901637,0.0,0.1086641999541736,0.1086641999541736
innovation_gru,275000002,valid:lambda3:273000004:period4_hold,post,WC,10,0.16393442622950818,0.05221868733890721,0.0,-0.05221868733890721
innovation_gru,275000002,valid:lambda3:273000004:period4_hold,post,WW,7,0.11475409836065574,0.04469222709780834,0.015890621748126922,-0.028801605349681417
innovation_gru,275000002,valid:lambda3:273000005:neural,initial,CC,1,1.0,0.0,0.0,0.0
innovation_gru,275000002,valid:lambda3:273000005:neural,initial,CW,0,0.0,0.0,0.0,0.0
innovation_gru,275000002,valid:lambda3:273000005:neural,initial,WC,0,0.0,0.0,0.0,0.0
innovation_gru,275000002,valid:lambda3:273000005:neural,initial,WW,0,0.0,0.0,0.0,0.0
innovation_gru,275000002,valid:lambda3:273000005:neural,post,CC,0,0.0,0.0,0.0,0.0
innovation_gru,275000002,valid:lambda3:273000005:neural,post,CW,0,0.0,0.0,0.0,0.0
innovation_gru,275000002,valid:lambda3:273000005:neural,post,WC,0,0.0,0.0,0.0,0.0
innovation_gru,275000002,valid:lambda3:273000005:neural,post,WW,0,0.0,0.0,0.0,0.0
innovation_gru,275000002,valid:lambda3:273000005:period4_hold,initial,CC,2,0.001218769043266301,0.0,0.0,0.0
innovation_gru,275000002,valid:lambda3:273000005:period4_hold,initial,CW,0,0.0,0.0,0.0,0.0
innovation_gru,275000002,valid:lambda3:273000005:period4_hold,initial,WC,1,0.0006093845216331506,5.485690417339132e-05,0.0,-5.485690417339132e-05
innovation_gru,275000002,valid:lambda3:273000005:period4_hold,initial,WW,0,0.0,0.0,0.0,0.0
innovation_gru,275000002,valid:lambda3:273000005:period4_hold,post,CC,1026,0.6252285191956124,0.0,0.0,0.0
innovation_gru,275000002,valid:lambda3:273000005:period4_hold,post,CW,57,0.03473491773308958,0.0,0.0009121386326354571,0.0009121386326354571
innovation_gru,275000002,valid:lambda3:273000005:period4_hold,post,WC,15,0.009140767824497258,0.0005039831692674115,0.0,-0.0005039831692674115
innovation_gru,275000002,valid:lambda3:273000005:period4_hold,post,WW,540,0.3290676416819013,0.016151526583032882,0.016151526583032882,0.0
innovation_gru,275000002,valid:lambda3:273000005:analytic,initial,CC,1,1.0,0.0,0.0,0.0
innovation_gru,275000002,valid:lambda3:273000005:analytic,initial,CW,0,0.0,0.0,0.0,0.0
innovation_gru,275000002,valid:lambda3:273000005:analytic,initial,WC,0,0.0,0.0,0.0,0.0
innovation_gru,275000002,valid:lambda3:273000005:analytic,initial,WW,0,0.0,0.0,0.0,0.0
innovation_gru,275000002,valid:lambda3:273000005:analytic,post,CC,0,0.0,0.0,0.0,0.0
innovation_gru,275000002,valid:lambda3:273000005:analytic,post,CW,0,0.0,0.0,0.0,0.0
innovation_gru,275000002,valid:lambda3:273000005:analytic,post,WC,0,0.0,0.0,0.0,0.0
innovation_gru,275000002,valid:lambda3:273000005:analytic,post,WW,0,0.0,0.0,0.0,0.0
innovation_gru,275000002,valid:lambda3:273000006:period4_hold,initial,CC,2,0.001218769043266301,0.0,0.0,0.0
innovation_gru,275000002,valid:lambda3:273000006:period4_hold,initial,CW,0,0.0,0.0,0.0,0.0
innovation_gru,275000002,valid:lambda3:273000006:period4_hold,initial,WC,1,0.0006093845216331506,9.927162667878294e-05,0.0,-9.927162667878294e-05
innovation_gru,275000002,valid:lambda3:273000006:period4_hold,initial,WW,0,0.0,0.0,0.0,0.0
innovation_gru,275000002,valid:lambda3:273000006:period4_hold,post,CC,840,0.5118829981718465,0.0,0.0,0.0
innovation_gru,275000002,valid:lambda3:273000006:period4_hold,post,CW,130,0.07921998781230957,0.0,0.016510970341149515,0.016510970341149515
innovation_gru,275000002,valid:lambda3:273000006:period4_hold,post,WC,237,0.14442413162705667,0.020922296007982774,0.0,-0.020922296007982774
innovation_gru,275000002,valid:lambda3:273000006:period4_hold,post,WW,431,0.2626447288238879,0.03802120750957259,0.0397263694870116,0.0017051619774390153
innovation_gru,275000002,valid:lambda3:273000006:analytic,initial,CC,3,0.21428571428571427,0.0,0.0,0.0
innovation_gru,275000002,valid:lambda3:273000006:analytic,initial,CW,0,0.0,0.0,0.0,0.0
innovation_gru,275000002,valid:lambda3:273000006:analytic,initial,WC,0,0.0,0.0,0.0,0.0
innovation_gru,275000002,valid:lambda3:273000006:analytic,initial,WW,0,0.0,0.0,0.0,0.0
innovation_gru,275000002,valid:lambda3:273000006:analytic,post,CC,4,0.2857142857142857,0.0,0.0,0.0
innovation_gru,275000002,valid:lambda3:273000006:analytic,post,CW,1,0.07142857142857142,0.0,0.03396238599504743,0.03396238599504743
innovation_gru,275000002,valid:lambda3:273000006:analytic,post,WC,1,0.07142857142857142,0.02863720485142299,0.0,-0.02863720485142299
innovation_gru,275000002,valid:lambda3:273000006:analytic,post,WW,5,0.35714285714285715,0.2509238379342215,0.15960584368024552,-0.09131799425397599
innovation_gru,275000002,valid:lambda3:273000006:neural,initial,CC,3,0.16666666666666666,0.0,0.0,0.0
innovation_gru,275000002,valid:lambda3:273000006:neural,initial,CW,0,0.0,0.0,0.0,0.0
innovation_gru,275000002,valid:lambda3:273000006:neural,initial,WC,0,0.0,0.0,0.0,0.0
innovation_gru,275000002,valid:lambda3:273000006:neural,initial,WW,0,0.0,0.0,0.0,0.0
innovation_gru,275000002,valid:lambda3:273000006:neural,post,CC,5,0.2777777777777778,0.0,0.0,0.0
innovation_gru,275000002,valid:lambda3:273000006:neural,post,CW,3,0.16666666666666666,0.0,0.0698529879252116,0.0698529879252116
innovation_gru,275000002,valid:lambda3:273000006:neural,post,WC,3,0.16666666666666666,0.08374431398179796,0.0,-0.08374431398179796
innovation_gru,275000002,valid:lambda3:273000006:neural,post,WW,4,0.2222222222222222,0.14981010225084093,0.14981010225084093,0.0
innovation_gru,275000002,valid:lambda4:274000001:analytic,initial,CC,1,0.04,0.0,0.0,0.0
innovation_gru,275000002,valid:lambda4:274000001:analytic,initial,CW,1,0.04,0.0,0.003804473876953125,0.003804473876953125
innovation_gru,275000002,valid:lambda4:274000001:analytic,initial,WC,0,0.0,0.0,0.0,0.0
innovation_gru,275000002,valid:lambda4:274000001:analytic,initial,WW,1,0.04,0.001957244873046875,0.001957244873046875,0.0
innovation_gru,275000002,valid:lambda4:274000001:analytic,post,CC,9,0.36,0.0,0.0,0.0
innovation_gru,275000002,valid:lambda4:274000001:analytic,post,CW,0,0.0,0.0,0.0,0.0
innovation_gru,275000002,valid:lambda4:274000001:analytic,post,WC,5,0.2,0.08130691528320312,0.0,-0.08130691528320312
innovation_gru,275000002,valid:lambda4:274000001:analytic,post,WW,8,0.32,0.22595952987670898,0.22989439010620116,0.0039348602294921875
innovation_gru,275000002,valid:lambda4:274000001:neural,initial,CC,0,0.0,0.0,0.0,0.0
innovation_gru,275000002,valid:lambda4:274000001:neural,initial,CW,0,0.0,0.0,0.0,0.0
innovation_gru,275000002,valid:lambda4:274000001:neural,initial,WC,0,0.0,0.0,0.0,0.0
innovation_gru,275000002,valid:lambda4:274000001:neural,initial,WW,3,0.16666666666666666,0.008840348985460069,0.008840348985460069,0.0
innovation_gru,275000002,valid:lambda4:274000001:neural,post,CC,3,0.16666666666666666,0.0,0.0,0.0
innovation_gru,275000002,valid:lambda4:274000001:neural,post,CW,1,0.05555555555555555,0.0,0.008789486355251737,0.008789486355251737
innovation_gru,275000002,valid:lambda4:274000001:neural,post,WC,1,0.05555555555555555,0.04093297322591146,0.0,-0.04093297322591146
innovation_gru,275000002,valid:lambda4:274000001:neural,post,WW,10,0.5555555555555556,0.18977334764268664,0.10014931360880534,-0.08962403403388129
innovation_gru,275000002,valid:lambda4:274000001:period4_hold,initial,CC,0,0.0,0.0,0.0,0.0
innovation_gru,275000002,valid:lambda4:274000001:period4_hold,initial,CW,0,0.0,0.0,0.0,0.0
innovation_gru,275000002,valid:lambda4:274000001:period4_hold,initial,WC,0,0.0,0.0,0.0,0.0
innovation_gru,275000002,valid:lambda4:274000001:period4_hold,initial,WW,3,0.0018281535648994515,9.696909307634446e-05,9.696909307634446e-05,0.0
innovation_gru,275000002,valid:lambda4:274000001:period4_hold,post,CC,591,0.360146252285192,0.0,0.0,0.0
innovation_gru,275000002,valid:lambda4:274000001:period4_hold,post,CW,102,0.062157221206581355,0.0,0.005560955864710462,0.005560955864710462
innovation_gru,275000002,valid:lambda4:274000001:period4_hold,post,WC,190,0.1157830591102986,0.007718787550708275,0.0,-0.007718787550708275
innovation_gru,275000002,valid:lambda4:274000001:period4_hold,post,WW,755,0.46008531383302864,0.013164085996071061,0.012388314654520559,-0.0007757713415505029
innovation_gru,275000002,valid:lambda4:274000002:neural,initial,CC,1,1.0,0.0,0.0,0.0
innovation_gru,275000002,valid:lambda4:274000002:neural,initial,CW,0,0.0,0.0,0.0,0.0
innovation_gru,275000002,valid:lambda4:274000002:neural,initial,WC,0,0.0,0.0,0.0,0.0
innovation_gru,275000002,valid:lambda4:274000002:neural,initial,WW,0,0.0,0.0,0.0,0.0
innovation_gru,275000002,valid:lambda4:274000002:neural,post,CC,0,0.0,0.0,0.0,0.0
innovation_gru,275000002,valid:lambda4:274000002:neural,post,CW,0,0.0,0.0,0.0,0.0
innovation_gru,275000002,valid:lambda4:274000002:neural,post,WC,0,0.0,0.0,0.0,0.0
innovation_gru,275000002,valid:lambda4:274000002:neural,post,WW,0,0.0,0.0,0.0,0.0
innovation_gru,275000002,valid:lambda4:274000002:period4_hold,initial,CC,3,0.0018281535648994515,0.0,0.0,0.0
innovation_gru,275000002,valid:lambda4:274000002:period4_hold,initial,CW,0,0.0,0.0,0.0,0.0
innovation_gru,275000002,valid:lambda4:274000002:period4_hold,initial,WC,0,0.0,0.0,0.0,0.0
innovation_gru,275000002,valid:lambda4:274000002:period4_hold,initial,WW,0,0.0,0.0,0.0,0.0
innovation_gru,275000002,valid:lambda4:274000002:period4_hold,post,CC,579,0.35283363802559414,0.0,0.0,0.0
innovation_gru,275000002,valid:lambda4:274000002:period4_hold,post,CW,43,0.026203534430225474,0.0,0.0015639256297779259,0.0015639256297779259
innovation_gru,275000002,valid:lambda4:274000002:period4_hold,post,WC,52,0.031687995124923825,0.0016985645677751336,0.0,-0.0016985645677751336
innovation_gru,275000002,valid:lambda4:274000002:period4_hold,post,WW,964,0.5874466788543571,0.017775594134798577,0.017775594134798577,0.0
innovation_gru,275000002,valid:lambda4:274000002:analytic,initial,CC,1,1.0,0.0,0.0,0.0
innovation_gru,275000002,valid:lambda4:274000002:analytic,initial,CW,0,0.0,0.0,0.0,0.0
innovation_gru,275000002,valid:lambda4:274000002:analytic,initial,WC,0,0.0,0.0,0.0,0.0
innovation_gru,275000002,valid:lambda4:274000002:analytic,initial,WW,0,0.0,0.0,0.0,0.0
innovation_gru,275000002,valid:lambda4:274000002:analytic,post,CC,0,0.0,0.0,0.0,0.0
innovation_gru,275000002,valid:lambda4:274000002:analytic,post,CW,0,0.0,0.0,0.0,0.0
innovation_gru,275000002,valid:lambda4:274000002:analytic,post,WC,0,0.0,0.0,0.0,0.0
innovation_gru,275000002,valid:lambda4:274000002:analytic,post,WW,0,0.0,0.0,0.0,0.0
innovation_gru,275000002,valid:lambda4:274000003:period4_hold,initial,CC,0,0.0,0.0,0.0,0.0
innovation_gru,275000002,valid:lambda4:274000003:period4_hold,initial,CW,0,0.0,0.0,0.0,0.0
innovation_gru,275000002,valid:lambda4:274000003:period4_hold,initial,WC,1,0.0006093845216331506,1.4310926289764721e-05,0.0,-1.4310926289764721e-05
innovation_gru,275000002,valid:lambda4:274000003:period4_hold,initial,WW,2,0.001218769043266301,1.7434631012911334e-09,1.7434631012911334e-09,0.0
innovation_gru,275000002,valid:lambda4:274000003:period4_hold,post,CC,560,0.34125533211456427,0.0,0.0,0.0
innovation_gru,275000002,valid:lambda4:274000003:period4_hold,post,CW,167,0.10176721511273613,0.0,0.019103614678112637,0.019103614678112637
innovation_gru,275000002,valid:lambda4:274000003:period4_hold,post,WC,444,0.27056672760511885,0.04489000006320635,0.0,-0.04489000006320635
innovation_gru,275000002,valid:lambda4:274000003:period4_hold,post,WW,467,0.2845825716026813,0.051810441766840014,0.057551115696783256,0.005740673929943242
innovation_gru,275000002,valid:lambda4:274000003:analytic,initial,CC,0,0.0,0.0,0.0,0.0
innovation_gru,275000002,valid:lambda4:274000003:analytic,initial,CW,0,0.0,0.0,0.0,0.0
innovation_gru,275000002,valid:lambda4:274000003:analytic,initial,WC,0,0.0,0.0,0.0,0.0
innovation_gru,275000002,valid:lambda4:274000003:analytic,initial,WW,1,1.0,9.5367431640625e-07,9.5367431640625e-07,0.0
innovation_gru,275000002,valid:lambda4:274000003:analytic,post,CC,0,0.0,0.0,0.0,0.0
innovation_gru,275000002,valid:lambda4:274000003:analytic,post,CW,0,0.0,0.0,0.0,0.0
innovation_gru,275000002,valid:lambda4:274000003:analytic,post,WC,0,0.0,0.0,0.0,0.0
innovation_gru,275000002,valid:lambda4:274000003:analytic,post,WW,0,0.0,0.0,0.0,0.0
innovation_gru,275000002,valid:lambda4:274000003:neural,initial,CC,2,0.6666666666666666,0.0,0.0,0.0
innovation_gru,275000002,valid:lambda4:274000003:neural,initial,CW,0,0.0,0.0,0.0,0.0
innovation_gru,275000002,valid:lambda4:274000003:neural,initial,WC,0,0.0,0.0,0.0,0.0
innovation_gru,275000002,valid:lambda4:274000003:neural,initial,WW,1,0.3333333333333333,6.357828776041666e-07,6.357828776041666e-07,0.0
innovation_gru,275000002,valid:lambda4:274000003:neural,post,CC,0,0.0,0.0,0.0,0.0
innovation_gru,275000002,valid:lambda4:274000003:neural,post,CW,0,0.0,0.0,0.0,0.0
innovation_gru,275000002,valid:lambda4:274000003:neural,post,WC,0,0.0,0.0,0.0,0.0
innovation_gru,275000002,valid:lambda4:274000003:neural,post,WW,0,0.0,0.0,0.0,0.0
innovation_gru,275000002,valid:lambda4:274000004:analytic,initial,CC,1,0.05,0.0,0.0,0.0
innovation_gru,275000002,valid:lambda4:274000004:analytic,initial,CW,1,0.05,0.0,0.016060256958007814,0.016060256958007814
innovation_gru,275000002,valid:lambda4:274000004:analytic,initial,WC,0,0.0,0.0,0.0,0.0
innovation_gru,275000002,valid:lambda4:274000004:analytic,initial,WW,1,0.05,0.002446556091308594,0.002446556091308594,0.0
innovation_gru,275000002,valid:lambda4:274000004:analytic,post,CC,7,0.35,0.0,0.0,0.0
innovation_gru,275000002,valid:lambda4:274000004:analytic,post,CW,0,0.0,0.0,0.0,0.0
innovation_gru,275000002,valid:lambda4:274000004:analytic,post,WC,3,0.15,0.061646461486816406,0.0,-0.061646461486816406
innovation_gru,275000002,valid:lambda4:274000004:analytic,post,WW,7,0.35,0.13243317604064941,0.13243317604064941,0.0
innovation_gru,275000002,valid:lambda4:274000004:neural,initial,CC,0,0.0,0.0,0.0,0.0
innovation_gru,275000002,valid:lambda4:274000004:neural,initial,CW,0,0.0,0.0,0.0,0.0
innovation_gru,275000002,valid:lambda4:274000004:neural,initial,WC,1,0.06666666666666667,0.017250442504882814,0.0,-0.017250442504882814
innovation_gru,275000002,valid:lambda4:274000004:neural,initial,WW,2,0.13333333333333333,0.015125274658203125,0.015125274658203125,0.0
innovation_gru,275000002,valid:lambda4:274000004:neural,post,CC,4,0.26666666666666666,0.0,0.0,0.0
innovation_gru,275000002,valid:lambda4:274000004:neural,post,CW,1,0.06666666666666667,0.0,0.014639663696289062,0.014639663696289062
innovation_gru,275000002,valid:lambda4:274000004:neural,post,WC,3,0.2,0.20770438512166342,0.0,-0.20770438512166342
innovation_gru,275000002,valid:lambda4:274000004:neural,post,WW,4,0.26666666666666666,0.059794139862060544,0.06942586898803711,0.009631729125976568
innovation_gru,275000002,valid:lambda4:274000004:period4_hold,initial,CC,0,0.0,0.0,0.0,0.0
innovation_gru,275000002,valid:lambda4:274000004:period4_hold,initial,CW,0,0.0,0.0,0.0,0.0
innovation_gru,275000002,valid:lambda4:274000004:period4_hold,initial,WC,1,0.02127659574468085,0.00550546037389877,0.0,-0.00550546037389877
innovation_gru,275000002,valid:lambda4:274000004:period4_hold,initial,WW,2,0.0425531914893617,0.004827215316447806,0.004827215316447806,0.0
innovation_gru,275000002,valid:lambda4:274000004:period4_hold,post,CC,17,0.3617021276595745,0.0,0.0,0.0
innovation_gru,275000002,valid:lambda4:274000004:period4_hold,post,CW,7,0.14893617021276595,0.0,0.04414067369826297,0.04414067369826297
innovation_gru,275000002,valid:lambda4:274000004:period4_hold,post,WC,7,0.14893617021276595,0.0717347834972625,0.0,-0.0717347834972625
innovation_gru,275000002,valid:lambda4:274000004:period4_hold,post,WW,13,0.2765957446808511,0.11412877224861308,0.11412877224861308,0.0
innovation_gru,275000002,valid:lambda4:274000005:neural,initial,CC,1,0.012195121951219513,0.0,0.0,0.0
innovation_gru,275000002,valid:lambda4:274000005:neural,initial,CW,1,0.012195121951219513,0.0,0.0018638750401938835,0.0018638750401938835
innovation_gru,275000002,valid:lambda4:274000005:neural,initial,WC,1,0.012195121951219513,0.0001774299435499238,0.0,-0.0001774299435499238
innovation_gru,275000002,valid:lambda4:274000005:neural,initial,WW,0,0.0,0.0,0.0,0.0
innovation_gru,275000002,valid:lambda4:274000005:neural,post,CC,65,0.7926829268292683,0.0,0.0,0.0
innovation_gru,275000002,valid:lambda4:274000005:neural,post,CW,3,0.036585365853658534,0.0,0.008163917355421112,0.008163917355421112
innovation_gru,275000002,valid:lambda4:274000005:neural,post,WC,7,0.08536585365853659,0.04232174012719131,0.0,-0.04232174012719131
innovation_gru,275000002,valid:lambda4:274000005:neural,post,WW,4,0.04878048780487805,0.0072748951795624526,0.0072748951795624526,0.0
innovation_gru,275000002,valid:lambda4:274000005:period4_hold,initial,CC,3,0.0018281535648994515,0.0,0.0,0.0
innovation_gru,275000002,valid:lambda4:274000005:period4_hold,initial,CW,0,0.0,0.0,0.0,0.0
innovation_gru,275000002,valid:lambda4:274000005:period4_hold,initial,WC,0,0.0,0.0,0.0,0.0
innovation_gru,275000002,valid:lambda4:274000005:period4_hold,initial,WW,0,0.0,0.0,0.0,0.0
innovation_gru,275000002,valid:lambda4:274000005:period4_hold,post,CC,206,0.125533211456429,0.0,0.0,0.0
innovation_gru,275000002,valid:lambda4:274000005:period4_hold,post,CW,67,0.04082876294942109,0.0,0.008977466934269191,0.008977466934269191
innovation_gru,275000002,valid:lambda4:274000005:period4_hold,post,WC,160,0.09750152346130408,0.01818625437348881,0.0,-0.01818625437348881
innovation_gru,275000002,valid:lambda4:274000005:period4_hold,post,WW,1205,0.7343083485679464,0.11359782926488547,0.11235182340518503,-0.0012460058597004442
innovation_gru,275000002,valid:lambda4:274000005:analytic,initial,CC,2,0.02127659574468085,0.0,0.0,0.0
innovation_gru,275000002,valid:lambda4:274000005:analytic,initial,CW,1,0.010638297872340425,0.0,0.0016259335457010473,0.0016259335457010473
innovation_gru,275000002,valid:lambda4:274000005:analytic,initial,WC,0,0.0,0.0,0.0,0.0
innovation_gru,275000002,valid:lambda4:274000005:analytic,initial,WW,0,0.0,0.0,0.0,0.0
innovation_gru,275000002,valid:lambda4:274000005:analytic,post,CC,62,0.6595744680851063,0.0,0.0,0.0
innovation_gru,275000002,valid:lambda4:274000005:analytic,post,CW,4,0.0425531914893617,0.0,0.013082991255090591,0.013082991255090591
innovation_gru,275000002,valid:lambda4:274000005:analytic,post,WC,11,0.11702127659574468,0.06886708482782891,0.0,-0.06886708482782891
innovation_gru,275000002,valid:lambda4:274000005:analytic,post,WW,14,0.14893617021276595,0.05496195529369598,0.05566747137840758,0.0007055160847116021
innovation_gru,275000002,valid:lambda4:274000006:period4_hold,initial,CC,0,0.0,0.0,0.0,0.0
innovation_gru,275000002,valid:lambda4:274000006:period4_hold,initial,CW,0,0.0,0.0,0.0,0.0
innovation_gru,275000002,valid:lambda4:274000006:period4_hold,initial,WC,0,0.0,0.0,0.0,0.0
innovation_gru,275000002,valid:lambda4:274000006:period4_hold,initial,WW,0,0.0,0.0,0.0,0.0
innovation_gru,275000002,valid:lambda4:274000006:period4_hold,post,CC,0,0.0,0.0,0.0,0.0
innovation_gru,275000002,valid:lambda4:274000006:period4_hold,post,CW,0,0.0,0.0,0.0,0.0
innovation_gru,275000002,valid:lambda4:274000006:period4_hold,post,WC,0,0.0,0.0,0.0,0.0
innovation_gru,275000002,valid:lambda4:274000006:period4_hold,post,WW,0,0.0,0.0,0.0,0.0
innovation_gru,275000002,valid:lambda4:274000006:analytic,initial,CC,0,0.0,0.0,0.0,0.0
innovation_gru,275000002,valid:lambda4:274000006:analytic,initial,CW,0,0.0,0.0,0.0,0.0
innovation_gru,275000002,valid:lambda4:274000006:analytic,initial,WC,1,0.2,0.1706979751586914,0.0,-0.1706979751586914
innovation_gru,275000002,valid:lambda4:274000006:analytic,initial,WW,2,0.4,0.12917213439941405,0.12917213439941405,0.0
innovation_gru,275000002,valid:lambda4:274000006:analytic,post,CC,2,0.4,0.0,0.0,0.0
innovation_gru,275000002,valid:lambda4:274000006:analytic,post,CW,0,0.0,0.0,0.0,0.0
innovation_gru,275000002,valid:lambda4:274000006:analytic,post,WC,0,0.0,0.0,0.0,0.0
innovation_gru,275000002,valid:lambda4:274000006:analytic,post,WW,0,0.0,0.0,0.0,0.0
innovation_gru,275000002,valid:lambda4:274000006:neural,initial,CC,0,0.0,0.0,0.0,0.0
innovation_gru,275000002,valid:lambda4:274000006:neural,initial,CW,0,0.0,0.0,0.0,0.0
innovation_gru,275000002,valid:lambda4:274000006:neural,initial,WC,0,0.0,0.0,0.0,0.0
innovation_gru,275000002,valid:lambda4:274000006:neural,initial,WW,0,0.0,0.0,0.0,0.0
innovation_gru,275000002,valid:lambda4:274000006:neural,post,CC,0,0.0,0.0,0.0,0.0
innovation_gru,275000002,valid:lambda4:274000006:neural,post,CW,0,0.0,0.0,0.0,0.0
innovation_gru,275000002,valid:lambda4:274000006:neural,post,WC,0,0.0,0.0,0.0,0.0
innovation_gru,275000002,valid:lambda4:274000006:neural,post,WW,0,0.0,0.0,0.0,0.0
innovation_gru,275000003,valid:lambda3:273000001:analytic,initial,CC,1,0.1111111111111111,0.0,0.0,0.0
innovation_gru,275000003,valid:lambda3:273000001:analytic,initial,CW,0,0.0,0.0,0.0,0.0
innovation_gru,275000003,valid:lambda3:273000001:analytic,initial,WC,0,0.0,0.0,0.0,0.0
innovation_gru,275000003,valid:lambda3:273000001:analytic,initial,WW,2,0.2222222222222222,0.16250398423936632,0.16250398423936632,0.0
innovation_gru,275000003,valid:lambda3:273000001:analytic,post,CC,5,0.5555555555555556,0.0,0.0,0.0
innovation_gru,275000003,valid:lambda3:273000001:analytic,post,CW,0,0.0,0.0,0.0,0.0
innovation_gru,275000003,valid:lambda3:273000001:analytic,post,WC,0,0.0,0.0,0.0,0.0
innovation_gru,275000003,valid:lambda3:273000001:analytic,post,WW,1,0.1111111111111111,0.08306969536675347,0.08306969536675347,0.0
innovation_gru,275000003,valid:lambda3:273000001:neural,initial,CC,1,0.1111111111111111,0.0,0.0,0.0
innovation_gru,275000003,valid:lambda3:273000001:neural,initial,CW,0,0.0,0.0,0.0,0.0
innovation_gru,275000003,valid:lambda3:273000001:neural,initial,WC,0,0.0,0.0,0.0,0.0
innovation_gru,275000003,valid:lambda3:273000001:neural,initial,WW,2,0.2222222222222222,0.16250398423936632,0.16250398423936632,0.0
innovation_gru,275000003,valid:lambda3:273000001:neural,post,CC,5,0.5555555555555556,0.0,0.0,0.0
innovation_gru,275000003,valid:lambda3:273000001:neural,post,CW,0,0.0,0.0,0.0,0.0
innovation_gru,275000003,valid:lambda3:273000001:neural,post,WC,0,0.0,0.0,0.0,0.0
innovation_gru,275000003,valid:lambda3:273000001:neural,post,WW,1,0.1111111111111111,0.08306969536675347,0.08306969536675347,0.0
innovation_gru,275000003,valid:lambda3:273000001:period4_hold,initial,CC,1,0.0006093845216331506,0.0,0.0,0.0
innovation_gru,275000003,valid:lambda3:273000001:period4_hold,initial,CW,1,0.0006093845216331506,0.0,0.00017324618491219865,0.00017324618491219865
innovation_gru,275000003,valid:lambda3:273000001:period4_hold,initial,WC,1,0.0006093845216331506,5.811543670970445e-10,0.0,-5.811543670970445e-10
innovation_gru,275000003,valid:lambda3:273000001:period4_hold,initial,WW,0,0.0,0.0,0.0,0.0
innovation_gru,275000003,valid:lambda3:273000001:period4_hold,post,CC,881,0.5368677635588056,0.0,0.0,0.0
innovation_gru,275000003,valid:lambda3:273000001:period4_hold,post,CW,63,0.038391224862888484,0.0,0.0011463307666023065,0.0011463307666023065
innovation_gru,275000003,valid:lambda3:273000001:period4_hold,post,WC,132,0.08043875685557587,0.0018456124591071893,0.0,-0.0018456124591071893
innovation_gru,275000003,valid:lambda3:273000001:period4_hold,post,WW,562,0.3424741011578306,0.016787423802758775,0.016787423802758775,0.0
innovation_gru,275000003,valid:lambda3:273000002:neural,initial,CC,3,0.6,0.0,0.0,0.0
innovation_gru,275000003,valid:lambda3:273000002:neural,initial,CW,0,0.0,0.0,0.0,0.0
innovation_gru,275000003,valid:lambda3:273000002:neural,initial,WC,0,0.0,0.0,0.0,0.0
innovation_gru,275000003,valid:lambda3:273000002:neural,initial,WW,0,0.0,0.0,0.0,0.0
innovation_gru,275000003,valid:lambda3:273000002:neural,post,CC,1,0.2,0.0,0.0,0.0
innovation_gru,275000003,valid:lambda3:273000002:neural,post,CW,0,0.0,0.0,0.0,0.0
innovation_gru,275000003,valid:lambda3:273000002:neural,post,WC,0,0.0,0.0,0.0,0.0
innovation_gru,275000003,valid:lambda3:273000002:neural,post,WW,1,0.2,0.09844961166381835,0.09844961166381835,0.0
innovation_gru,275000003,valid:lambda3:273000002:period4_hold,initial,CC,3,0.25,0.0,0.0,0.0
innovation_gru,275000003,valid:lambda3:273000002:period4_hold,initial,CW,0,0.0,0.0,0.0,0.0
innovation_gru,275000003,valid:lambda3:273000002:period4_hold,initial,WC,0,0.0,0.0,0.0,0.0
innovation_gru,275000003,valid:lambda3:273000002:period4_hold,initial,WW,0,0.0,0.0,0.0,0.0
innovation_gru,275000003,valid:lambda3:273000002:period4_hold,post,CC,4,0.3333333333333333,0.0,0.0,0.0
innovation_gru,275000003,valid:lambda3:273000002:period4_hold,post,CW,1,0.08333333333333333,0.0,0.06190959612528483,0.06190959612528483
innovation_gru,275000003,valid:lambda3:273000002:period4_hold,post,WC,0,0.0,0.0,0.0,0.0
innovation_gru,275000003,valid:lambda3:273000002:period4_hold,post,WW,4,0.3333333333333333,0.07019261519114177,0.07019261519114177,0.0
innovation_gru,275000003,valid:lambda3:273000002:analytic,initial,CC,3,0.6,0.0,0.0,0.0
innovation_gru,275000003,valid:lambda3:273000002:analytic,initial,CW,0,0.0,0.0,0.0,0.0
innovation_gru,275000003,valid:lambda3:273000002:analytic,initial,WC,0,0.0,0.0,0.0,0.0
innovation_gru,275000003,valid:lambda3:273000002:analytic,initial,WW,0,0.0,0.0,0.0,0.0
innovation_gru,275000003,valid:lambda3:273000002:analytic,post,CC,1,0.2,0.0,0.0,0.0
innovation_gru,275000003,valid:lambda3:273000002:analytic,post,CW,0,0.0,0.0,0.0,0.0
innovation_gru,275000003,valid:lambda3:273000002:analytic,post,WC,0,0.0,0.0,0.0,0.0
innovation_gru,275000003,valid:lambda3:273000002:analytic,post,WW,1,0.2,0.09844961166381835,0.09844961166381835,0.0
innovation_gru,275000003,valid:lambda3:273000003:period4_hold,initial,CC,2,0.001218769043266301,0.0,0.0,0.0
innovation_gru,275000003,valid:lambda3:273000003:period4_hold,initial,CW,0,0.0,0.0,0.0,0.0
innovation_gru,275000003,valid:lambda3:273000003:period4_hold,initial,WC,1,0.0006093845216331506,0.00024753107957764417,0.0,-0.00024753107957764417
innovation_gru,275000003,valid:lambda3:273000003:period4_hold,initial,WW,0,0.0,0.0,0.0,0.0
innovation_gru,275000003,valid:lambda3:273000003:period4_hold,post,CC,682,0.41560024375380866,0.0,0.0,0.0
innovation_gru,275000003,valid:lambda3:273000003:period4_hold,post,CW,3,0.0018281535648994515,0.0,0.000247260842796944,0.000247260842796944
innovation_gru,275000003,valid:lambda3:273000003:period4_hold,post,WC,317,0.1931748933577087,0.009312269965153799,0.0,-0.009312269965153799
innovation_gru,275000003,valid:lambda3:273000003:period4_hold,post,WW,636,0.3875685557586837,0.00862356513684149,0.008668018796689476,4.445365984798687e-05
innovation_gru,275000003,valid:lambda3:273000003:analytic,initial,CC,3,1.0,0.0,0.0,0.0
innovation_gru,275000003,valid:lambda3:273000003:analytic,initial,CW,0,0.0,0.0,0.0,0.0
innovation_gru,275000003,valid:lambda3:273000003:analytic,initial,WC,0,0.0,0.0,0.0,0.0
innovation_gru,275000003,valid:lambda3:273000003:analytic,initial,WW,0,0.0,0.0,0.0,0.0
innovation_gru,275000003,valid:lambda3:273000003:analytic,post,CC,0,0.0,0.0,0.0,0.0
innovation_gru,275000003,valid:lambda3:273000003:analytic,post,CW,0,0.0,0.0,0.0,0.0
innovation_gru,275000003,valid:lambda3:273000003:analytic,post,WC,0,0.0,0.0,0.0,0.0
innovation_gru,275000003,valid:lambda3:273000003:analytic,post,WW,0,0.0,0.0,0.0,0.0
innovation_gru,275000003,valid:lambda3:273000003:neural,initial,CC,3,1.0,0.0,0.0,0.0
innovation_gru,275000003,valid:lambda3:273000003:neural,initial,CW,0,0.0,0.0,0.0,0.0
innovation_gru,275000003,valid:lambda3:273000003:neural,initial,WC,0,0.0,0.0,0.0,0.0
innovation_gru,275000003,valid:lambda3:273000003:neural,initial,WW,0,0.0,0.0,0.0,0.0
innovation_gru,275000003,valid:lambda3:273000003:neural,post,CC,0,0.0,0.0,0.0,0.0
innovation_gru,275000003,valid:lambda3:273000003:neural,post,CW,0,0.0,0.0,0.0,0.0
innovation_gru,275000003,valid:lambda3:273000003:neural,post,WC,0,0.0,0.0,0.0,0.0
innovation_gru,275000003,valid:lambda3:273000003:neural,post,WW,0,0.0,0.0,0.0,0.0
innovation_gru,275000003,valid:lambda3:273000004:analytic,initial,CC,2,0.0196078431372549,0.0,0.0,0.0
innovation_gru,275000003,valid:lambda3:273000004:analytic,initial,CW,1,0.00980392156862745,0.0,0.0015570883657418046,0.0015570883657418046
innovation_gru,275000003,valid:lambda3:273000004:analytic,initial,WC,0,0.0,0.0,0.0,0.0
innovation_gru,275000003,valid:lambda3:273000004:analytic,initial,WW,0,0.0,0.0,0.0,0.0
innovation_gru,275000003,valid:lambda3:273000004:analytic,post,CC,71,0.696078431372549,0.0,0.0,0.0
innovation_gru,275000003,valid:lambda3:273000004:analytic,post,CW,9,0.08823529411764706,0.0,0.038826362759459256,0.038826362759459256
innovation_gru,275000003,valid:lambda3:273000004:analytic,post,WC,5,0.049019607843137254,0.013550664864334405,0.0,-0.013550664864334405
innovation_gru,275000003,valid:lambda3:273000004:analytic,post,WW,14,0.13725490196078433,0.028657053031173406,0.02666766970765357,-0.0019893833235198367
innovation_gru,275000003,valid:lambda3:273000004:neural,initial,CC,2,0.01904761904761905,0.0,0.0,0.0
innovation_gru,275000003,valid:lambda3:273000004:neural,initial,CW,1,0.009523809523809525,0.0,0.0015126001267206101,0.0015126001267206101
innovation_gru,275000003,valid:lambda3:273000004:neural,initial,WC,0,0.0,0.0,0.0,0.0
innovation_gru,275000003,valid:lambda3:273000004:neural,initial,WW,0,0.0,0.0,0.0,0.0
innovation_gru,275000003,valid:lambda3:273000004:neural,post,CC,74,0.7047619047619048,0.0,0.0,0.0
innovation_gru,275000003,valid:lambda3:273000004:neural,post,CW,10,0.09523809523809523,0.0,0.04065497262137277,0.04065497262137277
innovation_gru,275000003,valid:lambda3:273000004:neural,post,WC,6,0.05714285714285714,0.006730724516369048,0.0,-0.006730724516369048
innovation_gru,275000003,valid:lambda3:273000004:neural,post,WW,12,0.11428571428571428,0.027691654931931268,0.027691654931931268,0.0
innovation_gru,275000003,valid:lambda3:273000004:period4_hold,initial,CC,1,0.01639344262295082,0.0,0.0,0.0
innovation_gru,275000003,valid:lambda3:273000004:period4_hold,initial,CW,0,0.0,0.0,0.0,0.0
innovation_gru,275000003,valid:lambda3:273000004:period4_hold,initial,WC,0,0.0,0.0,0.0,0.0
innovation_gru,275000003,valid:lambda3:273000004:period4_hold,initial,WW,2,0.03278688524590164,0.004697017982357838,0.004697017982357838,0.0
innovation_gru,275000003,valid:lambda3:273000004:period4_hold,post,CC,32,0.5245901639344263,0.0,0.0,0.0
innovation_gru,275000003,valid:lambda3:273000004:period4_hold,post,CW,8,0.13114754098360656,0.0,0.04502684171082544,0.04502684171082544
innovation_gru,275000003,valid:lambda3:273000004:period4_hold,post,WC,5,0.08196721311475409,0.015028312558033427,0.0,-0.015028312558033427
innovation_gru,275000003,valid:lambda3:273000004:period4_hold,post,WW,13,0.21311475409836064,0.09454267533099064,0.11185439688260437,0.01731172155161373
innovation_gru,275000003,valid:lambda3:273000005:neural,initial,CC,1,1.0,0.0,0.0,0.0
innovation_gru,275000003,valid:lambda3:273000005:neural,initial,CW,0,0.0,0.0,0.0,0.0
innovation_gru,275000003,valid:lambda3:273000005:neural,initial,WC,0,0.0,0.0,0.0,0.0
innovation_gru,275000003,valid:lambda3:273000005:neural,initial,WW,0,0.0,0.0,0.0,0.0
innovation_gru,275000003,valid:lambda3:273000005:neural,post,CC,0,0.0,0.0,0.0,0.0
innovation_gru,275000003,valid:lambda3:273000005:neural,post,CW,0,0.0,0.0,0.0,0.0
innovation_gru,275000003,valid:lambda3:273000005:neural,post,WC,0,0.0,0.0,0.0,0.0
innovation_gru,275000003,valid:lambda3:273000005:neural,post,WW,0,0.0,0.0,0.0,0.0
innovation_gru,275000003,valid:lambda3:273000005:period4_hold,initial,CC,1,0.0006093845216331506,0.0,0.0,0.0
innovation_gru,275000003,valid:lambda3:273000005:period4_hold,initial,CW,0,0.0,0.0,0.0,0.0
innovation_gru,275000003,valid:lambda3:273000005:period4_hold,initial,WC,2,0.001218769043266301,5.4857485327758417e-05,0.0,-5.4857485327758417e-05
innovation_gru,275000003,valid:lambda3:273000005:period4_hold,initial,WW,0,0.0,0.0,0.0,0.0
innovation_gru,275000003,valid:lambda3:273000005:period4_hold,post,CC,839,0.5112736136502133,0.0,0.0,0.0
innovation_gru,275000003,valid:lambda3:273000005:period4_hold,post,CW,212,0.1291895185862279,0.0,0.003467902695529712,0.003467902695529712
innovation_gru,275000003,valid:lambda3:273000005:period4_hold,post,WC,14,0.008531383302864107,0.0003355612920450772,0.0,-0.0003355612920450772
innovation_gru,275000003,valid:lambda3:273000005:period4_hold,post,WW,573,0.3491773308957952,0.01669770330281464,0.01669770330281464,0.0
innovation_gru,275000003,valid:lambda3:273000005:analytic,initial,CC,1,1.0,0.0,0.0,0.0
innovation_gru,275000003,valid:lambda3:273000005:analytic,initial,CW,0,0.0,0.0,0.0,0.0
innovation_gru,275000003,valid:lambda3:273000005:analytic,initial,WC,0,0.0,0.0,0.0,0.0
innovation_gru,275000003,valid:lambda3:273000005:analytic,initial,WW,0,0.0,0.0,0.0,0.0
innovation_gru,275000003,valid:lambda3:273000005:analytic,post,CC,0,0.0,0.0,0.0,0.0
innovation_gru,275000003,valid:lambda3:273000005:analytic,post,CW,0,0.0,0.0,0.0,0.0
innovation_gru,275000003,valid:lambda3:273000005:analytic,post,WC,0,0.0,0.0,0.0,0.0
innovation_gru,275000003,valid:lambda3:273000005:analytic,post,WW,0,0.0,0.0,0.0,0.0
innovation_gru,275000003,valid:lambda3:273000006:period4_hold,initial,CC,3,0.0018281535648994515,0.0,0.0,0.0
innovation_gru,275000003,valid:lambda3:273000006:period4_hold,initial,CW,0,0.0,0.0,0.0,0.0
innovation_gru,275000003,valid:lambda3:273000006:period4_hold,initial,WC,0,0.0,0.0,0.0,0.0
innovation_gru,275000003,valid:lambda3:273000006:period4_hold,initial,WW,0,0.0,0.0,0.0,0.0
innovation_gru,275000003,valid:lambda3:273000006:period4_hold,post,CC,1007,0.6136502132845826,0.0,0.0,0.0
innovation_gru,275000003,valid:lambda3:273000006:period4_hold,post,CW,183,0.11151736745886655,0.0,0.020245969331823856,0.020245969331823856
innovation_gru,275000003,valid:lambda3:273000006:period4_hold,post,WC,207,0.12614259597806216,0.023591344709588142,0.0,-0.023591344709588142
innovation_gru,275000003,valid:lambda3:273000006:period4_hold,post,WW,241,0.14686166971358927,0.02432283913486255,0.02121473738945235,-0.003108101745410201
innovation_gru,275000003,valid:lambda3:273000006:analytic,initial,CC,3,0.21428571428571427,0.0,0.0,0.0
innovation_gru,275000003,valid:lambda3:273000006:analytic,initial,CW,0,0.0,0.0,0.0,0.0
innovation_gru,275000003,valid:lambda3:273000006:analytic,initial,WC,0,0.0,0.0,0.0,0.0
innovation_gru,275000003,valid:lambda3:273000006:analytic,initial,WW,0,0.0,0.0,0.0,0.0
innovation_gru,275000003,valid:lambda3:273000006:analytic,post,CC,1,0.07142857142857142,0.0,0.0,0.0
innovation_gru,275000003,valid:lambda3:273000006:analytic,post,CW,2,0.14285714285714285,0.0,0.05271366664341518,0.05271366664341518
innovation_gru,275000003,valid:lambda3:273000006:analytic,post,WC,3,0.21428571428571427,0.1439190592084612,0.0,-0.1439190592084612
innovation_gru,275000003,valid:lambda3:273000006:analytic,post,WW,5,0.35714285714285715,0.26730070795331684,0.17598271369934082,-0.09131799425397602
innovation_gru,275000003,valid:lambda3:273000006:neural,initial,CC,3,0.16666666666666666,0.0,0.0,0.0
innovation_gru,275000003,valid:lambda3:273000006:neural,initial,CW,0,0.0,0.0,0.0,0.0
innovation_gru,275000003,valid:lambda3:273000006:neural,initial,WC,0,0.0,0.0,0.0,0.0
innovation_gru,275000003,valid:lambda3:273000006:neural,initial,WW,0,0.0,0.0,0.0,0.0
innovation_gru,275000003,valid:lambda3:273000006:neural,post,CC,5,0.2777777777777778,0.0,0.0,0.0
innovation_gru,275000003,valid:lambda3:273000006:neural,post,CW,3,0.16666666666666666,0.0,0.016005092196994357,0.016005092196994357
innovation_gru,275000003,valid:lambda3:273000006:neural,post,WC,2,0.1111111111111111,0.07622136010064019,0.0,-0.07622136010064019
innovation_gru,275000003,valid:lambda3:273000006:neural,post,WW,5,0.2777777777777778,0.17363373438517252,0.17363373438517252,0.0
innovation_gru,275000003,valid:lambda4:274000001:analytic,initial,CC,1,0.04,0.0,0.0,0.0
innovation_gru,275000003,valid:lambda4:274000001:analytic,initial,CW,1,0.04,0.0,0.003804473876953125,0.003804473876953125
innovation_gru,275000003,valid:lambda4:274000001:analytic,initial,WC,1,0.04,0.001957244873046875,0.0,-0.001957244873046875
innovation_gru,275000003,valid:lambda4:274000001:analytic,initial,WW,0,0.0,0.0,0.0,0.0
innovation_gru,275000003,valid:lambda4:274000001:analytic,post,CC,13,0.52,0.0,0.0,0.0
innovation_gru,275000003,valid:lambda4:274000001:analytic,post,CW,1,0.04,0.0,0.01099130630493164,0.01099130630493164
innovation_gru,275000003,valid:lambda4:274000001:analytic,post,WC,3,0.12,0.04835275650024414,0.0,-0.04835275650024414
innovation_gru,275000003,valid:lambda4:274000001:analytic,post,WW,5,0.2,0.05483722686767578,0.03364711761474609,-0.02119010925292969
innovation_gru,275000003,valid:lambda4:274000001:neural,initial,CC,1,0.05555555555555555,0.0,0.0,0.0
innovation_gru,275000003,valid:lambda4:274000001:neural,initial,CW,0,0.0,0.0,0.0,0.0
innovation_gru,275000003,valid:lambda4:274000001:neural,initial,WC,2,0.1111111111111111,0.006122165256076389,0.0,-0.006122165256076389
innovation_gru,275000003,valid:lambda4:274000001:neural,initial,WW,0,0.0,0.0,0.0,0.0
innovation_gru,275000003,valid:lambda4:274000001:neural,post,CC,4,0.2222222222222222,0.0,0.0,0.0
innovation_gru,275000003,valid:lambda4:274000001:neural,post,CW,1,0.05555555555555555,0.0,0.008789486355251737,0.008789486355251737
innovation_gru,275000003,valid:lambda4:274000001:neural,post,WC,3,0.16666666666666666,0.08072143130832249,0.0,-0.08072143130832249
innovation_gru,275000003,valid:lambda4:274000001:neural,post,WW,7,0.3888888888888889,0.06777164671156141,0.06777164671156141,0.0
innovation_gru,275000003,valid:lambda4:274000001:period4_hold,initial,CC,1,0.0006093845216331506,0.0,0.0,0.0
innovation_gru,275000003,valid:lambda4:274000001:period4_hold,initial,CW,0,0.0,0.0,0.0,0.0
innovation_gru,275000003,valid:lambda4:274000001:period4_hold,initial,WC,2,0.001218769043266301,6.715354942679769e-05,0.0,-6.715354942679769e-05
innovation_gru,275000003,valid:lambda4:274000001:period4_hold,initial,WW,0,0.0,0.0,0.0,0.0
innovation_gru,275000003,valid:lambda4:274000001:period4_hold,post,CC,642,0.3912248628884826,0.0,0.0,0.0
innovation_gru,275000003,valid:lambda4:274000001:period4_hold,post,CW,57,0.03473491773308958,0.0,0.00254556712836917,0.00254556712836917
innovation_gru,275000003,valid:lambda4:274000001:period4_hold,post,WC,67,0.04082876294942109,0.0034203334671197177,0.0,-0.0034203334671197177
innovation_gru,275000003,valid:lambda4:274000001:period4_hold,post,WW,872,0.5313833028641073,0.016288985572596427,0.016340217816982236,5.123224438580848e-05
innovation_gru,275000003,valid:lambda4:274000002:neural,initial,CC,0,0.0,0.0,0.0,0.0
innovation_gru,275000003,valid:lambda4:274000002:neural,initial,CW,1,1.0,0.0,0.059101104736328125,0.059101104736328125
innovation_gru,275000003,valid:lambda4:274000002:neural,initial,WC,0,0.0,0.0,0.0,0.0
innovation_gru,275000003,valid:lambda4:274000002:neural,initial,WW,0,0.0,0.0,0.0,0.0
innovation_gru,275000003,valid:lambda4:274000002:neural,post,CC,0,0.0,0.0,0.0,0.0
innovation_gru,275000003,valid:lambda4:274000002:neural,post,CW,0,0.0,0.0,0.0,0.0
innovation_gru,275000003,valid:lambda4:274000002:neural,post,WC,0,0.0,0.0,0.0,0.0
innovation_gru,275000003,valid:lambda4:274000002:neural,post,WW,0,0.0,0.0,0.0,0.0
innovation_gru,275000003,valid:lambda4:274000002:period4_hold,initial,CC,2,0.001218769043266301,0.0,0.0,0.0
innovation_gru,275000003,valid:lambda4:274000002:period4_hold,initial,CW,1,0.0006093845216331506,0.0,3.6015298437738043e-05,3.6015298437738043e-05
innovation_gru,275000003,valid:lambda4:274000002:period4_hold,initial,WC,0,0.0,0.0,0.0,0.0
innovation_gru,275000003,valid:lambda4:274000002:period4_hold,initial,WW,0,0.0,0.0,0.0,0.0
innovation_gru,275000003,valid:lambda4:274000002:period4_hold,post,CC,644,0.3924436319317489,0.0,0.0,0.0
innovation_gru,275000003,valid:lambda4:274000002:period4_hold,post,CW,37,0.02254722730042657,0.0,0.0019402886076281523,0.0019402886076281523
innovation_gru,275000003,valid:lambda4:274000002:period4_hold,post,WC,47,0.028641072516758074,0.0013761366379834907,0.0,-0.0013761366379834907
innovation_gru,275000003,valid:lambda4:274000002:period4_hold,post,WW,910,0.5545399146861669,0.016243547291961986,0.016243547291961986,0.0
innovation_gru,275000003,valid:lambda4:274000002:analytic,initial,CC,0,0.0,0.0,0.0,0.0
innovation_gru,275000003,valid:lambda4:274000002:analytic,initial,CW,1,1.0,0.0,0.059101104736328125,0.059101104736328125
innovation_gru,275000003,valid:lambda4:274000002:analytic,initial,WC,0,0.0,0.0,0.0,0.0
innovation_gru,275000003,valid:lambda4:274000002:analytic,initial,WW,0,0.0,0.0,0.0,0.0
innovation_gru,275000003,valid:lambda4:274000002:analytic,post,CC,0,0.0,0.0,0.0,0.0
innovation_gru,275000003,valid:lambda4:274000002:analytic,post,CW,0,0.0,0.0,0.0,0.0
innovation_gru,275000003,valid:lambda4:274000002:analytic,post,WC,0,0.0,0.0,0.0,0.0
innovation_gru,275000003,valid:lambda4:274000002:analytic,post,WW,0,0.0,0.0,0.0,0.0
innovation_gru,275000003,valid:lambda4:274000003:period4_hold,initial,CC,1,0.0006093845216331506,0.0,0.0,0.0
innovation_gru,275000003,valid:lambda4:274000003:period4_hold,initial,CW,0,0.0,0.0,0.0,0.0
innovation_gru,275000003,valid:lambda4:274000003:period4_hold,initial,WC,0,0.0,0.0,0.0,0.0
innovation_gru,275000003,valid:lambda4:274000003:period4_hold,initial,WW,2,0.001218769043266301,1.4312088598498915e-05,1.4312088598498915e-05,0.0
innovation_gru,275000003,valid:lambda4:274000003:period4_hold,post,CC,1078,0.6569165143205362,0.0,0.0,0.0
innovation_gru,275000003,valid:lambda4:274000003:period4_hold,post,CW,164,0.09993906154783669,0.0,0.01980035737983197,0.01980035737983197
innovation_gru,275000003,valid:lambda4:274000003:period4_hold,post,WC,225,0.13711151736745886,0.022266111527907275,0.0,-0.022266111527907275
innovation_gru,275000003,valid:lambda4:274000003:period4_hold,post,WW,171,0.10420475319926874,0.014643657868552106,0.017550133772553066,0.0029064759040009595
innovation_gru,275000003,valid:lambda4:274000003:analytic,initial,CC,0,0.0,0.0,0.0,0.0
innovation_gru,275000003,valid:lambda4:274000003:analytic,initial,CW,1,1.0,0.0,9.5367431640625e-07,9.5367431640625e-07
innovation_gru,275000003,valid:lambda4:274000003:analytic,initial,WC,0,0.0,0.0,0.0,0.0
innovation_gru,275000003,valid:lambda4:274000003:analytic,initial,WW,0,0.0,0.0,0.0,0.0
innovation_gru,275000003,valid:lambda4:274000003:analytic,post,CC,0,0.0,0.0,0.0,0.0
innovation_gru,275000003,valid:lambda4:274000003:analytic,post,CW,0,0.0,0.0,0.0,0.0
innovation_gru,275000003,valid:lambda4:274000003:analytic,post,WC,0,0.0,0.0,0.0,0.0
innovation_gru,275000003,valid:lambda4:274000003:analytic,post,WW,0,0.0,0.0,0.0,0.0
innovation_gru,275000003,valid:lambda4:274000003:neural,initial,CC,1,0.3333333333333333,0.0,0.0,0.0
innovation_gru,275000003,valid:lambda4:274000003:neural,initial,CW,1,0.3333333333333333,0.0,0.17776171366373697,0.17776171366373697
innovation_gru,275000003,valid:lambda4:274000003:neural,initial,WC,0,0.0,0.0,0.0,0.0
innovation_gru,275000003,valid:lambda4:274000003:neural,initial,WW,1,0.3333333333333333,6.357828776041666e-07,6.357828776041666e-07,0.0
innovation_gru,275000003,valid:lambda4:274000003:neural,post,CC,0,0.0,0.0,0.0,0.0
innovation_gru,275000003,valid:lambda4:274000003:neural,post,CW,0,0.0,0.0,0.0,0.0
innovation_gru,275000003,valid:lambda4:274000003:neural,post,WC,0,0.0,0.0,0.0,0.0
innovation_gru,275000003,valid:lambda4:274000003:neural,post,WW,0,0.0,0.0,0.0,0.0
innovation_gru,275000003,valid:lambda4:274000004:analytic,initial,CC,1,0.05,0.0,0.0,0.0
innovation_gru,275000003,valid:lambda4:274000004:analytic,initial,CW,1,0.05,0.0,0.016060256958007814,0.016060256958007814
innovation_gru,275000003,valid:lambda4:274000004:analytic,initial,WC,1,0.05,0.002446556091308594,0.0,-0.002446556091308594
innovation_gru,275000003,valid:lambda4:274000004:analytic,initial,WW,0,0.0,0.0,0.0,0.0
innovation_gru,275000003,valid:lambda4:274000004:analytic,post,CC,9,0.45,0.0,0.0,0.0
innovation_gru,275000003,valid:lambda4:274000004:analytic,post,CW,0,0.0,0.0,0.0,0.0
innovation_gru,275000003,valid:lambda4:274000004:analytic,post,WC,4,0.2,0.041985821723937986,0.0,-0.041985821723937986
innovation_gru,275000003,valid:lambda4:274000004:analytic,post,WW,4,0.2,0.08738305568695068,0.08738305568695068,0.0
innovation_gru,275000003,valid:lambda4:274000004:neural,initial,CC,2,0.13333333333333333,0.0,0.0,0.0
innovation_gru,275000003,valid:lambda4:274000004:neural,initial,CW,0,0.0,0.0,0.0,0.0
innovation_gru,275000003,valid:lambda4:274000004:neural,initial,WC,1,0.06666666666666667,0.011863454182942709,0.0,-0.011863454182942709
innovation_gru,275000003,valid:lambda4:274000004:neural,initial,WW,0,0.0,0.0,0.0,0.0
innovation_gru,275000003,valid:lambda4:274000004:neural,post,CC,5,0.3333333333333333,0.0,0.0,0.0
innovation_gru,275000003,valid:lambda4:274000004:neural,post,CW,2,0.13333333333333333,0.0,0.011313247680664062,0.011313247680664062
innovation_gru,275000003,valid:lambda4:274000004:neural,post,WC,3,0.2,0.021817398071289063,0.0,-0.021817398071289063
innovation_gru,275000003,valid:lambda4:274000004:neural,post,WW,2,0.13333333333333333,0.03981084823608398,0.03981084823608398,0.0
innovation_gru,275000003,valid:lambda4:274000004:period4_hold,initial,CC,2,0.0425531914893617,0.0,0.0,0.0
innovation_gru,275000003,valid:lambda4:274000004:period4_hold,initial,CW,0,0.0,0.0,0.0,0.0
innovation_gru,275000003,valid:lambda4:274000004:period4_hold,initial,WC,1,0.02127659574468085,0.003786208781790226,0.0,-0.003786208781790226
innovation_gru,275000003,valid:lambda4:274000004:period4_hold,initial,WW,0,0.0,0.0,0.0,0.0
innovation_gru,275000003,valid:lambda4:274000004:period4_hold,post,CC,19,0.40425531914893614,0.0,0.0,0.0
innovation_gru,275000003,valid:lambda4:274000004:period4_hold,post,CW,7,0.14893617021276595,0.0,0.034528813463576294,0.034528813463576294
innovation_gru,275000003,valid:lambda4:274000004:period4_hold,post,WC,12,0.2553191489361702,0.11805318264251059,0.0,-0.11805318264251059
innovation_gru,275000003,valid:lambda4:274000004:period4_hold,post,WW,6,0.1276595744680851,0.048779507900806186,0.04179431022481715,-0.006985197675989034
innovation_gru,275000003,valid:lambda4:274000005:neural,initial,CC,0,0.0,0.0,0.0,0.0
innovation_gru,275000003,valid:lambda4:274000005:neural,initial,CW,2,0.024390243902439025,0.0,0.0023990956748404153,0.0023990956748404153
innovation_gru,275000003,valid:lambda4:274000005:neural,initial,WC,1,0.012195121951219513,0.0001774299435499238,0.0,-0.0001774299435499238
innovation_gru,275000003,valid:lambda4:274000005:neural,initial,WW,0,0.0,0.0,0.0,0.0
innovation_gru,275000003,valid:lambda4:274000005:neural,post,CC,67,0.8170731707317073,0.0,0.0,0.0
innovation_gru,275000003,valid:lambda4:274000005:neural,post,CW,3,0.036585365853658534,0.0,0.010562385000833651,0.010562385000833651
innovation_gru,275000003,valid:lambda4:274000005:neural,post,WC,3,0.036585365853658534,0.01098307167611471,0.0,-0.01098307167611471
innovation_gru,275000003,valid:lambda4:274000005:neural,post,WW,6,0.07317073170731707,0.011529399127494998,0.011529399127494998,0.0
innovation_gru,275000003,valid:lambda4:274000005:period4_hold,initial,CC,0,0.0,0.0,0.0,0.0
innovation_gru,275000003,valid:lambda4:274000005:period4_hold,initial,CW,3,0.0018281535648994515,0.0,0.0002089447542198688,0.0002089447542198688
innovation_gru,275000003,valid:lambda4:274000005:period4_hold,initial,WC,0,0.0,0.0,0.0,0.0
innovation_gru,275000003,valid:lambda4:274000005:period4_hold,initial,WW,0,0.0,0.0,0.0,0.0
innovation_gru,275000003,valid:lambda4:274000005:period4_hold,post,CC,190,0.1157830591102986,0.0,0.0,0.0
innovation_gru,275000003,valid:lambda4:274000005:period4_hold,post,CW,22,0.01340645947592931,0.0,0.004718044194995013,0.004718044194995013
innovation_gru,275000003,valid:lambda4:274000005:period4_hold,post,WC,402,0.2449725776965265,0.042777145729785575,0.0,-0.042777145729785575
innovation_gru,275000003,valid:lambda4:274000005:period4_hold,post,WW,1024,0.6240097501523462,0.09480870046098373,0.09326442409622314,-0.001544276364760594
innovation_gru,275000003,valid:lambda4:274000005:analytic,initial,CC,1,0.010638297872340425,0.0,0.0,0.0
innovation_gru,275000003,valid:lambda4:274000005:analytic,initial,CW,2,0.02127659574468085,0.0,0.0020928281418820644,0.0020928281418820644
innovation_gru,275000003,valid:lambda4:274000005:analytic,initial,WC,0,0.0,0.0,0.0,0.0
innovation_gru,275000003,valid:lambda4:274000005:analytic,initial,WW,0,0.0,0.0,0.0,0.0
innovation_gru,275000003,valid:lambda4:274000005:analytic,post,CC,67,0.7127659574468085,0.0,0.0,0.0
innovation_gru,275000003,valid:lambda4:274000005:analytic,post,CW,5,0.05319148936170213,0.0,0.01001478763336831,0.01001478763336831
innovation_gru,275000003,valid:lambda4:274000005:analytic,post,WC,5,0.05319148936170213,0.01826523719949925,0.0,-0.01826523719949925
innovation_gru,275000003,valid:lambda4:274000005:analytic,post,WW,14,0.14893617021276595,0.062156727973451,0.062156727973451,0.0
innovation_gru,275000003,valid:lambda4:274000006:period4_hold,initial,CC,0,0.0,0.0,0.0,0.0
innovation_gru,275000003,valid:lambda4:274000006:period4_hold,initial,CW,0,0.0,0.0,0.0,0.0
innovation_gru,275000003,valid:lambda4:274000006:period4_hold,initial,WC,0,0.0,0.0,0.0,0.0
innovation_gru,275000003,valid:lambda4:274000006:period4_hold,initial,WW,0,0.0,0.0,0.0,0.0
innovation_gru,275000003,valid:lambda4:274000006:period4_hold,post,CC,0,0.0,0.0,0.0,0.0
innovation_gru,275000003,valid:lambda4:274000006:period4_hold,post,CW,0,0.0,0.0,0.0,0.0
innovation_gru,275000003,valid:lambda4:274000006:period4_hold,post,WC,0,0.0,0.0,0.0,0.0
innovation_gru,275000003,valid:lambda4:274000006:period4_hold,post,WW,0,0.0,0.0,0.0,0.0
innovation_gru,275000003,valid:lambda4:274000006:analytic,initial,CC,2,0.4,0.0,0.0,0.0
innovation_gru,275000003,valid:lambda4:274000006:analytic,initial,CW,1,0.2,0.0,1.9073486328125e-07,1.9073486328125e-07
innovation_gru,275000003,valid:lambda4:274000006:analytic,initial,WC,0,0.0,0.0,0.0,0.0
innovation_gru,275000003,valid:lambda4:274000006:analytic,initial,WW,0,0.0,0.0,0.0,0.0
innovation_gru,275000003,valid:lambda4:274000006:analytic,post,CC,2,0.4,0.0,0.0,0.0
innovation_gru,275000003,valid:lambda4:274000006:analytic,post,CW,0,0.0,0.0,0.0,0.0
innovation_gru,275000003,valid:lambda4:274000006:analytic,post,WC,0,0.0,0.0,0.0,0.0
innovation_gru,275000003,valid:lambda4:274000006:analytic,post,WW,0,0.0,0.0,0.0,0.0
innovation_gru,275000003,valid:lambda4:274000006:neural,initial,CC,0,0.0,0.0,0.0,0.0
innovation_gru,275000003,valid:lambda4:274000006:neural,initial,CW,0,0.0,0.0,0.0,0.0
innovation_gru,275000003,valid:lambda4:274000006:neural,initial,WC,0,0.0,0.0,0.0,0.0
innovation_gru,275000003,valid:lambda4:274000006:neural,initial,WW,0,0.0,0.0,0.0,0.0
innovation_gru,275000003,valid:lambda4:274000006:neural,post,CC,0,0.0,0.0,0.0,0.0
innovation_gru,275000003,valid:lambda4:274000006:neural,post,CW,0,0.0,0.0,0.0,0.0
innovation_gru,275000003,valid:lambda4:274000006:neural,post,WC,0,0.0,0.0,0.0,0.0
innovation_gru,275000003,valid:lambda4:274000006:neural,post,WW,0,0.0,0.0,0.0,0.0
