model,family,seed,collector,regime,age,episode_weighted_agreement,episode_weighted_centered_mse,episode_weighted_first_argmin_match,episode_weighted_raw_gap,episodes,nonquery_rows,supported_episode_agreement,supported_episode_centered_mse,supported_episode_raw_gap,supported_episodes,weight_mass,zero_support_episode_ids
hold,hold,,all,all,all,0.3175670047564775,0.294843189089591,0.3075361405589466,0.5494502566299673,36,7257,0.3175670047564775,0.294843189089591,0.5494502566299673,36,1.0,[]
hold,hold,,all,all,1,0.5359356327706419,0.10244730277154789,0.5058430401780494,0.2047653595052368,36,2422,0.5359356327706419,0.10244730277154789,0.2047653595052368,36,1.0,[]
hold,hold,,all,all,2,0.23764821871540334,0.2884839746823889,0.23764821871540334,0.6394440139620223,36,2420,0.23764821871540334,0.2884839746823889,0.6394440139620223,36,1.0,[]
hold,hold,,all,all,3,0.16925448018571596,0.49008604091514596,0.16925448018571596,0.7997939362988277,36,2415,0.1740903224767364,0.5040884992270073,0.8226451916216514,35,0.9722222222222222,"[""valid:lambda3:23300006:period4_hold""]"
hold,hold,,all,lambda3,all,0.30243112340259365,0.2291905574971148,0.30243112340259365,0.5115741026444588,18,1992,0.30243112340259365,0.2291905574971148,0.5115741026444588,18,1.0,[]
hold,hold,,all,lambda3,1,0.45915928898104397,0.10546076558528027,0.45915928898104397,0.26150308742726813,18,666,0.45915928898104397,0.10546076558528027,0.26150308742726813,18,1.0,[]
hold,hold,,all,lambda3,2,0.26808384840834565,0.21850977691767326,0.26808384840834565,0.5484850595965836,18,665,0.26808384840834565,0.21850977691767326,0.5484850595965836,18,1.0,[]
hold,hold,,all,lambda3,3,0.1764624337606152,0.3582153593722877,0.1764624337606152,0.6908799075438394,18,661,0.18684257692300435,0.3792868511000694,0.7315199021052418,17,0.9444444444444444,"[""valid:lambda3:23300006:period4_hold""]"
hold,hold,,all,lambda4,all,0.3327028861103612,0.36049582068206715,0.3126411577152995,0.5873264106154759,18,5265,0.3327028861103612,0.36049582068206715,0.5873264106154759,18,1.0,[]
hold,hold,,all,lambda4,1,0.6127119765602398,0.09943383995781549,0.5525267913750546,0.14802763158320548,18,1756,0.6127119765602398,0.09943383995781549,0.14802763158320548,18,1.0,[]
hold,hold,,all,lambda4,2,0.20721258902246106,0.35845817244710454,0.20721258902246106,0.7304029683274612,18,1755,0.20721258902246106,0.35845817244710454,0.7304029683274612,18,1.0,[]
hold,hold,,all,lambda4,3,0.16204652661081667,0.621956722458004,0.16204652661081667,0.9087079650538159,18,1754,0.16204652661081667,0.621956722458004,0.9087079650538159,18,1.0,[]
hold,hold,,analytic,all,all,0.305677685783925,0.2595105033146217,0.27558509319133245,0.48314472101652095,12,241,0.305677685783925,0.2595105033146217,0.48314472101652095,12,1.0,[]
hold,hold,,analytic,all,1,0.5350799663299664,0.15318797775665446,0.4448021885521885,0.26591684957746703,12,82,0.5350799663299664,0.15318797775665446,0.26591684957746703,12,1.0,[]
hold,hold,,analytic,all,2,0.200273569023569,0.27330083961345575,0.200273569023569,0.5250175001846018,12,81,0.200273569023569,0.27330083961345575,0.5250175001846018,12,1.0,[]
hold,hold,,analytic,all,3,0.1626730968836232,0.3561135546347011,0.1626730968836232,0.6702998405192333,12,78,0.1626730968836232,0.3561135546347011,0.6702998405192333,12,1.0,[]
hold,hold,,analytic,lambda3,all,0.28778233966148487,0.24185297172569173,0.28778233966148487,0.512741030867924,6,126,0.28778233966148487,0.24185297172569173,0.512741030867924,6,1.0,[]
hold,hold,,analytic,lambda3,1,0.4291666666666667,0.1678152934035332,0.4291666666666667,0.37144602338473004,6,43,0.4291666666666667,0.1678152934035332,0.37144602338473004,6,1.0,[]
hold,hold,,analytic,lambda3,2,0.2625,0.23096310156736255,0.2625,0.4882941325505574,6,43,0.2625,0.23096310156736255,0.4882941325505574,6,1.0,[]
hold,hold,,analytic,lambda3,3,0.16541353383458646,0.3338086166871949,0.16541353383458646,0.686493672553758,6,40,0.16541353383458646,0.3338086166871949,0.686493672553758,6,1.0,[]
hold,hold,,analytic,lambda4,all,0.3235730319063652,0.27716803490355174,0.26338784672118004,0.45354841116511785,6,115,0.3235730319063652,0.27716803490355174,0.45354841116511785,6,1.0,[]
hold,hold,,analytic,lambda4,1,0.640993265993266,0.13856066210977572,0.4604377104377104,0.16038767577020407,6,39,0.640993265993266,0.13856066210977572,0.16038767577020407,6,1.0,[]
hold,hold,,analytic,lambda4,2,0.13804713804713806,0.31563857765954895,0.13804713804713806,0.5617408678186462,6,38,0.13804713804713806,0.31563857765954895,0.5617408678186462,6,1.0,[]
hold,hold,,analytic,lambda4,3,0.15993265993265993,0.3784184925822074,0.15993265993265993,0.6541060084847087,6,38,0.15993265993265993,0.3784184925822074,0.6541060084847087,6,1.0,[]
hold,hold,,neural,all,all,0.3681216931216931,0.2341698596984324,0.3681216931216931,0.4377223045106918,12,290,0.3681216931216931,0.2341698596984324,0.4377223045106918,12,1.0,[]
hold,hold,,neural,all,1,0.5153439153439153,0.10304413787333065,0.5153439153439153,0.2185808541913512,12,97,0.5153439153439153,0.10304413787333065,0.2185808541913512,12,1.0,[]
hold,hold,,neural,all,2,0.33664021164021163,0.265106308341331,0.33664021164021163,0.44795275882438373,12,97,0.33664021164021163,0.265106308341331,0.44795275882438373,12,1.0,[]
hold,hold,,neural,all,3,0.24404761904761904,0.33134422828528126,0.24404761904761904,0.6765776409043206,12,96,0.24404761904761904,0.33134422828528126,0.6765776409043206,12,1.0,[]
hold,hold,,neural,lambda3,all,0.31957671957671957,0.18697789544128632,0.31957671957671957,0.45291602775533363,6,153,0.31957671957671957,0.18697789544128632,0.45291602775533363,6,1.0,[]
hold,hold,,neural,lambda3,1,0.4158730158730159,0.08516293403131392,0.4158730158730159,0.23904182078346373,6,51,0.4158730158730159,0.08516293403131392,0.23904182078346373,6,1.0,[]
hold,hold,,neural,lambda3,2,0.31587301587301586,0.1970698881394266,0.31587301587301586,0.46360653241475425,6,51,0.31587301587301586,0.1970698881394266,0.46360653241475425,6,1.0,[]
hold,hold,,neural,lambda3,3,0.22698412698412698,0.2787008641531184,0.22698412698412698,0.656099730067783,6,51,0.22698412698412698,0.2787008641531184,0.656099730067783,6,1.0,[]
hold,hold,,neural,lambda4,all,0.4166666666666667,0.28136182395557846,0.4166666666666667,0.42252858126605,6,137,0.4166666666666667,0.28136182395557846,0.42252858126605,6,1.0,[]
hold,hold,,neural,lambda4,1,0.6148148148148148,0.12092534171534737,0.6148148148148148,0.19811988759923863,6,46,0.6148148148148148,0.12092534171534737,0.19811988759923863,6,1.0,[]
hold,hold,,neural,lambda4,2,0.3574074074074074,0.33314272854323534,0.3574074074074074,0.43229898523401333,6,46,0.3574074074074074,0.33314272854323534,0.43229898523401333,6,1.0,[]
hold,hold,,neural,lambda4,3,0.2611111111111111,0.38398759241744407,0.2611111111111111,0.6970555517408582,6,45,0.2611111111111111,0.38398759241744407,0.6970555517408582,6,1.0,[]
hold,hold,,period4_hold,all,all,0.27890163536381424,0.39084920425571884,0.27890163536381424,0.7274837443626891,12,6726,0.27890163536381424,0.39084920425571884,0.7274837443626891,12,1.0,[]
hold,hold,,period4_hold,all,1,0.5573830166380441,0.05110979268465854,0.5573830166380441,0.12979837474689215,12,2243,0.5573830166380441,0.05110979268465854,0.12979837474689215,12,1.0,[]
hold,hold,,period4_hold,all,2,0.17603087548242943,0.32704477609238,0.17603087548242943,0.9453617828770815,12,2242,0.17603087548242943,0.32704477609238,0.9453617828770815,12,1.0,[]
hold,hold,,period4_hold,all,3,0.10104272462590562,0.7828003398254554,0.10104272462590562,1.0525043274729293,12,2241,0.11022842686462431,0.853964007082315,1.1481865390613775,11,0.9166666666666666,"[""valid:lambda3:23300006:period4_hold""]"
hold,hold,,period4_hold,lambda3,all,0.2999343109695766,0.25874080532436644,0.2999343109695766,0.5690652493101188,6,1713,0.2999343109695766,0.25874080532436644,0.5690652493101188,6,1.0,[]
hold,hold,,period4_hold,lambda3,1,0.5324381844034495,0.06340406932099368,0.5324381844034495,0.17402141811361058,6,572,0.5324381844034495,0.06340406932099368,0.17402141811361058,6,1.0,[]
hold,hold,,period4_hold,lambda3,2,0.22587852935202113,0.22749634104623062,0.22587852935202113,0.6935545138244389,6,571,0.22587852935202113,0.22749634104623062,0.6935545138244389,6,1.0,[]
hold,hold,,period4_hold,lambda3,3,0.13698964046313222,0.4621365972765498,0.13698964046313222,0.7300463200099774,6,570,0.16438756855575867,0.5545639167318598,0.8760555840119728,5,0.8333333333333334,"[""valid:lambda3:23300006:period4_hold""]"
hold,hold,,period4_hold,lambda4,all,0.25786895975805174,0.5229576031870712,0.25786895975805174,0.8859022394152597,6,5013,0.25786895975805174,0.5229576031870712,0.8859022394152597,6,1.0,[]
hold,hold,,period4_hold,lambda4,1,0.5823278488726386,0.038815516048323395,0.5823278488726386,0.08557533138017372,6,1671,0.5823278488726386,0.038815516048323395,0.08557533138017372,6,1.0,[]
hold,hold,,period4_hold,lambda4,2,0.1261832216128377,0.4265932111385294,0.1261832216128377,1.197169051929724,6,1671,0.1261832216128377,0.4265932111385294,1.197169051929724,6,1.0,[]
hold,hold,,period4_hold,lambda4,3,0.06509580878867899,1.1034640823743609,0.06509580878867899,1.3749623349358808,6,1671,0.06509580878867899,1.1034640823743609,1.3749623349358808,6,1.0,[]
residual_gru@235001,residual_gru,235001,all,all,all,0.641918082599368,0.1143911998900245,0.5597683509424678,0.13724536500838064,36,7257,0.641918082599368,0.1143911998900245,0.13724536500838064,36,1.0,[]
residual_gru@235001,residual_gru,235001,all,all,1,0.7128249171439299,0.05870595702756216,0.5512508430698558,0.06519654824978478,36,2422,0.7128249171439299,0.05870595702756216,0.06519654824978478,36,1.0,[]
residual_gru@235001,residual_gru,235001,all,all,2,0.6596531095464673,0.11396413016057642,0.6221531095464673,0.1480750588939619,36,2420,0.6596531095464673,0.11396413016057642,0.1480750588939619,36,1.0,[]
residual_gru@235001,residual_gru,235001,all,all,3,0.5176170385137158,0.17201944503145156,0.4983269150569256,0.20573072144663412,36,2415,0.5324060967569647,0.17693428631806446,0.21160874205939512,35,0.9722222222222222,"[""valid:lambda3:23300006:period4_hold""]"
residual_gru@235001,residual_gru,235001,all,lambda3,all,0.7074579151357407,0.0888100455896584,0.5652777933857265,0.1069309911916001,18,1992,0.7074579151357407,0.0888100455896584,0.1069309911916001,18,1.0,[]
residual_gru@235001,residual_gru,235001,all,lambda3,1,0.762453581694898,0.051358009582744404,0.499490618731935,0.059679206867874215,18,666,0.762453581694898,0.051358009582744404,0.059679206867874215,18,1.0,[]
residual_gru@235001,residual_gru,235001,all,lambda3,2,0.6972033603203621,0.09476238703113975,0.6222033603203622,0.13556411802487933,18,665,0.6972033603203621,0.09476238703113975,0.13556411802487933,18,1.0,[]
residual_gru@235001,residual_gru,235001,all,lambda3,3,0.6051550519605942,0.11770765741310364,0.5727476445531868,0.1257736546283003,18,661,0.6407524079582761,0.12463163726093326,0.13317210490055328,17,0.9444444444444444,"[""valid:lambda3:23300006:period4_hold""]"
residual_gru@235001,residual_gru,235001,all,lambda4,all,0.5763782500629951,0.13997235419039059,0.5542589084992091,0.1675597388251612,18,5265,0.5763782500629951,0.13997235419039059,0.1675597388251612,18,1.0,[]
residual_gru@235001,residual_gru,235001,all,lambda4,1,0.6631962525929619,0.06605390447237991,0.6030110674077768,0.07071388963169535,18,1756,0.6631962525929619,0.06605390447237991,0.07071388963169535,18,1.0,[]
residual_gru@235001,residual_gru,235001,all,lambda4,2,0.6221028587725724,0.13316587329001306,0.6221028587725724,0.16058599976304444,18,1755,0.6221028587725724,0.13316587329001306,0.16058599976304444,18,1.0,[]
residual_gru@235001,residual_gru,235001,all,lambda4,3,0.4300790250668374,0.22633123264979949,0.4239061855606645,0.285687788264968,18,1754,0.4300790250668374,0.22633123264979949,0.285687788264968,18,1.0,[]
residual_gru@235001,residual_gru,235001,analytic,all,all,0.630258907577134,0.11767246213236,0.5594917118099383,0.16043570784804057,12,241,0.630258907577134,0.11767246213236,0.16043570784804057,12,1.0,[]
residual_gru@235001,residual_gru,235001,analytic,all,1,0.7213804713804715,0.07272247517433557,0.5102693602693603,0.10478369861540167,12,82,0.7213804713804715,0.07272247517433557,0.10478369861540167,12,1.0,[]
residual_gru@235001,residual_gru,235001,analytic,all,2,0.6361952861952862,0.1070921106988932,0.6361952861952862,0.14960912516221456,12,81,0.6361952861952862,0.1070921106988932,0.14960912516221456,12,1.0,[]
residual_gru@235001,residual_gru,235001,analytic,all,3,0.5270787448419028,0.17497484731136217,0.5270787448419028,0.2301257628598837,12,78,0.5270787448419028,0.17497484731136217,0.2301257628598837,12,1.0,[]
residual_gru@235001,residual_gru,235001,analytic,lambda3,all,0.6731360611058474,0.09275780546975752,0.5917868547566411,0.1284892875743762,6,126,0.6731360611058474,0.09275780546975752,0.1284892875743762,6,1.0,[]
residual_gru@235001,residual_gru,235001,analytic,lambda3,1,0.75,0.07077262879287728,0.5083333333333333,0.09348943829536438,6,43,0.75,0.07077262879287728,0.09348943829536438,6,1.0,[]
residual_gru@235001,residual_gru,235001,analytic,lambda3,2,0.6583333333333333,0.08958066436124011,0.6583333333333333,0.15455098152160643,6,43,0.6583333333333333,0.08958066436124011,0.15455098152160643,6,1.0,[]
residual_gru@235001,residual_gru,235001,analytic,lambda3,3,0.6067669172932331,0.12014424877620221,0.6067669172932331,0.13756497793627862,6,40,0.6067669172932331,0.12014424877620221,0.13756497793627862,6,1.0,[]
residual_gru@235001,residual_gru,235001,analytic,lambda4,all,0.5873817540484206,0.1425871187949625,0.5271965688632355,0.19238212812170494,6,115,0.5873817540484206,0.1425871187949625,0.19238212812170494,6,1.0,[]
residual_gru@235001,residual_gru,235001,analytic,lambda4,1,0.6927609427609428,0.07467232155579386,0.5122053872053872,0.11607795893543899,6,39,0.6927609427609428,0.07467232155579386,0.11607795893543899,6,1.0,[]
residual_gru@235001,residual_gru,235001,analytic,lambda4,2,0.6140572390572391,0.1246035570365463,0.6140572390572391,0.14466726880282263,6,38,0.6140572390572391,0.1246035570365463,0.14466726880282263,6,1.0,[]
residual_gru@235001,residual_gru,235001,analytic,lambda4,3,0.4473905723905724,0.22980544584652218,0.4473905723905724,0.32268654778348876,6,38,0.4473905723905724,0.22980544584652218,0.32268654778348876,6,1.0,[]
residual_gru@235001,residual_gru,235001,neural,all,all,0.6586860670194004,0.11272902639120491,0.6114638447971781,0.17244359088742964,12,290,0.6586860670194004,0.11272902639120491,0.17244359088742964,12,1.0,[]
residual_gru@235001,residual_gru,235001,neural,all,1,0.7755291005291006,0.05722229548845114,0.6338624338624338,0.05713629527066751,12,97,0.7755291005291006,0.05722229548845114,0.05713629527066751,12,1.0,[]
residual_gru@235001,residual_gru,235001,neural,all,2,0.5706349206349206,0.12049817703427011,0.5706349206349206,0.22286673424735903,12,97,0.5706349206349206,0.12049817703427011,0.22286673424735903,12,1.0,[]
residual_gru@235001,residual_gru,235001,neural,all,3,0.6132275132275132,0.1682575443854372,0.6132275132275132,0.2556477393422808,12,96,0.6132275132275132,0.1682575443854372,0.2556477393422808,12,1.0,[]
residual_gru@235001,residual_gru,235001,neural,lambda3,all,0.7568783068783068,0.08139167938183187,0.6624338624338625,0.10900227455865769,6,153,0.7568783068783068,0.08139167938183187,0.10900227455865769,6,1.0,[]
residual_gru@235001,residual_gru,235001,neural,lambda3,1,0.7658730158730158,0.04826753428666966,0.48253968253968255,0.06144875382620191,6,51,0.7658730158730158,0.04826753428666966,0.06144875382620191,6,1.0,[]
residual_gru@235001,residual_gru,235001,neural,lambda3,2,0.7023809523809524,0.09005093160243188,0.7023809523809524,0.1524003407311818,6,51,0.7023809523809524,0.09005093160243188,0.1524003407311818,6,1.0,[]
residual_gru@235001,residual_gru,235001,neural,lambda3,3,0.8023809523809523,0.10585657225639405,0.8023809523809523,0.11315772911858936,6,51,0.8023809523809523,0.10585657225639405,0.11315772911858936,6,1.0,[]
residual_gru@235001,residual_gru,235001,neural,lambda4,all,0.5604938271604938,0.14406637340057796,0.5604938271604938,0.2358849072162016,6,137,0.5604938271604938,0.14406637340057796,0.2358849072162016,6,1.0,[]
residual_gru@235001,residual_gru,235001,neural,lambda4,1,0.7851851851851852,0.0661770566902326,0.7851851851851852,0.052823836715133105,6,46,0.7851851851851852,0.0661770566902326,0.052823836715133105,6,1.0,[]
residual_gru@235001,residual_gru,235001,neural,lambda4,2,0.4388888888888889,0.15094542246610834,0.4388888888888889,0.29333312776353626,6,46,0.4388888888888889,0.15094542246610834,0.29333312776353626,6,1.0,[]
residual_gru@235001,residual_gru,235001,neural,lambda4,3,0.42407407407407405,0.23065851651448036,0.42407407407407405,0.3981377495659722,6,45,0.42407407407407405,0.23065851651448036,0.3981377495659722,6,1.0,[]
residual_gru@235001,residual_gru,235001,period4_hold,all,all,0.6368092732015694,0.11277211114650854,0.508349496220287,0.07885679628967175,12,6726,0.6368092732015694,0.11277211114650854,0.07885679628967175,12,1.0,[]
residual_gru@235001,residual_gru,235001,period4_hold,all,1,0.6415651795222179,0.04617310041989977,0.5096207350777735,0.033669650863285175,12,2243,0.6415651795222179,0.04617310041989977,0.033669650863285175,12,1.0,[]
residual_gru@235001,residual_gru,235001,period4_hold,all,2,0.7721291218091949,0.1143021027485659,0.659629121809195,0.07174931727231207,12,2242,0.7721291218091949,0.1143021027485659,0.07174931727231207,12,1.0,[]
residual_gru@235001,residual_gru,235001,period4_hold,all,3,0.41254485747173136,0.17282594339755533,0.35467448710136096,0.13141866213773792,12,2241,0.45004893542370694,0.1885373927973331,0.14336581324116862,11,0.9166666666666666,"[""valid:lambda3:23300006:period4_hold""]"
residual_gru@235001,residual_gru,235001,period4_hold,lambda3,all,0.692359377423068,0.09228065191738581,0.44161266296667606,0.08330141144176641,6,1713,0.692359377423068,0.09228065191738581,0.08330141144176641,6,1.0,[]
residual_gru@235001,residual_gru,235001,period4_hold,lambda3,1,0.7714877292116781,0.03503386566868627,0.5075988403227891,0.02409942848205637,6,572,0.7714877292116781,0.03503386566868627,0.02409942848205637,6,1.0,[]
residual_gru@235001,residual_gru,235001,period4_hold,lambda3,2,0.7308957952468007,0.10465556512974723,0.5058957952468007,0.0997410318218497,6,571,0.7308957952468007,0.10465556512974723,0.0997410318218497,6,1.0,[]
residual_gru@235001,residual_gru,235001,period4_hold,lambda3,3,0.406317286207597,0.1271221512067147,0.30909506398537473,0.12659825683003298,6,570,0.4875807434491164,0.15254658144805763,0.15191790819603956,5,0.8333333333333334,"[""valid:lambda3:23300006:period4_hold""]"
residual_gru@235001,residual_gru,235001,period4_hold,lambda4,all,0.5812591689800709,0.13326357037563127,0.575086329473898,0.0744121811375771,6,5013,0.5812591689800709,0.13326357037563127,0.0744121811375771,6,1.0,[]
residual_gru@235001,residual_gru,235001,period4_hold,lambda4,1,0.5116426298327578,0.057312335171113275,0.5116426298327578,0.04323987324451398,6,1671,0.5116426298327578,0.057312335171113275,0.04323987324451398,6,1.0,[]
residual_gru@235001,residual_gru,235001,period4_hold,lambda4,2,0.8133624483715892,0.12394864036738458,0.8133624483715892,0.04375760272277443,6,1671,0.8133624483715892,0.12394864036738458,0.04375760272277443,6,1.0,[]
residual_gru@235001,residual_gru,235001,period4_hold,lambda4,3,0.4187724287358656,0.21852973558839595,0.4002539102173472,0.13623906744544287,6,1671,0.4187724287358656,0.21852973558839595,0.13623906744544287,6,1.0,[]
direct_gru@235001,direct_gru,235001,all,all,all,0.6660029119907711,0.11981002633804708,0.5819385534169507,0.12693671115937524,36,7257,0.6660029119907711,0.11981002633804708,0.12693671115937524,36,1.0,[]
direct_gru@235001,direct_gru,235001,all,all,1,0.723128734825109,0.08064506895446885,0.5215821651264978,0.06931716928300616,36,2422,0.723128734825109,0.08064506895446885,0.06931716928300616,36,1.0,[]
direct_gru@235001,direct_gru,235001,all,all,2,0.6943832311976736,0.11840723105689621,0.6846610089754513,0.12680897641393638,36,2420,0.6943832311976736,0.11840723105689621,0.12680897641393638,36,1.0,[]
direct_gru@235001,direct_gru,235001,all,all,3,0.544396162164131,0.16196062172971004,0.5204764090777112,0.1926198829157518,36,2415,0.5599503382259633,0.1665880680648446,0.19812330814191612,35,0.9722222222222222,"[""valid:lambda3:23300006:period4_hold""]"
direct_gru@235001,direct_gru,235001,all,lambda3,all,0.7482698371630854,0.0871287918724036,0.6252852550387183,0.08528554478281623,18,1992,0.7482698371630854,0.0871287918724036,0.08528554478281623,18,1.0,[]
direct_gru@235001,direct_gru,235001,all,lambda3,1,0.7796820054818228,0.06783273546690943,0.4912981670979843,0.05581302354647166,18,666,0.7796820054818228,0.06783273546690943,0.05581302354647166,18,1.0,[]
direct_gru@235001,direct_gru,235001,all,lambda3,2,0.786092249209251,0.0878836570747861,0.7666478047648065,0.07821440016973254,18,665,0.786092249209251,0.0878836570747861,0.07821440016973254,18,1.0,[]
direct_gru@235001,direct_gru,235001,all,lambda3,3,0.6205906549839967,0.10453124215060143,0.5881832475765892,0.12325930788302844,18,661,0.6570959876301141,0.11068013874769562,0.1305098554055595,17,0.9444444444444444,"[""valid:lambda3:23300006:period4_hold""]"
direct_gru@235001,direct_gru,235001,all,lambda4,all,0.5837359868184568,0.15249126080369055,0.5385918517951831,0.1685878775359343,18,5265,0.5837359868184568,0.15249126080369055,0.1685878775359343,18,1.0,[]
direct_gru@235001,direct_gru,235001,all,lambda4,1,0.6665754641683953,0.0934574024420283,0.5518661631550114,0.08282131501954065,18,1756,0.6665754641683953,0.0934574024420283,0.08282131501954065,18,1.0,[]
direct_gru@235001,direct_gru,235001,all,lambda4,2,0.6026742131860963,0.14893080503900633,0.6026742131860963,0.17540355265814023,18,1755,0.6026742131860963,0.14893080503900633,0.17540355265814023,18,1.0,[]
direct_gru@235001,direct_gru,235001,all,lambda4,3,0.46820166934426527,0.21939000130881867,0.45276957057883327,0.26198045794847513,18,1754,0.46820166934426527,0.21939000130881867,0.26198045794847513,18,1.0,[]
direct_gru@235001,direct_gru,235001,analytic,all,all,0.705963516863787,0.12149290482824769,0.6084767443770146,0.1300390030801842,12,241,0.705963516863787,0.12149290482824769,0.1300390030801842,12,1.0,[]
direct_gru@235001,direct_gru,235001,analytic,all,1,0.7861321548821549,0.08960754945249161,0.5027988215488216,0.08782540059049522,12,82,0.7861321548821549,0.08960754945249161,0.08782540059049522,12,1.0,[]
direct_gru@235001,direct_gru,235001,analytic,all,2,0.7139730639730639,0.10903849942551286,0.7139730639730639,0.10736799952558396,12,81,0.7139730639730639,0.10903849942551286,0.10736799952558396,12,1.0,[]
direct_gru@235001,direct_gru,235001,analytic,all,3,0.6103877117035011,0.16722773660138432,0.6103877117035011,0.20018820356337053,12,78,0.6103877117035011,0.16722773660138432,0.20018820356337053,12,1.0,[]
direct_gru@235001,direct_gru,235001,analytic,lambda3,all,0.7840009474681545,0.09412284136118855,0.6915406300078372,0.08920390089716866,6,126,0.7840009474681545,0.09412284136118855,0.08920390089716866,6,1.0,[]
direct_gru@235001,direct_gru,235001,analytic,lambda3,1,0.8458333333333333,0.08613311804041525,0.5708333333333333,0.07359307408332826,6,43,0.8458333333333333,0.08613311804041525,0.07359307408332826,6,1.0,[]
direct_gru@235001,direct_gru,235001,analytic,lambda3,2,0.7999999999999999,0.08759394914160144,0.7999999999999999,0.07019551595052083,6,43,0.7999999999999999,0.08759394914160144,0.07019551595052083,6,1.0,[]
direct_gru@235001,direct_gru,235001,analytic,lambda3,3,0.6993107769423559,0.11011300266393981,0.6993107769423559,0.1276672148764283,6,40,0.6993107769423559,0.11011300266393981,0.1276672148764283,6,1.0,[]
direct_gru@235001,direct_gru,235001,analytic,lambda4,all,0.6279260862594196,0.14886296829530682,0.525412858746192,0.17087410526319977,6,115,0.6279260862594196,0.14886296829530682,0.17087410526319977,6,1.0,[]
direct_gru@235001,direct_gru,235001,analytic,lambda4,1,0.7264309764309763,0.09308198086456797,0.43476430976430974,0.10205772709766221,6,39,0.7264309764309763,0.09308198086456797,0.10205772709766221,6,1.0,[]
direct_gru@235001,direct_gru,235001,analytic,lambda4,2,0.6279461279461279,0.1304830497094243,0.6279461279461279,0.14454048310064707,6,38,0.6279461279461279,0.1304830497094243,0.14454048310064707,6,1.0,[]
direct_gru@235001,direct_gru,235001,analytic,lambda4,3,0.5214646464646465,0.22434247053882883,0.5214646464646465,0.27270919225031276,6,38,0.5214646464646465,0.22434247053882883,0.27270919225031276,6,1.0,[]
direct_gru@235001,direct_gru,235001,neural,all,all,0.6725749559082893,0.12771682558683464,0.6120811287477954,0.17241763387407574,12,290,0.6725749559082893,0.12771682558683464,0.17241763387407574,12,1.0,[]
direct_gru@235001,direct_gru,235001,neural,all,1,0.7783068783068784,0.07849288750539306,0.5968253968253968,0.07556191619741853,12,97,0.7783068783068784,0.07849288750539306,0.07556191619741853,12,1.0,[]
direct_gru@235001,direct_gru,235001,neural,all,2,0.6234126984126984,0.13916479016761749,0.6234126984126984,0.19117241738334534,12,97,0.6234126984126984,0.13916479016761749,0.19117241738334534,12,1.0,[]
direct_gru@235001,direct_gru,235001,neural,all,3,0.5993386243386244,0.1712901405422155,0.5993386243386244,0.26883856423948177,12,96,0.5993386243386244,0.1712901405422155,0.26883856423948177,12,1.0,[]
direct_gru@235001,direct_gru,235001,neural,lambda3,all,0.7865079365079365,0.08545098154459803,0.6828042328042327,0.08784930314967242,6,153,0.7865079365079365,0.08545098154459803,0.08784930314967242,6,1.0,[]
direct_gru@235001,direct_gru,235001,neural,lambda3,1,0.7658730158730158,0.06439456762405645,0.45476190476190476,0.05939644669729566,6,51,0.7658730158730158,0.06439456762405645,0.05939644669729566,6,1.0,[]
direct_gru@235001,direct_gru,235001,neural,lambda3,2,0.8301587301587302,0.0921521136472734,0.8301587301587302,0.0719680422828311,6,51,0.8301587301587302,0.0921521136472734,0.0719680422828311,6,1.0,[]
direct_gru@235001,direct_gru,235001,neural,lambda3,3,0.7634920634920634,0.09980626336246423,0.7634920634920634,0.13218342046889048,6,51,0.7634920634920634,0.09980626336246423,0.13218342046889048,6,1.0,[]
direct_gru@235001,direct_gru,235001,neural,lambda4,all,0.558641975308642,0.16998266962907127,0.541358024691358,0.25698596459847906,6,137,0.558641975308642,0.16998266962907127,0.25698596459847906,6,1.0,[]
direct_gru@235001,direct_gru,235001,neural,lambda4,1,0.7907407407407407,0.09259120738672966,0.7388888888888889,0.09172738569754142,6,46,0.7907407407407407,0.09259120738672966,0.09172738569754142,6,1.0,[]
direct_gru@235001,direct_gru,235001,neural,lambda4,2,0.4166666666666667,0.18617746668796156,0.4166666666666667,0.3103767924838596,6,46,0.4166666666666667,0.18617746668796156,0.3103767924838596,6,1.0,[]
direct_gru@235001,direct_gru,235001,neural,lambda4,3,0.4351851851851852,0.24277401772196683,0.4351851851851852,0.40549370801007306,6,45,0.4351851851851852,0.24277401772196683,0.40549370801007306,6,1.0,[]
direct_gru@235001,direct_gru,235001,period4_hold,all,all,0.619470263200237,0.1102203485990589,0.5252577871260421,0.07835349652386579,12,6726,0.619470263200237,0.1102203485990589,0.07835349652386579,12,1.0,[]
direct_gru@235001,direct_gru,235001,period4_hold,all,1,0.6049471712862938,0.07383476990552192,0.4651222770052752,0.0445641910611047,12,2243,0.6049471712862938,0.07383476990552192,0.0445641910611047,12,1.0,[]
direct_gru@235001,direct_gru,235001,period4_hold,all,2,0.7457639312072585,0.10701840357755828,0.7165972645405918,0.08188651233287984,12,2242,0.7457639312072585,0.10701840357755828,0.08188651233287984,12,1.0,[]
direct_gru@235001,direct_gru,235001,period4_hold,all,3,0.4234621504502674,0.14736398804553028,0.3517028911910082,0.10883288094440306,12,2241,0.46195870958210994,0.16076071423148758,0.11872677921207607,11,0.9166666666666666,"[""valid:lambda3:23300006:period4_hold""]"
direct_gru@235001,direct_gru,235001,period4_hold,lambda3,all,0.6743006275131651,0.08181255271142424,0.501510902304085,0.07880343030160762,6,1713,0.6743006275131651,0.08181255271142424,0.07880343030160762,6,1.0,[]
direct_gru@235001,direct_gru,235001,period4_hold,lambda3,1,0.7273396672391188,0.05297052073625657,0.44829926319871477,0.03444954985879107,6,572,0.7273396672391188,0.05297052073625657,0.03444954985879107,6,1.0,[]
direct_gru@235001,direct_gru,235001,period4_hold,lambda3,2,0.7281180174690229,0.08390490843548343,0.6697846841356897,0.0924796422758457,6,571,0.7281180174690229,0.08390490843548343,0.0924796422758457,6,1.0,[]
direct_gru@235001,direct_gru,235001,period4_hold,lambda3,3,0.3989691245175706,0.10367446042540025,0.30174690229534834,0.10992728830376657,6,570,0.4787629494210847,0.12440935251048031,0.13191274596451988,5,0.8333333333333334,"[""valid:lambda3:23300006:period4_hold""]"
direct_gru@235001,direct_gru,235001,period4_hold,lambda4,all,0.564639898887309,0.13862814448669358,0.5490046719479992,0.07790356274612395,6,5013,0.564639898887309,0.13862814448669358,0.07790356274612395,6,1.0,[]
direct_gru@235001,direct_gru,235001,period4_hold,lambda4,1,0.4825546753334688,0.09469901907478728,0.4819452908118356,0.054678832263418325,6,1671,0.4825546753334688,0.09469901907478728,0.054678832263418325,6,1.0,[]
direct_gru@235001,direct_gru,235001,period4_hold,lambda4,2,0.7634098449454939,0.13013189871963313,0.7634098449454939,0.07129338238991399,6,1671,0.7634098449454939,0.13013189871963313,0.07129338238991399,6,1.0,[]
direct_gru@235001,direct_gru,235001,period4_hold,lambda4,3,0.44795517638296434,0.1910535156656603,0.401658880086668,0.10773847358503953,6,1671,0.44795517638296434,0.1910535156656603,0.10773847358503953,6,1.0,[]
history_mlp@235001,history_mlp,235001,all,all,all,0.5279244294510838,0.1647543176390024,0.4190699770480664,0.21712222801816525,36,7257,0.5279244294510838,0.1647543176390024,0.21712222801816525,36,1.0,[]
history_mlp@235001,history_mlp,235001,all,all,1,0.6086552588799694,0.11602816505131493,0.3926729865029682,0.12792596839964984,36,2422,0.6086552588799694,0.11602816505131493,0.12792596839964984,36,1.0,[]
history_mlp@235001,history_mlp,235001,all,all,2,0.49956710139906363,0.15484222892018779,0.44715072249730997,0.25242896146285704,36,2420,0.49956710139906363,0.15484222892018779,0.25242896146285704,36,1.0,[]
history_mlp@235001,history_mlp,235001,all,all,3,0.43778138138605116,0.22223044596264577,0.41041578452776695,0.2792634994297454,36,2415,0.4502894208542241,0.22857988727586423,0.28724245655630953,35,0.9722222222222222,"[""valid:lambda3:23300006:period4_hold""]"
history_mlp@235001,history_mlp,235001,all,lambda3,all,0.5426596654773455,0.1281198429109568,0.36748770796653546,0.18210490725052644,18,1992,0.5426596654773455,0.1281198429109568,0.18210490725052644,18,1.0,[]
history_mlp@235001,history_mlp,235001,all,lambda3,1,0.6375306450946305,0.09651173007083784,0.32027540135401195,0.12110197798121797,18,666,0.6375306450946305,0.09651173007083784,0.12110197798121797,18,1.0,[]
history_mlp@235001,history_mlp,235001,all,lambda3,2,0.48188544054631804,0.11423815417997231,0.3772558109166884,0.2244069635397038,18,665,0.48188544054631804,0.11423815417997231,0.2244069635397038,18,1.0,[]
history_mlp@235001,history_mlp,235001,all,lambda3,3,0.4510132354041716,0.17188039563722424,0.40368944909501053,0.20231893768390663,18,661,0.47754342572206404,0.18199100714529626,0.2142200516653129,17,0.9444444444444444,"[""valid:lambda3:23300006:period4_hold""]"
history_mlp@235001,history_mlp,235001,all,lambda4,all,0.513189193424822,0.201388792367048,0.4706522461295973,0.2521395487858041,18,5265,0.513189193424822,0.201388792367048,0.2521395487858041,18,1.0,[]
history_mlp@235001,history_mlp,235001,all,lambda4,1,0.5797798726653084,0.13554460003179203,0.4650705716519245,0.13474995881808172,18,1756,0.5797798726653084,0.13554460003179203,0.13474995881808172,18,1.0,[]
history_mlp@235001,history_mlp,235001,all,lambda4,2,0.5172487622518092,0.19544630366040328,0.5170456340779315,0.28045095938601033,18,1755,0.5172487622518092,0.19544630366040328,0.28045095938601033,18,1.0,[]
history_mlp@235001,history_mlp,235001,all,lambda4,3,0.4245495273679308,0.27258049628806735,0.41714211996052336,0.356208061175584,18,1754,0.4245495273679308,0.27258049628806735,0.356208061175584,18,1.0,[]
history_mlp@235001,history_mlp,235001,analytic,all,all,0.539976639988922,0.1642672375024188,0.4374542497178213,0.24532324198127972,12,241,0.539976639988922,0.1642672375024188,0.24532324198127972,12,1.0,[]
history_mlp@235001,history_mlp,235001,analytic,all,1,0.7168560606060606,0.11825899447101255,0.41893939393939394,0.14188388336186458,12,82,0.7168560606060606,0.11825899447101255,0.14188388336186458,12,1.0,[]
history_mlp@235001,history_mlp,235001,analytic,all,2,0.4374789562289562,0.159226805304683,0.4374789562289562,0.271891304399028,12,81,0.4374789562289562,0.159226805304683,0.271891304399028,12,1.0,[]
history_mlp@235001,history_mlp,235001,analytic,all,3,0.46140161008582065,0.21472595205428266,0.46140161008582065,0.32052387323416576,12,78,0.46140161008582065,0.21472595205428266,0.32052387323416576,12,1.0,[]
history_mlp@235001,history_mlp,235001,analytic,lambda3,all,0.5564644231556538,0.13995789966692365,0.45393287012668,0.21525348477299389,6,126,0.5564644231556538,0.13995789966692365,0.21525348477299389,6,1.0,[]
history_mlp@235001,history_mlp,235001,analytic,lambda3,1,0.7708333333333334,0.10784658257838202,0.4666666666666666,0.11025248964627583,6,43,0.7708333333333334,0.10784658257838202,0.11025248964627583,6,1.0,[]
history_mlp@235001,history_mlp,235001,analytic,lambda3,2,0.37916666666666665,0.12616723920155995,0.37916666666666665,0.2919369419415792,6,43,0.37916666666666665,0.12616723920155995,0.2919369419415792,6,1.0,[]
history_mlp@235001,history_mlp,235001,analytic,lambda3,3,0.5149749373433584,0.18753740040029385,0.5149749373433584,0.24720466620940015,6,40,0.5149749373433584,0.18753740040029385,0.24720466620940015,6,1.0,[]
history_mlp@235001,history_mlp,235001,analytic,lambda4,all,0.5234888568221902,0.18857657533791394,0.4209756293089626,0.27539299918956556,6,115,0.5234888568221902,0.18857657533791394,0.27539299918956556,6,1.0,[]
history_mlp@235001,history_mlp,235001,analytic,lambda4,1,0.6628787878787878,0.12867140636364308,0.37121212121212116,0.17351527707745332,6,39,0.6628787878787878,0.12867140636364308,0.17351527707745332,6,1.0,[]
history_mlp@235001,history_mlp,235001,analytic,lambda4,2,0.49579124579124584,0.19228637140780605,0.49579124579124584,0.25184566685647675,6,38,0.49579124579124584,0.19228637140780605,0.25184566685647675,6,1.0,[]
history_mlp@235001,history_mlp,235001,analytic,lambda4,3,0.4078282828282828,0.24191450370827147,0.4078282828282828,0.3938430802589314,6,38,0.4078282828282828,0.24191450370827147,0.3938430802589314,6,1.0,[]
history_mlp@235001,history_mlp,235001,neural,all,all,0.4996031746031746,0.18115543656409885,0.43236331569664904,0.2962467767363923,12,290,0.4996031746031746,0.18115543656409885,0.2962467767363923,12,1.0,[]
history_mlp@235001,history_mlp,235001,neural,all,1,0.6781746031746031,0.12181482476917628,0.482010582010582,0.1349362920831751,12,97,0.6781746031746031,0.12181482476917628,0.1349362920831751,12,1.0,[]
history_mlp@235001,history_mlp,235001,neural,all,2,0.3284391534391534,0.1803516868778915,0.3284391534391534,0.3866678205747453,12,97,0.3284391534391534,0.1803516868778915,0.3866678205747453,12,1.0,[]
history_mlp@235001,history_mlp,235001,neural,all,3,0.46719576719576716,0.2418360546309175,0.46164021164021163,0.3931092037725701,12,96,0.46719576719576716,0.2418360546309175,0.3931092037725701,12,1.0,[]
history_mlp@235001,history_mlp,235001,neural,lambda3,all,0.5343915343915343,0.12417143698086001,0.4208994708994709,0.21374012036298318,6,153,0.5343915343915343,0.12417143698086001,0.21374012036298318,6,1.0,[]
history_mlp@235001,history_mlp,235001,neural,lambda3,1,0.684126984126984,0.0862503157569407,0.3436507936507936,0.12069716453552247,6,51,0.684126984126984,0.0862503157569407,0.12069716453552247,6,1.0,[]
history_mlp@235001,history_mlp,235001,neural,lambda3,2,0.40317460317460313,0.11385270429119103,0.40317460317460313,0.2635024642187452,6,51,0.40317460317460313,0.11385270429119103,0.2635024642187452,6,1.0,[]
history_mlp@235001,history_mlp,235001,neural,lambda3,3,0.5158730158730159,0.1724112908944483,0.5158730158730159,0.2570207323346819,6,51,0.5158730158730159,0.1724112908944483,0.2570207323346819,6,1.0,[]
history_mlp@235001,history_mlp,235001,neural,lambda4,all,0.4648148148148148,0.23813943614733768,0.44382716049382714,0.3787534331098015,6,137,0.4648148148148148,0.23813943614733768,0.3787534331098015,6,1.0,[]
history_mlp@235001,history_mlp,235001,neural,lambda4,1,0.6722222222222222,0.15737933378141186,0.6203703703703703,0.14917541963082773,6,46,0.6722222222222222,0.15737933378141186,0.14917541963082773,6,1.0,[]
history_mlp@235001,history_mlp,235001,neural,lambda4,2,0.2537037037037037,0.24685066946459192,0.2537037037037037,0.5098331769307455,6,46,0.2537037037037037,0.24685066946459192,0.5098331769307455,6,1.0,[]
history_mlp@235001,history_mlp,235001,neural,lambda4,3,0.4185185185185185,0.31126081836738667,0.40740740740740744,0.5291976752104582,6,45,0.4185185185185185,0.31126081836738667,0.5291976752104582,6,1.0,[]
history_mlp@235001,history_mlp,235001,period4_hold,all,all,0.5441934737611548,0.14884027885048948,0.38739236572972885,0.10979666533682371,12,6726,0.5441934737611548,0.14884027885048948,0.10979666533682371,12,1.0,[]
history_mlp@235001,history_mlp,235001,period4_hold,all,1,0.43093511285924446,0.108010675913756,0.27706898355892867,0.10695772975390984,12,2243,0.43093511285924446,0.108010675913756,0.10695772975390984,12,1.0,[]
history_mlp@235001,history_mlp,235001,period4_hold,all,2,0.7327831945290812,0.1249481945779889,0.5755340578238202,0.09872775941479787,12,2242,0.7327831945290812,0.1249481945779889,0.09872775941479787,12,1.0,[]
history_mlp@235001,history_mlp,235001,period4_hold,all,3,0.3847467668765658,0.21012933120273725,0.30820553185726857,0.1241574212825002,12,2241,0.4197237456835263,0.22923199767571337,0.1354444595809093,11,0.9166666666666666,"[""valid:lambda3:23300006:period4_hold""]"
history_mlp@235001,history_mlp,235001,period4_hold,lambda3,all,0.5371230388848481,0.12023019208508667,0.2276307828734555,0.11732111661560231,6,1713,0.5371230388848481,0.12023019208508667,0.11732111661560231,6,1.0,[]
history_mlp@235001,history_mlp,235001,period4_hold,lambda3,1,0.4576316178235739,0.09543829187719079,0.15050874374457554,0.13235627976185554,6,572,0.4576316178235739,0.09543829187719079,0.13235627976185554,6,1.0,[]
history_mlp@235001,history_mlp,235001,period4_hold,lambda3,2,0.6633150517976844,0.10269451904716598,0.3494261629087954,0.11778148445878696,6,571,0.6633150517976844,0.10269451904716598,0.11778148445878696,6,1.0,[]
history_mlp@235001,history_mlp,235001,period4_hold,lambda3,3,0.32219175299614056,0.15569249561693063,0.1802203940686573,0.1027314145076379,6,570,0.38663010359536865,0.18683099474031678,0.12327769740916547,5,0.8333333333333334,"[""valid:lambda3:23300006:period4_hold""]"
history_mlp@235001,history_mlp,235001,period4_hold,lambda4,all,0.5512639086374613,0.17745036561589234,0.5471539485860022,0.10227221405804514,6,5013,0.5512639086374613,0.17745036561589234,0.10227221405804514,6,1.0,[]
history_mlp@235001,history_mlp,235001,period4_hold,lambda4,1,0.404238607894915,0.1205830599503212,0.4036292233732819,0.08155917974596412,6,1671,0.404238607894915,0.1205830599503212,0.08155917974596412,6,1.0,[]
history_mlp@235001,history_mlp,235001,period4_hold,lambda4,2,0.8022513372604779,0.14720187010881186,0.8016419527388449,0.07967403437080876,6,1671,0.8022513372604779,0.14720187010881186,0.07967403437080876,6,1.0,[]
history_mlp@235001,history_mlp,235001,period4_hold,lambda4,3,0.447301780756991,0.2645661667885439,0.4361906696458799,0.14558342805736252,6,1671,0.447301780756991,0.2645661667885439,0.14558342805736252,6,1.0,[]
current_mlp@235001,current_mlp,235001,all,all,all,0.6151478581129968,0.13306826034996513,0.557689484480788,0.1511314383517518,36,7257,0.6151478581129968,0.13306826034996513,0.1511314383517518,36,1.0,[]
current_mlp@235001,current_mlp,235001,all,all,1,0.6391692270196231,0.10314696893696361,0.5377803381307342,0.09334732733067422,36,2422,0.6391692270196231,0.10314696893696361,0.09334732733067422,36,1.0,[]
current_mlp@235001,current_mlp,235001,all,all,2,0.6915883593633442,0.12003511028650883,0.656403174178159,0.1444467517538957,36,2420,0.6915883593633442,0.12003511028650883,0.1444467517538957,36,1.0,[]
current_mlp@235001,current_mlp,235001,all,all,3,0.48315332107467834,0.17336780505189509,0.4754372716919623,0.2224816747452535,36,2415,0.496957701676812,0.17832117091052066,0.22883829402368933,35,0.9722222222222222,"[""valid:lambda3:23300006:period4_hold""]"
current_mlp@235001,current_mlp,235001,all,lambda3,all,0.6609259426362322,0.11250297610091331,0.5542396480467118,0.13463841922254957,18,1992,0.6609259426362322,0.11250297610091331,0.13463841922254957,18,1.0,[]
current_mlp@235001,current_mlp,235001,all,lambda3,1,0.7217528950161491,0.09983050490352358,0.5189751172383713,0.08739209409331111,18,666,0.7217528950161491,0.09983050490352358,0.08739209409331111,18,1.0,[]
current_mlp@235001,current_mlp,235001,all,lambda3,2,0.6784368561562346,0.1065827776273089,0.6173257450451235,0.14800247274406295,18,665,0.6784368561562346,0.1065827776273089,0.14800247274406295,18,1.0,[]
current_mlp@235001,current_mlp,235001,all,lambda3,3,0.5256073990582795,0.1232116129868013,0.5256073990582795,0.16830660363068514,18,661,0.5565254813558254,0.13045935492720137,0.17820699207954896,17,0.9444444444444444,"[""valid:lambda3:23300006:period4_hold""]"
current_mlp@235001,current_mlp,235001,all,lambda4,all,0.5693697735897615,0.15363354459901693,0.5611393209148643,0.167624457480954,18,5265,0.5693697735897615,0.15363354459901693,0.167624457480954,18,1.0,[]
current_mlp@235001,current_mlp,235001,all,lambda4,1,0.5565855590230971,0.10646343297040367,0.5565855590230971,0.09930256056803732,18,1756,0.5565855590230971,0.10646343297040367,0.09930256056803732,18,1.0,[]
current_mlp@235001,current_mlp,235001,all,lambda4,2,0.7047398625704537,0.13348744294570877,0.6954806033111944,0.14089103076372844,18,1755,0.7047398625704537,0.13348744294570877,0.14089103076372844,18,1.0,[]
current_mlp@235001,current_mlp,235001,all,lambda4,3,0.44069924309107733,0.2235239971169888,0.4252671443256453,0.27665674585982186,18,1754,0.44069924309107733,0.2235239971169888,0.27665674585982186,18,1.0,[]
current_mlp@235001,current_mlp,235001,analytic,all,all,0.6393134536342594,0.12878679709535787,0.6055832949041006,0.1341030494200866,12,241,0.6393134536342594,0.12878679709535787,0.1341030494200866,12,1.0,[]
current_mlp@235001,current_mlp,235001,analytic,all,1,0.6162878787878788,0.11635081820498105,0.5162878787878787,0.10746167052273799,12,82,0.6162878787878788,0.11635081820498105,0.10746167052273799,12,1.0,[]
current_mlp@235001,current_mlp,235001,analytic,all,2,0.7453914141414142,0.1045109951599607,0.7453914141414142,0.11013880885811365,12,81,0.7453914141414142,0.1045109951599607,0.11013880885811365,12,1.0,[]
current_mlp@235001,current_mlp,235001,analytic,all,3,0.5707295384926964,0.16398322458713002,0.5707295384926964,0.18303569314908427,12,78,0.5707295384926964,0.16398322458713002,0.18303569314908427,12,1.0,[]
current_mlp@235001,current_mlp,235001,analytic,lambda3,all,0.6577554947304395,0.10721995189761735,0.590295177270122,0.14120612740858293,6,126,0.6577554947304395,0.10721995189761735,0.14120612740858293,6,1.0,[]
current_mlp@235001,current_mlp,235001,analytic,lambda3,1,0.725,0.11060752863737076,0.525,0.11080432136853535,6,43,0.725,0.11060752863737076,0.11080432136853535,6,1.0,[]
current_mlp@235001,current_mlp,235001,analytic,lambda3,2,0.6625,0.0940272164227754,0.6625,0.16408705314000446,6,43,0.6625,0.0940272164227754,0.16408705314000446,6,1.0,[]
current_mlp@235001,current_mlp,235001,analytic,lambda3,3,0.5829573934837092,0.11753890957592932,0.5829573934837092,0.146857586301359,6,40,0.5829573934837092,0.11753890957592932,0.146857586301359,6,1.0,[]
current_mlp@235001,current_mlp,235001,analytic,lambda4,all,0.6208714125380792,0.15035364229309836,0.6208714125380792,0.12699997143159028,6,115,0.6208714125380792,0.15035364229309836,0.12699997143159028,6,1.0,[]
current_mlp@235001,current_mlp,235001,analytic,lambda4,1,0.5075757575757576,0.12209410777259137,0.5075757575757576,0.10411901967694061,6,39,0.5075757575757576,0.12209410777259137,0.10411901967694061,6,1.0,[]
current_mlp@235001,current_mlp,235001,analytic,lambda4,2,0.8282828282828283,0.11499477389714602,0.8282828282828283,0.05619056457622284,6,38,0.8282828282828283,0.11499477389714602,0.05619056457622284,6,1.0,[]
current_mlp@235001,current_mlp,235001,analytic,lambda4,3,0.5585016835016835,0.21042753959833074,0.5585016835016835,0.21921379999680954,6,38,0.5585016835016835,0.21042753959833074,0.21921379999680954,6,1.0,[]
current_mlp@235001,current_mlp,235001,neural,all,all,0.6345679012345679,0.13623960473962796,0.6012345679012345,0.1936105144086969,12,290,0.6345679012345679,0.13623960473962796,0.1936105144086969,12,1.0,[]
current_mlp@235001,current_mlp,235001,neural,all,1,0.680026455026455,0.10376068725436109,0.580026455026455,0.11018450430461339,12,97,0.680026455026455,0.10376068725436109,0.11018450430461339,12,1.0,[]
current_mlp@235001,current_mlp,235001,neural,all,2,0.653968253968254,0.1293605989315896,0.653968253968254,0.18217120170593262,12,97,0.653968253968254,0.1293605989315896,0.18217120170593262,12,1.0,[]
current_mlp@235001,current_mlp,235001,neural,all,3,0.5447089947089947,0.1812311396926223,0.5447089947089947,0.31017954936103215,12,96,0.5447089947089947,0.1812311396926223,0.31017954936103215,12,1.0,[]
current_mlp@235001,current_mlp,235001,neural,lambda3,all,0.7111111111111111,0.10269322244798235,0.6444444444444445,0.11558782411000085,6,153,0.7111111111111111,0.10269322244798235,0.11558782411000085,6,1.0,[]
current_mlp@235001,current_mlp,235001,neural,lambda3,1,0.673015873015873,0.09958191597864426,0.47301587301587295,0.08920566051725358,6,51,0.673015873015873,0.09958191597864426,0.08920566051725358,6,1.0,[]
current_mlp@235001,current_mlp,235001,neural,lambda3,2,0.7746031746031746,0.09489081757806624,0.7746031746031746,0.08695359230041505,6,51,0.7746031746031746,0.09489081757806624,0.08695359230041505,6,1.0,[]
current_mlp@235001,current_mlp,235001,neural,lambda3,3,0.6857142857142856,0.11360693378723656,0.6857142857142856,0.17060421951233395,6,51,0.6857142857142856,0.11360693378723656,0.17060421951233395,6,1.0,[]
current_mlp@235001,current_mlp,235001,neural,lambda4,all,0.5580246913580247,0.16978598703127354,0.5580246913580247,0.27163320470739294,6,137,0.5580246913580247,0.16978598703127354,0.27163320470739294,6,1.0,[]
current_mlp@235001,current_mlp,235001,neural,lambda4,1,0.687037037037037,0.10793945853007791,0.687037037037037,0.1311633480919732,6,46,0.687037037037037,0.10793945853007791,0.1311633480919732,6,1.0,[]
current_mlp@235001,current_mlp,235001,neural,lambda4,2,0.5333333333333333,0.16383038028511301,0.5333333333333333,0.2773888111114502,6,46,0.5333333333333333,0.16383038028511301,0.2773888111114502,6,1.0,[]
current_mlp@235001,current_mlp,235001,neural,lambda4,3,0.4037037037037037,0.24885534559800807,0.4037037037037037,0.44975487920973034,6,45,0.4037037037037037,0.24885534559800807,0.44975487920973034,6,1.0,[]
current_mlp@235001,current_mlp,235001,period4_hold,all,all,0.5715622194701631,0.13417837921490958,0.4662505906370289,0.12568075122647185,12,6726,0.5715622194701631,0.13417837921490958,0.12568075122647185,12,1.0,[]
current_mlp@235001,current_mlp,235001,period4_hold,all,1,0.6211933472445356,0.0893294013515487,0.5170266805778688,0.06239580716467128,12,2243,0.6211933472445356,0.0893294013515487,0.06239580716467128,12,1.0,[]
current_mlp@235001,current_mlp,235001,period4_hold,all,2,0.6754054099803642,0.1262337367679762,0.5698498544248087,0.14103024469764078,12,2242,0.6754054099803642,0.1262337367679762,0.14103024469764078,12,1.0,[]
current_mlp@235001,current_mlp,235001,period4_hold,all,3,0.3340214300223441,0.17488905087593287,0.31087328187419594,0.1742297817256441,12,2241,0.3643870145698299,0.19078805550101768,0.19006885279161176,11,0.9166666666666666,"[""valid:lambda3:23300006:period4_hold""]"
current_mlp@235001,current_mlp,235001,period4_hold,lambda3,all,0.6139112220671459,0.12759575395714026,0.4279793224255688,0.14712130614906496,6,1713,0.6139112220671459,0.12759575395714026,0.14712130614906496,6,1.0,[]
current_mlp@235001,current_mlp,235001,period4_hold,lambda3,1,0.7672428120325744,0.0893020700945557,0.558909478699241,0.06216630039414441,6,572,0.7672428120325744,0.0893020700945557,0.06216630039414441,6,1.0,[]
current_mlp@235001,current_mlp,235001,period4_hold,lambda3,2,0.5982073938655291,0.1308302988810851,0.41487406053219583,0.1929667727917693,6,571,0.5982073938655291,0.1308302988810851,0.1929667727917693,6,1.0,[]
current_mlp@235001,current_mlp,235001,period4_hold,lambda3,3,0.3081505179768434,0.13848899559723807,0.3081505179768434,0.1874580050783624,6,570,0.36978062157221203,0.16618679471668568,0.2249496060940349,5,0.8333333333333334,"[""valid:lambda3:23300006:period4_hold""]"
current_mlp@235001,current_mlp,235001,period4_hold,lambda4,all,0.5292132168731803,0.1407610044726789,0.5045218588484889,0.10424019630387876,6,5013,0.5292132168731803,0.1407610044726789,0.10424019630387876,6,1.0,[]
current_mlp@235001,current_mlp,235001,period4_hold,lambda4,1,0.4751438824564967,0.0893567326085417,0.4751438824564967,0.06262531393519816,6,1671,0.4751438824564967,0.0893567326085417,0.06262531393519816,6,1.0,[]
current_mlp@235001,current_mlp,235001,period4_hold,lambda4,2,0.7526034260951994,0.12163717465486729,0.7248256483174216,0.08909371660351229,6,1671,0.7526034260951994,0.12163717465486729,0.08909371660351229,6,1.0,[]
current_mlp@235001,current_mlp,235001,period4_hold,lambda4,3,0.3598923420678448,0.21128910615462768,0.3135960457715485,0.1610015583729258,6,1671,0.3598923420678448,0.21128910615462768,0.1610015583729258,6,1.0,[]
residual_gru@235002,residual_gru,235002,all,all,all,0.683276574863154,0.09122193082280887,0.6823805175154836,0.10898046130385743,36,7257,0.683276574863154,0.09122193082280887,0.10898046130385743,36,1.0,[]
residual_gru@235002,residual_gru,235002,all,all,1,0.7532694897525793,0.050835843222603885,0.7532694897525793,0.06988172134576469,36,2422,0.7532694897525793,0.050835843222603885,0.06988172134576469,36,1.0,[]
residual_gru@235002,residual_gru,235002,all,all,2,0.7114075833492347,0.09295605466276768,0.708629805571457,0.10076543667021179,36,2420,0.7114075833492347,0.09295605466276768,0.10076543667021179,36,1.0,[]
residual_gru@235002,residual_gru,235002,all,all,3,0.5532030765240619,0.12873411920576058,0.5532030765240619,0.1552465364991091,36,2415,0.5690088787104636,0.13241223689735374,0.15968215182765508,35,0.9722222222222222,"[""valid:lambda3:23300006:period4_hold""]"
residual_gru@235002,residual_gru,235002,all,lambda3,all,0.7042758420549315,0.06980114562009175,0.702483727359591,0.09856580734177561,18,1992,0.7042758420549315,0.06980114562009175,0.09856580734177561,18,1.0,[]
residual_gru@235002,residual_gru,235002,all,lambda3,1,0.7724814634549553,0.04311725436818445,0.7724814634549553,0.08244393918134243,18,666,0.7724814634549553,0.04311725436818445,0.08244393918134243,18,1.0,[]
residual_gru@235002,residual_gru,235002,all,lambda3,2,0.7301044417360688,0.07236253127006588,0.7245488861805133,0.08690009000976308,18,665,0.7301044417360688,0.07236253127006588,0.08690009000976308,18,1.0,[]
residual_gru@235002,residual_gru,235002,all,lambda3,3,0.5526916773958052,0.0920058220435059,0.5526916773958052,0.1261876892494456,18,661,0.5852029525367349,0.09741792922253566,0.13361049449941298,17,0.9444444444444444,"[""valid:lambda3:23300006:period4_hold""]"
residual_gru@235002,residual_gru,235002,all,lambda4,all,0.6622773076713764,0.11264271602552596,0.6622773076713764,0.11939511526593923,18,5265,0.6622773076713764,0.11264271602552596,0.11939511526593923,18,1.0,[]
residual_gru@235002,residual_gru,235002,all,lambda4,1,0.7340575160502034,0.058554432077023315,0.7340575160502034,0.05731950351018692,18,1756,0.7340575160502034,0.058554432077023315,0.05731950351018692,18,1.0,[]
residual_gru@235002,residual_gru,235002,all,lambda4,2,0.6927107249624007,0.11354957805546949,0.6927107249624007,0.1146307833306605,18,1755,0.6927107249624007,0.11354957805546949,0.1146307833306605,18,1.0,[]
residual_gru@235002,residual_gru,235002,all,lambda4,3,0.5537144756523183,0.16546241636801526,0.5537144756523183,0.1843053837487726,18,1754,0.5537144756523183,0.16546241636801526,0.1843053837487726,18,1.0,[]
residual_gru@235002,residual_gru,235002,analytic,all,all,0.7075714627176185,0.09227878322601309,0.7075714627176185,0.12932200662654156,12,241,0.7075714627176185,0.09227878322601309,0.12932200662654156,12,1.0,[]
residual_gru@235002,residual_gru,235002,analytic,all,1,0.7836489898989899,0.05905098938369319,0.7836489898989899,0.11606028775374094,12,82,0.7836489898989899,0.05905098938369319,0.11606028775374094,12,1.0,[]
residual_gru@235002,residual_gru,235002,analytic,all,2,0.7069654882154882,0.08569413194669424,0.7069654882154882,0.08342581854926216,12,81,0.7069654882154882,0.08569413194669424,0.08342581854926216,12,1.0,[]
residual_gru@235002,residual_gru,235002,analytic,all,3,0.6129129642287537,0.1339931249036176,0.6129129642287537,0.19281765006031618,12,78,0.6129129642287537,0.1339931249036176,0.19281765006031618,12,1.0,[]
residual_gru@235002,residual_gru,235002,analytic,lambda3,all,0.714545683171328,0.07919418325729868,0.714545683171328,0.13208506119447724,6,126,0.714545683171328,0.07919418325729868,0.13208506119447724,6,1.0,[]
residual_gru@235002,residual_gru,235002,analytic,lambda3,1,0.7541666666666668,0.06586655420739694,0.7541666666666668,0.16941003203392027,6,43,0.7541666666666668,0.06586655420739694,0.16941003203392027,6,1.0,[]
residual_gru@235002,residual_gru,235002,analytic,lambda3,2,0.7291666666666666,0.07519237455458944,0.7291666666666666,0.08300296862920126,6,43,0.7291666666666666,0.07519237455458944,0.08300296862920126,6,1.0,[]
residual_gru@235002,residual_gru,235002,analytic,lambda3,3,0.6576441102756893,0.09730158151755385,0.6576441102756893,0.1430007014657023,6,40,0.6576441102756893,0.09730158151755385,0.1430007014657023,6,1.0,[]
residual_gru@235002,residual_gru,235002,analytic,lambda4,all,0.700597242263909,0.1053633831947275,0.700597242263909,0.12655895205860587,6,115,0.700597242263909,0.1053633831947275,0.12655895205860587,6,1.0,[]
residual_gru@235002,residual_gru,235002,analytic,lambda4,1,0.8131313131313131,0.052235424559989446,0.8131313131313131,0.0627105434735616,6,39,0.8131313131313131,0.052235424559989446,0.0627105434735616,6,1.0,[]
residual_gru@235002,residual_gru,235002,analytic,lambda4,2,0.6847643097643097,0.09619588933879904,0.6847643097643097,0.08384866846932305,6,38,0.6847643097643097,0.09619588933879904,0.08384866846932305,6,1.0,[]
residual_gru@235002,residual_gru,235002,analytic,lambda4,3,0.5681818181818182,0.17068466828968132,0.5681818181818182,0.24263459865493006,6,38,0.5681818181818182,0.17068466828968132,0.24263459865493006,6,1.0,[]
residual_gru@235002,residual_gru,235002,neural,all,all,0.7036155202821869,0.09495395585649763,0.7036155202821869,0.1327340948518622,12,290,0.7036155202821869,0.09495395585649763,0.1327340948518622,12,1.0,[]
residual_gru@235002,residual_gru,235002,neural,all,1,0.8142857142857144,0.05719273947191043,0.8142857142857144,0.07029151304689034,12,97,0.8142857142857144,0.05719273947191043,0.07029151304689034,12,1.0,[]
residual_gru@235002,residual_gru,235002,neural,all,2,0.6648148148148149,0.09776072223097637,0.6648148148148149,0.14684196843041314,12,97,0.6648148148148149,0.09776072223097637,0.14684196843041314,12,1.0,[]
residual_gru@235002,residual_gru,235002,neural,all,3,0.6400793650793651,0.12785290720035764,0.6400793650793651,0.173415813054988,12,96,0.6400793650793651,0.12785290720035764,0.173415813054988,12,1.0,[]
residual_gru@235002,residual_gru,235002,neural,lambda3,all,0.7529100529100529,0.05983101615596601,0.7529100529100529,0.0961860871188855,6,153,0.7529100529100529,0.05983101615596601,0.0961860871188855,6,1.0,[]
residual_gru@235002,residual_gru,235002,neural,lambda3,1,0.8174603174603176,0.03649726665696755,0.8174603174603176,0.055260215108356776,6,51,0.8174603174603176,0.03649726665696755,0.055260215108356776,6,1.0,[]
residual_gru@235002,residual_gru,235002,neural,lambda3,2,0.7777777777777778,0.06137799521983655,0.7777777777777778,0.07893224292331272,6,51,0.7777777777777778,0.06137799521983655,0.07893224292331272,6,1.0,[]
residual_gru@235002,residual_gru,235002,neural,lambda3,3,0.6634920634920635,0.08161778659109395,0.6634920634920635,0.15436580332498703,6,51,0.6634920634920635,0.08161778659109395,0.15436580332498703,6,1.0,[]
residual_gru@235002,residual_gru,235002,neural,lambda4,all,0.654320987654321,0.13007689555702925,0.654320987654321,0.16928210258483886,6,137,0.654320987654321,0.13007689555702925,0.16928210258483886,6,1.0,[]
residual_gru@235002,residual_gru,235002,neural,lambda4,1,0.8111111111111112,0.07788821228685332,0.8111111111111112,0.0853228109854239,6,46,0.8111111111111112,0.07788821228685332,0.0853228109854239,6,1.0,[]
residual_gru@235002,residual_gru,235002,neural,lambda4,2,0.5518518518518518,0.1341434492421162,0.5518518518518518,0.21475169393751356,6,46,0.5518518518518518,0.1341434492421162,0.21475169393751356,6,1.0,[]
residual_gru@235002,residual_gru,235002,neural,lambda4,3,0.6166666666666667,0.17408802780962132,0.6166666666666667,0.192465822784989,6,45,0.6166666666666667,0.17408802780962132,0.192465822784989,6,1.0,[]
residual_gru@235002,residual_gru,235002,period4_hold,all,all,0.6386427415896564,0.08643305338591585,0.6359545695466456,0.06488528243316855,12,6726,0.6386427415896564,0.08643305338591585,0.06488528243316855,12,1.0,[]
residual_gru@235002,residual_gru,235002,period4_hold,all,1,0.6618737650730339,0.036263800812208015,0.6618737650730339,0.023293363236662756,12,2243,0.6618737650730339,0.036263800812208015,0.023293363236662756,12,1.0,[]
residual_gru@235002,residual_gru,235002,period4_hold,all,2,0.7624424470174013,0.09541330981063244,0.754109113684068,0.07202852303096005,12,2242,0.7624424470174013,0.09541330981063244,0.07202852303096005,12,1.0,[]
residual_gru@235002,residual_gru,235002,period4_hold,all,3,0.40661690026406666,0.12435632551330648,0.40661690026406666,0.09950614638202314,12,2241,0.4435820730153454,0.13566144601451616,0.10855215968947979,11,0.9166666666666666,"[""valid:lambda3:23300006:period4_hold""]"
residual_gru@235002,residual_gru,235002,period4_hold,lambda3,all,0.6453717900834136,0.07037823744701055,0.6399954459973921,0.06742627371196412,6,1713,0.6453717900834136,0.07037823744701055,0.06742627371196412,6,1.0,[]
residual_gru@235002,residual_gru,235002,period4_hold,lambda3,1,0.7458174062378816,0.026987942240188842,0.7458174062378816,0.022661570401750236,6,572,0.7458174062378816,0.026987942240188842,0.022661570401750236,6,1.0,[]
residual_gru@235002,residual_gru,235002,period4_hold,lambda3,2,0.683368880763762,0.08051722403577165,0.6667022140970952,0.09876505847677525,6,571,0.683368880763762,0.08051722403577165,0.09876505847677525,6,1.0,[]
residual_gru@235002,residual_gru,235002,period4_hold,lambda3,3,0.3369388584196628,0.09709809802186992,0.3369388584196628,0.08119656295764745,6,570,0.4043266301035954,0.1165177176262439,0.09743587554917693,5,0.8333333333333334,"[""valid:lambda3:23300006:period4_hold""]"
residual_gru@235002,residual_gru,235002,period4_hold,lambda4,all,0.6319136930958991,0.10248786932482117,0.6319136930958991,0.062344291154372976,6,5013,0.6319136930958991,0.10248786932482117,0.062344291154372976,6,1.0,[]
residual_gru@235002,residual_gru,235002,period4_hold,lambda4,1,0.5779301239081861,0.04553965938422718,0.5779301239081861,0.023925156071575276,6,1671,0.5779301239081861,0.04553965938422718,0.023925156071575276,6,1.0,[]
residual_gru@235002,residual_gru,235002,period4_hold,lambda4,2,0.8415160132710406,0.11030939558549324,0.8415160132710406,0.045291987585144855,6,1671,0.8415160132710406,0.11030939558549324,0.045291987585144855,6,1.0,[]
residual_gru@235002,residual_gru,235002,period4_hold,lambda4,3,0.4762949421084704,0.15161455300474305,0.4762949421084704,0.11781572980639882,6,1671,0.4762949421084704,0.15161455300474305,0.11781572980639882,6,1.0,[]
direct_gru@235002,direct_gru,235002,all,all,all,0.727921299145931,0.08182627866951626,0.7268924925615688,0.08901185599597132,36,7257,0.727921299145931,0.08182627866951626,0.08901185599597132,36,1.0,[]
direct_gru@235002,direct_gru,235002,all,all,1,0.778340674379675,0.05373426080824788,0.778340674379675,0.04433427786754349,36,2422,0.778340674379675,0.05373426080824788,0.04433427786754349,36,1.0,[]
direct_gru@235002,direct_gru,235002,all,all,2,0.7365018378996137,0.0775206482415676,0.7365018378996137,0.08391600190670685,36,2420,0.7365018378996137,0.0775206482415676,0.08391600190670685,36,1.0,[]
direct_gru@235002,direct_gru,235002,all,all,3,0.6409237813323897,0.11301881260696524,0.6378373615793033,0.13859124739717033,36,2415,0.659235889370458,0.11624792153859281,0.14255099732280374,35,0.9722222222222222,"[""valid:lambda3:23300006:period4_hold""]"
direct_gru@235002,direct_gru,235002,all,lambda3,all,0.7739965071120312,0.06350816443108746,0.7739965071120312,0.06825896216353788,18,1992,0.7739965071120312,0.06350816443108746,0.06825896216353788,18,1.0,[]
direct_gru@235002,direct_gru,235002,all,lambda3,1,0.8334489229370399,0.04382541648168137,0.8334489229370399,0.03146304706795275,18,666,0.8334489229370399,0.04382541648168137,0.03146304706795275,18,1.0,[]
direct_gru@235002,direct_gru,235002,all,lambda3,2,0.760863125465502,0.06354601959646627,0.760863125465502,0.06989469770910907,18,665,0.760863125465502,0.06354601959646627,0.06989469770910907,18,1.0,[]
direct_gru@235002,direct_gru,235002,all,lambda3,3,0.6687722123712694,0.08147902306887331,0.6687722123712694,0.10605027791988196,18,661,0.7081117542754617,0.08627190677880703,0.11228852956222796,17,0.9444444444444444,"[""valid:lambda3:23300006:period4_hold""]"
direct_gru@235002,direct_gru,235002,all,lambda4,all,0.6818460911798307,0.10014439290794507,0.6797884780111064,0.10976474982840476,18,5265,0.6818460911798307,0.10014439290794507,0.10976474982840476,18,1.0,[]
direct_gru@235002,direct_gru,235002,all,lambda4,1,0.7232324258223101,0.06364310513481439,0.7232324258223101,0.057205508667134225,18,1756,0.7232324258223101,0.06364310513481439,0.057205508667134225,18,1.0,[]
direct_gru@235002,direct_gru,235002,all,lambda4,2,0.7121405503337253,0.09149527688666893,0.7121405503337253,0.09793730610430465,18,1755,0.7121405503337253,0.09149527688666893,0.09793730610430465,18,1.0,[]
direct_gru@235002,direct_gru,235002,all,lambda4,3,0.6130753502935099,0.14455860214505714,0.6069025107873371,0.17113221687445868,18,1754,0.6130753502935099,0.14455860214505714,0.17113221687445868,18,1.0,[]
direct_gru@235002,direct_gru,235002,analytic,all,all,0.7509107521389516,0.08311463584479914,0.7509107521389516,0.10473966884861684,12,241,0.7509107521389516,0.08311463584479914,0.10473966884861684,12,1.0,[]
direct_gru@235002,direct_gru,235002,analytic,all,1,0.8423821548821548,0.05822299709881785,0.8423821548821548,0.05749794875933265,12,82,0.8423821548821548,0.05822299709881785,0.05749794875933265,12,1.0,[]
direct_gru@235002,direct_gru,235002,analytic,all,2,0.7035563973063973,0.07336565590782416,0.7035563973063973,0.0824213288649164,12,81,0.7035563973063973,0.07336565590782416,0.0824213288649164,12,1.0,[]
direct_gru@235002,direct_gru,235002,analytic,all,3,0.7002202475886686,0.11940456112385471,0.7002202475886686,0.1811093847156069,12,78,0.7002202475886686,0.11940456112385471,0.1811093847156069,12,1.0,[]
direct_gru@235002,direct_gru,235002,analytic,lambda3,all,0.789299458422524,0.07828286806314418,0.789299458422524,0.08914897051067373,6,126,0.789299458422524,0.07828286806314418,0.08914897051067373,6,1.0,[]
direct_gru@235002,direct_gru,235002,analytic,lambda3,1,0.875,0.06617063679471352,0.875,0.04833027720451355,6,43,0.875,0.06617063679471352,0.04833027720451355,6,1.0,[]
direct_gru@235002,direct_gru,235002,analytic,lambda3,2,0.7374999999999999,0.07176820365994002,0.7374999999999999,0.09291092952092489,6,43,0.7374999999999999,0.07176820365994002,0.09291092952092489,6,1.0,[]
direct_gru@235002,direct_gru,235002,analytic,lambda3,3,0.750187969924812,0.09901755881792361,0.750187969924812,0.13357668986595364,6,40,0.750187969924812,0.09901755881792361,0.13357668986595364,6,1.0,[]
direct_gru@235002,direct_gru,235002,analytic,lambda4,all,0.7125220458553793,0.08794640362645412,0.7125220458553793,0.12033036718655993,6,115,0.7125220458553793,0.08794640362645412,0.12033036718655993,6,1.0,[]
direct_gru@235002,direct_gru,235002,analytic,lambda4,1,0.8097643097643097,0.05027535740292217,0.8097643097643097,0.06666562031415176,6,39,0.8097643097643097,0.05027535740292217,0.06666562031415176,6,1.0,[]
direct_gru@235002,direct_gru,235002,analytic,lambda4,2,0.6696127946127945,0.0749631081557083,0.6696127946127945,0.07193172820890793,6,38,0.6696127946127945,0.0749631081557083,0.07193172820890793,6,1.0,[]
direct_gru@235002,direct_gru,235002,analytic,lambda4,3,0.6502525252525252,0.13979156342978583,0.6502525252525252,0.22864207956526014,6,38,0.6502525252525252,0.13979156342978583,0.22864207956526014,6,1.0,[]
direct_gru@235002,direct_gru,235002,neural,all,all,0.7477513227513227,0.09418731103235937,0.7477513227513227,0.11684258085079295,12,290,0.7477513227513227,0.09418731103235937,0.11684258085079295,12,1.0,[]
direct_gru@235002,direct_gru,235002,neural,all,1,0.8133597883597883,0.06237985421216393,0.8133597883597883,0.05869882819513795,12,97,0.8133597883597883,0.06237985421216393,0.05869882819513795,12,1.0,[]
direct_gru@235002,direct_gru,235002,neural,all,2,0.7037037037037037,0.09566808970238057,0.7037037037037037,0.12835806828958016,12,97,0.7037037037037037,0.09566808970238057,0.12835806828958016,12,1.0,[]
direct_gru@235002,direct_gru,235002,neural,all,3,0.7345238095238096,0.12281428829206449,0.7345238095238096,0.15581785604436563,12,96,0.7345238095238096,0.12281428829206449,0.15581785604436563,12,1.0,[]
direct_gru@235002,direct_gru,235002,neural,lambda3,all,0.8214285714285715,0.060812533074225815,0.8214285714285715,0.0740688132230567,6,153,0.8214285714285715,0.060812533074225815,0.0740688132230567,6,1.0,[]
direct_gru@235002,direct_gru,235002,neural,lambda3,1,0.8230158730158731,0.03824252352487827,0.8230158730158731,0.03851787968287392,6,51,0.8230158730158731,0.03824252352487827,0.03851787968287392,6,1.0,[]
direct_gru@235002,direct_gru,235002,neural,lambda3,2,0.8055555555555555,0.06574183012589095,0.8055555555555555,0.07627890374925402,6,51,0.8055555555555555,0.06574183012589095,0.07627890374925402,6,1.0,[]
direct_gru@235002,direct_gru,235002,neural,lambda3,3,0.8357142857142857,0.07845324557190822,0.8357142857142857,0.10740965623704214,6,51,0.8357142857142857,0.07845324557190822,0.10740965623704214,6,1.0,[]
direct_gru@235002,direct_gru,235002,neural,lambda4,all,0.674074074074074,0.1275620889904929,0.674074074074074,0.15961634847852918,6,137,0.674074074074074,0.1275620889904929,0.15961634847852918,6,1.0,[]
direct_gru@235002,direct_gru,235002,neural,lambda4,1,0.8037037037037037,0.08651718489944958,0.8037037037037037,0.07887977670740198,6,46,0.8037037037037037,0.08651718489944958,0.07887977670740198,6,1.0,[]
direct_gru@235002,direct_gru,235002,neural,lambda4,2,0.6018518518518517,0.1255943492788702,0.6018518518518517,0.1804372328299063,6,46,0.6018518518518517,0.1255943492788702,0.1804372328299063,6,1.0,[]
direct_gru@235002,direct_gru,235002,neural,lambda4,3,0.6333333333333333,0.1671753310122208,0.6333333333333333,0.2042260558516891,6,45,0.6333333333333333,0.1671753310122208,0.2042260558516891,6,1.0,[]
direct_gru@235002,direct_gru,235002,period4_hold,all,all,0.6851018225475185,0.06817688913139029,0.6820154027944322,0.04545331828850418,12,6726,0.6851018225475185,0.06817688913139029,0.04545331828850418,12,1.0,[]
direct_gru@235002,direct_gru,235002,period4_hold,all,1,0.6792800798970817,0.04059993111376187,0.6792800798970817,0.016806056648159862,12,2243,0.6792800798970817,0.04059993111376187,0.016806056648159862,12,1.0,[]
direct_gru@235002,direct_gru,235002,period4_hold,all,2,0.8022454126887398,0.06352819911449806,0.8022454126887398,0.04096860856562399,12,2242,0.8022454126887398,0.06352819911449806,0.04096860856562399,12,1.0,[]
direct_gru@235002,direct_gru,235002,period4_hold,all,3,0.4880272868846909,0.09683758840497647,0.47876802762543164,0.07884650143153844,12,2241,0.5323934038742082,0.1056410055327016,0.08601436519804194,11,0.9166666666666666,"[""valid:lambda3:23300006:period4_hold""]"
direct_gru@235002,direct_gru,235002,period4_hold,lambda3,all,0.711261491484998,0.05142909215589241,0.711261491484998,0.0415591027568832,6,1713,0.711261491484998,0.05142909215589241,0.0415591027568832,6,1.0,[]
direct_gru@235002,direct_gru,235002,period4_hold,lambda3,1,0.8023308957952469,0.027063089125452303,0.8023308957952469,0.007540984316470782,6,572,0.8023308957952469,0.027063089125452303,0.007540984316470782,6,1.0,[]
direct_gru@235002,direct_gru,235002,period4_hold,lambda3,2,0.7395338208409507,0.053128025003567836,0.7395338208409507,0.04049425985714829,6,571,0.7395338208409507,0.053128025003567836,0.04049425985714829,6,1.0,[]
direct_gru@235002,direct_gru,235002,period4_hold,lambda3,3,0.42041438147471055,0.06696626481678812,0.42041438147471055,0.07716448765665009,6,570,0.5044972577696527,0.08035951778014574,0.0925973851879801,5,0.8333333333333334,"[""valid:lambda3:23300006:period4_hold""]"
direct_gru@235002,direct_gru,235002,period4_hold,lambda4,all,0.658942153610039,0.08492468610688819,0.6527693141038662,0.04934753382012514,6,5013,0.658942153610039,0.08492468610688819,0.04934753382012514,6,1.0,[]
direct_gru@235002,direct_gru,235002,period4_hold,lambda4,1,0.5562292639989167,0.05413677310207143,0.5562292639989167,0.026071128979848937,6,1671,0.5562292639989167,0.05413677310207143,0.026071128979848937,6,1.0,[]
direct_gru@235002,direct_gru,235002,period4_hold,lambda4,2,0.8649570045365292,0.07392837322542828,0.8649570045365292,0.04144295727409968,6,1671,0.8649570045365292,0.07392837322542828,0.04144295727409968,6,1.0,[]
direct_gru@235002,direct_gru,235002,period4_hold,lambda4,3,0.5556401922946713,0.12670891199316484,0.5371216737761527,0.08052851520642679,6,1671,0.5556401922946713,0.12670891199316484,0.08052851520642679,6,1.0,[]
history_mlp@235002,history_mlp,235002,all,all,all,0.47909718428334724,0.16255707392177332,0.39855023380352966,0.2475852027871963,36,7257,0.47909718428334724,0.16255707392177332,0.2475852027871963,36,1.0,[]
history_mlp@235002,history_mlp,235002,all,all,1,0.5942842190366566,0.08778279052408107,0.448367034876785,0.11015290204895957,36,2422,0.5942842190366566,0.08778279052408107,0.11015290204895957,36,1.0,[]
history_mlp@235002,history_mlp,235002,all,all,2,0.4067747404546613,0.1831846162193207,0.3664969626768835,0.3437301027208311,36,2420,0.4067747404546613,0.1831846162193207,0.3437301027208311,36,1.0,[]
history_mlp@235002,history_mlp,235002,all,all,3,0.3987229878057839,0.2162394404453617,0.37135739094749964,0.29780219496103366,36,2415,0.41011507317166346,0.22241771017237202,0.30631082910277746,35,0.9722222222222222,"[""valid:lambda3:23300006:period4_hold""]"
history_mlp@235002,history_mlp,235002,all,lambda3,all,0.4743189717266419,0.12455616319823834,0.3357559349645376,0.2396054032996118,18,1992,0.4743189717266419,0.12455616319823834,0.2396054032996118,18,1.0,[]
history_mlp@235002,history_mlp,235002,all,lambda3,1,0.6285708899739979,0.07188321148060109,0.39692170683943995,0.11980052597228931,18,666,0.6285708899739979,0.07188321148060109,0.11980052597228931,18,1.0,[]
history_mlp@235002,history_mlp,235002,all,lambda3,2,0.3819870046332569,0.14025164663933753,0.30143144907770136,0.3402488878155117,18,665,0.3819870046332569,0.14025164663933753,0.3402488878155117,18,1.0,[]
history_mlp@235002,history_mlp,235002,all,lambda3,3,0.35510467719165884,0.1600905307183246,0.3077808908824977,0.2588400350966309,18,661,0.3759931876146976,0.16950762076057901,0.27406591951407977,17,0.9444444444444444,"[""valid:lambda3:23300006:period4_hold""]"
history_mlp@235002,history_mlp,235002,all,lambda4,all,0.48387539684005254,0.20055798464530833,0.46134453264252173,0.25556500227478085,18,5265,0.48387539684005254,0.20055798464530833,0.25556500227478085,18,1.0,[]
history_mlp@235002,history_mlp,235002,all,lambda4,1,0.5599975480993153,0.10368236956756105,0.4998123629141301,0.10050527812562982,18,1756,0.5599975480993153,0.10368236956756105,0.10050527812562982,18,1.0,[]
history_mlp@235002,history_mlp,235002,all,lambda4,2,0.43156247627606553,0.22611758579930388,0.43156247627606553,0.3472113176261505,18,1755,0.43156247627606553,0.22611758579930388,0.3472113176261505,18,1.0,[]
history_mlp@235002,history_mlp,235002,all,lambda4,3,0.442341298419909,0.2723883501723987,0.43493389101250163,0.33676435482543643,18,1754,0.442341298419909,0.2723883501723987,0.33676435482543643,18,1.0,[]
history_mlp@235002,history_mlp,235002,analytic,all,all,0.45022360585182986,0.1711573660288237,0.38136523674475037,0.2977008755731899,12,241,0.45022360585182986,0.1711573660288237,0.2977008755731899,12,1.0,[]
history_mlp@235002,history_mlp,235002,analytic,all,1,0.7007786195286195,0.09504321870969003,0.4959175084175084,0.10343386006074322,12,82,0.7007786195286195,0.09504321870969003,0.10343386006074322,12,1.0,[]
history_mlp@235002,history_mlp,235002,analytic,all,2,0.26218434343434344,0.2012745173459867,0.26218434343434344,0.4318175343351332,12,81,0.26218434343434344,0.2012745173459867,0.4318175343351332,12,1.0,[]
history_mlp@235002,history_mlp,235002,analytic,all,3,0.37520347586137054,0.21762593380571657,0.37520347586137054,0.36648109034675186,12,78,0.37520347586137054,0.21762593380571657,0.36648109034675186,12,1.0,[]
history_mlp@235002,history_mlp,235002,analytic,lambda3,all,0.44307587933232734,0.14311683273366538,0.36554432630335354,0.2934665200838331,6,126,0.44307587933232734,0.14311683273366538,0.2934665200838331,6,1.0,[]
history_mlp@235002,history_mlp,235002,analytic,lambda3,1,0.7875,0.0849218751132902,0.5583333333333333,0.09501375953356424,6,43,0.7875,0.0849218751132902,0.09501375953356424,6,1.0,[]
history_mlp@235002,history_mlp,235002,analytic,lambda3,2,0.2125,0.16291137758933052,0.2125,0.4539217670758566,6,43,0.2125,0.16291137758933052,0.4539217670758566,6,1.0,[]
history_mlp@235002,history_mlp,235002,analytic,lambda3,3,0.3240601503759399,0.18255899851711632,0.3240601503759399,0.3320059108256099,6,40,0.3240601503759399,0.18255899851711632,0.3320059108256099,6,1.0,[]
history_mlp@235002,history_mlp,235002,analytic,lambda4,all,0.4573713323713324,0.19919789932398202,0.39718614718614714,0.30193523106254677,6,115,0.4573713323713324,0.19919789932398202,0.30193523106254677,6,1.0,[]
history_mlp@235002,history_mlp,235002,analytic,lambda4,1,0.6140572390572391,0.10516456230608985,0.43350168350168344,0.11185396058792217,6,39,0.6140572390572391,0.10516456230608985,0.11185396058792217,6,1.0,[]
history_mlp@235002,history_mlp,235002,analytic,lambda4,2,0.31186868686868685,0.23963765710264284,0.31186868686868685,0.4097133015944099,6,38,0.31186868686868685,0.23963765710264284,0.4097133015944099,6,1.0,[]
history_mlp@235002,history_mlp,235002,analytic,lambda4,3,0.4263468013468013,0.2526928690943168,0.4263468013468013,0.40095626986789384,6,38,0.4263468013468013,0.2526928690943168,0.40095626986789384,6,1.0,[]
history_mlp@235002,history_mlp,235002,neural,all,all,0.4205467372134039,0.18056187657669728,0.3804673721340388,0.3598128614181774,12,290,0.4205467372134039,0.18056187657669728,0.3598128614181774,12,1.0,[]
history_mlp@235002,history_mlp,235002,neural,all,1,0.6280423280423281,0.09594044851826485,0.5133597883597883,0.13808282178545755,12,97,0.6280423280423281,0.09594044851826485,0.13808282178545755,12,1.0,[]
history_mlp@235002,history_mlp,235002,neural,all,2,0.22566137566137565,0.2136511243260606,0.22566137566137565,0.5080976271755481,12,97,0.22566137566137565,0.2136511243260606,0.5080976271755481,12,1.0,[]
history_mlp@235002,history_mlp,235002,neural,all,3,0.39126984126984127,0.2329148890252227,0.3857142857142857,0.451578131491545,12,96,0.39126984126984127,0.2329148890252227,0.451578131491545,12,1.0,[]
history_mlp@235002,history_mlp,235002,neural,lambda3,all,0.42566137566137563,0.12945913298528797,0.34920634920634924,0.31929505275040077,6,153,0.42566137566137563,0.12945913298528797,0.31929505275040077,6,1.0,[]
history_mlp@235002,history_mlp,235002,neural,lambda3,1,0.6523809523809524,0.0646159552014945,0.423015873015873,0.12881028311593193,6,51,0.6523809523809524,0.0646159552014945,0.12881028311593193,6,1.0,[]
history_mlp@235002,history_mlp,235002,neural,lambda3,2,0.2587301587301587,0.15318151181525444,0.2587301587301587,0.4552555379413423,6,51,0.2587301587301587,0.15318151181525444,0.4552555379413423,6,1.0,[]
history_mlp@235002,history_mlp,235002,neural,lambda3,3,0.36587301587301585,0.17057993193911503,0.36587301587301585,0.37381933719392807,6,51,0.36587301587301585,0.17057993193911503,0.37381933719392807,6,1.0,[]
history_mlp@235002,history_mlp,235002,neural,lambda4,all,0.4154320987654321,0.23166462016810654,0.41172839506172837,0.4003306700859541,6,137,0.4154320987654321,0.23166462016810654,0.4003306700859541,6,1.0,[]
history_mlp@235002,history_mlp,235002,neural,lambda4,1,0.6037037037037037,0.1272649418350352,0.6037037037037037,0.14735536045498318,6,46,0.6037037037037037,0.1272649418350352,0.14735536045498318,6,1.0,[]
history_mlp@235002,history_mlp,235002,neural,lambda4,2,0.19259259259259257,0.2741207368368668,0.19259259259259257,0.5609397164097539,6,46,0.19259259259259257,0.2741207368368668,0.5609397164097539,6,1.0,[]
history_mlp@235002,history_mlp,235002,neural,lambda4,3,0.4166666666666667,0.29524984611133037,0.4055555555555556,0.5293369257891619,6,45,0.4166666666666667,0.29524984611133037,0.5293369257891619,6,1.0,[]
history_mlp@235002,history_mlp,235002,period4_hold,all,all,0.5665212097848079,0.13595197915979904,0.43381809253179976,0.08524187137022166,12,6726,0.5665212097848079,0.13595197915979904,0.08524187137022166,12,1.0,[]
history_mlp@235002,history_mlp,235002,period4_hold,all,1,0.4540317095390221,0.07236470434428834,0.33582380785305826,0.08894202430067795,12,2243,0.4540317095390221,0.07236470434428834,0.08894202430067795,12,1.0,[]
history_mlp@235002,history_mlp,235002,period4_hold,all,2,0.7324785022682646,0.13462820698591482,0.6116451689349313,0.09127514665181202,12,2242,0.7324785022682646,0.13462820698591482,0.09127514665181202,12,1.0,[]
history_mlp@235002,history_mlp,235002,period4_hold,all,3,0.4296956462861399,0.19817749850514577,0.3531544112668427,0.07534736304480412,12,2241,0.46875888685760714,0.2161936347328863,0.08219712332160449,11,0.9166666666666666,"[""valid:lambda3:23300006:period4_hold""]"
history_mlp@235002,history_mlp,235002,period4_hold,lambda3,all,0.5542196601862227,0.10109252387576166,0.29251712938391006,0.10605463706460157,6,1713,0.5542196601862227,0.10109252387576166,0.10605463706460157,6,1.0,[]
history_mlp@235002,history_mlp,235002,period4_hold,lambda3,1,0.4458317175410411,0.06611180412701856,0.20941591416911343,0.1355775352673718,6,572,0.4458317175410411,0.06611180412701856,0.1355775352673718,6,1.0,[]
history_mlp@235002,history_mlp,235002,period4_hold,lambda3,2,0.674730855169612,0.10466205051342765,0.43306418850294537,0.11156935842933631,6,571,0.674730855169612,0.10466205051342765,0.11156935842933631,6,1.0,[]
history_mlp@235002,history_mlp,235002,period4_hold,lambda3,3,0.3753808653260207,0.12713266169874252,0.2334095063985375,0.07069485727035489,6,570,0.45045703839122486,0.15255919403849103,0.08483382872442587,5,0.8333333333333334,"[""valid:lambda3:23300006:period4_hold""]"
history_mlp@235002,history_mlp,235002,period4_hold,lambda4,all,0.5788227593833931,0.17081143444383637,0.5751190556796895,0.06442910567584174,6,5013,0.5788227593833931,0.17081143444383637,0.06442910567584174,6,1.0,[]
history_mlp@235002,history_mlp,235002,period4_hold,lambda4,1,0.4622317015370032,0.0786176045615581,0.4622317015370032,0.0423065133339841,6,1671,0.4622317015370032,0.0786176045615581,0.0423065133339841,6,1.0,[]
history_mlp@235002,history_mlp,235002,period4_hold,lambda4,2,0.7902261493669172,0.16459436345840198,0.7902261493669172,0.07098093487428775,6,1671,0.7902261493669172,0.16459436345840198,0.07098093487428775,6,1.0,[]
history_mlp@235002,history_mlp,235002,period4_hold,lambda4,3,0.4840104272462591,0.26922233531154904,0.47289931613514796,0.07999986881925335,6,1671,0.4840104272462591,0.26922233531154904,0.07999986881925335,6,1.0,[]
current_mlp@235002,current_mlp,235002,all,all,all,0.516419049325192,0.14358198107456888,0.516419049325192,0.20946058556438654,36,7257,0.516419049325192,0.14358198107456888,0.20946058556438654,36,1.0,[]
current_mlp@235002,current_mlp,235002,all,all,1,0.5313936241495657,0.10838810670656811,0.5313936241495657,0.17233250550019807,36,2422,0.5313936241495657,0.10838810670656811,0.17233250550019807,36,1.0,[]
current_mlp@235002,current_mlp,235002,all,all,2,0.5713207621761858,0.1311426282741946,0.5713207621761858,0.19143883233677017,36,2420,0.5713207621761858,0.1311426282741946,0.19143883233677017,36,1.0,[]
current_mlp@235002,current_mlp,235002,all,all,3,0.4337050276544808,0.18859943761827316,0.4337050276544808,0.254997801087755,36,2415,0.4460965998731803,0.19398799297879524,0.26228345254740515,35,0.9722222222222222,"[""valid:lambda3:23300006:period4_hold""]"
current_mlp@235002,current_mlp,235002,all,lambda3,all,0.481874612576193,0.11724825318733677,0.481874612576193,0.23204224164837578,18,1992,0.481874612576193,0.11724825318733677,0.23204224164837578,18,1.0,[]
current_mlp@235002,current_mlp,235002,all,lambda3,1,0.48237142030560676,0.0987455429657344,0.48237142030560676,0.24216298908604392,18,666,0.48237142030560676,0.0987455429657344,0.24216298908604392,18,1.0,[]
current_mlp@235002,current_mlp,235002,all,lambda3,2,0.5130929408123193,0.11186380462440655,0.5130929408123193,0.22051344394923678,18,665,0.5130929408123193,0.11186380462440655,0.22051344394923678,18,1.0,[]
current_mlp@235002,current_mlp,235002,all,lambda3,3,0.44776443190038884,0.13536305321433045,0.44776443190038884,0.1943448478579883,18,661,0.47410351612982343,0.14332558575634988,0.20577689773198762,17,0.9444444444444444,"[""valid:lambda3:23300006:period4_hold""]"
current_mlp@235002,current_mlp,235002,all,lambda4,all,0.5509634860741909,0.16991570896180097,0.5509634860741909,0.18687892948039728,18,5265,0.5509634860741909,0.16991570896180097,0.18687892948039728,18,1.0,[]
current_mlp@235002,current_mlp,235002,all,lambda4,1,0.5804158279935245,0.1180306704474018,0.5804158279935245,0.10250202191435222,18,1756,0.5804158279935245,0.1180306704474018,0.10250202191435222,18,1.0,[]
current_mlp@235002,current_mlp,235002,all,lambda4,2,0.629548583540052,0.1504214519239826,0.629548583540052,0.16236422072430354,18,1755,0.629548583540052,0.1504214519239826,0.16236422072430354,18,1.0,[]
current_mlp@235002,current_mlp,235002,all,lambda4,3,0.4196456234085728,0.24183582202221585,0.4196456234085728,0.3156507543175217,18,1754,0.4196456234085728,0.24183582202221585,0.3156507543175217,18,1.0,[]
current_mlp@235002,current_mlp,235002,analytic,all,all,0.5314566974325019,0.1363031177125477,0.5314566974325019,0.21145094760127092,12,241,0.5314566974325019,0.1363031177125477,0.21145094760127092,12,1.0,[]
current_mlp@235002,current_mlp,235002,analytic,all,1,0.5738636363636364,0.10484663733397236,0.5738636363636364,0.20503941325828282,12,82,0.5738636363636364,0.10484663733397236,0.20503941325828282,12,1.0,[]
current_mlp@235002,current_mlp,235002,analytic,all,2,0.5588173400673401,0.12460301296279824,0.5588173400673401,0.17812864967066833,12,81,0.5588173400673401,0.12460301296279824,0.17812864967066833,12,1.0,[]
current_mlp@235002,current_mlp,235002,analytic,all,3,0.449177868914711,0.180821242558345,0.449177868914711,0.2530192353808968,12,78,0.449177868914711,0.180821242558345,0.2530192353808968,12,1.0,[]
current_mlp@235002,current_mlp,235002,analytic,lambda3,all,0.5282412768595525,0.11659241363136418,0.5282412768595525,0.2352466861505965,6,126,0.5282412768595525,0.11659241363136418,0.2352466861505965,6,1.0,[]
current_mlp@235002,current_mlp,235002,analytic,lambda3,1,0.5833333333333334,0.10757215871034169,0.5833333333333334,0.2659554143746694,6,43,0.5833333333333334,0.10757215871034169,0.2659554143746694,6,1.0,[]
current_mlp@235002,current_mlp,235002,analytic,lambda3,2,0.5208333333333334,0.11331646902450487,0.5208333333333334,0.22758136590321856,6,43,0.5208333333333334,0.11331646902450487,0.22758136590321856,6,1.0,[]
current_mlp@235002,current_mlp,235002,analytic,lambda3,3,0.47537593984962406,0.1301186033700709,0.47537593984962406,0.20689365203518018,6,40,0.47537593984962406,0.1301186033700709,0.20689365203518018,6,1.0,[]
current_mlp@235002,current_mlp,235002,analytic,lambda4,all,0.5346721180054513,0.15601382179373116,0.5346721180054513,0.18765520905194535,6,115,0.5346721180054513,0.15601382179373116,0.18765520905194535,6,1.0,[]
current_mlp@235002,current_mlp,235002,analytic,lambda4,1,0.5643939393939393,0.10212111595760302,0.5643939393939393,0.14412341214189625,6,39,0.5643939393939393,0.10212111595760302,0.14412341214189625,6,1.0,[]
current_mlp@235002,current_mlp,235002,analytic,lambda4,2,0.5968013468013468,0.1358895569010916,0.5968013468013468,0.12867593343811806,6,38,0.5968013468013468,0.1358895569010916,0.12867593343811806,6,1.0,[]
current_mlp@235002,current_mlp,235002,analytic,lambda4,3,0.422979797979798,0.23152388174661917,0.422979797979798,0.29914481872661347,6,38,0.422979797979798,0.23152388174661917,0.29914481872661347,6,1.0,[]
current_mlp@235002,current_mlp,235002,neural,all,all,0.5951499118165785,0.1448123579531505,0.5951499118165785,0.2092562588434371,12,290,0.5951499118165785,0.1448123579531505,0.2092562588434371,12,1.0,[]
current_mlp@235002,current_mlp,235002,neural,all,1,0.6541005291005291,0.1089411845719302,0.6541005291005291,0.16193173568715494,12,97,0.6541005291005291,0.1089411845719302,0.16193173568715494,12,1.0,[]
current_mlp@235002,current_mlp,235002,neural,all,2,0.5902116402116402,0.14117893969361786,0.5902116402116402,0.1890094495954968,12,97,0.5902116402116402,0.14117893969361786,0.1890094495954968,12,1.0,[]
current_mlp@235002,current_mlp,235002,neural,all,3,0.5161375661375661,0.18438163124413928,0.5161375661375661,0.30215863544474203,12,96,0.5161375661375661,0.18438163124413928,0.30215863544474203,12,1.0,[]
current_mlp@235002,current_mlp,235002,neural,lambda3,all,0.573015873015873,0.10743246262888738,0.573015873015873,0.18781733184895189,6,153,0.573015873015873,0.10743246262888738,0.18781733184895189,6,1.0,[]
current_mlp@235002,current_mlp,235002,neural,lambda3,1,0.5341269841269841,0.09172380980521878,0.5341269841269841,0.23920492104121616,6,51,0.5341269841269841,0.09172380980521878,0.23920492104121616,6,1.0,[]
current_mlp@235002,current_mlp,235002,neural,lambda3,2,0.6341269841269841,0.10212535889494856,0.6341269841269841,0.1382742412506588,6,51,0.6341269841269841,0.10212535889494856,0.1382742412506588,6,1.0,[]
current_mlp@235002,current_mlp,235002,neural,lambda3,3,0.5507936507936507,0.12844821918649477,0.5507936507936507,0.18597283325498068,6,51,0.5507936507936507,0.12844821918649477,0.18597283325498068,6,1.0,[]
current_mlp@235002,current_mlp,235002,neural,lambda4,all,0.6172839506172839,0.18219225327741365,0.6172839506172839,0.23069518583792226,6,137,0.6172839506172839,0.18219225327741365,0.23069518583792226,6,1.0,[]
current_mlp@235002,current_mlp,235002,neural,lambda4,1,0.774074074074074,0.12615855933864162,0.774074074074074,0.08465855033309372,6,46,0.774074074074074,0.12615855933864162,0.08465855033309372,6,1.0,[]
current_mlp@235002,current_mlp,235002,neural,lambda4,2,0.5462962962962963,0.1802325204922872,0.5462962962962963,0.23974465794033475,6,46,0.5462962962962963,0.1802325204922872,0.23974465794033475,6,1.0,[]
current_mlp@235002,current_mlp,235002,neural,lambda4,3,0.48148148148148145,0.2403150433017838,0.48148148148148145,0.4183444376345034,6,45,0.48148148148148145,0.2403150433017838,0.4183444376345034,6,1.0,[]
current_mlp@235002,current_mlp,235002,period4_hold,all,all,0.42265053872649555,0.14963046755800846,0.42265053872649555,0.2076745502484516,12,6726,0.42265053872649555,0.14963046755800846,0.2076745502484516,12,1.0,[]
current_mlp@235002,current_mlp,235002,period4_hold,all,1,0.36621670698453146,0.11137649821380176,0.36621670698453146,0.15002636755515644,12,2243,0.36621670698453146,0.11137649821380176,0.15002636755515644,12,1.0,[]
current_mlp@235002,current_mlp,235002,period4_hold,all,2,0.5649333062495768,0.12764593216616762,0.5649333062495768,0.20717839774414537,12,2242,0.5649333062495768,0.12764593216616762,0.20717839774414537,12,1.0,[]
current_mlp@235002,current_mlp,235002,period4_hold,all,3,0.3357996479111653,0.20059543905233515,0.3357996479111653,0.20981553243762616,12,2241,0.3663268886303621,0.2188313880570929,0.2288896717501376,11,0.9166666666666666,"[""valid:lambda3:23300006:period4_hold""]"
current_mlp@235002,current_mlp,235002,period4_hold,lambda3,all,0.34436668785315366,0.1277198833017588,0.34436668785315366,0.27306270694557905,6,1713,0.34436668785315366,0.1277198833017588,0.27306270694557905,6,1.0,[]
current_mlp@235002,current_mlp,235002,period4_hold,lambda3,1,0.32965394345650284,0.09694066038164274,0.32965394345650284,0.22132863184224624,6,572,0.32965394345650284,0.09694066038164274,0.22132863184224624,6,1.0,[]
current_mlp@235002,current_mlp,235002,period4_hold,lambda3,2,0.3843185049766403,0.12014958595376625,0.3843185049766403,0.295684724693833,6,571,0.3843185049766403,0.12014958595376625,0.295684724693833,6,1.0,[]
current_mlp@235002,current_mlp,235002,period4_hold,lambda3,3,0.3171237050578915,0.14752233708642573,0.3171237050578915,0.1901680582838041,6,570,0.3805484460694698,0.1770268045037109,0.2282016699405649,5,0.8333333333333334,"[""valid:lambda3:23300006:period4_hold""]"
current_mlp@235002,current_mlp,235002,period4_hold,lambda4,all,0.5009343895998375,0.17154105181425813,0.5009343895998375,0.1422863935513242,6,5013,0.5009343895998375,0.17154105181425813,0.1422863935513242,6,1.0,[]
current_mlp@235002,current_mlp,235002,period4_hold,lambda4,1,0.4027794705125601,0.1258123360459608,0.4027794705125601,0.07872410326806667,6,1671,0.4027794705125601,0.1258123360459608,0.07872410326806667,6,1.0,[]
current_mlp@235002,current_mlp,235002,period4_hold,lambda4,2,0.7455481075225134,0.135142278378569,0.7455481075225134,0.11867207079445778,6,1671,0.7455481075225134,0.135142278378569,0.11867207079445778,6,1.0,[]
current_mlp@235002,current_mlp,235002,period4_hold,lambda4,3,0.354475590764439,0.2536685410182446,0.354475590764439,0.22946300659144817,6,1671,0.354475590764439,0.2536685410182446,0.22946300659144817,6,1.0,[]
residual_gru@235003,residual_gru,235003,all,all,all,0.6888426570617622,0.08538698839770346,0.596147492059178,0.11128350607475662,36,7257,0.6888426570617622,0.08538698839770346,0.11128350607475662,36,1.0,[]
residual_gru@235003,residual_gru,235003,all,all,1,0.7634955918548241,0.04649264622150669,0.5874858151023599,0.04149212937442073,36,2422,0.7634955918548241,0.04649264622150669,0.04149212937442073,36,1.0,[]
residual_gru@235003,residual_gru,235003,all,all,2,0.7154745710199701,0.08825996598922108,0.6609992623779948,0.11078023333265692,36,2420,0.7154745710199701,0.08825996598922108,0.11078023333265692,36,1.0,[]
residual_gru@235003,residual_gru,235003,all,all,3,0.5498751855895285,0.1209311296907812,0.530534280089269,0.19060355895833367,36,2415,0.5655859051778008,0.12438630482480352,0.19604937492857177,35,0.9722222222222222,"[""valid:lambda3:23300006:period4_hold""]"
residual_gru@235003,residual_gru,235003,all,lambda3,all,0.7340350407505211,0.07036081649824591,0.578994504984036,0.09400617024176677,18,1992,0.7340350407505211,0.07036081649824591,0.09400617024176677,18,1.0,[]
residual_gru@235003,residual_gru,235003,all,lambda3,1,0.8282193397367072,0.043219100667243875,0.5363849714169642,0.025988289047751724,18,666,0.8282193397367072,0.043219100667243875,0.025988289047751724,18,1.0,[]
residual_gru@235003,residual_gru,235003,all,lambda3,2,0.7493906154783668,0.07373965158704826,0.6558720969598483,0.11343574871972674,18,665,0.7493906154783668,0.07373965158704826,0.11343574871972674,18,1.0,[]
residual_gru@235003,residual_gru,235003,all,lambda3,3,0.566854789319429,0.09190594671898435,0.543605077084342,0.14446954692474126,18,661,0.6001991886911601,0.0973121788789246,0.1529677555673731,17,0.9444444444444444,"[""valid:lambda3:23300006:period4_hold""]"
residual_gru@235003,residual_gru,235003,all,lambda4,all,0.6436502733730034,0.10041316029716102,0.6133004791343203,0.12856084190774644,18,5265,0.6436502733730034,0.10041316029716102,0.12856084190774644,18,1.0,[]
residual_gru@235003,residual_gru,235003,all,lambda4,1,0.6987718439729408,0.0497661917757695,0.6385866587877557,0.05699596970108973,18,1756,0.6987718439729408,0.0497661917757695,0.05699596970108973,18,1.0,[]
residual_gru@235003,residual_gru,235003,all,lambda4,2,0.6815585265615735,0.10278028039139386,0.6661264277961414,0.10812471794558712,18,1755,0.6815585265615735,0.10278028039139386,0.10812471794558712,18,1.0,[]
residual_gru@235003,residual_gru,235003,all,lambda4,3,0.5328955818596282,0.14995631266257806,0.5174634830941961,0.23673757099192608,18,1754,0.5328955818596282,0.14995631266257806,0.23673757099192608,18,1.0,[]
residual_gru@235003,residual_gru,235003,analytic,all,all,0.6860231846721653,0.09417265162269595,0.6102203711206413,0.14508366960880373,12,241,0.6860231846721653,0.09417265162269595,0.14508366960880373,12,1.0,[]
residual_gru@235003,residual_gru,235003,analytic,all,1,0.8044191919191919,0.05924989485063691,0.5787247474747474,0.06618633498045733,12,82,0.8044191919191919,0.05924989485063691,0.06618633498045733,12,1.0,[]
residual_gru@235003,residual_gru,235003,analytic,all,2,0.635563973063973,0.0950710619767061,0.635563973063973,0.1272408997771716,12,81,0.635563973063973,0.0950710619767061,0.1272408997771716,12,1.0,[]
residual_gru@235003,residual_gru,235003,analytic,all,3,0.607189058504848,0.12962837830933274,0.607189058504848,0.24692795085051714,12,78,0.607189058504848,0.12962837830933274,0.24692795085051714,12,1.0,[]
residual_gru@235003,residual_gru,235003,analytic,lambda3,all,0.7115325004971284,0.08883350965359804,0.6201120585792657,0.13820878743115814,6,126,0.7115325004971284,0.08883350965359804,0.13820878743115814,6,1.0,[]
residual_gru@235003,residual_gru,235003,analytic,lambda3,1,0.85,0.06445108826708511,0.5791666666666667,0.036307646830876665,6,43,0.85,0.06445108826708511,0.036307646830876665,6,1.0,[]
residual_gru@235003,residual_gru,235003,analytic,lambda3,2,0.6583333333333333,0.08699549958619031,0.6583333333333333,0.17199896971384684,6,43,0.6583333333333333,0.08699549958619031,0.17199896971384684,6,1.0,[]
residual_gru@235003,residual_gru,235003,analytic,lambda3,3,0.6243107769423558,0.11711766995290969,0.6243107769423558,0.21140829306796083,6,40,0.6243107769423558,0.11711766995290969,0.21140829306796083,6,1.0,[]
residual_gru@235003,residual_gru,235003,analytic,lambda4,all,0.6605138688472022,0.09951179359179385,0.600328683662017,0.15195855178644935,6,115,0.6605138688472022,0.09951179359179385,0.15195855178644935,6,1.0,[]
residual_gru@235003,residual_gru,235003,analytic,lambda4,1,0.7588383838383838,0.054048701434188696,0.5782828282828283,0.09606502313003797,6,39,0.7588383838383838,0.054048701434188696,0.09606502313003797,6,1.0,[]
residual_gru@235003,residual_gru,235003,analytic,lambda4,2,0.6127946127946128,0.10314662436722188,0.6127946127946128,0.08248282984049633,6,38,0.6127946127946128,0.10314662436722188,0.08248282984049633,6,1.0,[]
residual_gru@235003,residual_gru,235003,analytic,lambda4,3,0.5900673400673401,0.14213908666575578,0.5900673400673401,0.2824476086330735,6,38,0.5900673400673401,0.14213908666575578,0.2824476086330735,6,1.0,[]
residual_gru@235003,residual_gru,235003,neural,all,all,0.6998677248677249,0.09137775000742931,0.6477513227513227,0.1458661199667256,12,290,0.6998677248677249,0.09137775000742931,0.1458661199667256,12,1.0,[]
residual_gru@235003,residual_gru,235003,neural,all,1,0.8335978835978836,0.04828167294443939,0.6772486772486772,0.04028380314509074,12,97,0.8335978835978836,0.04828167294443939,0.04028380314509074,12,1.0,[]
residual_gru@235003,residual_gru,235003,neural,all,2,0.6574074074074073,0.09652003100142785,0.6574074074074073,0.16316658302589698,12,97,0.6574074074074073,0.09652003100142785,0.16316658302589698,12,1.0,[]
residual_gru@235003,residual_gru,235003,neural,all,3,0.5919312169312169,0.13082698613791588,0.5919312169312169,0.2558516699801046,12,96,0.5919312169312169,0.13082698613791588,0.2558516699801046,12,1.0,[]
residual_gru@235003,residual_gru,235003,neural,lambda3,all,0.7941798941798942,0.06459877807647392,0.6899470899470899,0.08588113482036287,6,153,0.7941798941798942,0.06459877807647392,0.08588113482036287,6,1.0,[]
residual_gru@235003,residual_gru,235003,neural,lambda3,1,0.8746031746031746,0.03841890162809726,0.5619047619047619,0.020114970207214356,6,51,0.8746031746031746,0.03841890162809726,0.020114970207214356,6,1.0,[]
residual_gru@235003,residual_gru,235003,neural,lambda3,2,0.7777777777777778,0.0714936109996118,0.7777777777777778,0.09979061020745172,6,51,0.7777777777777778,0.0714936109996118,0.09979061020745172,6,1.0,[]
residual_gru@235003,residual_gru,235003,neural,lambda3,3,0.7301587301587302,0.0838838216017127,0.7301587301587302,0.13773782404642257,6,51,0.7301587301587302,0.0838838216017127,0.13773782404642257,6,1.0,[]
residual_gru@235003,residual_gru,235003,neural,lambda4,all,0.6055555555555555,0.11815672193838472,0.6055555555555555,0.20585110511308835,6,137,0.6055555555555555,0.11815672193838472,0.20585110511308835,6,1.0,[]
residual_gru@235003,residual_gru,235003,neural,lambda4,1,0.7925925925925926,0.05814444426078153,0.7925925925925926,0.06045263608296713,6,46,0.7925925925925926,0.05814444426078153,0.06045263608296713,6,1.0,[]
residual_gru@235003,residual_gru,235003,neural,lambda4,2,0.5370370370370371,0.1215464510032439,0.5370370370370371,0.22654255584434227,6,46,0.5370370370370371,0.1215464510032439,0.22654255584434227,6,1.0,[]
residual_gru@235003,residual_gru,235003,neural,lambda4,3,0.4537037037037037,0.17777015067411905,0.4537037037037037,0.3739655159137867,6,45,0.4537037037037037,0.17777015067411905,0.3739655159137867,6,1.0,[]
residual_gru@235003,residual_gru,235003,period4_hold,all,all,0.6806370616453964,0.07061056356298512,0.5304707823055703,0.04290072864874048,12,6726,0.6806370616453964,0.07061056356298512,0.04290072864874048,12,1.0,[]
residual_gru@235003,residual_gru,235003,period4_hold,all,1,0.6524697000473966,0.031946370869443755,0.5064840205836549,0.018006249997714125,12,2243,0.6524697000473966,0.031946370869443755,0.018006249997714125,12,1.0,[]
residual_gru@235003,residual_gru,235003,period4_hold,all,2,0.85345233258853,0.07318880498952925,0.6900264066626041,0.0419332171949022,12,2242,0.85345233258853,0.07318880498952925,0.0419332171949022,12,1.0,[]
residual_gru@235003,residual_gru,235003,period4_hold,all,3,0.4505052813325208,0.10233802462509496,0.3924825648317422,0.06903105604437922,12,2241,0.4914603069082046,0.11164148140919451,0.07530660659386824,11,0.9166666666666666,"[""valid:lambda3:23300006:period4_hold""]"
residual_gru@235003,residual_gru,235003,period4_hold,lambda3,all,0.6963927275745404,0.057650161764665774,0.42692436642575227,0.057928588473779324,6,1713,0.6963927275745404,0.057650161764665774,0.057928588473779324,6,1.0,[]
residual_gru@235003,residual_gru,235003,period4_hold,lambda3,1,0.7600548446069469,0.026787312106549246,0.46808348567946373,0.021542250105164144,6,572,0.7600548446069469,0.026787312106549246,0.021542250105164144,6,1.0,[]
residual_gru@235003,residual_gru,235003,period4_hold,lambda3,2,0.8120607353239895,0.0627298441753427,0.5315051797684339,0.06851766623788168,6,571,0.8120607353239895,0.0627298441753427,0.06851766623788168,6,1.0,[]
residual_gru@235003,residual_gru,235003,period4_hold,lambda3,3,0.3460948608572009,0.07471634860233066,0.27634572415193986,0.08426252365984037,6,570,0.4153138330286411,0.08965961832279679,0.10111502839180844,5,0.8333333333333334,"[""valid:lambda3:23300006:period4_hold""]"
residual_gru@235003,residual_gru,235003,period4_hold,lambda4,all,0.6648813957162525,0.08357096536130447,0.6340171981853883,0.027872868823701633,6,5013,0.6648813957162525,0.08357096536130447,0.027872868823701633,6,1.0,[]
residual_gru@235003,residual_gru,235003,period4_hold,lambda4,1,0.5448845554878462,0.03710542963233827,0.5448845554878462,0.014470249890264108,6,1671,0.5448845554878462,0.03710542963233827,0.014470249890264108,6,1.0,[]
residual_gru@235003,residual_gru,235003,period4_hold,lambda4,2,0.8948439298530707,0.0836477658037158,0.8485476335567744,0.015348768151922728,6,1671,0.8948439298530707,0.0836477658037158,0.015348768151922728,6,1.0,[]
residual_gru@235003,residual_gru,235003,period4_hold,lambda4,3,0.5549157018078408,0.1299597006478593,0.5086194055115444,0.05379958842891807,6,1671,0.5549157018078408,0.1299597006478593,0.05379958842891807,6,1.0,[]
direct_gru@235003,direct_gru,235003,all,all,all,0.7196771966573863,0.07319398263195988,0.6917748006142378,0.08870738317923897,36,7257,0.7196771966573863,0.07319398263195988,0.08870738317923897,36,1.0,[]
direct_gru@235003,direct_gru,235003,all,all,1,0.7972345568361717,0.04628665507850892,0.752706261565189,0.03413632367339833,36,2422,0.7972345568361717,0.04628665507850892,0.03413632367339833,36,1.0,[]
direct_gru@235003,direct_gru,235003,all,all,2,0.7271331151244315,0.07110049525226746,0.7004355842602339,0.08640580675670234,36,2420,0.7271331151244315,0.07110049525226746,0.08640580675670234,36,1.0,[]
direct_gru@235003,direct_gru,235003,all,all,3,0.6069875881620165,0.10133860866918501,0.5945911271062013,0.14503924047667904,36,2415,0.6243300906809311,0.10423399748830457,0.14918321877601273,35,0.9722222222222222,"[""valid:lambda3:23300006:period4_hold""]"
direct_gru@235003,direct_gru,235003,all,lambda3,all,0.7740147403405471,0.054965455493960036,0.7284980140978716,0.060109093225960745,18,1992,0.7740147403405471,0.054965455493960036,0.060109093225960745,18,1.0,[]
direct_gru@235003,direct_gru,235003,all,lambda3,1,0.8464567433717343,0.03739857687880199,0.7574001528297689,0.021098818174129924,18,666,0.8464567433717343,0.03739857687880199,0.021098818174129924,18,1.0,[]
direct_gru@235003,direct_gru,235003,all,lambda3,2,0.7683720969598483,0.056703017377477925,0.7304091339968853,0.0737703671080216,18,665,0.7683720969598483,0.056703017377477925,0.0737703671080216,18,1.0,[]
direct_gru@235003,direct_gru,235003,all,lambda3,3,0.6489526680809274,0.07043350134391459,0.6395918447347293,0.08739575497317305,18,661,0.6871263544386291,0.07457664848179191,0.09253668173630088,17,0.9444444444444444,"[""valid:lambda3:23300006:period4_hold""]"
direct_gru@235003,direct_gru,235003,all,lambda4,all,0.6653396529742254,0.0914225097699597,0.655051587130604,0.1173056731325172,18,5265,0.6653396529742254,0.0914225097699597,0.1173056731325172,18,1.0,[]
direct_gru@235003,direct_gru,235003,all,lambda4,1,0.7480123703006092,0.05517473327821584,0.7480123703006092,0.04717382917266674,18,1756,0.7480123703006092,0.05517473327821584,0.04717382917266674,18,1.0,[]
direct_gru@235003,direct_gru,235003,all,lambda4,2,0.6858941332890144,0.085497973127057,0.6704620345235823,0.09904124640538312,18,1755,0.6858941332890144,0.085497973127057,0.09904124640538312,18,1.0,[]
direct_gru@235003,direct_gru,235003,all,lambda4,3,0.5650225082431054,0.13224371599445545,0.5495904094776733,0.20268272598018502,18,1754,0.5650225082431054,0.13224371599445545,0.20268272598018502,18,1.0,[]
direct_gru@235003,direct_gru,235003,analytic,all,all,0.726637602233279,0.0764598168557971,0.7146575400045063,0.10932927621943718,12,241,0.726637602233279,0.0764598168557971,0.10932927621943718,12,1.0,[]
direct_gru@235003,direct_gru,235003,analytic,all,1,0.8148358585858585,0.05274087917255371,0.779419191919192,0.0589313714191167,12,82,0.8148358585858585,0.05274087917255371,0.0589313714191167,12,1.0,[]
direct_gru@235003,direct_gru,235003,analytic,all,2,0.720223063973064,0.06738077783791578,0.720223063973064,0.08230186526221459,12,81,0.720223063973064,0.06738077783791578,0.08230186526221459,12,1.0,[]
direct_gru@235003,direct_gru,235003,analytic,all,3,0.6387066150224044,0.11016513486040004,0.6387066150224044,0.19252678126859493,12,78,0.6387066150224044,0.11016513486040004,0.19252678126859493,12,1.0,[]
direct_gru@235003,direct_gru,235003,analytic,lambda3,all,0.789714999239686,0.06915077659104342,0.7657548747821408,0.07694461498555442,6,126,0.789714999239686,0.06915077659104342,0.07694461498555442,6,1.0,[]
direct_gru@235003,direct_gru,235003,analytic,lambda3,1,0.8708333333333332,0.05697823337803456,0.7999999999999999,0.03191780249277751,6,43,0.8708333333333332,0.05697823337803456,0.03191780249277751,6,1.0,[]
direct_gru@235003,direct_gru,235003,analytic,lambda3,2,0.7708333333333334,0.06659880884818575,0.7708333333333334,0.09243421951929727,6,43,0.7708333333333334,0.06659880884818575,0.09243421951929727,6,1.0,[]
direct_gru@235003,direct_gru,235003,analytic,lambda3,3,0.7231203007518797,0.08530190742764644,0.7231203007518797,0.11177787499917778,6,40,0.7231203007518797,0.08530190742764644,0.11177787499917778,6,1.0,[]
direct_gru@235003,direct_gru,235003,analytic,lambda4,all,0.6635602052268719,0.08376885712055081,0.6635602052268719,0.14171393745331995,6,115,0.6635602052268719,0.08376885712055081,0.14171393745331995,6,1.0,[]
direct_gru@235003,direct_gru,235003,analytic,lambda4,1,0.7588383838383838,0.048503524967072865,0.7588383838383838,0.08594494034545591,6,39,0.7588383838383838,0.048503524967072865,0.08594494034545591,6,1.0,[]
direct_gru@235003,direct_gru,235003,analytic,lambda4,2,0.6696127946127945,0.06816274682764581,0.6696127946127945,0.07216951100513189,6,38,0.6696127946127945,0.06816274682764581,0.07216951100513189,6,1.0,[]
direct_gru@235003,direct_gru,235003,analytic,lambda4,3,0.5542929292929293,0.13502836229315365,0.5542929292929293,0.2732756875380121,6,38,0.5542929292929293,0.13502836229315365,0.2732756875380121,6,1.0,[]
direct_gru@235003,direct_gru,235003,neural,all,all,0.7418430335097002,0.08557718017179074,0.7230599647266315,0.11727023873169375,12,290,0.7418430335097002,0.08557718017179074,0.11727023873169375,12,1.0,[]
direct_gru@235003,direct_gru,235003,neural,all,1,0.8513227513227513,0.054403278317241434,0.794973544973545,0.03405855856244527,12,97,0.8513227513227513,0.054403278317241434,0.03405855856244527,12,1.0,[]
direct_gru@235003,direct_gru,235003,neural,all,2,0.6898148148148149,0.08871005350336837,0.6898148148148149,0.13230429225497775,12,97,0.6898148148148149,0.08871005350336837,0.13230429225497775,12,1.0,[]
direct_gru@235003,direct_gru,235003,neural,all,3,0.6927248677248677,0.11139751696642614,0.6927248677248677,0.1777948753543632,12,96,0.6927248677248677,0.11139751696642614,0.1777948753543632,12,1.0,[]
direct_gru@235003,direct_gru,235003,neural,lambda3,all,0.8182539682539683,0.052287954193449726,0.7806878306878308,0.06571295374915713,6,153,0.8182539682539683,0.052287954193449726,0.06571295374915713,6,1.0,[]
direct_gru@235003,direct_gru,235003,neural,lambda3,1,0.8507936507936508,0.03376796103974263,0.7380952380952381,0.02541571912311372,6,51,0.8507936507936508,0.03376796103974263,0.02541571912311372,6,1.0,[]
direct_gru@235003,direct_gru,235003,neural,lambda3,2,0.8055555555555555,0.05851494343185451,0.8055555555555555,0.07217936515808106,6,51,0.8055555555555555,0.05851494343185451,0.07217936515808106,6,1.0,[]
direct_gru@235003,direct_gru,235003,neural,lambda3,3,0.7984126984126984,0.06458095810875204,0.7984126984126984,0.09954377696627663,6,51,0.7984126984126984,0.06458095810875204,0.09954377696627663,6,1.0,[]
direct_gru@235003,direct_gru,235003,neural,lambda4,all,0.6654320987654321,0.11886640615013176,0.6654320987654321,0.16882752371423038,6,137,0.6654320987654321,0.11886640615013176,0.16882752371423038,6,1.0,[]
direct_gru@235003,direct_gru,235003,neural,lambda4,1,0.8518518518518517,0.07503859559474024,0.8518518518518517,0.0427013980017768,6,46,0.8518518518518517,0.07503859559474024,0.0427013980017768,6,1.0,[]
direct_gru@235003,direct_gru,235003,neural,lambda4,2,0.5740740740740741,0.11890516357488223,0.5740740740740741,0.1924292193518745,6,46,0.5740740740740741,0.11890516357488223,0.1924292193518745,6,1.0,[]
direct_gru@235003,direct_gru,235003,neural,lambda4,3,0.587037037037037,0.15821407582410024,0.587037037037037,0.2560459737424497,6,45,0.587037037037037,0.15821407582410024,0.2560459737424497,6,1.0,[]
direct_gru@235003,direct_gru,235003,period4_hold,all,all,0.6905509542291796,0.05754495086829176,0.6376068971115756,0.039522634586585975,12,6726,0.6905509542291796,0.05754495086829176,0.039522634586585975,12,1.0,[]
direct_gru@235003,direct_gru,235003,period4_hold,all,1,0.7255450605999053,0.0317158077457316,0.6837260478028302,0.00941904103863303,12,2243,0.7255450605999053,0.0317158077457316,0.00941904103863303,12,1.0,[]
direct_gru@235003,direct_gru,235003,period4_hold,all,2,0.7713614665854154,0.05721065441551821,0.6912688739928229,0.044611262752914715,12,2242,0.7713614665854154,0.05721065441551821,0.044611262752914715,12,1.0,[]
direct_gru@235003,direct_gru,235003,period4_hold,all,3,0.48953128173877714,0.08245317418072884,0.45234189857133184,0.064796064807079,12,2241,0.5340341255332114,0.08994891728806782,0.07068661615317709,11,0.9166666666666666,"[""valid:lambda3:23300006:period4_hold""]"
direct_gru@235003,direct_gru,235003,period4_hold,lambda3,all,0.714075253527987,0.043457635697386955,0.6390513368236432,0.03766971094317068,6,1713,0.714075253527987,0.043457635697386955,0.03766971094317068,6,1.0,[]
direct_gru@235003,direct_gru,235003,period4_hold,lambda3,1,0.8177432459882187,0.021449536218628797,0.7341052203940687,0.005962932906498541,6,572,0.8177432459882187,0.021449536218628797,0.005962932906498541,6,1.0,[]
direct_gru@235003,direct_gru,235003,period4_hold,lambda3,2,0.7287274019906561,0.0449952998523935,0.6148385131017672,0.05669751664668642,6,571,0.7287274019906561,0.0449952998523935,0.05669751664668642,6,1.0,[]
direct_gru@235003,direct_gru,235003,period4_hold,lambda3,3,0.4253250050782043,0.06141763849534527,0.39724253503961,0.05086561295406474,6,570,0.5103900060938452,0.07370116619441433,0.06103873554487769,5,0.8333333333333334,"[""valid:lambda3:23300006:period4_hold""]"
direct_gru@235003,direct_gru,235003,period4_hold,lambda4,all,0.6670266549303722,0.07163226603919658,0.6361624573995079,0.04137555823000127,6,5013,0.6670266549303722,0.07163226603919658,0.04137555823000127,6,1.0,[]
direct_gru@235003,direct_gru,235003,period4_hold,lambda4,1,0.6333468752115918,0.041982079272834406,0.6333468752115918,0.01287514917076752,6,1671,0.6333468752115918,0.041982079272834406,0.01287514917076752,6,1.0,[]
direct_gru@235003,direct_gru,235003,period4_hold,lambda4,2,0.8139955311801748,0.06942600897864293,0.7676992348838784,0.032525008859143,6,1671,0.8139955311801748,0.06942600897864293,0.032525008859143,6,1.0,[]
direct_gru@235003,direct_gru,235003,period4_hold,lambda4,3,0.5537375583993499,0.1034887098661124,0.5074412621030536,0.07872651666009327,6,1671,0.5537375583993499,0.1034887098661124,0.07872651666009327,6,1.0,[]
history_mlp@235003,history_mlp,235003,all,all,all,0.5207982435162047,0.14610556674760933,0.44007622443949107,0.20757028961829424,36,7257,0.5207982435162047,0.14610556674760933,0.20757028961829424,36,1.0,[]
history_mlp@235003,history_mlp,235003,all,all,1,0.5538048684224797,0.10233448536859334,0.4200085721261833,0.1367870492658046,36,2422,0.5538048684224797,0.10233448536859334,0.1367870492658046,36,1.0,[]
history_mlp@235003,history_mlp,235003,all,all,2,0.5278145324725154,0.1437281089167797,0.47539815357076176,0.24357526896980128,36,2420,0.5278145324725154,0.1437281089167797,0.24357526896980128,36,1.0,[]
history_mlp@235003,history_mlp,235003,all,all,3,0.4457765898860065,0.18996515420604315,0.4176393880894506,0.25150152675322146,36,2415,0.45851306388274954,0.19539273004050153,0.2586872846604564,35,0.9722222222222222,"[""valid:lambda3:23300006:period4_hold""]"
history_mlp@235003,history_mlp,235003,all,lambda3,all,0.5617005826494037,0.1145787348716622,0.40948063248809197,0.1653229160863768,18,1992,0.5617005826494037,0.1145787348716622,0.1653229160863768,18,1.0,[]
history_mlp@235003,history_mlp,235003,all,lambda3,1,0.6286317075165339,0.08926520503892271,0.3656687445535709,0.12407684430990885,18,666,0.6286317075165339,0.08926520503892271,0.12407684430990885,18,1.0,[]
history_mlp@235003,history_mlp,235003,all,lambda3,2,0.5399235125697648,0.10988844344205341,0.4352938829401352,0.207677154818194,18,665,0.5399235125697648,0.10988844344205341,0.207677154818194,18,1.0,[]
history_mlp@235003,history_mlp,235003,all,lambda3,3,0.45898291076054953,0.1396752519050304,0.42554801334027736,0.16491423006977782,18,661,0.4859819055111701,0.14789144319356162,0.17461506713270594,17,0.9444444444444444,"[""valid:lambda3:23300006:period4_hold""]"
history_mlp@235003,history_mlp,235003,all,lambda4,all,0.4798959043830058,0.17763239862355645,0.47067181639089006,0.24981766315021167,18,5265,0.4798959043830058,0.17763239862355645,0.24981766315021167,18,1.0,[]
history_mlp@235003,history_mlp,235003,all,lambda4,1,0.47897802932842537,0.11540376569826398,0.47434839969879583,0.14949725422170035,18,1756,0.47897802932842537,0.11540376569826398,0.14949725422170035,18,1.0,[]
history_mlp@235003,history_mlp,235003,all,lambda4,2,0.5157055523752659,0.17756777439150598,0.5155024242013883,0.27947338312140857,18,1755,0.5157055523752659,0.17756777439150598,0.27947338312140857,18,1.0,[]
history_mlp@235003,history_mlp,235003,all,lambda4,3,0.4325702690114634,0.24025505650705592,0.40973076283862386,0.3380888234366652,18,1754,0.4325702690114634,0.24025505650705592,0.3380888234366652,18,1.0,[]
history_mlp@235003,history_mlp,235003,analytic,all,all,0.5093221490973886,0.14612752274290666,0.4663327311079706,0.24366341504796307,12,241,0.5093221490973886,0.14612752274290666,0.24366341504796307,12,1.0,[]
history_mlp@235003,history_mlp,235003,analytic,all,1,0.5931818181818181,0.10933108462006542,0.46540404040404043,0.15802868113975332,12,82,0.5931818181818181,0.10933108462006542,0.15802868113975332,12,1.0,[]
history_mlp@235003,history_mlp,235003,analytic,all,2,0.4643308080808081,0.14584796278085846,0.4643308080808081,0.2768126082540763,12,81,0.4643308080808081,0.14584796278085846,0.2768126082540763,12,1.0,[]
history_mlp@235003,history_mlp,235003,analytic,all,3,0.4652132224500645,0.18266075868180423,0.4652132224500645,0.30525253461537816,12,78,0.4652132224500645,0.18266075868180423,0.30525253461537816,12,1.0,[]
history_mlp@235003,history_mlp,235003,analytic,lambda3,all,0.5703518499023289,0.12682784787455345,0.48900264355312256,0.2007770429870276,6,126,0.5703518499023289,0.12682784787455345,0.2007770429870276,6,1.0,[]
history_mlp@235003,history_mlp,235003,analytic,lambda3,1,0.7583333333333333,0.10222200941713389,0.5166666666666667,0.10583866238594054,6,43,0.7583333333333333,0.10222200941713389,0.10583866238594054,6,1.0,[]
history_mlp@235003,history_mlp,235003,analytic,lambda3,2,0.4375,0.12172735657683405,0.4375,0.28521528641382854,6,43,0.4375,0.12172735657683405,0.28521528641382854,6,1.0,[]
history_mlp@235003,history_mlp,235003,analytic,lambda3,3,0.5087092731829573,0.1574756698786562,0.5087092731829573,0.21330491630057047,6,40,0.5087092731829573,0.1574756698786562,0.21330491630057047,6,1.0,[]
history_mlp@235003,history_mlp,235003,analytic,lambda4,all,0.44829244829244824,0.1654271976112599,0.44366281866281865,0.2865497871088985,6,115,0.44829244829244824,0.1654271976112599,0.2865497871088985,6,1.0,[]
history_mlp@235003,history_mlp,235003,analytic,lambda4,1,0.42803030303030304,0.11644015982299698,0.41414141414141414,0.2102186998935661,6,39,0.42803030303030304,0.11644015982299698,0.2102186998935661,6,1.0,[]
history_mlp@235003,history_mlp,235003,analytic,lambda4,2,0.49116161616161613,0.16996856898488286,0.49116161616161613,0.26840993009432396,6,38,0.49116161616161613,0.16996856898488286,0.26840993009432396,6,1.0,[]
history_mlp@235003,history_mlp,235003,analytic,lambda4,3,0.4217171717171717,0.20784584748495227,0.4217171717171717,0.39720015293018585,6,38,0.4217171717171717,0.20784584748495227,0.39720015293018585,6,1.0,[]
history_mlp@235003,history_mlp,235003,neural,all,all,0.5004850088183421,0.16199068590753166,0.4514109347442681,0.2782620435248817,12,290,0.5004850088183421,0.16199068590753166,0.2782620435248817,12,1.0,[]
history_mlp@235003,history_mlp,235003,neural,all,1,0.6466931216931217,0.10533233224934703,0.505026455026455,0.14444911606097346,12,97,0.6466931216931217,0.10533233224934703,0.14444911606097346,12,1.0,[]
history_mlp@235003,history_mlp,235003,neural,all,2,0.3523809523809524,0.16874453297755845,0.3523809523809524,0.35579705326645467,12,97,0.3523809523809524,0.16874453297755845,0.35579705326645467,12,1.0,[]
history_mlp@235003,history_mlp,235003,neural,all,3,0.4857142857142857,0.21340280185539806,0.4801587301587302,0.3528599574452355,12,96,0.4857142857142857,0.21340280185539806,0.3528599574452355,12,1.0,[]
history_mlp@235003,history_mlp,235003,neural,lambda3,all,0.557142857142857,0.10702757182919005,0.46269841269841266,0.18564183081268634,6,153,0.557142857142857,0.10702757182919005,0.18564183081268634,6,1.0,[]
history_mlp@235003,history_mlp,235003,neural,lambda3,1,0.6952380952380953,0.07586445922359865,0.41190476190476194,0.11881889312986343,6,51,0.6952380952380953,0.07586445922359865,0.11881889312986343,6,1.0,[]
history_mlp@235003,history_mlp,235003,neural,lambda3,2,0.43253968253968256,0.10706115734062283,0.43253968253968256,0.2433859772152371,6,51,0.43253968253968256,0.10706115734062283,0.2433859772152371,6,1.0,[]
history_mlp@235003,history_mlp,235003,neural,lambda3,3,0.5436507936507936,0.1381570989233487,0.5436507936507936,0.19472062209295848,6,51,0.5436507936507936,0.1381570989233487,0.19472062209295848,6,1.0,[]
history_mlp@235003,history_mlp,235003,neural,lambda4,all,0.44382716049382714,0.21695379998587327,0.4401234567901235,0.3708822562370771,6,137,0.44382716049382714,0.21695379998587327,0.3708822562370771,6,1.0,[]
history_mlp@235003,history_mlp,235003,neural,lambda4,1,0.5981481481481482,0.13480020527509542,0.5981481481481482,0.1700793389920835,6,46,0.5981481481481482,0.13480020527509542,0.1700793389920835,6,1.0,[]
history_mlp@235003,history_mlp,235003,neural,lambda4,2,0.2722222222222222,0.23042790861449414,0.2722222222222222,0.46820812931767214,6,46,0.2722222222222222,0.23042790861449414,0.46820812931767214,6,1.0,[]
history_mlp@235003,history_mlp,235003,neural,lambda4,3,0.42777777777777776,0.28864850478744736,0.4166666666666667,0.5109992927975124,6,45,0.42777777777777776,0.28864850478744736,0.5109992927975124,6,1.0,[]
history_mlp@235003,history_mlp,235003,period4_hold,all,all,0.5525875726328834,0.13019849159238964,0.4024850074662345,0.10078541028203793,12,6726,0.5525875726328834,0.13019849159238964,0.10078541028203793,12,1.0,[]
history_mlp@235003,history_mlp,235003,period4_hold,all,1,0.421539665392499,0.09234003923636758,0.28959522094805457,0.10788335059668701,12,2243,0.421539665392499,0.09234003923636758,0.10788335059668701,12,1.0,[]
history_mlp@235003,history_mlp,235003,period4_hold,all,2,0.7667318369557857,0.11659183099192216,0.6094827002505248,0.09811614538887292,12,2242,0.7667318369557857,0.11659183099192216,0.09811614538887292,12,1.0,[]
history_mlp@235003,history_mlp,235003,period4_hold,all,3,0.38640226149366913,0.17383190208092716,0.30754621165955714,0.09639208819905086,12,2241,0.42152973981127545,0.18963480227010238,0.10515500530805548,11,0.9166666666666666,"[""valid:lambda3:23300006:period4_hold""]"
history_mlp@235003,history_mlp,235003,period4_hold,lambda3,all,0.5576070409030248,0.1098807849112431,0.27674084121274073,0.10954987445941648,6,1713,0.5576070409030248,0.1098807849112431,0.10954987445941648,6,1.0,[]
history_mlp@235003,history_mlp,235003,period4_hold,lambda3,1,0.43232369397817294,0.08970914647603563,0.16843480508928407,0.14757297741392256,6,572,0.43232369397817294,0.08970914647603563,0.14757297741392256,6,1.0,[]
history_mlp@235003,history_mlp,235003,period4_hold,lambda3,2,0.749730855169612,0.10087681640870337,0.43584196628072314,0.09443020082551629,6,571,0.749730855169612,0.10087681640870337,0.09443020082551629,6,1.0,[]
history_mlp@235003,history_mlp,235003,period4_hold,lambda3,3,0.3245886654478976,0.12339298691308637,0.22428397318708104,0.08671715181580457,6,570,0.38950639853747715,0.14807158429570363,0.10406058217896548,5,0.8333333333333334,"[""valid:lambda3:23300006:period4_hold""]"
history_mlp@235003,history_mlp,235003,period4_hold,lambda4,all,0.5475681043627417,0.15051619827353616,0.5282291737197283,0.09202094610465938,6,5013,0.5475681043627417,0.15051619827353616,0.09202094610465938,6,1.0,[]
history_mlp@235003,history_mlp,235003,period4_hold,lambda4,1,0.4107556368068251,0.0949709319966995,0.4107556368068251,0.06819372377945143,6,1671,0.4107556368068251,0.0949709319966995,0.06819372377945143,6,1.0,[]
history_mlp@235003,history_mlp,235003,period4_hold,lambda4,2,0.7837328187419595,0.13230684557514097,0.7831234342203263,0.10180208995222956,6,1671,0.7837328187419595,0.13230684557514097,0.10180208995222956,6,1.0,[]
history_mlp@235003,history_mlp,235003,period4_hold,lambda4,3,0.44821585753944077,0.22427081724876805,0.3908084501320333,0.10606702458229712,6,1671,0.44821585753944077,0.22427081724876805,0.10606702458229712,6,1.0,[]
current_mlp@235003,current_mlp,235003,all,all,all,0.693559100700206,0.0833320942060074,0.6831296550993629,0.09468465447509519,36,7257,0.693559100700206,0.0833320942060074,0.09468465447509519,36,1.0,[]
current_mlp@235003,current_mlp,235003,all,all,1,0.7589900063429923,0.052865226427954055,0.7589900063429923,0.04006936424173722,36,2422,0.7589900063429923,0.052865226427954055,0.04006936424173722,36,1.0,[]
current_mlp@235003,current_mlp,235003,all,all,2,0.7184244728120414,0.07653790111393267,0.703301016021918,0.0964101922573311,36,2420,0.7184244728120414,0.07653790111393267,0.0964101922573311,36,1.0,[]
current_mlp@235003,current_mlp,235003,all,all,3,0.5763489640285722,0.11973530399018346,0.560094478281399,0.1466795641641527,36,2415,0.5928160772865313,0.12315631267561729,0.15087040885455708,35,0.9722222222222222,"[""valid:lambda3:23300006:period4_hold""]"
current_mlp@235003,current_mlp,235003,all,lambda3,all,0.7370134863353068,0.06470943142102556,0.727471467561604,0.07434861100953083,18,1992,0.7370134863353068,0.06470943142102556,0.07434861100953083,18,1.0,[]
current_mlp@235003,current_mlp,235003,all,lambda3,1,0.8053130218349597,0.0468301255003358,0.8053130218349597,0.03507391209873176,18,666,0.8053130218349597,0.0468301255003358,0.03507391209873176,18,1.0,[]
current_mlp@235003,current_mlp,235003,all,lambda3,2,0.7832341874389406,0.06413147187324077,0.777678631883385,0.0749500785741958,18,665,0.7832341874389406,0.06413147187324077,0.0749500785741958,18,1.0,[]
current_mlp@235003,current_mlp,235003,all,lambda3,3,0.5601999234323877,0.08104729418158318,0.5369502111973006,0.11535317617980151,18,661,0.593152860104881,0.08581478207461748,0.12213865713155453,17,0.9444444444444444,"[""valid:lambda3:23300006:period4_hold""]"
current_mlp@235003,current_mlp,235003,all,lambda4,all,0.6501047150651051,0.10195475699098924,0.6387878426371215,0.11502069794065956,18,5265,0.6501047150651051,0.10195475699098924,0.11502069794065956,18,1.0,[]
current_mlp@235003,current_mlp,235003,all,lambda4,1,0.712666990851025,0.0589003273555723,0.712666990851025,0.045064816384742676,18,1756,0.712666990851025,0.0589003273555723,0.045064816384742676,18,1.0,[]
current_mlp@235003,current_mlp,235003,all,lambda4,2,0.653614758185142,0.08894433035462458,0.6289234001604507,0.11787030594046644,18,1755,0.653614758185142,0.08894433035462458,0.11787030594046644,18,1.0,[]
current_mlp@235003,current_mlp,235003,all,lambda4,3,0.5924980046247565,0.15842331379878372,0.5832387453654974,0.1780059521485039,18,1754,0.5924980046247565,0.15842331379878372,0.1780059521485039,18,1.0,[]
current_mlp@235003,current_mlp,235003,analytic,all,all,0.719046508410301,0.08072572253578565,0.719046508410301,0.09473045340970344,12,241,0.719046508410301,0.08072572253578565,0.09473045340970344,12,1.0,[]
current_mlp@235003,current_mlp,235003,analytic,all,1,0.8239267676767676,0.056702179218238745,0.8239267676767676,0.03612374281040346,12,82,0.8239267676767676,0.056702179218238745,0.03612374281040346,12,1.0,[]
current_mlp@235003,current_mlp,235003,analytic,all,2,0.7215488215488216,0.06893707192939233,0.7215488215488216,0.07297645421943279,12,81,0.7215488215488216,0.06893707192939233,0.07297645421943279,12,1.0,[]
current_mlp@235003,current_mlp,235003,analytic,all,3,0.5989819877977772,0.11645604428111288,0.5989819877977772,0.17991458848230066,12,78,0.5989819877977772,0.11645604428111288,0.17991458848230066,12,1.0,[]
current_mlp@235003,current_mlp,235003,analytic,lambda3,all,0.7541904995847516,0.06566936630391977,0.7541904995847516,0.08627317798910027,6,126,0.7541904995847516,0.06566936630391977,0.08627317798910027,6,1.0,[]
current_mlp@235003,current_mlp,235003,analytic,lambda3,1,0.8624999999999999,0.053896743600140344,0.8624999999999999,0.04324266314506531,6,43,0.8624999999999999,0.053896743600140344,0.04324266314506531,6,1.0,[]
current_mlp@235003,current_mlp,235003,analytic,lambda3,2,0.7999999999999999,0.06520456784906355,0.7999999999999999,0.07598370711008708,6,43,0.7999999999999999,0.06520456784906355,0.07598370711008708,6,1.0,[]
current_mlp@235003,current_mlp,235003,analytic,lambda3,3,0.5826441102756892,0.07839526113959974,0.5826441102756892,0.14629706048726437,6,40,0.5826441102756892,0.07839526113959974,0.14629706048726437,6,1.0,[]
current_mlp@235003,current_mlp,235003,analytic,lambda4,all,0.6839025172358505,0.09578207876765155,0.6839025172358505,0.10318772883030664,6,115,0.6839025172358505,0.09578207876765155,0.10318772883030664,6,1.0,[]
current_mlp@235003,current_mlp,235003,analytic,lambda4,1,0.7853535353535354,0.05950761483633713,0.7853535353535354,0.02900482247574161,6,39,0.7853535353535354,0.05950761483633713,0.02900482247574161,6,1.0,[]
current_mlp@235003,current_mlp,235003,analytic,lambda4,2,0.6430976430976431,0.07266957600972111,0.6430976430976431,0.0699692013287785,6,38,0.6430976430976431,0.07266957600972111,0.0699692013287785,6,1.0,[]
current_mlp@235003,current_mlp,235003,analytic,lambda4,3,0.6153198653198654,0.15451682742262599,0.6153198653198654,0.21353211647733694,6,38,0.6153198653198654,0.15451682742262599,0.21353211647733694,6,1.0,[]
current_mlp@235003,current_mlp,235003,neural,all,all,0.6967813051146384,0.08709418982738114,0.6967813051146384,0.12419092238895478,12,290,0.6967813051146384,0.08709418982738114,0.12419092238895478,12,1.0,[]
current_mlp@235003,current_mlp,235003,neural,all,1,0.7724867724867724,0.05693708749197444,0.7724867724867724,0.05915490287952322,12,97,0.7724867724867724,0.05693708749197444,0.05915490287952322,12,1.0,[]
current_mlp@235003,current_mlp,235003,neural,all,2,0.6593915343915344,0.08224576148242574,0.6593915343915344,0.14596058716849677,12,97,0.6593915343915344,0.08224576148242574,0.14596058716849677,12,1.0,[]
current_mlp@235003,current_mlp,235003,neural,all,3,0.6751322751322751,0.12303138032889781,0.6751322751322751,0.15980427120097732,12,96,0.6751322751322751,0.12303138032889781,0.15980427120097732,12,1.0,[]
current_mlp@235003,current_mlp,235003,neural,lambda3,all,0.7793650793650794,0.05907729517295724,0.7793650793650794,0.06720166610031532,6,153,0.7793650793650794,0.05907729517295724,0.06720166610031532,6,1.0,[]
current_mlp@235003,current_mlp,235003,neural,lambda3,1,0.8190476190476191,0.04654094237373598,0.8190476190476191,0.03897745230841258,6,51,0.8190476190476191,0.04654094237373598,0.03897745230841258,6,1.0,[]
current_mlp@235003,current_mlp,235003,neural,lambda3,2,0.7928571428571428,0.05770319215049322,0.7928571428571428,0.068024628502982,6,51,0.7928571428571428,0.05770319215049322,0.068024628502982,6,1.0,[]
current_mlp@235003,current_mlp,235003,neural,lambda3,3,0.7261904761904762,0.07298775099464251,0.7261904761904762,0.09460291748955135,6,51,0.7261904761904762,0.07298775099464251,0.09460291748955135,6,1.0,[]
current_mlp@235003,current_mlp,235003,neural,lambda4,all,0.6141975308641975,0.11511108448180503,0.6141975308641975,0.1811801786775942,6,137,0.6141975308641975,0.11511108448180503,0.1811801786775942,6,1.0,[]
current_mlp@235003,current_mlp,235003,neural,lambda4,1,0.7259259259259259,0.0673332326102129,0.7259259259259259,0.07933235345063386,6,46,0.7259259259259259,0.0673332326102129,0.07933235345063386,6,1.0,[]
current_mlp@235003,current_mlp,235003,neural,lambda4,2,0.5259259259259259,0.10678833081435825,0.5259259259259259,0.2238965458340115,6,46,0.5259259259259259,0.10678833081435825,0.2238965458340115,6,1.0,[]
current_mlp@235003,current_mlp,235003,neural,lambda4,3,0.6240740740740741,0.17307500966315306,0.6240740740740741,0.22500562491240325,6,45,0.6240740740740741,0.17307500966315306,0.22500562491240325,6,1.0,[]
current_mlp@235003,current_mlp,235003,period4_hold,all,all,0.6648494885756784,0.08217637025485541,0.6335611517731488,0.06513258762662737,12,6726,0.6648494885756784,0.08217637025485541,0.06513258762662737,12,1.0,[]
current_mlp@235003,current_mlp,235003,period4_hold,all,1,0.6805564788654368,0.044956412573648984,0.6805564788654368,0.024929447035284973,12,2243,0.6805564788654368,0.044956412573648984,0.024929447035284973,12,1.0,[]
current_mlp@235003,current_mlp,235003,period4_hold,all,2,0.7743330624957682,0.07843086992997997,0.7289626921253979,0.0702935353840638,12,2242,0.7743330624957682,0.07843086992997997,0.0702935353840638,12,1.0,[]
current_mlp@235003,current_mlp,235003,period4_hold,all,3,0.4549326291556639,0.11971848736053971,0.4061691719141445,0.10031983280918012,12,2241,0.4962901408970879,0.13060198621149788,0.10943981761001469,11,0.9166666666666666,"[""valid:lambda3:23300006:period4_hold""]"
current_mlp@235003,current_mlp,235003,period4_hold,lambda3,all,0.6774848800560895,0.0693816327861997,0.6488588237349812,0.06957098893917692,6,1713,0.6774848800560895,0.0693816327861997,0.06957098893917692,6,1.0,[]
current_mlp@235003,current_mlp,235003,period4_hold,lambda3,1,0.73439144645726,0.0400526905271311,0.73439144645726,0.02300162084271738,6,572,0.73439144645726,0.0400526905271311,0.02300162084271738,6,1.0,[]
current_mlp@235003,current_mlp,235003,period4_hold,lambda3,2,0.7568454194596791,0.06948665562016555,0.7401787527930125,0.0808419001095183,6,571,0.7568454194596791,0.06948665562016555,0.0808419001095183,6,1.0,[]
current_mlp@235003,current_mlp,235003,period4_hold,lambda3,3,0.3717651838309974,0.09175887041050729,0.3020160471257363,0.10515955056258873,6,570,0.44611822059719686,0.11011064449260874,0.12619146067510648,5,0.8333333333333334,"[""valid:lambda3:23300006:period4_hold""]"
current_mlp@235003,current_mlp,235003,period4_hold,lambda4,all,0.6522140970952671,0.09497110772351114,0.6182634798113165,0.0606941863140778,6,5013,0.6522140970952671,0.09497110772351114,0.0606941863140778,6,1.0,[]
current_mlp@235003,current_mlp,235003,period4_hold,lambda4,1,0.6267215112736136,0.04986013462016687,0.6267215112736136,0.026857273227852568,6,1671,0.6267215112736136,0.04986013462016687,0.026857273227852568,6,1.0,[]
current_mlp@235003,current_mlp,235003,period4_hold,lambda4,2,0.7918207055318573,0.0873750842397944,0.7177466314577833,0.05974517065860929,6,1671,0.7918207055318573,0.0873750842397944,0.05974517065860929,6,1.0,[]
current_mlp@235003,current_mlp,235003,period4_hold,lambda4,3,0.5381000744803304,0.14767810431057213,0.5103222967025526,0.09548011505577153,6,1671,0.5381000744803304,0.14767810431057213,0.09548011505577153,6,1.0,[]
