family,group,scope,seeds,episodes,max_residuals.pair_mse,max_residuals.strict_margin,metrics.agreement,metrics.first_argmin_match,metrics.legal_centered_mse,metrics.near_all_best_mass,metrics.near_mixed_correct_mass,metrics.near_mixed_wrong_mass,metrics.near_no_best_mass,metrics.pair_mse_best_best,metrics.pair_mse_best_rest,metrics.pair_mse_rest_rest,metrics.raw_gap,metrics.selection_differs_from_strict_mass,metrics.strict_argmin_error_difference,metrics.strict_argmin_prediction_margin,metrics.strict_argmin_raw_gap,rows,supported_episodes,teacher_margin.conditional_mean,teacher_margin.contribution,teacher_margin.mass,teacher_margin.rows,weight_mass
innovation_shared_mse,overall,full,285000001;285000002;285000003,36,0.0,0.0,0.6546436080113844,0.596550887624165,0.10698567762515304,0.6546436080113844,0.0,0.0,0.28980083643306,0.00013775544024951717,0.06335151512873345,0.04349640705617005,0.10582568688866868,0.0,-0.2397101980987885,-0.1338845112101198,0.10582568688866868,10333.0,34.0,0.39890673816116723,0.376745252707769,0.9444444444444443,10333.0,0.9444444444444443
innovation_shared_mse,lambda3,full,285000001;285000002;285000003,18,0.0,0.0,0.7102341675464284,0.6464641732097133,0.13613003114318764,0.7102341675464284,0.0,0.0,0.2897658324535717,0.00013754294562367102,0.0815044440963204,0.05448804410124358,0.11956970833543519,0.0,-0.2841140130754078,-0.16454430473997259,0.11956970833543519,6807.0,18.0,0.4365920590870503,0.4365920590870503,1.0,6807.0,1.0
innovation_shared_mse,lambda3/analytic,full,285000001;285000002;285000003,6,0.0,0.0,0.7934224710540501,0.7139816942448521,0.07422568154124735,0.7934224710540501,0.0,0.0,0.20657752894595002,0.00015748615826257487,0.0420651666488564,0.032003028734128365,0.11099579244757739,0.0,-0.17818357322211523,-0.06718778077453784,0.11099579244757739,103.0,6.0,0.3479698356320475,0.3479698356320475,1.0,103.0,1.0
innovation_shared_mse,lambda3/neural,full,285000001;285000002;285000003,6,0.0,0.0,0.7088240314046765,0.6285202252944188,0.14150247504524174,0.7088240314046765,0.0,0.0,0.2911759685953234,0.00015846209410793572,0.09216318667444683,0.04918082627668698,0.20067036245479217,0.0,-0.35263671649562395,-0.15196635404083178,0.20067036245479217,100.0,6.0,0.44697717257908415,0.44697717257908415,1.0,100.0,1.0
innovation_shared_mse,lambda3/period4_hold,full,285000001;285000002;285000003,6,0.0,0.0,0.6284560001805584,0.5968906000898689,0.19266193684307387,0.6284560001805584,0.0,0.0,0.37154399981944164,9.668058450050246e-05,0.11028497896565798,0.08228027729291539,0.04704297010393607,0.0,-0.32152174950848417,-0.2744787794045481,0.04704297010393607,6604.0,6.0,0.5148291690500194,0.5148291690500194,1.0,6604.0,1.0
innovation_shared_mse,lambda3/case0,full,285000001;285000002;285000003,3,0.0,0.0,0.6750081891763794,0.6533496149583901,0.12743298292217353,0.6750081891763794,0.0,0.0,0.3249918108236207,4.073446844264877e-05,0.07216815428976603,0.055224094163964864,0.06726266347208863,0.0,-0.23771319967680984,-0.17045053620472125,0.06726266347208863,1706.0,3.0,0.443419692641434,0.443419692641434,1.0,1706.0,1.0
innovation_shared_mse,lambda3/case1,full,285000001;285000002;285000003,3,0.0,0.0,0.8050985171643307,0.6936488590967568,0.07491573084773984,0.8050985171643307,0.0,0.0,0.1949014828356693,0.00021152942905792915,0.041757438810766406,0.03294676260791549,0.01124887326307889,0.0,-0.12592538052546695,-0.11467650726238805,0.01124887326307889,1649.0,3.0,0.34080968761792785,0.34080968761792785,1.0,1649.0,1.0
innovation_shared_mse,lambda3/case2,full,285000001;285000002;285000003,3,0.0,0.0,0.6512289254519601,0.6511612160606676,0.22819492098483293,0.6512289254519601,0.0,0.0,0.34877107454803974,9.747180889024843e-07,0.14669365417619049,0.08150029209055358,0.22677913209468448,0.0,-0.505213749546746,-0.2784346174520616,0.22677913209468448,1648.0,3.0,0.47164792535558303,0.47164792535558303,1.0,1648.0,1.0
innovation_shared_mse,lambda3/case3,full,285000001;285000002;285000003,3,0.0,0.0,0.8337403337403337,0.7829855329855331,0.03930642866800156,0.8337403337403337,0.0,0.0,0.16625966625966626,0.00011282187541924181,0.01925824821736096,0.01993535857522136,0.019322720361557796,0.0,-0.06041644347928299,-0.041093723117725196,0.019322720361557796,89.0,3.0,0.32168532174731057,0.32168532174731057,1.0,89.0,1.0
innovation_shared_mse,lambda3/case4,full,285000001;285000002;285000003,3,0.0,0.0,0.6358352125850721,0.6161583346754508,0.24617945998465196,0.6358352125850721,0.0,0.0,0.36416478741492786,3.8818309420028e-05,0.14165017443803918,0.10449046723719276,0.17767456848211197,0.0,-0.42038030190347037,-0.2427057334213584,0.17767456848211197,1691.0,3.0,0.5331403580050105,0.5331403580050105,1.0,1691.0,1.0
innovation_shared_mse,lambda3/case5,full,285000001;285000002;285000003,3,0.0,0.0,0.6604938271604938,0.48148148148148145,0.10075066345172606,0.6604938271604938,0.0,0.0,0.3395061728395061,0.000420378873313276,0.06749899464579935,0.03283128993261344,0.21513029233908945,0.0,-0.3550350033206704,-0.13990471098158094,0.21513029233908945,24.0,3.0,0.5088493691550361,0.5088493691550361,1.0,24.0,1.0
innovation_shared_mse,lambda4,full,285000001;285000002;285000003,18,0.0,0.0,0.5990530484763404,0.5466376020386167,0.07784132410711841,0.5990530484763404,0.0,0.0,0.28983584041254834,0.0001379679348753633,0.045198586161146526,0.03250477001109652,0.09208166544190217,0.0,-0.1953063831221692,-0.10322471768026702,0.09208166544190217,3526.0,16.0,0.3565107521195486,0.3168984463284876,0.8888888888888888,3526.0,0.8888888888888888
innovation_shared_mse,lambda4/analytic,full,285000001;285000002;285000003,6,0.0,0.0,0.7272222222222222,0.652089947089947,0.05955053160862466,0.7272222222222222,0.0,0.0,0.2727777777777778,0.00029576347162929854,0.03680947658411305,0.022445291552882312,0.08709096406502699,0.0,-0.1669194870146494,-0.07982852294962242,0.08709096406502699,115.0,6.0,0.3493362753353422,0.3493362753353422,1.0,115.0,1.0
innovation_shared_mse,lambda4/neural,full,285000001;285000002;285000003,6,0.0,0.0,0.5193054122233688,0.5010219584909987,0.09830020413079797,0.5193054122233688,0.0,0.0,0.3140279211099644,4.40292827295788e-05,0.05760632528618014,0.04064984956188825,0.1280821655092129,0.0,-0.23592891872318741,-0.10784675321397452,0.1280821655092129,76.0,5.0,0.333039703745591,0.2775330864546592,0.8333333333333334,76.0,0.8333333333333334
innovation_shared_mse,lambda4/period4_hold,full,285000001;285000002;285000003,6,0.0,0.0,0.5506315109834305,0.48680090053490416,0.07567323658193259,0.5506315109834305,0.0,0.0,0.28270182234990276,7.411105026721256e-05,0.041179956613146385,0.034419168918519,0.06107186675146667,0.0,-0.1830707436286708,-0.12199887687720411,0.06107186675146667,3335.0,5.0,0.3885911726345538,0.3238259771954615,0.8333333333333334,3335.0,0.8333333333333334
innovation_shared_mse,lambda4/case0,full,285000001;285000002;285000003,3,0.0,0.0,0.6007407407407408,0.6007407407407408,0.0936011380111787,0.6007407407407408,0.0,0.0,0.39925925925925926,6.356945492471923e-05,0.056566506458248234,0.03697106209800575,0.13484237211721914,0.0,-0.2776786311467489,-0.1428362590295297,0.13484237211721914,123.0,3.0,0.2706093676884969,0.2706093676884969,1.0,123.0,1.0
innovation_shared_mse,lambda4/case1,full,285000001;285000002;285000003,3,0.0,0.0,0.5890698969646339,0.5599415204678363,0.08431006033366006,0.5890698969646339,0.0,0.0,0.4109301030353662,1.8652722567869907e-05,0.045360166143282594,0.03893124146780958,0.12462622046437445,0.0,-0.25394494697530434,-0.12931872651092988,0.12462622046437445,62.0,3.0,0.2951180216463387,0.2951180216463387,1.0,62.0,1.0
innovation_shared_mse,lambda4/case2,full,285000001;285000002;285000003,3,0.0,0.0,0.24444444444444444,0.24444444444444444,0.018052915333934844,0.24444444444444444,0.0,0.0,0.08888888888888889,0.0,0.014613795561675148,0.0034391197722597,0.03571769926283095,0.0,-0.04552103678385417,-0.009803337521023222,0.03571769926283095,5.0,1.0,0.6316324234008789,0.2105441411336263,0.3333333333333333,5.0,0.3333333333333333
innovation_shared_mse,lambda4/case3,full,285000001;285000002;285000003,3,0.0,0.0,0.5794619493135462,0.5593801404372433,0.09413520611544439,0.5794619493135462,0.0,0.0,0.4205380506864538,4.378110814219871e-05,0.056412858459735225,0.037678566547566954,0.08778480422226016,0.0,-0.22618933376857583,-0.13840452954631566,0.08778480422226016,1670.0,3.0,0.5002598519880259,0.5002598519880259,1.0,1670.0,1.0
innovation_shared_mse,lambda4/case4,full,285000001;285000002;285000003,3,0.0,0.0,0.8222222222222223,0.6682539682539682,0.07508276153361843,0.8222222222222223,0.0,0.0,0.17777777777777778,0.0003181027216539535,0.0369847539430945,0.03777990486886997,0.1015899794442313,0.0,-0.1362608818780808,-0.034670902433849515,0.1015899794442313,18.0,3.0,0.18480855850946334,0.18480855850946334,1.0,18.0,1.0
innovation_shared_mse,lambda4/case5,full,285000001;285000002;285000003,3,0.0,0.0,0.7583790371724558,0.647064797887467,0.10186586331487407,0.7583790371724558,0.0,0.0,0.24162096282754417,0.0003837016019634385,0.061253436400843464,0.04022872531206718,0.06792891714049705,0.0,-0.23224346818045116,-0.1643145510399541,0.06792891714049705,1648.0,3.0,0.4400507370049746,0.4400507370049746,1.0,1648.0,1.0
innovation_shared_mse,overall,initial,285000001;285000002;285000003,36,0.0,0.0,0.7283950617283951,0.5216049382716049,0.030644483351807708,0.7283950617283951,0.0,0.0,0.21604938271604937,0.00054306427031642,0.01857866532308258,0.011522753758408713,0.0472580709575135,0.0,-0.11362938822051626,-0.06637131726300276,0.0472580709575135,96.0,34.0,0.20370913486854705,0.1923919607091833,0.9444444444444443,96.0,0.9444444444444443
innovation_shared_mse,lambda3,initial,285000001;285000002;285000003,18,0.0,0.0,0.8333333333333334,0.5617283950617283,0.04141093631431666,0.8333333333333334,0.0,0.0,0.16666666666666666,0.0006154271325803962,0.025071241412743583,0.01572426776899268,0.05954663547468775,0.0,-0.13092464282188887,-0.07137800734720112,0.05954663547468775,52.0,18.0,0.24361453232941802,0.24361453232941802,1.0,52.0,1.0
innovation_shared_mse,lambda3/analytic,initial,285000001;285000002;285000003,6,0.0,0.0,0.8333333333333334,0.611111111111111,0.03837288794132174,0.8333333333333334,0.0,0.0,0.16666666666666666,0.0004064561838432652,0.02255005613595687,0.015416375621521603,0.05040950245327419,0.0,-0.10418159873397263,-0.05377209628069842,0.05040950245327419,16.0,6.0,0.22211922539605036,0.22211922539605036,1.0,16.0,1.0
innovation_shared_mse,lambda3/neural,initial,285000001;285000002;285000003,6,0.0,0.0,0.7777777777777777,0.5555555555555555,0.05770200259851671,0.7777777777777777,0.0,0.0,0.2222222222222222,0.0004064561838432652,0.03519267985052044,0.022102866564153,0.0960282219780816,0.0,-0.18186996601246022,-0.08584174403437861,0.0960282219780816,18.0,6.0,0.31041733423868817,0.31041733423868817,1.0,18.0,1.0
innovation_shared_mse,lambda3/period4_hold,initial,285000001;285000002;285000003,6,0.0,0.0,0.8888888888888888,0.5185185185185185,0.02815791840311153,0.8888888888888888,0.0,0.0,0.1111111111111111,0.0010333690300546583,0.01747098825175344,0.009653561121303432,0.032202181992707433,0.0,-0.10672236371923377,-0.07452018172652632,0.032202181992707433,18.0,6.0,0.19830703735351562,0.19830703735351562,1.0,18.0,1.0
innovation_shared_mse,lambda3/case0,initial,285000001;285000002;285000003,3,0.0,0.0,0.8518518518518517,0.5185185185185185,0.02013247383816903,0.8518518518518517,0.0,0.0,0.14814814814814814,0.0005613244070951218,0.011086971364622715,0.008484178066451192,0.02334679497612847,0.0,-0.07085376315646702,-0.04750696818033854,0.02334679497612847,9.0,3.0,0.13317786322699654,0.13317786322699654,1.0,9.0,1.0
innovation_shared_mse,lambda3/case1,initial,285000001;285000002;285000003,3,0.0,0.0,0.9259259259259259,0.6296296296296297,0.03962336083172549,0.9259259259259259,0.0,0.0,0.07407407407407407,0.0006717793805314107,0.021660065490782133,0.017291515960411948,0.004739831995081018,0.0,-0.057780089201750574,-0.05304025720666956,0.004739831995081018,9.0,3.0,0.2003728018866645,0.2003728018866645,1.0,9.0,1.0
innovation_shared_mse,lambda3/case2,initial,285000001;285000002;285000003,3,0.0,0.0,0.7777777777777777,0.7777777777777777,0.08891116607824388,0.7777777777777777,0.0,0.0,0.2222222222222222,0.00010724368485381529,0.04608340309908902,0.04272051929430105,0.12988192946822555,0.0,-0.21592111940737124,-0.08603918993914568,0.12988192946822555,7.0,3.0,0.24862946404351127,0.24862946404351127,1.0,7.0,1.0
innovation_shared_mse,lambda3/case3,initial,285000001;285000002;285000003,3,0.0,0.0,0.7037037037037036,0.25925925925925924,0.012376428233168283,0.7037037037037036,0.0,0.0,0.2962962962962963,0.0009490149768343718,0.00758964396539307,0.003837769290940842,0.020684136284722224,0.0,-0.10789164790400751,-0.0872075116192853,0.020684136284722224,9.0,3.0,0.06085925632052951,0.06085925632052951,1.0,9.0,1.0
innovation_shared_mse,lambda3/case4,initial,285000001;285000002;285000003,3,0.0,0.0,1.0,0.7037037037037037,0.01680330920369552,1.0,0.0,0.0,0.0,0.0006717793805314107,0.009783538629798623,0.0063479911933654876,0.0,0.0,-0.0331279613353588,-0.0331279613353588,0.0,9.0,3.0,0.28999000125461155,0.28999000125461155,1.0,9.0,1.0
innovation_shared_mse,lambda3/case5,initial,285000001;285000002;285000003,3,0.0,0.0,0.7407407407407406,0.4814814814814814,0.07061887970089777,0.7407407407407406,0.0,0.0,0.25925925925925924,0.0007314209656362471,0.05422382592677596,0.015663632808485563,0.1786271201239692,0.0,-0.29997327592637807,-0.12134615580240886,0.1786271201239692,9.0,3.0,0.5286578072441949,0.5286578072441949,1.0,9.0,1.0
innovation_shared_mse,lambda4,initial,285000001;285000002;285000003,18,0.0,0.0,0.6234567901234568,0.48148148148148145,0.019878030389298758,0.6234567901234568,0.0,0.0,0.2654320987654321,0.0004707014080524437,0.01208608923342157,0.007321239747824744,0.03496950644033927,0.0,-0.09633413361914363,-0.06136462717880437,0.03496950644033927,44.0,16.0,0.15881556272506717,0.14116938908894858,0.8888888888888888,44.0,0.8888888888888888
innovation_shared_mse,lambda4/analytic,initial,285000001;285000002;285000003,6,0.0,0.0,0.7037037037037037,0.5925925925925926,0.02014728295876959,0.7037037037037037,0.0,0.0,0.2962962962962963,0.00044788194814402604,0.013767544557232989,0.005931856453392575,0.04452173798172562,0.0,-0.0983563705726906,-0.053834632590964986,0.04452173798172562,16.0,6.0,0.25325144661797416,0.25325144661797416,1.0,16.0,1.0
innovation_shared_mse,lambda4/neural,initial,285000001;285000002;285000003,6,0.0,0.0,0.574074074074074,0.4814814814814814,0.01632868646059596,0.574074074074074,0.0,0.0,0.25925925925925924,0.00014953826741003908,0.00877346233057484,0.007405685862611083,0.03195850937454789,0.0,-0.08468412469934535,-0.05272561532479745,0.03195850937454789,15.0,5.0,0.11213715871175128,0.09344763225979275,0.8333333333333334,15.0,0.8333333333333334
innovation_shared_mse,lambda4/period4_hold,initial,285000001;285000002;285000003,6,0.0,0.0,0.5925925925925926,0.3703703703703703,0.023158121748530724,0.5925925925925926,0.0,0.0,0.24074074074074073,0.000814684008603266,0.013717260812456887,0.008626176927470574,0.028428271964744286,0.0,-0.10596190558539498,-0.07753363362065067,0.028428271964744286,13.0,5.0,0.09217090606689453,0.07680908838907878,0.8333333333333334,13.0,0.8333333333333334
innovation_shared_mse,lambda4/case0,initial,285000001;285000002;285000003,3,0.0,0.0,0.7407407407407408,0.7407407407407408,0.015224081945066076,0.7407407407407408,0.0,0.0,0.25925925925925924,0.0,0.00826885887733995,0.006955223067726129,0.01781675550672743,0.0,-0.04999655264395255,-0.03217979713722511,0.01781675550672743,9.0,3.0,0.06453874376085068,0.06453874376085068,1.0,9.0,1.0
innovation_shared_mse,lambda4/case1,initial,285000001;285000002;285000003,3,0.0,0.0,0.7777777777777777,0.5555555555555556,0.02298885767720128,0.7777777777777777,0.0,0.0,0.2222222222222222,0.00012944980582047988,0.015422279843286799,0.007437128028094001,0.050028483072916664,0.0,-0.09836076807092736,-0.048332284998010705,0.050028483072916664,9.0,3.0,0.14531559414333767,0.14531559414333767,1.0,9.0,1.0
innovation_shared_mse,lambda4/case2,initial,285000001;285000002;285000003,3,0.0,0.0,0.2222222222222222,0.2222222222222222,0.012959578507668034,0.2222222222222222,0.0,0.0,0.1111111111111111,0.0,0.010329192465946933,0.0026303860417211007,0.02604216116446036,0.0,-0.03651996895118997,-0.010477807786729602,0.02604216116446036,3.0,1.0,0.5127134323120118,0.17090447743733725,0.3333333333333333,3.0,0.3333333333333333
innovation_shared_mse,lambda4/case3,initial,285000001;285000002;285000003,3,0.0,0.0,0.4444444444444444,0.2222222222222222,0.017724618905082968,0.4444444444444444,0.0,0.0,0.5555555555555555,0.0004649274427113899,0.009291799814457557,0.00796789164791402,0.03760316636827257,0.0,-0.1789256908275463,-0.1413225244592737,0.03760316636827257,9.0,3.0,0.08235804239908855,0.08235804239908855,1.0,9.0,1.0
innovation_shared_mse,lambda4/case4,initial,285000001;285000002;285000003,3,0.0,0.0,0.8148148148148148,0.5925925925925926,0.02030900569450801,0.8148148148148148,0.0,0.0,0.1851851851851852,0.0006190090340101893,0.014771387925112255,0.004918608735385566,0.053545775236906824,0.0,-0.08277264347782841,-0.02922686824092158,0.053545775236906824,7.0,3.0,0.14707925584581164,0.14707925584581164,1.0,7.0,1.0
innovation_shared_mse,lambda4/case5,initial,285000001;285000002;285000003,3,0.0,0.0,0.7407407407407406,0.5555555555555555,0.030062039606266185,0.7407407407407406,0.0,0.0,0.25925925925925924,0.001610822165772603,0.014433016474385938,0.014018200966107645,0.024780697292751733,0.0,-0.13142917774341725,-0.10664848045066551,0.024780697292751733,7.0,3.0,0.23682022094726562,0.23682022094726562,1.0,7.0,1.0
innovation_shared_mse,overall,postcorrection,285000001;285000002;285000003,36,0.0,0.0,0.5257513502101996,0.5243867682900621,0.1164458170479898,0.5257513502101996,0.0,0.0,0.27980420534535605,1.0882451139697797e-05,0.06924226832273464,0.04719266627411547,0.1153719543531867,0.0,-0.24995835334723393,-0.13458639899404723,0.1153719543531867,10237.0,29.0,0.44996086664638774,0.3624684759095902,0.8055555555555557,10237.0,0.8055555555555557
innovation_shared_mse,lambda3,postcorrection,285000001;285000002;285000003,18,0.0,0.0,0.5740809349430781,0.5714082989371088,0.14026363753310178,0.5740809349430781,0.0,0.0,0.25925239839025527,8.469813100324333e-06,0.08414157865743731,0.05611358906256416,0.11791799154735516,0.0,-0.27191235845927997,-0.1539943669119248,0.11791799154735516,6755.0,15.0,0.4817243267144927,0.40143693892874394,0.8333333333333334,6755.0,0.8333333333333334
innovation_shared_mse,lambda3/analytic,postcorrection,285000001;285000002;285000003,6,0.0,0.0,0.5192220406681192,0.5192220406681192,0.05819660452157572,0.5192220406681192,0.0,0.0,0.14744462599854757,0.0,0.030077171268596894,0.02811943325297882,0.07859868739684941,0.0,-0.11825725083430781,-0.03965856343745839,0.07859868739684941,87.0,4.0,0.4004642053756839,0.2669761369171226,0.6666666666666666,87.0,0.6666666666666666
innovation_shared_mse,lambda3/neural,postcorrection,285000001;285000002;285000003,6,0.0,0.0,0.5873280423280424,0.5873280423280424,0.16597304589907882,0.5873280423280424,0.0,0.0,0.246005291005291,0.0,0.11038134013622147,0.05559170576285736,0.22402631429137373,0.0,-0.3711698562001425,-0.14714354190876877,0.22402631429137373,82.0,5.0,0.5007663907777695,0.4173053256481413,0.8333333333333334,82.0,0.8333333333333334
innovation_shared_mse,lambda3/period4_hold,postcorrection,285000001;285000002;285000003,6,0.0,0.0,0.6156927218330727,0.6076748138151647,0.1966212621786508,0.6156927218330727,0.0,0.0,0.3843072781669273,2.5409439300973e-05,0.11196622456749357,0.08462962817185628,0.05112897295384231,0.0,-0.3263099683433896,-0.27518099538954727,0.05112897295384231,6586.0,6.0,0.520029354220968,0.520029354220968,1.0,6586.0,1.0
innovation_shared_mse,lambda3/case0,postcorrection,285000001;285000002;285000003,3,0.0,0.0,0.6620348424269994,0.6614921752176656,0.1320361057238615,0.6620348424269994,0.0,0.0,0.3379651575730007,5.18365237503172e-06,0.07462218412371995,0.05740873794776654,0.07169014386942296,0.0,-0.24755003275654716,-0.1758598888871242,0.07169014386942296,1697.0,3.0,0.4552745856187123,0.4552745856187123,1.0,1697.0,1.0
innovation_shared_mse,lambda3/case1,postcorrection,285000001;285000002;285000003,3,0.0,0.0,0.8603988603988603,0.8603310269976937,0.07627552693478329,0.8603988603988603,0.0,0.0,0.1396011396011396,2.7536049891353547e-07,0.037655563220438205,0.03861968835384617,0.0077080908405167846,0.0,-0.09828195638531116,-0.09057386554479437,0.0077080908405167846,1640.0,3.0,0.3635385063881305,0.3635385063881305,1.0,1640.0,1.0
innovation_shared_mse,lambda3/case2,postcorrection,285000001;285000002;285000003,3,0.0,0.0,0.2806946140279473,0.2806267806267806,0.2861432955816217,0.2806946140279473,0.0,0.0,0.3859720526387193,7.800862816407391e-07,0.20046728994043286,0.08567522555490721,0.3483552905649913,0.0,-0.6666288657421949,-0.3182735751772037,0.3483552905649913,1641.0,2.0,0.876701663956683,0.584467775971122,0.6666666666666666,1641.0,0.6666666666666666
innovation_shared_mse,lambda3/case3,postcorrection,285000001;285000002;285000003,3,0.0,0.0,0.842956465237167,0.842956465237167,0.04251450986508474,0.842956465237167,0.0,0.0,0.157043534762833,0.0,0.020595419107338517,0.02191909075774622,0.019610257139447605,0.0,-0.05516004899479182,-0.035549791855344216,0.019610257139447605,80.0,3.0,0.35242879969799495,0.35242879969799495,1.0,80.0,1.0
innovation_shared_mse,lambda3/case4,postcorrection,285000001;285000002;285000003,3,0.0,0.0,0.5984008275674942,0.5978581603581604,0.2610658325711082,0.5984008275674942,0.0,0.0,0.4015991724325058,2.3624384637475357e-06,0.1503784139302273,0.11068505620241718,0.20309523680756428,0.0,-0.45844010845192606,-0.25534487164436176,0.20309523680756428,1682.0,3.0,0.5509452192483514,0.5509452192483514,1.0,1682.0,1.0
innovation_shared_mse,lambda3/case5,postcorrection,285000001;285000002;285000003,3,0.0,0.0,0.19999999999999998,0.1851851851851852,0.043546554522151226,0.19999999999999998,0.0,0.0,0.13333333333333333,4.2217340982612465e-05,0.02113060162246701,0.022373735558701608,0.05704893006218805,0.0,-0.10541313842490867,-0.04836420836272063,0.05704893006218805,15.0,1.0,0.3059002399444581,0.10196674664815268,0.3333333333333333,15.0,0.3333333333333333
innovation_shared_mse,lambda4,postcorrection,285000001;285000002;285000003,18,0.0,0.0,0.477421765477321,0.47736523764301547,0.09262799656287783,0.477421765477321,0.0,0.0,0.3003560123004567,1.329508917907126e-05,0.05434295798803198,0.03827174348566678,0.11282591715901828,0.0,-0.2280043482351879,-0.11517843107616961,0.11282591715901828,3482.0,14.0,0.4159285880019896,0.3235000128904364,0.7777777777777778,3482.0,0.7777777777777778
innovation_shared_mse,lambda4/analytic,postcorrection,285000001;285000002;285000003,6,0.0,0.0,0.5671296296296297,0.5671296296296297,0.07015852278104417,0.5671296296296297,0.0,0.0,0.26620370370370366,0.0,0.04349540804473071,0.026663114736313446,0.10564917252387529,0.0,-0.18146617361056952,-0.07581700108669422,0.10564917252387529,99.0,5.0,0.3801871485180325,0.31682262376502707,0.8333333333333334,99.0,0.8333333333333334
innovation_shared_mse,lambda4/neural,postcorrection,285000001;285000002;285000003,6,0.0,0.0,0.49404761904761907,0.49404761904761907,0.13059361286747365,0.49404761904761907,0.0,0.0,0.33928571428571425,1.8162701407062643e-05,0.07799787541425975,0.05257757475180683,0.16665916468100575,0.0,-0.31023476600016237,-0.14357560131915661,0.16665916468100575,61.0,5.0,0.39443926499003457,0.32869938749169547,0.8333333333333334,61.0,0.8333333333333334
innovation_shared_mse,lambda4/period4_hold,postcorrection,285000001;285000002;285000003,6,0.0,0.0,0.37108804775471443,0.3709184642517976,0.07713185404011567,0.37108804775471443,0.0,0.0,0.2955786189119522,2.1722566130151137e-05,0.041535590505105434,0.035574540968880075,0.0661694142721738,0.0,-0.19231210509483176,-0.12614269082265797,0.0661694142721738,3322.0,4.0,0.48746704112188,0.32497802741458665,0.6666666666666666,3322.0,0.6666666666666666
innovation_shared_mse,lambda4/case0,postcorrection,285000001;285000002;285000003,3,0.0,0.0,0.574294532627866,0.574294532627866,0.10080837460210597,0.574294532627866,0.0,0.0,0.42570546737213405,7.265080562825057e-05,0.060889725897097326,0.03984599789938039,0.14738615459025012,0.0,-0.3039912501550435,-0.15660509556479343,0.14738615459025012,114.0,3.0,0.29143181679740787,0.29143181679740787,1.0,114.0,1.0
innovation_shared_mse,lambda4/case1,postcorrection,285000001;285000002;285000003,3,0.0,0.0,0.554074074074074,0.554074074074074,0.09508495348701479,0.554074074074074,0.0,0.0,0.4459259259259259,0.0,0.05065403307662377,0.04443092041039102,0.13813783486684164,0.0,-0.2811341016380875,-0.14299626677124588,0.13813783486684164,53.0,3.0,0.32294171161121793,0.32294171161121793,1.0,53.0,1.0
innovation_shared_mse,lambda4/case2,postcorrection,285000001;285000002;285000003,3,0.0,0.0,0.27777777777777773,0.27777777777777773,0.025692920573335064,0.27777777777777773,0.0,0.0,0.05555555555555555,0.0,0.02104070020526747,0.004652220368067598,0.05023100641038683,0.0,-0.059022638532850474,-0.00879163212246365,0.05023100641038683,2.0,1.0,0.8100109100341797,0.2700036366780599,0.3333333333333333,2.0,0.3333333333333333
innovation_shared_mse,lambda4/case3,postcorrection,285000001;285000002;285000003,3,0.0,0.0,0.6086012752679418,0.6083299416632749,0.10882075918201158,0.6086012752679418,0.0,0.0,0.39139872473205806,2.337392222211112e-06,0.06578492995854254,0.04303349183124681,0.09981525819250824,0.0,-0.23935014172820412,-0.1395348835356959,0.09981525819250824,1661.0,3.0,0.5517800985481082,0.5517800985481082,1.0,1661.0,1.0
innovation_shared_mse,lambda4/case4,postcorrection,285000001;285000002;285000003,3,0.0,0.0,0.4801587301587302,0.4801587301587302,0.0987419796249442,0.4801587301587302,0.0,0.0,0.1865079365079365,0.0,0.04594204873459845,0.05279993089034576,0.13046126895480686,0.0,-0.1656911183917333,-0.03522984943692646,0.13046126895480686,11.0,2.0,0.2778713362557548,0.1852475575038365,0.6666666666666666,11.0,0.6666666666666666
innovation_shared_mse,lambda4/case5,postcorrection,285000001;285000002;285000003,3,0.0,0.0,0.3696242029575363,0.36955636955636956,0.12661899190785536,0.3696242029575363,0.0,0.0,0.2970424637091304,4.7823372239658776e-06,0.08174631005606227,0.04486789951456912,0.11092397993931598,0.0,-0.31883683896520826,-0.20791285902589232,0.11092397993931598,1641.0,2.0,0.4793928843059819,0.31959525620398793,0.6666666666666666,1641.0,0.6666666666666666
innovation_shared_mse,overall,post_age1,285000001;285000002;285000003,36,0.0,0.0,0.6104375819653597,0.6103527902139013,0.08432226392643329,0.6104375819653597,0.0,0.0,0.1951179735901958,1.9790064617106447e-05,0.039049404884768595,0.045253068977047596,0.05194893114355371,0.0,-0.11570900923126087,-0.06376007808770716,0.05194893114355371,3421.0,29.0,0.4459472202897337,0.35923526078895224,0.8055555555555557,3421.0,0.8055555555555557
innovation_shared_mse,lambda3,post_age1,285000001;285000002;285000003,18,0.0,0.0,0.685465563243341,0.6853977298421743,0.1014724855614536,0.685465563243341,0.0,0.0,0.1478677700899923,8.023608545159563e-07,0.04177236470261544,0.059699318497983635,0.05366663018123851,0.0,-0.10623942727673434,-0.05257279709549582,0.05366663018123851,2257.0,15.0,0.5097150998965578,0.42476258324713156,0.8333333333333334,2257.0,0.8333333333333334
innovation_shared_mse,lambda3/analytic,post_age1,285000001;285000002;285000003,6,0.0,0.0,0.5370370370370371,0.5370370370370371,0.05473852860768234,0.5370370370370371,0.0,0.0,0.12962962962962962,0.0,0.026451190793763252,0.028287337813919084,0.0793526570002238,0.0,-0.10610176457299125,-0.026749107572767467,0.0793526570002238,31.0,4.0,0.43187985817591346,0.28791990545060897,0.6666666666666666,31.0,0.6666666666666666
innovation_shared_mse,lambda3/neural,post_age1,285000001;285000002;285000003,6,0.0,0.0,0.7561728395061729,0.7561728395061729,0.06453732345193579,0.7561728395061729,0.0,0.0,0.07716049382716049,0.0,0.027891384102091767,0.03664593934984401,0.018313904750494308,0.0,-0.04250483571747204,-0.02419093096697772,0.018313904750494308,30.0,5.0,0.3637093083063761,0.30309109025531344,0.8333333333333334,30.0,0.8333333333333334
innovation_shared_mse,lambda3/period4_hold,post_age1,285000001;285000002;285000003,6,0.0,0.0,0.7631868131868131,0.7629833129833129,0.18514160462474263,0.7631868131868131,0.0,0.0,0.23681318681318683,2.4070825635478687e-06,0.07097451921199129,0.1141646783301878,0.06333332879299743,0.0,-0.17011168153973968,-0.10677835274674226,0.06333332879299743,2196.0,6.0,0.6832767540354724,0.6832767540354724,1.0,2196.0,1.0
innovation_shared_mse,lambda3/case0,post_age1,285000001;285000002;285000003,3,0.0,0.0,0.7831366164699497,0.7829331162664496,0.1059523047278711,0.7831366164699497,0.0,0.0,0.2168633835300502,2.57847867077838e-06,0.04838042082479679,0.05756930542440353,0.07057715871734836,0.0,-0.11841650458595805,-0.04783934586860968,0.07057715871734836,567.0,3.0,0.5691081978559591,0.5691081978559591,1.0,567.0,1.0
innovation_shared_mse,lambda3/case1,post_age1,285000001;285000002;285000003,3,0.0,0.0,0.9263329263329263,0.9263329263329263,0.07039845619689301,0.9263329263329263,0.0,0.0,0.07366707366707366,0.0,0.02722246361225619,0.043175992584636814,0.004969827178827766,0.0,-0.028091144309472783,-0.02312131713064502,0.004969827178827766,548.0,3.0,0.4617037082475329,0.4617037082475329,1.0,548.0,1.0
innovation_shared_mse,lambda3/case2,post_age1,285000001;285000002;285000003,3,0.0,0.0,0.5352055352055353,0.5352055352055353,0.14911027430830612,0.5352055352055353,0.0,0.0,0.13146113146113145,0.0,0.05435336588942302,0.09475690841888311,0.029525130004673213,0.0,-0.10742425096195114,-0.07789912095727793,0.029525130004673213,547.0,2.0,0.6326320615661887,0.42175470771079243,0.6666666666666666,547.0,0.6666666666666666
innovation_shared_mse,lambda3/case3,post_age1,285000001;285000002;285000003,3,0.0,0.0,0.8686067019400353,0.8686067019400353,0.042004436610544205,0.8686067019400353,0.0,0.0,0.13139329805996472,0.0,0.02065379179756782,0.021350644812976393,0.01686538380079589,0.0,-0.0480142758216387,-0.031148892020842808,0.01686538380079589,28.0,3.0,0.3426652320478328,0.3426652320478328,1.0,28.0,1.0
innovation_shared_mse,lambda3/case4,post_age1,285000001;285000002;285000003,3,0.0,0.0,0.8217338217338218,0.8215303215303216,0.19521183344152107,0.8217338217338218,0.0,0.0,0.17826617826617827,2.235686456317358e-06,0.07461591398120011,0.12059368377386466,0.13075901782750404,0.0,-0.18485782110550367,-0.05409880327799963,0.13075901782750404,562.0,3.0,0.689074444712591,0.689074444712591,1.0,562.0,1.0
innovation_shared_mse,lambda3/case5,post_age1,285000001;285000002;285000003,3,0.0,0.0,0.17777777777777778,0.17777777777777778,0.046157608083585995,0.17777777777777778,0.0,0.0,0.15555555555555556,0.0,0.025408232110448698,0.020749375973137297,0.0693032635582818,0.0,-0.15063256687588164,-0.08132930331759983,0.0693032635582818,5.0,1.0,0.1928076267242432,0.06426920890808106,0.3333333333333333,5.0,0.3333333333333333
innovation_shared_mse,lambda4,post_age1,285000001;285000002;285000003,18,0.0,0.0,0.5354096006873784,0.5353078505856285,0.067172042291413,0.5354096006873784,0.0,0.0,0.24236817709039934,3.877776837969694e-05,0.03632644506692175,0.03080681945611156,0.05023123210586892,0.0,-0.12517859118578742,-0.07494735907991851,0.05023123210586892,1164.0,14.0,0.3776244921395651,0.29370793833077286,0.7777777777777778,1164.0,0.7777777777777778
innovation_shared_mse,lambda4/analytic,post_age1,285000001;285000002;285000003,6,0.0,0.0,0.6875,0.6875,0.04957136826496936,0.6875,0.0,0.0,0.14583333333333334,0.0,0.02628209318478549,0.023289275080183868,0.037478250485879404,0.0,-0.06108740965525309,-0.023609159169373686,0.037478250485879404,34.0,5.0,0.4116061329841613,0.34300511082013446,0.8333333333333334,34.0,0.8333333333333334
innovation_shared_mse,lambda4/neural,post_age1,285000001;285000002;285000003,6,0.0,0.0,0.584920634920635,0.584920634920635,0.08866871944216097,0.584920634920635,0.0,0.0,0.24841269841269842,5.448810422118792e-05,0.05165914002219831,0.03695509131574145,0.06568400544464273,0.0,-0.12099023849245101,-0.055306233047808295,0.06568400544464273,22.0,5.0,0.3642881111871628,0.30357342598930237,0.8333333333333334,22.0,0.8333333333333334
innovation_shared_mse,lambda4/period4_hold,post_age1,285000001;285000002;285000003,6,0.0,0.0,0.33380816714150047,0.33350291683625016,0.06327603916710871,0.33380816714150047,0.0,0.0,0.33285849952516616,6.184520091790291e-05,0.031038101993781445,0.03217609197240936,0.047531440387084616,0.0,-0.19345812540965815,-0.14592668502257355,0.047531440387084616,1108.0,4.0,0.3518179172743226,0.2345452781828817,0.6666666666666666,1108.0,0.6666666666666666
innovation_shared_mse,lambda4/case0,post_age1,285000001;285000002;285000003,3,0.0,0.0,0.5218253968253969,0.5218253968253969,0.08207435798970099,0.5218253968253969,0.0,0.0,0.4781746031746031,0.00021795241688475167,0.04268562481625473,0.03917078075656152,0.13341177897478537,0.0,-0.28184032440185547,-0.1484285454270701,0.13341177897478537,38.0,3.0,0.28591740415209815,0.28591740415209815,1.0,38.0,1.0
innovation_shared_mse,lambda4/case1,post_age1,285000001;285000002;285000003,3,0.0,0.0,0.5216049382716049,0.5216049382716049,0.07602285128401629,0.5216049382716049,0.0,0.0,0.478395061728395,0.0,0.04339445120066485,0.032628400083351425,0.08738908061274776,0.0,-0.2696904576854941,-0.18230137707274638,0.08738908061274776,19.0,3.0,0.34061234085648145,0.34061234085648145,1.0,19.0,1.0
innovation_shared_mse,lambda4/case2,post_age1,285000001;285000002;285000003,3,0.0,0.0,0.3333333333333333,0.3333333333333333,0.0140988625678315,0.3333333333333333,0.0,0.0,0.0,0.0,0.005423290757404529,0.008675571810426972,0.0,0.0,0.0,0.0,0.0,1.0,1.0,0.7158637046813965,0.23862123489379883,0.3333333333333333,1.0,0.3333333333333333
innovation_shared_mse,lambda4/case3,post_age1,285000001;285000002;285000003,3,0.0,0.0,0.7317053317053318,0.7310948310948312,0.07882956220046511,0.7317053317053318,0.0,0.0,0.26829466829466825,4.374096614006328e-06,0.04499255905906535,0.03383262904478574,0.011976823439964882,0.0,-0.11160591963980321,-0.09962909619983834,0.011976823439964882,554.0,3.0,0.4269374605500218,0.4269374605500218,1.0,554.0,1.0
innovation_shared_mse,lambda4/case4,post_age1,285000001;285000002;285000003,3,0.0,0.0,0.5740740740740741,0.5740740740740741,0.06521719728356891,0.5740740740740741,0.0,0.0,0.0925925925925926,0.0,0.03226409091040396,0.03295310637316493,0.05206129286024305,0.0,-0.05847319850215205,-0.006411905641909,0.05206129286024305,5.0,2.0,0.2720497449239096,0.1813664966159397,0.6666666666666666,5.0,0.6666666666666666
innovation_shared_mse,lambda4/case5,post_age1,285000001;285000002;285000003,3,0.0,0.0,0.5299145299145299,0.5299145299145299,0.08678942242289524,0.5299145299145299,0.0,0.0,0.13675213675213677,1.0340096779423633e-05,0.04919865365773707,0.03758042866837876,0.016548416747472417,0.0,-0.029461646885419693,-0.012913230137947278,0.016548416747472417,547.0,2.0,0.43318903937444586,0.2887926929162972,0.6666666666666666,547.0,0.6666666666666666
innovation_shared_mse,overall,post_age2,285000001;285000002;285000003,36,0.0,0.0,0.4064107189107189,0.4043553668553668,0.12214855467943503,0.4064107189107189,0.0,0.0,0.3435892810892811,7.301725650607336e-06,0.08217375205357465,0.039967500900209764,0.1266966332824432,0.0,-0.3168900603675125,-0.19019342708506928,0.1266966332824432,3409.0,27.0,0.4400901283183289,0.33006759623874665,0.75,3409.0,0.75
innovation_shared_mse,lambda3,post_age2,285000001;285000002;285000003,18,0.0,0.0,0.33514541014541016,0.3310686227352894,0.1527095843961731,0.33514541014541016,0.0,0.0,0.38707681207681205,1.4204945828492146e-05,0.1134575273262471,0.03923785212409753,0.12449583608570759,0.0,-0.3929565300879197,-0.2684606940022121,0.12449583608570759,2249.0,13.0,0.3890097936369041,0.28095151762665294,0.7222222222222222,2249.0,0.7222222222222222
innovation_shared_mse,lambda3/analytic,post_age2,285000001;285000002;285000003,6,0.0,0.0,0.3269360269360269,0.3269360269360269,0.041723928165074274,0.3269360269360269,0.0,0.0,0.17306397306397306,0.0,0.02317343979319238,0.01855048837188189,0.06801208647011908,0.0,-0.11212841605497932,-0.044116329584860246,0.06801208647011908,28.0,3.0,0.44141305191348296,0.22070652595674148,0.5,28.0,0.5
innovation_shared_mse,lambda3/neural,post_age2,285000001;285000002;285000003,6,0.0,0.0,0.38425925925925924,0.38425925925925924,0.1697319015430008,0.38425925925925924,0.0,0.0,0.2824074074074074,0.0,0.1251245398640261,0.04460736167897469,0.2525867260532615,0.0,-0.4135642044338179,-0.16097747838055645,0.2525867260532615,26.0,4.0,0.7182243102126651,0.4788162068084434,0.6666666666666666,26.0,0.6666666666666666
innovation_shared_mse,lambda3/period4_hold,post_age2,285000001;285000002;285000003,6,0.0,0.0,0.2942409442409442,0.282010582010582,0.24667292348044426,0.2942409442409442,0.0,0.0,0.7057590557590557,4.261483748547643e-05,0.19207460232152276,0.054555706321436,0.052888695733742254,0.0,-0.653176969774962,-0.6002882740412198,0.052888695733742254,2195.0,6.0,0.14333182011477386,0.14333182011477386,1.0,2195.0,1.0
innovation_shared_mse,lambda3/case0,post_age2,285000001;285000002;285000003,3,0.0,0.0,0.42419154919154917,0.4233775483775484,0.1714214581262333,0.42419154919154917,0.0,0.0,0.5758084508084508,3.5834932756373245e-06,0.12152169577683374,0.04989617885612393,0.08630614743035302,0.0,-0.4592834566843365,-0.3729773092539836,0.08630614743035302,565.0,3.0,0.270785442446879,0.270785442446879,1.0,565.0,1.0
innovation_shared_mse,lambda3/case1,post_age2,285000001;285000002;285000003,3,0.0,0.0,0.0231990231990232,0.02299552299552299,0.06155323092341355,0.0231990231990232,0.0,0.0,0.31013431013431014,8.260814967406065e-07,0.05028872293605579,0.011263681905861014,0.016511613584214904,0.0,-0.25671885306630426,-0.24020723948208936,0.016511613584214904,546.0,1.0,0.05867935012985062,0.019559783376616874,0.3333333333333333,546.0,0.3333333333333333
innovation_shared_mse,lambda3/case2,post_age2,285000001;285000002;285000003,3,0.0,0.0,0.1402116402116402,0.14000814000814002,0.3347164628858568,0.1402116402116402,0.0,0.0,0.5264550264550264,2.3402588449222173e-06,0.2675860135644496,0.0671281090625623,0.40742566554489107,0.0,-0.8368594986809236,-0.42943383313603256,0.40742566554489107,547.0,2.0,0.9194785535553873,0.6129857023702582,0.6666666666666666,547.0,0.6666666666666666
innovation_shared_mse,lambda3/case3,post_age2,285000001;285000002;285000003,3,0.0,0.0,0.8564814814814815,0.8564814814814815,0.036130055780287974,0.8564814814814815,0.0,0.0,0.14351851851851852,0.0,0.01658803240797079,0.019542023372317183,0.0077741410997178816,0.0,-0.04273557662963867,-0.034961435529920794,0.0077741410997178816,26.0,3.0,0.33710331386990017,0.33710331386990017,1.0,26.0,1.0
innovation_shared_mse,lambda3/case4,post_age2,285000001;285000002;285000003,3,0.0,0.0,0.36678876678876676,0.36577126577126573,0.27746283719285975,0.36678876678876676,0.0,0.0,0.6332112332112332,4.047169765849246e-06,0.2082405809544823,0.06921820906861158,0.17671708774734843,0.0,-0.6762397085725979,-0.4995226208252493,0.17671708774734843,560.0,3.0,0.347599317685928,0.347599317685928,1.0,560.0,1.0
innovation_shared_mse,lambda3/case5,post_age2,285000001;285000002;285000003,3,0.0,0.0,0.19999999999999998,0.17777777777777778,0.03497346146838728,0.19999999999999998,0.0,0.0,0.13333333333333333,7.443267158780347e-05,0.016520118317690288,0.01837891047910918,0.05224036110772027,0.0,-0.08590208689371746,-0.03366172578599718,0.05224036110772027,5.0,1.0,0.29302663803100587,0.09767554601033529,0.3333333333333333,5.0,0.3333333333333333
innovation_shared_mse,lambda4,post_age2,285000001;285000002;285000003,18,0.0,0.0,0.4776760276760276,0.4776421109754443,0.09158752496269694,0.4776760276760276,0.0,0.0,0.3001017501017501,3.985054727225284e-07,0.050889976780902214,0.040697149676322,0.12889743047917882,0.0,-0.24082359064710526,-0.11192616016792649,0.12889743047917882,1160.0,14.0,0.4875218676653662,0.37918367485084037,0.7777777777777778,1160.0,0.7777777777777778
innovation_shared_mse,lambda4/analytic,post_age2,285000001;285000002;285000003,6,0.0,0.0,0.5787037037037037,0.5787037037037037,0.0762793214956612,0.5787037037037037,0.0,0.0,0.2546296296296296,0.0,0.04378885500802431,0.03249046648763689,0.11267320315043132,0.0,-0.1931355772195039,-0.08046237406907258,0.11267320315043132,33.0,5.0,0.37319866816202796,0.3109988901350233,0.8333333333333334,33.0,0.8333333333333334
innovation_shared_mse,lambda4/neural,post_age2,285000001;285000002;285000003,6,0.0,0.0,0.4611111111111111,0.4611111111111111,0.10624876150824347,0.4611111111111111,0.0,0.0,0.37222222222222223,0.0,0.05498129779053293,0.05126746371771054,0.19028547529190307,0.0,-0.3008379482087635,-0.11055247291686043,0.19028547529190307,20.0,5.0,0.4105303519112723,0.34210862659272695,0.8333333333333334,20.0,0.8333333333333334
innovation_shared_mse,lambda4/period4_hold,post_age2,285000001;285000002;285000003,6,0.0,0.0,0.39321326821326824,0.3931115181115181,0.09223449188418613,0.39321326821326824,0.0,0.0,0.27345339845339844,1.1955164181675853e-06,0.0538997775441494,0.03833351882361855,0.08373361299520204,0.0,-0.2284972465130484,-0.14476363351784638,0.08373361299520204,1107.0,4.0,0.7266652617371563,0.48444350782477086,0.6666666666666666,1107.0,0.6666666666666666
innovation_shared_mse,lambda4/case0,post_age2,285000001;285000002;285000003,3,0.0,0.0,0.6097883597883599,0.6097883597883599,0.086329114117553,0.6097883597883599,0.0,0.0,0.39021164021164023,0.0,0.04850866875237974,0.037820445365173254,0.12453567414056688,0.0,-0.26440577847617014,-0.13987010433560323,0.12453567414056688,38.0,3.0,0.28285988171895343,0.28285988171895343,1.0,38.0,1.0
innovation_shared_mse,lambda4/case1,post_age2,285000001;285000002;285000003,3,0.0,0.0,0.5944444444444444,0.5944444444444444,0.09694464330148977,0.5944444444444444,0.0,0.0,0.4055555555555556,0.0,0.0502385649504567,0.04670607835103308,0.20355382495456273,0.0,-0.32263465192582874,-0.119080826971266,0.20355382495456273,17.0,3.0,0.3698314984639486,0.3698314984639486,1.0,17.0,1.0
innovation_shared_mse,lambda4/case2,post_age2,285000001;285000002;285000003,3,0.0,0.0,0.2222222222222222,0.2222222222222222,0.037286978578838635,0.2222222222222222,0.0,0.0,0.1111111111111111,0.0,0.036658109653130405,0.0006288689257082246,0.10046201282077366,0.0,-0.11804527706570095,-0.0175832642449273,0.10046201282077366,1.0,1.0,0.904158115386963,0.301386038462321,0.3333333333333333,1.0,0.3333333333333333
innovation_shared_mse,lambda4/case3,post_age2,285000001;285000002;285000003,3,0.0,0.0,0.6848188848188848,0.6848188848188848,0.11209180005250628,0.6848188848188848,0.0,0.0,0.3151811151811152,2.106860132866099e-06,0.05806506429443667,0.05402462889793674,0.1350739103921992,0.0,-0.26940028232726615,-0.134326371935067,0.1350739103921992,554.0,3.0,0.9806970888441735,0.9806970888441735,1.0,554.0,1.0
innovation_shared_mse,lambda4/case4,post_age2,285000001;285000002;285000003,3,0.0,0.0,0.5,0.5,0.10274942586016778,0.5,0.0,0.0,0.16666666666666666,0.0,0.034141310261304625,0.06860811559886315,0.10505326588948567,0.0,-0.1125369601779514,-0.007483694288465712,0.10505326588948567,3.0,2.0,0.22655296325683594,0.15103530883789062,0.6666666666666666,3.0,0.6666666666666666
innovation_shared_mse,lambda4/case5,post_age2,285000001;285000002;285000003,3,0.0,0.0,0.2547822547822548,0.2545787545787546,0.11412318786562618,0.2547822547822548,0.0,0.0,0.4118844118844119,2.8417270346907165e-07,0.07772814277370516,0.03639476091921756,0.10470589467748471,0.0,-0.35791859390971426,-0.2532126992322295,0.10470589467748471,547.0,2.0,0.28393834916663263,0.18929223277775506,0.6666666666666666,547.0,0.6666666666666666
innovation_shared_mse,overall,post_age3,285000001;285000002;285000003,36,0.0,0.0,0.41593203607092494,0.413978434117323,0.13835345851575193,0.41593203607092494,0.0,0.0,0.3062901861512973,5.555563151379601e-06,0.0849376443768034,0.05341025857579713,0.17105382468618338,0.0,-0.32398867159784756,-0.15293484691166412,0.17105382468618338,3407.0,26.0,0.4827778749410998,0.3486729096796832,0.7222222222222222,3407.0,0.7222222222222222
innovation_shared_mse,lambda3,post_age3,285000001;285000002;285000003,18,0.0,0.0,0.47529610307388087,0.47142281586726026,0.15588566203705312,0.47529610307388087,0.0,0.0,0.24692611914834137,1.0402132617964897e-05,0.0940355585001539,0.06183970140428125,0.17704917658057676,0.0,-0.3204155880850406,-0.14336641150446386,0.17704917658057676,2249.0,13.0,0.6197105671488439,0.4475687429408317,0.7222222222222222,2249.0,0.7222222222222222
innovation_shared_mse,lambda3/analytic,post_age3,285000001;285000002;285000003,6,0.0,0.0,0.35698653198653196,0.35698653198653196,0.06067386087630722,0.35698653198653196,0.0,0.0,0.143013468013468,0.0,0.03517953107029656,0.025494329806010668,0.08847159970087635,0.0,-0.1382959964700821,-0.04982439676920573,0.08847159970087635,28.0,3.0,0.42764171060889655,0.21382085530444828,0.5,28.0,0.5
innovation_shared_mse,lambda3/neural,post_age3,285000001;285000002;285000003,6,0.0,0.0,0.279320987654321,0.279320987654321,0.24892588522155515,0.279320987654321,0.0,0.0,0.3873456790123457,0.0,0.17402590759448167,0.07489997762707347,0.405506847081361,0.0,-0.6677250074751583,-0.2622181603937973,0.405506847081361,26.0,4.0,0.5912962224748399,0.39419748164989327,0.6666666666666666,26.0,0.6666666666666666
innovation_shared_mse,lambda3/period4_hold,post_age3,285000001;285000002;285000003,6,0.0,0.0,0.7895807895807896,0.7779609279609279,0.158057240013297,0.7895807895807896,0.0,0.0,0.2104192104192104,3.120639785389469e-05,0.07290123683568348,0.0851247967797596,0.037169082959493,0.0,-0.15522576030988153,-0.11805667735038854,0.037169082959493,2195.0,6.0,0.7346878918681535,0.7346878918681535,1.0,2195.0,1.0
innovation_shared_mse,lambda3/case0,post_age3,285000001;285000002;285000003,3,0.0,0.0,0.774036149036149,0.7734256484256484,0.1206317508428059,0.774036149036149,0.0,0.0,0.22596385096385097,9.388985178679457e-06,0.05471729921717563,0.0659050626404516,0.0585005904962446,0.0,-0.17004360389854145,-0.11154301340229685,0.0585005904962446,565.0,3.0,0.5236209009183024,0.5236209009183024,1.0,565.0,1.0
innovation_shared_mse,lambda3/case1,post_age3,285000001;285000002;285000003,3,0.0,0.0,0.29833129833129834,0.29833129833129834,0.024459634182723095,0.29833129833129834,0.0,0.0,0.035002035002035005,0.0,0.010625649623104002,0.01383398455961909,0.0016428317585076848,0.0,-0.01003587178015641,-0.008393040021648725,0.0016428317585076848,546.0,1.0,0.9363114689732646,0.3121038229910882,0.3333333333333333,546.0,0.3333333333333333
innovation_shared_mse,lambda3/case2,post_age3,285000001;285000002;285000003,3,0.0,0.0,0.16666666666666666,0.16666666666666666,0.37460314955070223,0.16666666666666666,0.0,0.0,0.5,0.0,0.27946249036742593,0.09514065918327629,0.6081150761454097,0.0,-1.0556028475837103,-0.44748777143830054,0.6081150761454097,547.0,2.0,1.0779943767484728,0.7186629178323152,0.6666666666666666,547.0,0.6666666666666666
innovation_shared_mse,lambda3/case3,post_age3,285000001;285000002;285000003,3,0.0,0.0,0.8009259259259259,0.8009259259259259,0.04978055480579679,0.8009259259259259,0.0,0.0,0.19907407407407407,0.0,0.024776904915906655,0.025003649889890137,0.03453530205620659,0.0,-0.07527737264279966,-0.040742070586593064,0.03453530205620659,26.0,3.0,0.3792116377088759,0.3792116377088759,1.0,26.0,1.0
innovation_shared_mse,lambda3/case4,post_age3,285000001;285000002;285000003,3,0.0,0.0,0.589594356261023,0.5891873558540225,0.3163302888258103,0.589594356261023,0.0,0.0,0.4104056437389771,8.044591690760038e-07,0.17316755243804915,0.14316193192859206,0.3098980935065301,0.0,-0.5318290710999093,-0.2219309775933791,0.3098980935065301,560.0,3.0,0.6078576931683669,0.6078576931683669,1.0,560.0,1.0
innovation_shared_mse,lambda3/case5,post_age3,285000001;285000002;285000003,3,0.0,0.0,0.2222222222222222,0.19999999999999998,0.04950859401448043,0.2222222222222222,0.0,0.0,0.1111111111111111,5.221935136003392e-05,0.02146345443926205,0.02799292022385834,0.04960316552056207,0.0,-0.07970476150512695,-0.030101595984564886,0.04960316552056207,5.0,1.0,0.431866455078125,0.14395548502604166,0.3333333333333333,5.0,0.3333333333333333
innovation_shared_mse,lambda4,post_age3,285000001;285000002;285000003,18,0.0,0.0,0.35656796906796906,0.3565340523673857,0.12082125499445069,0.35656796906796906,0.0,0.0,0.3656542531542531,7.089936847943064e-07,0.0758397302534529,0.04498081574731302,0.16505847279179,0.0,-0.3275617551106544,-0.16250328231886435,0.16505847279179,1158.0,13.0,0.3458451827333557,0.24977707641853467,0.7222222222222222,1158.0,0.7222222222222222
innovation_shared_mse,lambda4/analytic,post_age3,285000001;285000002;285000003,6,0.0,0.0,0.2546296296296296,0.2546296296296296,0.07977808924410011,0.2546296296296296,0.0,0.0,0.41203703703703703,0.0,0.055471254065723286,0.024306835178376823,0.16872883063775523,0.0,-0.3023970027764638,-0.1336681721387086,0.16872883063775523,32.0,4.0,0.2395122994979223,0.1596748663319482,0.6666666666666666,32.0,0.6666666666666666
innovation_shared_mse,lambda4/neural,post_age3,285000001;285000002;285000003,6,0.0,0.0,0.42738095238095236,0.42738095238095236,0.20596536135567842,0.42738095238095236,0.0,0.0,0.405952380952381,0.0,0.13198826772186464,0.07397709363381376,0.2572955527002849,0.0,-0.5255178226364984,-0.2682222699362134,0.2572955527002849,19.0,5.0,0.398542971611023,0.3321191430091858,0.8333333333333334,19.0,0.8333333333333334
innovation_shared_mse,lambda4/period4_hold,post_age3,285000001;285000002;285000003,6,0.0,0.0,0.3876933251933252,0.3875915750915751,0.07672031438357363,0.3876933251933252,0.0,0.0,0.27897334147334146,2.1269810543829193e-06,0.04005966897277078,0.03665851842974846,0.06915103503732989,0.0,-0.15477043991900089,-0.08561940488167104,0.06915103503732989,1107.0,4.0,0.38630582987170525,0.25753721991447015,0.6666666666666666,1107.0,0.6666666666666666
innovation_shared_mse,lambda4/case0,post_age3,285000001;285000002;285000003,3,0.0,0.0,0.5912698412698413,0.5912698412698413,0.13402165169906394,0.5912698412698413,0.0,0.0,0.40873015873015867,0.0,0.09147488412265752,0.04254676757640641,0.1842110106553981,0.0,-0.36572764758710513,-0.18151663693170697,0.1842110106553981,38.0,3.0,0.3055181645211719,0.3055181645211719,1.0,38.0,1.0
innovation_shared_mse,lambda4/case1,post_age3,285000001;285000002;285000003,3,0.0,0.0,0.5472222222222223,0.5472222222222223,0.11452876905088373,0.5472222222222223,0.0,0.0,0.4527777777777777,0.0,0.05936018385808808,0.05516858519279566,0.12872490617964003,0.0,-0.2505388816197713,-0.12181397544013128,0.12872490617964003,17.0,3.0,0.25468833446502687,0.25468833446502687,1.0,17.0,1.0
innovation_shared_mse,lambda4/case2,post_age3,285000001;285000002;285000003,3,0.0,0.0,0.0,0.0,0.0,0.0,0.0,0.0,0.0,0.0,0.0,0.0,0.0,0.0,0.0,0.0,0.0,0.0,0.0,,0.0,0.0,0.0,0.0
innovation_shared_mse,lambda4/case3,post_age3,285000001;285000002;285000003,3,0.0,0.0,0.39896214896214904,0.3987586487586488,0.14441136593166268,0.39896214896214904,0.0,0.0,0.601037851037851,5.312199197609095e-07,0.10205512763206855,0.04235570707967435,0.16537978545310392,0.0,-0.3585687808307341,-0.19318899537763023,0.16537978545310392,553.0,3.0,0.2342609047744155,0.2342609047744155,1.0,553.0,1.0
innovation_shared_mse,lambda4/case4,post_age3,285000001;285000002;285000003,3,0.0,0.0,0.27777777777777773,0.27777777777777773,0.15302137785004927,0.27777777777777773,0.0,0.0,0.38888888888888884,0.0,0.08383605217115865,0.06918532567889063,0.3005175060696072,0.0,-0.4214049445258246,-0.12088743845621745,0.3005175060696072,3.0,2.0,0.33524131774902344,0.22349421183268228,0.6666666666666666,3.0,0.6666666666666666
innovation_shared_mse,lambda4/case5,post_age3,285000001;285000002;285000003,3,0.0,0.0,0.3241758241758242,0.3241758241758242,0.17894436543504466,0.3241758241758242,0.0,0.0,0.34249084249084244,3.722742189004929e-06,0.11831213373674461,0.06062850895611104,0.2115176283929908,0.0,-0.5691302761004909,-0.3576126477075001,0.2115176283929908,547.0,2.0,0.7210512643768674,0.4807008429179116,0.6666666666666666,547.0,0.6666666666666666
innovation_shared_aux,overall,full,285000001;285000002;285000003,36,0.0,0.0,0.6659407005579752,0.5589884385505436,0.09594883747871989,0.6659407005579752,0.0,0.0,0.2785037438864693,0.00026616140240538316,0.05420171659494969,0.0414809594813648,0.09263257070736752,0.0,-0.218817504610478,-0.12618493390311047,0.09263257070736752,10333.0,34.0,0.39890673816116723,0.376745252707769,0.9444444444444443,10333.0,0.9444444444444443
innovation_shared_aux,lambda3,full,285000001;285000002;285000003,18,0.0,0.0,0.7170722618664213,0.6290626375435836,0.1156741016718242,0.7170722618664213,0.0,0.0,0.2829277381335787,0.0002868424234378617,0.06621304649910208,0.049174212749284275,0.10495715910065968,0.0,-0.2479163353943307,-0.14295917629367103,0.10495715910065968,6807.0,18.0,0.4365920590870503,0.4365920590870503,1.0,6807.0,1.0
innovation_shared_aux,lambda3/analytic,full,285000001;285000002;285000003,6,0.0,0.0,0.7725939502255291,0.6578217894007369,0.06741997559741321,0.7725939502255291,0.0,0.0,0.22740604977447085,0.0003462633256374194,0.03597946314161715,0.031094249130158624,0.0965866831119696,0.0,-0.1810348543213582,-0.08444817120938858,0.0965866831119696,103.0,6.0,0.3479698356320475,0.3479698356320475,1.0,103.0,1.0
innovation_shared_aux,lambda3/neural,full,285000001;285000002;285000003,6,0.0,0.0,0.7580431814302782,0.6435398532172726,0.1172129608866932,0.7580431814302782,0.0,0.0,0.24195681856972176,0.00035101540117283203,0.07218483737624386,0.04467710810927649,0.16332484763684704,0.0,-0.2837960313847293,-0.12047118374788225,0.16332484763684704,100.0,6.0,0.44697717257908415,0.44697717257908415,1.0,100.0,1.0
innovation_shared_aux,lambda3/period4_hold,full,285000001;285000002;285000003,6,0.0,0.0,0.6205796539434565,0.5858262700127417,0.16238936853136623,0.6205796539434565,0.0,0.0,0.3794203460565435,0.00016324854350333374,0.0904748389794452,0.07175128100841771,0.054959946553162366,0.0,-0.27891812047690456,-0.22395817392374218,0.054959946553162366,6604.0,6.0,0.5148291690500194,0.5148291690500194,1.0,6604.0,1.0
innovation_shared_aux,lambda3/case0,full,285000001;285000002;285000003,3,0.0,0.0,0.7187142744729581,0.697055700254969,0.1125982196498558,0.7187142744729581,0.0,0.0,0.2812857255270418,0.00014184437754488833,0.06429477498498488,0.048161600287326016,0.052655050686135574,0.0,-0.20937877296407437,-0.15672372227793882,0.052655050686135574,1706.0,3.0,0.443419692641434,0.443419692641434,1.0,1706.0,1.0
innovation_shared_aux,lambda3/case1,full,285000001;285000002;285000003,3,0.0,0.0,0.7821450335161485,0.615004401110434,0.0729655613465346,0.7821450335161485,0.0,0.0,0.2178549664838513,0.0007747574373568182,0.03716732164777651,0.03502348226140128,0.01954458599140943,0.0,-0.15732731358426563,-0.13778272759285623,0.01954458599140943,1649.0,3.0,0.34080968761792785,0.34080968761792785,1.0,1649.0,1.0
innovation_shared_aux,lambda3/case2,full,285000001;285000002;285000003,3,0.0,0.0,0.5475997020786784,0.5474642832960932,0.19688145381759437,0.5475997020786784,0.0,0.0,0.4524002979213217,1.0833487774624066e-06,0.11694423298654215,0.07993613748227472,0.2086637737271716,0.0,-0.416286925664485,-0.20762315193731337,0.2086637737271716,1648.0,3.0,0.47164792535558303,0.47164792535558303,1.0,1648.0,1.0
innovation_shared_aux,lambda3/case3,full,285000001;285000002;285000003,3,0.0,0.0,0.871110371110371,0.8203555703555704,0.03628707274475579,0.871110371110371,0.0,0.0,0.12888962888962888,0.0002607915912180201,0.01754180232632555,0.018484478827212217,0.010986563888308732,0.0,-0.0624641477719843,-0.05147758388367558,0.010986563888308732,89.0,3.0,0.32168532174731057,0.32168532174731057,1.0,89.0,1.0
innovation_shared_aux,lambda3/case4,full,285000001;285000002;285000003,3,0.0,0.0,0.6421234492796307,0.613014388762954,0.20278709752804744,0.6421234492796307,0.0,0.0,0.35787655072036934,0.00013895180968663299,0.11763172206860856,0.08501642364975226,0.16062973955559254,0.0,-0.3659268874879751,-0.20529714793238252,0.16062973955559254,1691.0,3.0,0.5331403580050105,0.5331403580050105,1.0,1691.0,1.0
innovation_shared_aux,lambda3/case5,full,285000001;285000002;285000003,3,0.0,0.0,0.7407407407407408,0.48148148148148145,0.0725252049441573,0.7407407407407408,0.0,0.0,0.25925925925925924,0.0004036259760433484,0.043698424980374774,0.028423153987739164,0.1772632407553402,0.0,-0.2761139648931998,-0.09885072413785957,0.1772632407553402,24.0,3.0,0.5088493691550361,0.5088493691550361,1.0,24.0,1.0
innovation_shared_aux,lambda4,full,285000001;285000002;285000003,18,0.0,0.0,0.614809139249529,0.48891423955750346,0.07622357328561555,0.614809139249529,0.0,0.0,0.2740797496393599,0.0002454803813729047,0.04219038669079731,0.03378770621344533,0.08030798231407538,0.0,-0.1897186738266253,-0.10941069151254994,0.08030798231407538,3526.0,16.0,0.3565107521195486,0.3168984463284876,0.8888888888888888,3526.0,0.8888888888888888
innovation_shared_aux,lambda4/analytic,full,285000001;285000002;285000003,6,0.0,0.0,0.7538095238095238,0.5998412698412698,0.05828647419844089,0.7538095238095238,0.0,0.0,0.24619047619047618,0.00033626795571037034,0.03542435394289386,0.022525852299836658,0.08310962679524901,0.0,-0.16739855395423042,-0.0842889271589814,0.08310962679524901,115.0,6.0,0.3493362753353422,0.3493362753353422,1.0,115.0,1.0
innovation_shared_aux,lambda4/neural,full,285000001;285000002;285000003,6,0.0,0.0,0.5403666437335168,0.5004944960440317,0.0924013507896974,0.5403666437335168,0.0,0.0,0.29296668959981653,7.66361413679759e-05,0.05079316715367408,0.04153154749465532,0.0953089955913516,0.0,-0.20638459248494123,-0.11107559689358963,0.0953089955913516,76.0,5.0,0.333039703745591,0.2775330864546592,0.8333333333333334,76.0,0.8333333333333334
innovation_shared_aux,lambda4/period4_hold,full,285000001;285000002;285000003,6,0.0,0.0,0.5502512502055464,0.3664069527872087,0.07798289486870837,0.5502512502055464,0.0,0.0,0.28308208312778693,0.0003235370470403678,0.040353638975823995,0.037305718845844014,0.0625053245556255,0.0,-0.19537287504070425,-0.13286755048507876,0.0625053245556255,3335.0,5.0,0.3885911726345538,0.3238259771954615,0.8333333333333334,3335.0,0.8333333333333334
innovation_shared_aux,lambda4/case0,full,285000001;285000002;285000003,3,0.0,0.0,0.6035185185185186,0.585,0.09431381602893356,0.6035185185185186,0.0,0.0,0.39648148148148143,7.840877991906448e-05,0.05138712992769872,0.04284827732131578,0.10942782234262538,0.0,-0.255029055542416,-0.14560123319979068,0.10942782234262538,123.0,3.0,0.2706093676884969,0.2706093676884969,1.0,123.0,1.0
innovation_shared_aux,lambda4/case1,full,285000001;285000002;285000003,3,0.0,0.0,0.5835421888053467,0.5199665831244779,0.08653899245414108,0.5835421888053467,0.0,0.0,0.4164578111946533,9.086414337183433e-05,0.04435629360152271,0.042091834709246545,0.1486376054172096,0.0,-0.2963289617396636,-0.14769135632245398,0.1486376054172096,62.0,3.0,0.2951180216463387,0.2951180216463387,1.0,62.0,1.0
innovation_shared_aux,lambda4/case2,full,285000001;285000002;285000003,3,0.0,0.0,0.2222222222222222,0.2222222222222222,0.0193826775930464,0.2222222222222222,0.0,0.0,0.1111111111111111,0.0,0.01588416356792253,0.0034985140251238694,0.055810101826985675,0.0,-0.062476899888780385,-0.0066667980617947055,0.055810101826985675,5.0,1.0,0.6316324234008789,0.2105441411336263,0.3333333333333333,5.0,0.3333333333333333
innovation_shared_aux,lambda4/case3,full,285000001;285000002;285000003,3,0.0,0.0,0.6328059966623253,0.6121825126556818,0.09063803280612175,0.6328059966623253,0.0,0.0,0.36719400333767466,3.4193959655141624e-05,0.04943355647130034,0.04117028237516626,0.054157495398949373,0.0,-0.16571701591032229,-0.11155952051137293,0.054157495398949373,1670.0,3.0,0.5002598519880259,0.5002598519880259,1.0,1670.0,1.0
innovation_shared_aux,lambda4/case4,full,285000001;285000002;285000003,3,0.0,0.0,0.9142857142857143,0.48412698412698413,0.05798962212588704,0.9142857142857143,0.0,0.0,0.0857142857142857,0.0010789232496267326,0.0286494145560419,0.02826128432021841,0.030725622934008396,0.0,-0.10797438091701932,-0.07724875798301091,0.030725622934008396,18.0,3.0,0.18480855850946334,0.18480855850946334,1.0,18.0,1.0
innovation_shared_aux,lambda4/case5,full,285000001;285000002;285000003,3,0.0,0.0,0.732480195003047,0.5099871352156544,0.10847829870556348,0.732480195003047,0.0,0.0,0.2675198049969531,0.00019049215566465508,0.0634317620202977,0.044856044529601125,0.0830892459646738,0.0,-0.2507857289615502,-0.16769648299687634,0.0830892459646738,1648.0,3.0,0.4400507370049746,0.4400507370049746,1.0,1648.0,1.0
innovation_shared_aux,overall,initial,285000001;285000002;285000003,36,0.0,0.0,0.7345679012345677,0.43209876543209874,0.022188708341985348,0.7345679012345677,0.0,0.0,0.2098765432098765,0.0010083318110994353,0.012745470011928673,0.008434906518957239,0.039101088488543476,0.0,-0.123925883092998,-0.08482479460445451,0.039101088488543476,96.0,34.0,0.20370913486854705,0.1923919607091833,0.9444444444444443,96.0,0.9444444444444443
innovation_shared_aux,lambda3,initial,285000001;285000002;285000003,18,0.0,0.0,0.8641975308641975,0.5246913580246914,0.029847965836887785,0.8641975308641975,0.0,0.0,0.13580246913580246,0.0014800396034039059,0.01780923936325585,0.010558686870228026,0.04093024760116765,0.0,-0.1431465384400921,-0.10221629083892446,0.04093024760116765,52.0,18.0,0.24361453232941802,0.24361453232941802,1.0,52.0,1.0
innovation_shared_aux,lambda3/analytic,initial,285000001;285000002;285000003,6,0.0,0.0,0.888888888888889,0.611111111111111,0.028632546007388432,0.888888888888889,0.0,0.0,0.1111111111111111,0.0012982230689241685,0.015218751886929264,0.012115571051534995,0.03298468942995424,0.0,-0.12201769263656052,-0.08903300320660627,0.03298468942995424,16.0,6.0,0.22211922539605036,0.22211922539605036,1.0,16.0,1.0
innovation_shared_aux,lambda3/neural,initial,285000001;285000002;285000003,6,0.0,0.0,0.9074074074074074,0.6296296296296297,0.03670482415297358,0.9074074074074074,0.0,0.0,0.0925925925925926,0.0012982230689241685,0.021047338248441367,0.014359262835608046,0.0466938195405183,0.0,-0.13920344246758357,-0.09250962292706526,0.0466938195405183,18.0,6.0,0.31041733423868817,0.31041733423868817,1.0,18.0,1.0
innovation_shared_aux,lambda3/period4_hold,initial,285000001;285000002;285000003,6,0.0,0.0,0.7962962962962963,0.3333333333333333,0.024206527350301335,0.7962962962962963,0.0,0.0,0.2037037037037037,0.001843672672363381,0.017161627954396918,0.005201226723541039,0.04311223383303042,0.0,-0.16821848021613225,-0.12510624638310186,0.04311223383303042,18.0,6.0,0.19830703735351562,0.19830703735351562,1.0,18.0,1.0
innovation_shared_aux,lambda3/case0,initial,285000001;285000002;285000003,3,0.0,0.0,0.9629629629629629,0.6296296296296297,0.013608020799909826,0.9629629629629629,0.0,0.0,0.037037037037037035,0.002184695161001097,0.007932907983626204,0.003490417655282524,0.006257375081380208,0.0,-0.11314646402994792,-0.1068890889485677,0.006257375081380208,9.0,3.0,0.13317786322699654,0.13317786322699654,1.0,9.0,1.0
innovation_shared_aux,lambda3/case1,initial,285000001;285000002;285000003,3,0.0,0.0,0.9259259259259259,0.4814814814814814,0.03967152745445269,0.9259259259259259,0.0,0.0,0.07407407407407407,0.0017714565468159651,0.01824824539846759,0.01965182550916914,0.019421612774884262,0.0,-0.1294425681785301,-0.11002095540364583,0.019421612774884262,9.0,3.0,0.2003728018866645,0.2003728018866645,1.0,9.0,1.0
innovation_shared_aux,lambda3/case2,initial,285000001;285000002;285000003,3,0.0,0.0,0.6666666666666666,0.6666666666666666,0.04927480023508803,0.6666666666666666,0.0,0.0,0.3333333333333333,0.00024780064552487607,0.029895593025360486,0.019131406564202667,0.042051986411765774,0.0,-0.11073486893265337,-0.06868288252088758,0.042051986411765774,7.0,3.0,0.24862946404351127,0.24862946404351127,1.0,7.0,1.0
innovation_shared_aux,lambda3/case3,initial,285000001;285000002;285000003,3,0.0,0.0,0.9259259259259259,0.4814814814814814,0.010923009440577718,0.9259259259259259,0.0,0.0,0.07407407407407407,0.0023859556629220067,0.0066167071183237435,0.0019203466593319684,0.0032840304904513886,0.0,-0.12770617449725116,-0.12442214400679978,0.0032840304904513886,9.0,3.0,0.06085925632052951,0.06085925632052951,1.0,9.0,1.0
innovation_shared_aux,lambda3/case4,initial,285000001;285000002;285000003,3,0.0,0.0,0.9259259259259259,0.4814814814814814,0.01689988042857783,0.9259259259259259,0.0,0.0,0.07407407407407407,0.0017714565468159651,0.011795709000639193,0.0033327148811226667,0.019421612774884262,0.0,-0.1294425681785301,-0.11002095540364583,0.019421612774884262,9.0,3.0,0.28999000125461155,0.28999000125461155,1.0,9.0,1.0
innovation_shared_aux,lambda3/case5,initial,285000001;285000002;285000003,3,0.0,0.0,0.7777777777777777,0.4074074074074074,0.048710556662720596,0.7777777777777777,0.0,0.0,0.2222222222222222,0.000518873057343525,0.03236627365311788,0.015825409952259197,0.15514486807364003,0.0,-0.24840658682364006,-0.09326171875,0.15514486807364003,9.0,3.0,0.5286578072441949,0.5286578072441949,1.0,9.0,1.0
innovation_shared_aux,lambda4,initial,285000001;285000002;285000003,18,0.0,0.0,0.6049382716049382,0.3395061728395061,0.014529450847082912,0.6049382716049382,0.0,0.0,0.2839506172839506,0.0005366240187949649,0.007681700660601496,0.006311126167686452,0.0372719293759193,0.0,-0.10470522774590386,-0.06743329836998457,0.0372719293759193,44.0,16.0,0.15881556272506717,0.14116938908894858,0.8888888888888888,44.0,0.8888888888888888
innovation_shared_aux,lambda4/analytic,initial,285000001;285000002;285000003,6,0.0,0.0,0.7407407407407408,0.5,0.013516051647211792,0.7407407407407408,0.0,0.0,0.25925925925925924,0.0007125850766566668,0.007712916978957933,0.005090549591597193,0.03691749219541197,0.0,-0.09682459301418728,-0.059907100818775316,0.03691749219541197,16.0,6.0,0.25325144661797416,0.25325144661797416,1.0,16.0,1.0
innovation_shared_aux,lambda4/neural,initial,285000001;285000002;285000003,6,0.0,0.0,0.49999999999999994,0.3333333333333333,0.014054984433865112,0.49999999999999994,0.0,0.0,0.3333333333333333,0.0002665329328397935,0.006285031322902426,0.0075034201781228925,0.04451285468207466,0.0,-0.10239311500831887,-0.057880260326244215,0.04451285468207466,15.0,5.0,0.11213715871175128,0.09344763225979275,0.8333333333333334,15.0,0.8333333333333334
innovation_shared_aux,lambda4/period4_hold,initial,285000001;285000002;285000003,6,0.0,0.0,0.5740740740740741,0.18518518518518515,0.016017316460171835,0.5740740740740741,0.0,0.0,0.25925925925925924,0.0006307540468884343,0.009047153679944131,0.006339408733339269,0.03038544125027127,0.0,-0.11489797521520544,-0.08451253396493418,0.03038544125027127,13.0,5.0,0.09217090606689453,0.07680908838907878,0.8333333333333334,13.0,0.8333333333333334
innovation_shared_aux,lambda4/case0,initial,285000001;285000002;285000003,3,0.0,0.0,0.5185185185185185,0.5185185185185185,0.016613781094208576,0.5185185185185185,0.0,0.0,0.48148148148148145,0.0,0.00640396747995611,0.010209813614252468,0.024472413239655672,0.0,-0.071856039541739,-0.047383626302083336,0.024472413239655672,9.0,3.0,0.06453874376085068,0.06453874376085068,1.0,9.0,1.0
innovation_shared_aux,lambda4/case1,initial,285000001;285000002;285000003,3,0.0,0.0,0.6296296296296295,0.1851851851851852,0.01688209756493793,0.6296296296296295,0.0,0.0,0.3703703703703704,0.0005926800606125148,0.011802972465038355,0.004486445039287058,0.07809829711914062,0.0,-0.17252399303294993,-0.09442569591380932,0.07809829711914062,9.0,3.0,0.14531559414333767,0.14531559414333767,1.0,9.0,1.0
innovation_shared_aux,lambda4/case2,initial,285000001;285000002;285000003,3,0.0,0.0,0.2222222222222222,0.2222222222222222,0.009218185126030676,0.2222222222222222,0.0,0.0,0.1111111111111111,0.0,0.006327285907321699,0.002890899218708977,0.02604216116446036,0.0,-0.03127829233805338,-0.005236131173593027,0.02604216116446036,3.0,1.0,0.5127134323120118,0.17090447743733725,0.3333333333333333,3.0,0.3333333333333333
innovation_shared_aux,lambda4/case3,initial,285000001;285000002;285000003,3,0.0,0.0,0.5925925925925926,0.3703703703703704,0.009777010936549804,0.5925925925925926,0.0,0.0,0.4074074074074074,0.0003039871858668953,0.0047059780953430976,0.004767045655339812,0.02694631505895544,0.0,-0.13629814430519385,-0.10935182924623843,0.02694631505895544,9.0,3.0,0.08235804239908855,0.08235804239908855,1.0,9.0,1.0
innovation_shared_aux,lambda4/case4,initial,285000001;285000002;285000003,3,0.0,0.0,0.8888888888888888,0.2962962962962963,0.013043729629489293,0.8888888888888888,0.0,0.0,0.1111111111111111,0.0018125038778820182,0.007108747856326166,0.00412247789528111,0.02567277131257234,0.0,-0.11246744791666667,-0.08679467660409433,0.02567277131257234,7.0,3.0,0.14707925584581164,0.14707925584581164,1.0,7.0,1.0
innovation_shared_aux,lambda4/case5,initial,285000001;285000002;285000003,3,0.0,0.0,0.7777777777777777,0.4444444444444444,0.021641900731281197,0.7777777777777777,0.0,0.0,0.2222222222222222,0.0005105729884083605,0.009741252159623551,0.011390075583249283,0.042399618360731334,0.0,-0.10380744934082031,-0.06140783098008897,0.042399618360731334,7.0,3.0,0.23682022094726562,0.23682022094726562,1.0,7.0,1.0
innovation_shared_aux,overall,postcorrection,285000001;285000002;285000003,36,0.0,0.0,0.5231819333296371,0.5200141134951507,0.11000061001969254,0.5231819333296371,0.0,0.0,0.2823736222259184,2.288104955864202e-05,0.06334529066783144,0.04663243830230244,0.1103999298547348,0.0,-0.23518631521716485,-0.12478638536243003,0.1103999298547348,10237.0,29.0,0.44996086664638774,0.3624684759095902,0.8055555555555557,10237.0,0.8055555555555557
innovation_shared_aux,lambda3,postcorrection,285000001;285000002;285000003,18,0.0,0.0,0.5449688727642804,0.5423075423251721,0.12676081417723759,0.5449688727642804,0.0,0.0,0.28836446056905296,2.8704105440352645e-05,0.0734215244069505,0.05331058566484672,0.12069771046207424,0.0,-0.25621383641698964,-0.13551612595491536,0.12069771046207424,6755.0,15.0,0.4817243267144927,0.40143693892874394,0.8333333333333334,6755.0,0.8333333333333334
innovation_shared_aux,lambda3/analytic,postcorrection,285000001;285000002;285000003,6,0.0,0.0,0.47501361655773416,0.47501361655773416,0.06152563821963488,0.47501361655773416,0.0,0.0,0.1916530501089325,0.0,0.03163619897148433,0.029889439248150556,0.08334615879631942,0.0,-0.14041964876409363,-0.0570734899677742,0.08334615879631942,87.0,4.0,0.4004642053756839,0.2669761369171226,0.6666666666666666,87.0,0.6666666666666666
innovation_shared_aux,lambda3/neural,postcorrection,285000001;285000002;285000003,6,0.0,0.0,0.5468518518518518,0.5468518518518518,0.15335686993689598,0.5468518518518518,0.0,0.0,0.2864814814814815,0.0,0.09679779667210987,0.05655907326478612,0.22119225500752684,0.0,-0.34787812846047544,-0.12668587345294852,0.22119225500752684,82.0,5.0,0.5007663907777695,0.4173053256481413,0.8333333333333334,82.0,0.8333333333333334
innovation_shared_aux,lambda3/period4_hold,postcorrection,285000001;285000002;285000003,6,0.0,0.0,0.6130411498832551,0.6050571585659305,0.16539993437518186,0.6130411498832551,0.0,0.0,0.38695885011674486,8.611231632105793e-05,0.09183057757725734,0.07348324448160347,0.05755471758237642,0.0,-0.2803437320263998,-0.22278901444402335,0.05755471758237642,6586.0,6.0,0.520029354220968,0.520029354220968,1.0,6586.0,1.0
innovation_shared_aux,lambda3/case0,postcorrection,285000001;285000002;285000003,3,0.0,0.0,0.7022016327898681,0.7016589655805342,0.11667379297713305,0.7022016327898681,0.0,0.0,0.2977983672101319,3.4487205793063895e-06,0.06650964318618126,0.050160701070372495,0.05610045686153572,0.0,-0.21356794363620493,-0.15746748677466924,0.05610045686153572,1697.0,3.0,0.4552745856187123,0.4552745856187123,1.0,1697.0,1.0
innovation_shared_aux,lambda3/case1,postcorrection,285000001;285000002;285000003,3,0.0,0.0,0.6153167819834487,0.615248948582282,0.08120890510374823,0.6153167819834487,0.0,0.0,0.38468321801655136,7.862648575758244e-07,0.03894166415839948,0.04226645468049117,0.05667815300943149,0.0,-0.18210040219456639,-0.12542224918513492,0.05667815300943149,1640.0,3.0,0.3635385063881305,0.3635385063881305,1.0,1640.0,1.0
innovation_shared_aux,lambda3/case2,postcorrection,285000001;285000002;285000003,3,0.0,0.0,0.26970560303893637,0.26956993623660286,0.2706576155345222,0.26970560303893637,0.0,0.0,0.39696106362773026,6.314855966063377e-07,0.17075352333626947,0.09990346071265617,0.3622186821054658,0.0,-0.5994373158544298,-0.23721863374896393,0.3622186821054658,1641.0,2.0,0.876701663956683,0.584467775971122,0.6666666666666666,1641.0,0.6666666666666666
innovation_shared_aux,lambda3/case3,postcorrection,285000001;285000002;285000003,3,0.0,0.0,0.8621832358674464,0.8621832358674464,0.03907206391820615,0.8621832358674464,0.0,0.0,0.13781676413255362,0.0,0.018680295058410634,0.020391768859795507,0.012049767405588649,0.0,-0.05485800100503765,-0.042808233599449,0.012049767405588649,80.0,3.0,0.35242879969799495,0.35242879969799495,1.0,80.0,1.0
innovation_shared_aux,lambda3/case4,postcorrection,285000001;285000002;285000003,3,0.0,0.0,0.6055911680911681,0.6051841676841677,0.2165189535273042,0.6055911680911681,0.0,0.0,0.3944088319088319,6.433930456576581e-06,0.12530246001846643,0.09121005957838114,0.1841069093642961,0.0,-0.39472659897519624,-0.21061968961090005,0.1841069093642961,1682.0,3.0,0.5509452192483514,0.5509452192483514,1.0,1682.0,1.0
innovation_shared_aux,lambda3/case5,postcorrection,285000001;285000002;285000003,3,0.0,0.0,0.2148148148148148,0.19999999999999998,0.036433554002511616,0.2148148148148148,0.0,0.0,0.11851851851851852,0.0001609242311520507,0.02034156068397579,0.015931069087383776,0.05303229402612757,0.0,-0.09259275683650264,-0.03956046281037507,0.05303229402612757,15.0,1.0,0.3059002399444581,0.10196674664815268,0.3333333333333333,15.0,0.3333333333333333
innovation_shared_aux,lambda4,postcorrection,285000001;285000002;285000003,18,0.0,0.0,0.5013949938949939,0.49772068466512903,0.09324040586214749,0.5013949938949939,0.0,0.0,0.27638278388278387,1.70579936769314e-05,0.0532690569287124,0.03995429093975816,0.1001021492473954,0.0,-0.21415879401734006,-0.11405664476994469,0.1001021492473954,3482.0,14.0,0.4159285880019896,0.3235000128904364,0.7777777777777778,3482.0,0.7777777777777778
innovation_shared_aux,lambda4/analytic,postcorrection,285000001;285000002;285000003,6,0.0,0.0,0.5848765432098766,0.5848765432098766,0.07355820798510655,0.5848765432098766,0.0,0.0,0.24845679012345678,0.0,0.04672171764193724,0.026836490343169317,0.11308615774284175,0.0,-0.19083657750376948,-0.07775041976092774,0.11308615774284175,99.0,5.0,0.3801871485180325,0.31682262376502707,0.8333333333333334,99.0,0.8333333333333334
innovation_shared_aux,lambda4/neural,postcorrection,285000001;285000002;285000003,6,0.0,0.0,0.5380291005291005,0.5327380952380952,0.12599220885916163,0.5380291005291005,0.0,0.0,0.2953042328042328,2.2402508548304142e-05,0.07189183034818043,0.054077976002432894,0.11994450298882035,0.0,-0.27068487085677956,-0.15074036786795922,0.11994450298882035,61.0,5.0,0.39443926499003457,0.32869938749169547,0.8333333333333334,61.0,0.8333333333333334
innovation_shared_aux,lambda4/period4_hold,postcorrection,285000001;285000002;285000003,6,0.0,0.0,0.38127933794600466,0.3755474155474155,0.08017080074217427,0.38127933794600466,0.0,0.0,0.285387328720662,2.8771472482490066e-05,0.04119362279601951,0.038948406473672266,0.06727578701052409,0.0,-0.18095493369147117,-0.11367914668094707,0.06727578701052409,3322.0,4.0,0.48746704112188,0.32497802741458665,0.6666666666666666,3322.0,0.6666666666666666
innovation_shared_aux,lambda4/case0,postcorrection,285000001;285000002;285000003,3,0.0,0.0,0.6159611992945325,0.5947971781305115,0.10145215307095996,0.6159611992945325,0.0,0.0,0.38403880070546736,8.961003419321657e-05,0.055189583794804174,0.04617295924196258,0.11723416118605008,0.0,-0.2744921405899882,-0.15725797940393815,0.11723416118605008,114.0,3.0,0.29143181679740787,0.29143181679740787,1.0,114.0,1.0
innovation_shared_aux,lambda4/case1,postcorrection,285000001;285000002;285000003,3,0.0,0.0,0.582037037037037,0.582037037037037,0.09867350981334212,0.582037037037037,0.0,0.0,0.4179629629629629,0.0,0.049907135930772485,0.04876637388256964,0.15939944006778575,0.0,-0.3161128308596435,-0.15671339079185767,0.15939944006778575,53.0,3.0,0.32294171161121793,0.32294171161121793,1.0,53.0,1.0
innovation_shared_aux,lambda4/case2,postcorrection,285000001;285000002;285000003,3,0.0,0.0,0.2222222222222222,0.2222222222222222,0.034629416293569984,0.2222222222222222,0.0,0.0,0.1111111111111111,0.0,0.030219480058823776,0.004409936234746207,0.10046201282077366,0.0,-0.10927481121487087,-0.008812798394097222,0.10046201282077366,2.0,1.0,0.8100109100341797,0.2700036366780599,0.3333333333333333,2.0,0.3333333333333333
innovation_shared_aux,lambda4/case3,postcorrection,285000001;285000002;285000003,3,0.0,0.0,0.6427214760548094,0.6419074752408086,0.1057528792468614,0.6427214760548094,0.0,0.0,0.3572785239451906,7.106685385639488e-06,0.05789314869351723,0.04785262386795854,0.062207157213027074,0.0,-0.17617713073234417,-0.1139699735193171,0.062207157213027074,1661.0,3.0,0.5517800985481082,0.5517800985481082,1.0,1661.0,1.0
innovation_shared_aux,lambda4/case4,postcorrection,285000001;285000002;285000003,3,0.0,0.0,0.5833333333333334,0.5833333333333334,0.0775577525320132,0.5833333333333334,0.0,0.0,0.08333333333333333,0.0,0.0383154116684501,0.0392423408635631,0.038300514221191406,0.0,-0.06392256418863933,-0.025622049967447918,0.038300514221191406,11.0,2.0,0.2778713362557548,0.1852475575038365,0.6666666666666666,11.0,0.6666666666666666
innovation_shared_aux,lambda4/case5,postcorrection,285000001;285000002;285000003,3,0.0,0.0,0.3620946954280287,0.362026862026862,0.14137672421613823,0.3620946954280287,0.0,0.0,0.3045719712386379,5.63124248273236e-06,0.08808958142590662,0.053281511547748905,0.1230096099755444,0.0,-0.3449732865185544,-0.22196367654301,0.1230096099755444,1641.0,2.0,0.4793928843059819,0.31959525620398793,0.6666666666666666,1641.0,0.6666666666666666
innovation_shared_aux,overall,post_age1,285000001;285000002;285000003,36,0.0,0.0,0.6178681657848325,0.6124584520417854,0.09498945896214046,0.6178681657848325,0.0,0.0,0.1876873897707231,2.5265004332503628e-05,0.04599558702316683,0.04896860693464113,0.05426918813076929,0.0,-0.12123510944241127,-0.06696592131164199,0.05426918813076929,3421.0,29.0,0.4459472202897337,0.35923526078895224,0.8055555555555557,3421.0,0.8055555555555557
innovation_shared_aux,lambda3,post_age1,285000001;285000002;285000003,18,0.0,0.0,0.6354881743770633,0.6354542576764799,0.10659376216131151,0.6354881743770633,0.0,0.0,0.19784515895627008,7.82329389025798e-07,0.04677374769877506,0.05981923213314743,0.07003246546034218,0.0,-0.13489002639104578,-0.06485756093070362,0.07003246546034218,2257.0,15.0,0.5097150998965578,0.42476258324713156,0.8333333333333334,2257.0,0.8333333333333334
innovation_shared_aux,lambda3/analytic,post_age1,285000001;285000002;285000003,6,0.0,0.0,0.4907407407407407,0.4907407407407407,0.06403426618480523,0.4907407407407407,0.0,0.0,0.17592592592592593,0.0,0.03198579531057796,0.032048470874227276,0.08853753849312113,0.0,-0.13432216202771222,-0.04578462353459111,0.08853753849312113,31.0,4.0,0.43187985817591346,0.28791990545060897,0.6666666666666666,31.0,0.6666666666666666
innovation_shared_aux,lambda3/neural,post_age1,285000001;285000002;285000003,6,0.0,0.0,0.6771604938271606,0.6771604938271606,0.07756768311679546,0.6771604938271606,0.0,0.0,0.15617283950617283,0.0,0.03468036759058987,0.04288731552620558,0.03124260902404785,0.0,-0.06349508144237377,-0.03225247241832592,0.03124260902404785,30.0,5.0,0.3637093083063761,0.30309109025531344,0.8333333333333334,30.0,0.8333333333333334
innovation_shared_aux,lambda3/period4_hold,post_age1,285000001;285000002;285000003,6,0.0,0.0,0.7385632885632886,0.7384615384615385,0.17817933718233384,0.7385632885632886,0.0,0.0,0.26143671143671143,2.346988167077394e-06,0.07365508019515736,0.10452190999900941,0.09031724886385756,0.0,-0.20685283570305138,-0.11653558683919384,0.09031724886385756,2196.0,6.0,0.6832767540354724,0.6832767540354724,1.0,2196.0,1.0
innovation_shared_aux,lambda3/case0,post_age1,285000001;285000002;285000003,3,0.0,0.0,0.8389295889295889,0.8387260887260887,0.11585694937535529,0.8389295889295889,0.0,0.0,0.16107041107041106,1.2941752271221528e-06,0.057368741158963406,0.05848691404116476,0.07719666272777827,0.0,-0.1318142703423392,-0.05461760761456094,0.07719666272777827,567.0,3.0,0.5691081978559591,0.5691081978559591,1.0,567.0,1.0
innovation_shared_aux,lambda3/case1,post_age1,285000001;285000002;285000003,3,0.0,0.0,0.6746031746031745,0.6746031746031745,0.07662631492156503,0.6746031746031745,0.0,0.0,0.3253968253968254,0.0,0.030834557378250967,0.04579175754331407,0.0529019726841344,0.0,-0.12408960704935436,-0.07118763436521997,0.0529019726841344,548.0,3.0,0.4617037082475329,0.4617037082475329,1.0,548.0,1.0
innovation_shared_aux,lambda3/case2,post_age1,285000001;285000002;285000003,3,0.0,0.0,0.4967439967439968,0.4967439967439968,0.1645896714884702,0.4967439967439968,0.0,0.0,0.1699226699226699,0.0,0.06583690986622039,0.09875276162224982,0.07097919900872429,0.0,-0.14934826506120577,-0.07836906605248146,0.07097919900872429,547.0,2.0,0.6326320615661887,0.42175470771079243,0.6666666666666666,547.0,0.6666666666666666
innovation_shared_aux,lambda3/case3,post_age1,285000001;285000002;285000003,3,0.0,0.0,0.8223104056437389,0.8223104056437389,0.050343903544735086,0.8223104056437389,0.0,0.0,0.177689594356261,0.0,0.025218943175384072,0.025124960369351013,0.011581733743980449,0.0,-0.08089948247139205,-0.0693177487274116,0.011581733743980449,28.0,3.0,0.3426652320478328,0.3426652320478328,1.0,28.0,1.0
innovation_shared_aux,lambda3/case4,post_age1,285000001;285000002;285000003,3,0.0,0.0,0.8025641025641027,0.8025641025641027,0.17931483640063917,0.8025641025641027,0.0,0.0,0.19743589743589743,3.399801107032635e-06,0.07415908479935751,0.10515235180017463,0.13823196103915383,0.0,-0.18435929686158567,-0.046127335822431836,0.13823196103915383,562.0,3.0,0.689074444712591,0.689074444712591,1.0,562.0,1.0
innovation_shared_aux,lambda3/case5,post_age1,285000001;285000002;285000003,3,0.0,0.0,0.17777777777777778,0.17777777777777778,0.052830897237104324,0.17777777777777778,0.0,0.0,0.15555555555555556,0.0,0.027224249814474022,0.025606647422630302,0.0693032635582818,0.0,-0.13882923656039767,-0.06952597300211588,0.0693032635582818,5.0,1.0,0.1928076267242432,0.06426920890808106,0.3333333333333333,5.0,0.3333333333333333
innovation_shared_aux,lambda4,post_age1,285000001;285000002;285000003,18,0.0,0.0,0.6002481571926016,0.5894626464070908,0.0833851557629694,0.6002481571926016,0.0,0.0,0.17752962058517616,4.9747679275981455e-05,0.04521742634755859,0.038117981736134836,0.0385059108011964,0.0,-0.10758019249377675,-0.06907428169258036,0.0385059108011964,1164.0,14.0,0.3776244921395651,0.29370793833077286,0.7777777777777778,1164.0,0.7777777777777778
innovation_shared_aux,lambda4/analytic,post_age1,285000001;285000002;285000003,6,0.0,0.0,0.7569444444444445,0.7569444444444445,0.05578339551693556,0.7569444444444445,0.0,0.0,0.07638888888888888,0.0,0.032251670416521556,0.02353172510041401,0.02437155114279853,0.0,-0.04203988004613806,-0.017668328903339525,0.02437155114279853,34.0,5.0,0.4116061329841613,0.34300511082013446,0.8333333333333334,34.0,0.8333333333333334
innovation_shared_aux,lambda4/neural,post_age1,285000001;285000002;285000003,6,0.0,0.0,0.7018518518518518,0.685978835978836,0.1253081567330033,0.7018518518518518,0.0,0.0,0.13148148148148148,6.720752564491241e-05,0.07218654857144496,0.053054400635913435,0.04612321185056494,0.0,-0.10664108278890135,-0.06051787093833641,0.04612321185056494,22.0,5.0,0.3642881111871628,0.30357342598930237,0.8333333333333334,22.0,0.8333333333333334
innovation_shared_aux,lambda4/period4_hold,post_age1,285000001;285000002;285000003,6,0.0,0.0,0.3419481752815086,0.32546465879799213,0.06906391503896933,0.3419481752815086,0.0,0.0,0.324718491385158,8.203551218303193e-05,0.031214060054709253,0.037767819472077045,0.04502296941022571,0.0,-0.17405961464629083,-0.12903664523606515,0.04502296941022571,1108.0,4.0,0.3518179172743226,0.2345452781828817,0.6666666666666666,1108.0,0.6666666666666666
innovation_shared_aux,lambda4/case0,post_age1,285000001;285000002;285000003,3,0.0,0.0,0.6170634920634921,0.5535714285714285,0.09593995857058395,0.6170634920634921,0.0,0.0,0.3829365079365079,0.00026883010257964965,0.05019949624167414,0.04547163222633017,0.12068618100786965,0.0,-0.28482845346763647,-0.16414227245976687,0.12068618100786965,38.0,3.0,0.28591740415209815,0.28591740415209815,1.0,38.0,1.0
innovation_shared_aux,lambda4/case1,post_age1,285000001;285000002;285000003,3,0.0,0.0,0.6049382716049383,0.6049382716049383,0.08058989278924951,0.6049382716049383,0.0,0.0,0.3950617283950617,0.0,0.04513195875608104,0.03545793403316847,0.09422466195659873,0.0,-0.2548057091088943,-0.16058104715229551,0.09422466195659873,19.0,3.0,0.34061234085648145,0.34061234085648145,1.0,19.0,1.0
innovation_shared_aux,lambda4/case2,post_age1,285000001;285000002;285000003,3,0.0,0.0,0.3333333333333333,0.3333333333333333,0.020880595965509646,0.3333333333333333,0.0,0.0,0.0,0.0,0.013421919052864459,0.007458676912645185,0.0,0.0,0.0,0.0,0.0,1.0,1.0,0.7158637046813965,0.23862123489379883,0.3333333333333333,1.0,0.3333333333333333
innovation_shared_aux,lambda4/case3,post_age1,285000001;285000002;285000003,3,0.0,0.0,0.7435490435490436,0.7423280423280424,0.10220309689770517,0.7435490435490436,0.0,0.0,0.25645095645095645,1.4679807703841005e-05,0.055200523580644395,0.04698789350935692,0.006562029961216096,0.0,-0.09041691568259742,-0.08385488572138133,0.006562029961216096,554.0,3.0,0.4269374605500218,0.4269374605500218,1.0,554.0,1.0
innovation_shared_aux,lambda4/case4,post_age1,285000001;285000002;285000003,3,0.0,0.0,0.6666666666666666,0.6666666666666666,0.056353669431896625,0.6666666666666666,0.0,0.0,0.0,0.0,0.03217506280676448,0.02417860662513215,0.0,0.0,0.0,0.0,0.0,5.0,2.0,0.2720497449239096,0.1813664966159397,0.6666666666666666,5.0,0.6666666666666666
innovation_shared_aux,lambda4/case5,post_age1,285000001;285000002;285000003,3,0.0,0.0,0.6359381359381359,0.6359381359381359,0.14434372092287154,0.6359381359381359,0.0,0.0,0.03072853072853073,1.4976165372398013e-05,0.07517559764732303,0.0691531471101761,0.009562591881493896,0.0,-0.015430076703532322,-0.005867484822038426,0.009562591881493896,547.0,2.0,0.43318903937444586,0.2887926929162972,0.6666666666666666,547.0,0.6666666666666666
innovation_shared_aux,overall,post_age2,285000001;285000002;285000003,36,0.0,0.0,0.4018544983822762,0.39973131292575736,0.11541610543021243,0.4018544983822762,0.0,0.0,0.3481455016177238,2.140202300820351e-05,0.07664329324121232,0.03875141016599191,0.1248151068391566,0.0,-0.3123323844996042,-0.1875172776604476,0.1248151068391566,3409.0,27.0,0.4400901283183289,0.33006759623874665,0.75,3409.0,0.75
innovation_shared_aux,lambda3,post_age2,285000001;285000002;285000003,18,0.0,0.0,0.3475310697532919,0.3434203656425879,0.13437242742306907,0.3475310697532919,0.0,0.0,0.37469115246893026,4.1989907240513564e-05,0.09612337057972549,0.03820706693610306,0.12204847064289776,0.0,-0.3514883052954169,-0.22943983465251913,0.12204847064289776,2249.0,13.0,0.3890097936369041,0.28095151762665294,0.7222222222222222,2249.0,0.7222222222222222
innovation_shared_aux,lambda3/analytic,post_age2,285000001;285000002;285000003,6,0.0,0.0,0.34065656565656566,0.34065656565656566,0.04622734775758306,0.34065656565656566,0.0,0.0,0.15934343434343434,0.0,0.026872113928021624,0.019355233829561436,0.07698646490822737,0.0,-0.14328735942391033,-0.06630089451568295,0.07698646490822737,28.0,3.0,0.44141305191348296,0.22070652595674148,0.5,28.0,0.5
innovation_shared_aux,lambda3/neural,post_age2,285000001;285000002;285000003,6,0.0,0.0,0.396604938271605,0.396604938271605,0.15979434834764913,0.396604938271605,0.0,0.0,0.27006172839506176,0.0,0.11116612804210395,0.048628220305545165,0.235808997242539,0.0,-0.3822016561472858,-0.14639265890474673,0.235808997242539,26.0,4.0,0.7182243102126651,0.4788162068084434,0.6666666666666666,26.0,0.6666666666666666
innovation_shared_aux,lambda3/period4_hold,post_age2,285000001;285000002;285000003,6,0.0,0.0,0.30533170533170534,0.292999592999593,0.19709558616397496,0.30533170533170534,0.0,0.0,0.6946682946682947,0.00012596972172154068,0.15033186976905086,0.046637746673202585,0.05334994977792686,0.0,-0.5289759003150546,-0.4756259505371277,0.05334994977792686,2195.0,6.0,0.14333182011477386,0.14333182011477386,1.0,2195.0,1.0
innovation_shared_aux,lambda3/case0,post_age2,285000001;285000002;285000003,3,0.0,0.0,0.47848447848447845,0.47746697746697747,0.14339422500254081,0.47848447848447845,0.0,0.0,0.5215155215155215,3.720967942118857e-06,0.09851776419658816,0.044872739838010524,0.049265859804270944,0.0,-0.39194305907186044,-0.3426771992675895,0.049265859804270944,565.0,3.0,0.270785442446879,0.270785442446879,1.0,565.0,1.0
innovation_shared_aux,lambda3/case1,post_age2,285000001;285000002;285000003,3,0.0,0.0,0.02950752950752951,0.0293040293040293,0.049990460855968755,0.02950752950752951,0.0,0.0,0.3038258038258038,2.358794572727474e-06,0.042186118749700775,0.007801983311695252,0.01605505486256619,0.0,-0.22377262170789294,-0.2077175668453268,0.01605505486256619,546.0,1.0,0.05867935012985062,0.019559783376616874,0.3333333333333333,546.0,0.3333333333333333
innovation_shared_aux,lambda3/case2,post_age2,285000001;285000002;285000003,3,0.0,0.0,0.1393976393976394,0.138990638990639,0.3173728071890168,0.1393976393976394,0.0,0.0,0.5272690272690272,1.894456789819013e-06,0.23049274421857255,0.08687816851365443,0.4073482517503266,0.0,-0.7451905863625662,-0.33784233461223967,0.4073482517503266,547.0,2.0,0.9194785535553873,0.6129857023702582,0.6666666666666666,547.0,0.6666666666666666
innovation_shared_aux,lambda3/case3,post_age2,285000001;285000002;285000003,3,0.0,0.0,0.8703703703703703,0.8703703703703703,0.031875480733599255,0.8703703703703703,0.0,0.0,0.12962962962962962,0.0,0.014768948587913585,0.017106532145685676,0.011376168992784286,0.0,-0.04384170638190376,-0.03246553738911947,0.011376168992784286,26.0,3.0,0.33710331386990017,0.33710331386990017,1.0,26.0,1.0
innovation_shared_aux,lambda3/case4,post_age2,285000001;285000002;285000003,3,0.0,0.0,0.3674264007597341,0.3666123999457333,0.23604769574972814,0.3674264007597341,0.0,0.0,0.6325735992402659,1.1246533635888345e-05,0.17408374077856856,0.061952708437523686,0.1926039326613057,0.0,-0.6309509135088301,-0.43834698084752444,0.1926039326613057,560.0,3.0,0.347599317685928,0.347599317685928,1.0,560.0,1.0
innovation_shared_aux,lambda3/case5,post_age2,285000001;285000002;285000003,3,0.0,0.0,0.19999999999999998,0.17777777777777778,0.02755389500756059,0.19999999999999998,0.0,0.0,0.13333333333333333,0.0002327186905025277,0.01669090694700925,0.01063026937004881,0.055641555786132814,0.0,-0.0732309447394477,-0.017589388953314886,0.055641555786132814,5.0,1.0,0.29302663803100587,0.09767554601033529,0.3333333333333333,5.0,0.3333333333333333
innovation_shared_aux,lambda4,post_age2,285000001;285000002;285000003,18,0.0,0.0,0.4561779270112603,0.4560422602089269,0.09645978343735578,0.4561779270112603,0.0,0.0,0.3215998507665174,8.141387758934671e-07,0.05716321590269915,0.03929575339588074,0.12758174303541545,0.0,-0.2731764637037916,-0.14559472066837612,0.12758174303541545,1160.0,14.0,0.4875218676653662,0.37918367485084037,0.7777777777777778,1160.0,0.7777777777777778
innovation_shared_aux,lambda4/analytic,post_age2,285000001;285000002;285000003,6,0.0,0.0,0.5347222222222222,0.5347222222222222,0.07800624542630856,0.5347222222222222,0.0,0.0,0.2986111111111111,0.0,0.04813278829096815,0.029873457135340408,0.14205794643472744,0.0,-0.23144771213884707,-0.08938976570411965,0.14205794643472744,33.0,5.0,0.37319866816202796,0.3109988901350233,0.8333333333333334,33.0,0.8333333333333334
innovation_shared_aux,lambda4/neural,post_age2,285000001;285000002;285000003,6,0.0,0.0,0.4396825396825397,0.4396825396825397,0.11070661216276957,0.4396825396825397,0.0,0.0,0.3936507936507936,0.0,0.06468351251246583,0.046023099650303746,0.15140793361361063,0.0,-0.3522840575566368,-0.20087612394302612,0.15140793361361063,20.0,5.0,0.4105303519112723,0.34210862659272695,0.8333333333333334,20.0,0.8333333333333334
innovation_shared_aux,lambda4/period4_hold,post_age2,285000001;285000002;285000003,6,0.0,0.0,0.39412901912901915,0.39372201872201873,0.10066649272298922,0.39412901912901915,0.0,0.0,0.27253764753764753,2.4424163276804014e-06,0.05867334690466346,0.04199070340199807,0.08927934905790826,0.0,-0.23579762141589086,-0.1465182723579826,0.08927934905790826,1107.0,4.0,0.7266652617371563,0.48444350782477086,0.6666666666666666,1107.0,0.6666666666666666
innovation_shared_aux,lambda4/case0,post_age2,285000001;285000002;285000003,3,0.0,0.0,0.5919312169312169,0.5919312169312169,0.09703954701785389,0.5919312169312169,0.0,0.0,0.4080687830687831,0.0,0.05167897367471171,0.045360573343142176,0.10452101154932898,0.0,-0.26776357239516324,-0.16324256084583424,0.10452101154932898,38.0,3.0,0.28285988171895343,0.28285988171895343,1.0,38.0,1.0
innovation_shared_aux,lambda4/case1,post_age2,285000001;285000002;285000003,3,0.0,0.0,0.6111111111111112,0.6111111111111112,0.09593671170560518,0.6111111111111112,0.0,0.0,0.38888888888888884,0.0,0.04595229313232383,0.049984418573281335,0.20417670673794217,0.0,-0.34311625427669945,-0.13893954753875734,0.20417670673794217,17.0,3.0,0.3698314984639486,0.3698314984639486,1.0,17.0,1.0
innovation_shared_aux,lambda4/case2,post_age2,285000001;285000002;285000003,3,0.0,0.0,0.1111111111111111,0.1111111111111111,0.04837823662163032,0.1111111111111111,0.0,0.0,0.2222222222222222,0.0,0.0470170410647831,0.001361195556847229,0.20092402564154732,0.0,-0.21854962242974174,-0.017625596788194444,0.20092402564154732,1.0,1.0,0.904158115386963,0.301386038462321,0.3333333333333333,1.0,0.3333333333333333
innovation_shared_aux,lambda4/case3,post_age2,285000001;285000002;285000003,3,0.0,0.0,0.6115588115588116,0.610948310948311,0.10207637832765705,0.6115588115588116,0.0,0.0,0.3884411884411884,4.3308924251761755e-06,0.04843350420551588,0.053638543229716,0.10716395991383211,0.0,-0.23577602043547763,-0.1286120605216455,0.10716395991383211,554.0,3.0,0.9806970888441735,0.9806970888441735,1.0,554.0,1.0
innovation_shared_aux,lambda4/case4,post_age2,285000001;285000002;285000003,3,0.0,0.0,0.6666666666666666,0.6666666666666666,0.0741520320917712,0.6666666666666666,0.0,0.0,0.0,0.0,0.027245261924068443,0.04690677016770275,0.0,0.0,0.0,0.0,0.0,3.0,2.0,0.22655296325683594,0.15103530883789062,0.6666666666666666,3.0,0.6666666666666666
innovation_shared_aux,lambda4/case5,post_age2,285000001;285000002;285000003,3,0.0,0.0,0.1446886446886447,0.1444851444851445,0.16117579485961708,0.1446886446886447,0.0,0.0,0.521978021978022,5.539402301846274e-07,0.12265222141479193,0.03852301950459499,0.14870475436984207,0.0,-0.5738533126856672,-0.42514855831582515,0.14870475436984207,547.0,2.0,0.28393834916663263,0.18929223277775506,0.6666666666666666,547.0,0.6666666666666666
innovation_shared_aux,overall,post_age3,285000001;285000002;285000003,36,0.0,0.0,0.44870908412575083,0.44673852382185714,0.11111069478850062,0.44870908412575083,0.0,0.0,0.27351313809647143,2.1976121335218936e-05,0.06330470696400124,0.04778401170316416,0.13967861360237924,0.0,-0.2548626193345032,-0.11518400573212402,0.13967861360237924,3407.0,26.0,0.4827778749410998,0.3486729096796832,0.7222222222222222,3407.0,0.7222222222222222
innovation_shared_aux,lambda3,post_age3,285000001;285000002;285000003,18,0.0,0.0,0.5013626805293472,0.49752331002331,0.12438538663186911,0.5013626805293472,0.0,0.0,0.22085954169287503,4.3340079691518584e-05,0.07223068650725797,0.0521113600449196,0.15412535647203504,0.0,-0.25384710693151286,-0.0997217504594778,0.15412535647203504,2249.0,13.0,0.6197105671488439,0.4475687429408317,0.7222222222222222,2249.0,0.7222222222222222
innovation_shared_aux,lambda3/analytic,post_age3,285000001;285000002;285000003,6,0.0,0.0,0.36767676767676766,0.36767676767676766,0.051632662156940595,0.36767676767676766,0.0,0.0,0.13232323232323231,0.0,0.02825767685216633,0.023374985304774266,0.05915362570020888,0.0,-0.09943332672119141,-0.04027970102098253,0.05915362570020888,28.0,3.0,0.42764171060889655,0.21382085530444828,0.5,28.0,0.5
innovation_shared_aux,lambda3/neural,post_age3,285000001;285000002;285000003,6,0.0,0.0,0.34027777777777785,0.34027777777777785,0.2011882978998654,0.34027777777777785,0.0,0.0,0.32638888888888884,0.0,0.1371393621991481,0.06404893570071729,0.37429604265424943,0.0,-0.5588617162939943,-0.18456567363974488,0.37429604265424943,26.0,4.0,0.5912962224748399,0.39419748164989327,0.6666666666666666,26.0,0.6666666666666666
innovation_shared_aux,lambda3/period4_hold,post_age3,285000001;285000002;285000003,6,0.0,0.0,0.7961334961334962,0.7846153846153846,0.12033519983880131,0.7961334961334962,0.0,0.0,0.20386650386650385,0.00013002023907455573,0.05129502047045948,0.06891015912926726,0.028926401061646862,0.0,-0.10324627777935287,-0.07431987671770601,0.028926401061646862,2195.0,6.0,0.7346878918681535,0.7346878918681535,1.0,2195.0,1.0
innovation_shared_aux,lambda3/case0,post_age3,285000001;285000002;285000003,3,0.0,0.0,0.7843869093869094,0.783979908979909,0.0905185582823696,0.7843869093869094,0.0,0.0,0.2156130906130906,5.33101856867816e-06,0.04309878974427883,0.04741443751952209,0.041228818806099805,0.0,-0.11993756908491272,-0.07870875027881293,0.041228818806099805,565.0,3.0,0.5236209009183024,0.5236209009183024,1.0,565.0,1.0
innovation_shared_aux,lambda3/case1,post_age3,285000001;285000002;285000003,3,0.0,0.0,0.2529507529507529,0.2529507529507529,0.025695482754354498,0.2529507529507529,0.0,0.0,0.08038258038258038,0.0,0.010624593804966964,0.015070888949387531,0.0019946966318760066,0.0,-0.01650059451210727,-0.014505897880231261,0.0019946966318760066,546.0,1.0,0.9363114689732646,0.3121038229910882,0.3333333333333333,546.0,0.3333333333333333
innovation_shared_aux,lambda3/case2,post_age3,285000001;285000002;285000003,3,0.0,0.0,0.17297517297517295,0.17297517297517295,0.33001036792607974,0.17297517297517295,0.0,0.0,0.49369149369149373,0.0,0.21593091592401545,0.11407945200206432,0.6083285955573468,0.0,-0.9037730961395174,-0.29544450058217064,0.6083285955573468,547.0,2.0,1.0779943767484728,0.7186629178323152,0.6666666666666666,547.0,0.6666666666666666
innovation_shared_aux,lambda3/case3,post_age3,285000001;285000002;285000003,3,0.0,0.0,0.8981481481481483,0.8981481481481483,0.03385883545112101,0.8981481481481483,0.0,0.0,0.10185185185185185,0.0,0.015577961308865596,0.018280874142255422,0.01313036459463614,0.0,-0.035208958166616934,-0.022078593571980793,0.01313036459463614,26.0,3.0,0.3792116377088759,0.3792116377088759,1.0,26.0,1.0
innovation_shared_aux,lambda3/case4,post_age3,285000001;285000002;285000003,3,0.0,0.0,0.6330484330484331,0.6326414326414326,0.23731320561441982,0.6330484330484331,0.0,0.0,0.366951566951567,4.655456626808762e-06,0.13104233297097692,0.1062662171868161,0.2259176005082835,0.0,-0.3819443344762603,-0.1560267339679768,0.2259176005082835,560.0,3.0,0.6078576931683669,0.6078576931683669,1.0,560.0,1.0
innovation_shared_aux,lambda3/case5,post_age3,285000001;285000002;285000003,3,0.0,0.0,0.26666666666666666,0.24444444444444444,0.028915869762869934,0.26666666666666666,0.0,0.0,0.06666666666666667,0.0002500540029536246,0.0171095252904441,0.011556290469472213,0.0341520627339681,0.0,-0.06571808920966254,-0.031566026475694446,0.0341520627339681,5.0,1.0,0.431866455078125,0.14395548502604166,0.3333333333333333,5.0,0.3333333333333333
innovation_shared_aux,lambda4,post_age3,285000001;285000002;285000003,18,0.0,0.0,0.39605548772215443,0.3959537376204043,0.09783600294513216,0.39605548772215443,0.0,0.0,0.32616673450006783,6.121629789192874e-07,0.05437872742074451,0.043456663361408715,0.12523187073272338,0.0,-0.25587813173749363,-0.13064626100477023,0.12523187073272338,1158.0,13.0,0.3458451827333557,0.24977707641853467,0.7222222222222222,1158.0,0.7222222222222222
innovation_shared_aux,lambda4/analytic,post_age3,285000001;285000002;285000003,6,0.0,0.0,0.3101851851851852,0.3101851851851852,0.07552154294637696,0.3101851851851852,0.0,0.0,0.35648148148148145,0.0,0.048764818451559354,0.026756724494817596,0.14174822635120818,0.0,-0.27634601681320753,-0.1345977904619994,0.14174822635120818,32.0,4.0,0.2395122994979223,0.1596748663319482,0.6666666666666666,32.0,0.6666666666666666
innovation_shared_aux,lambda4/neural,post_age3,285000001;285000002;285000003,6,0.0,0.0,0.469047619047619,0.469047619047619,0.1461422299143891,0.469047619047619,0.0,0.0,0.3642857142857143,0.0,0.08016390465991334,0.06597832525447578,0.16354562838872275,0.0,-0.35682075004729014,-0.19327512165856742,0.16354562838872275,19.0,5.0,0.398542971611023,0.3321191430091858,0.8333333333333334,19.0,0.8333333333333334
innovation_shared_aux,lambda4/period4_hold,post_age3,285000001;285000002;285000003,6,0.0,0.0,0.4089336589336589,0.4086284086284086,0.0718442359746304,0.4089336589336589,0.0,0.0,0.2577330077330077,1.8364889367578622e-06,0.034207459150760865,0.03763494033493279,0.0704017574582393,0.0,-0.1344676283519832,-0.0640658708937439,0.0704017574582393,1107.0,4.0,0.38630582987170525,0.25753721991447015,0.6666666666666666,1107.0,0.6666666666666666
innovation_shared_aux,lambda4/case0,post_age3,285000001;285000002;285000003,3,0.0,0.0,0.638888888888889,0.638888888888889,0.1113769536244421,0.638888888888889,0.0,0.0,0.3611111111111111,0.0,0.06369028146802669,0.0476866721564154,0.12649529100095155,0.0,-0.2708843959071649,-0.14438910490621337,0.12649529100095155,38.0,3.0,0.3055181645211719,0.3055181645211719,1.0,38.0,1.0
innovation_shared_aux,lambda4/case1,post_age3,285000001;285000002;285000003,3,0.0,0.0,0.5333333333333333,0.5333333333333333,0.11955625967099258,0.5333333333333333,0.0,0.0,0.4666666666666666,0.0,0.058580095908036374,0.060976163762956205,0.1839711798561944,0.0,-0.3477126306957669,-0.16374145083957248,0.1839711798561944,17.0,3.0,0.25468833446502687,0.25468833446502687,1.0,17.0,1.0
innovation_shared_aux,lambda4/case2,post_age3,285000001;285000002;285000003,3,0.0,0.0,0.0,0.0,0.0,0.0,0.0,0.0,0.0,0.0,0.0,0.0,0.0,0.0,0.0,0.0,0.0,0.0,0.0,,0.0,0.0,0.0,0.0
innovation_shared_aux,lambda4/case3,post_age3,285000001;285000002;285000003,3,0.0,0.0,0.5651200651200651,0.5645095645095645,0.11875128180591567,0.5651200651200651,0.0,0.0,0.43487993487993487,2.309356027901281e-06,0.07487111296478977,0.04387785948509801,0.07696121297913157,0.0,-0.215345036901009,-0.13838382392187742,0.07696121297913157,553.0,3.0,0.2342609047744155,0.2342609047744155,1.0,553.0,1.0
innovation_shared_aux,lambda4/case4,post_age3,285000001;285000002;285000003,3,0.0,0.0,0.3333333333333333,0.3333333333333333,0.11872086570351649,0.3333333333333333,0.0,0.0,0.3333333333333333,0.0,0.06268994896800943,0.05603091673550706,0.15320205688476562,0.0,-0.2556902567545573,-0.10248819986979167,0.15320205688476562,3.0,2.0,0.33524131774902344,0.22349421183268228,0.6666666666666666,3.0,0.6666666666666666
innovation_shared_aux,lambda4/case5,post_age3,285000001;285000002;285000003,3,0.0,0.0,0.3056573056573057,0.3056573056573057,0.11861065686592609,0.3056573056573057,0.0,0.0,0.361009361009361,1.3636218456144433e-06,0.06644092521560484,0.052168368028475624,0.21076148367529726,0.0,-0.4456364701664637,-0.23487498649116645,0.21076148367529726,547.0,2.0,0.7210512643768674,0.4807008429179116,0.6666666666666666,547.0,0.6666666666666666
innovation_separate_mse,overall,full,285000001;285000002;285000003,36,0.0,0.0,0.6401121665836969,0.6052371676075136,0.09280240553603662,0.6401121665836969,0.0,0.0,0.3043322778607476,6.348394861317086e-05,0.054397574734558085,0.03834134685286536,0.0989478140491082,0.0,-0.21203831359466144,-0.11309049954555324,0.0989478140491082,10333.0,34.0,0.39890673816116723,0.376745252707769,0.9444444444444443,10333.0,0.9444444444444443
innovation_separate_mse,lambda3,full,285000001;285000002;285000003,18,0.0,0.0,0.6799488755068607,0.6120849966171914,0.11676289771332571,0.6799488755068607,0.0,0.0,0.3200511244931393,3.346284061993367e-05,0.0704487768505422,0.04628065802216355,0.11029923520093675,0.0,-0.2503621557471209,-0.14006292054618413,0.11029923520093675,6807.0,18.0,0.4365920590870503,0.4365920590870503,1.0,6807.0,1.0
innovation_separate_mse,lambda3/analytic,full,285000001;285000002;285000003,6,0.0,0.0,0.7538337933074776,0.6617265038317669,0.05582337476828634,0.7538337933074776,0.0,0.0,0.24616620669252245,2.33110522630246e-05,0.03162173388014814,0.024178329835875173,0.07818507062810202,0.0,-0.13047587242032663,-0.052290801792224624,0.07818507062810202,103.0,6.0,0.3479698356320475,0.3479698356320475,1.0,103.0,1.0
innovation_separate_mse,lambda3/neural,full,285000001;285000002;285000003,6,0.0,0.0,0.6865292712066905,0.5956434545144222,0.12226684097793634,0.6865292712066905,0.0,0.0,0.31347072879330945,2.4337247145404366e-05,0.07779233860344904,0.0444501651273419,0.21347067277369228,0.0,-0.33038434708234415,-0.11691367430865185,0.21347067277369228,100.0,6.0,0.44697717257908415,0.44697717257908415,1.0,100.0,1.0
innovation_separate_mse,lambda3/period4_hold,full,285000001;285000002;285000003,6,0.0,0.0,0.599483562006414,0.578885031505385,0.17219847739375438,0.599483562006414,0.0,0.0,0.4005164379935861,5.274022245137204e-05,0.10193225806802941,0.0702134791032736,0.03924196220101595,0.0,-0.2902262477386919,-0.25098428553767593,0.03924196220101595,6604.0,6.0,0.5148291690500194,0.5148291690500194,1.0,6604.0,1.0
innovation_separate_mse,lambda3/case0,full,285000001;285000002;285000003,3,0.0,0.0,0.6760110201609288,0.668836635015794,0.1329123030873982,0.6760110201609288,0.0,0.0,0.3239889798390712,1.2478827719143192e-05,0.07535297959836514,0.057546844661313934,0.0581670041373023,0.0,-0.22502309062667314,-0.1668560864893708,0.0581670041373023,1706.0,3.0,0.443419692641434,0.443419692641434,1.0,1706.0,1.0
innovation_separate_mse,lambda3/case1,full,285000001;285000002;285000003,3,0.0,0.0,0.7441939196966619,0.6328796804116731,0.06099822447823953,0.7441939196966619,0.0,0.0,0.25580608030333807,1.9151652204854173e-05,0.034984599608937315,0.025994473217097358,0.022523705965293045,0.0,-0.13618439377439848,-0.11366068780910543,0.022523705965293045,1649.0,3.0,0.34080968761792785,0.34080968761792785,1.0,1649.0,1.0
innovation_separate_mse,lambda3/case2,full,285000001;285000002;285000003,3,0.0,0.0,0.4919087277405376,0.49170559956665993,0.19329676539854457,0.4919087277405376,0.0,0.0,0.5080912722594624,5.272808532780169e-07,0.12839660241555464,0.06489963570213661,0.2585153939785474,0.0,-0.4778856012491716,-0.21937020727062415,0.2585153939785474,1648.0,3.0,0.47164792535558303,0.47164792535558303,1.0,1648.0,1.0
innovation_separate_mse,lambda3/case3,full,285000001;285000002;285000003,3,0.0,0.0,0.8095053095053095,0.7875365375365376,0.034228697561176684,0.8095053095053095,0.0,0.0,0.19049469049469048,2.337002709781908e-05,0.016604773487622026,0.017600554046456832,0.020954806130606452,0.0,-0.058441810259990346,-0.03748700412938389,0.020954806130606452,89.0,3.0,0.32168532174731057,0.32168532174731057,1.0,89.0,1.0
innovation_separate_mse,lambda3/case4,full,285000001;285000002;285000003,3,0.0,0.0,0.6914076092710596,0.6717984407527307,0.2015042978408045,0.6914076092710596,0.0,0.0,0.30859239072894046,4.856584413173685e-06,0.1185723450598649,0.08292709619652645,0.09868026609357335,0.0,-0.2945252075391855,-0.19584494144561213,0.09868026609357335,1691.0,3.0,0.5331403580050105,0.5331403580050105,1.0,1691.0,1.0
innovation_separate_mse,lambda3/case5,full,285000001;285000002;285000003,3,0.0,0.0,0.6666666666666666,0.4197530864197531,0.07763709791379066,0.6666666666666666,0.0,0.0,0.3333333333333333,0.00014039267143133388,0.04878136093290921,0.028715344309450108,0.20295423490029793,0.0,-0.31011283103330634,-0.10715859613300842,0.20295423490029793,24.0,3.0,0.5088493691550361,0.5088493691550361,1.0,24.0,1.0
innovation_separate_mse,lambda4,full,285000001;285000002;285000003,18,0.0,0.0,0.600275457660533,0.5983893385978358,0.06884191335874752,0.600275457660533,0.0,0.0,0.28861343122835587,9.350505660640806e-05,0.03834637261857396,0.030402035683567166,0.08759639289727965,0.0,-0.173714471442202,-0.08611807854492237,0.08759639289727965,3526.0,16.0,0.3565107521195486,0.3168984463284876,0.8888888888888888,3526.0,0.8888888888888888
innovation_separate_mse,lambda4/analytic,full,285000001;285000002;285000003,6,0.0,0.0,0.6815873015873016,0.6815873015873016,0.05911283146823485,0.6815873015873016,0.0,0.0,0.3184126984126984,6.884655274133866e-05,0.035443857431078314,0.0236001274844152,0.1007877203270241,0.0,-0.17432158613961843,-0.0735338658125943,0.1007877203270241,115.0,6.0,0.3493362753353422,0.3493362753353422,1.0,115.0,1.0
innovation_separate_mse,lambda4/neural,full,285000001;285000002;285000003,6,0.0,0.0,0.5593337919963307,0.5560658181401216,0.0863882726197663,0.5593337919963307,0.0,0.0,0.2739995413370026,4.69212691942582e-05,0.04743990282979877,0.038901448520773256,0.10832777131028903,0.0,-0.2021073897679647,-0.09377961845767564,0.10832777131028903,76.0,5.0,0.333039703745591,0.2775330864546592,0.8333333333333334,76.0,0.8333333333333334
innovation_separate_mse,lambda4/period4_hold,full,285000001;285000002;285000003,6,0.0,0.0,0.5599052793979667,0.5575148960660844,0.061024635988241455,0.5599052793979667,0.0,0.0,0.27342805393536657,0.00016474734788362731,0.03215535759484479,0.028704531045513033,0.05367368705452578,0.0,-0.14471443841902296,-0.09104075136449719,0.05367368705452578,3335.0,5.0,0.3885911726345538,0.3238259771954615,0.8333333333333334,3335.0,0.8333333333333334
innovation_separate_mse,lambda4/case0,full,285000001;285000002;285000003,3,0.0,0.0,0.6350000000000001,0.6350000000000001,0.08201811169595757,0.6350000000000001,0.0,0.0,0.365,6.156643663686097e-05,0.04710263868962059,0.03485390656970012,0.12571815499552974,0.0,-0.24507743932582712,-0.11935928433029741,0.12571815499552974,123.0,3.0,0.2706093676884969,0.2706093676884969,1.0,123.0,1.0
innovation_separate_mse,lambda4/case1,full,285000001;285000002;285000003,3,0.0,0.0,0.6193678641047062,0.6153996101364523,0.07975637659574285,0.6193678641047062,0.0,0.0,0.38063213589529377,5.2884439579151234e-05,0.039373681790686864,0.04032981036547683,0.12985931803210138,0.0,-0.2390090092149361,-0.10914969118283473,0.12985931803210138,62.0,3.0,0.2951180216463387,0.2951180216463387,1.0,62.0,1.0
innovation_separate_mse,lambda4/case2,full,285000001;285000002;285000003,3,0.0,0.0,0.26666666666666666,0.26666666666666666,0.019452662841985737,0.26666666666666666,0.0,0.0,0.06666666666666667,0.0,0.015194986438895183,0.00425767640309055,0.02965670691596137,0.0,-0.035621198018391934,-0.005964491102430556,0.02965670691596137,5.0,1.0,0.6316324234008789,0.2105441411336263,0.3333333333333333,5.0,0.3333333333333333
innovation_separate_mse,lambda4/case3,full,285000001;285000002;285000003,3,0.0,0.0,0.5325184308946004,0.5255762268344266,0.0927641970522356,0.5325184308946004,0.0,0.0,0.4674815691053997,2.414289185940573e-05,0.054865905621476536,0.037874148538899664,0.07448448049929207,0.0,-0.22454618836185347,-0.15006170786256143,0.07448448049929207,1670.0,3.0,0.5002598519880259,0.5002598519880259,1.0,1670.0,1.0
innovation_separate_mse,lambda4/case4,full,285000001;285000002;285000003,3,0.0,0.0,0.780952380952381,0.780952380952381,0.06314098653993581,0.780952380952381,0.0,0.0,0.21904761904761905,0.00034904311676597455,0.029605852548048272,0.033186090875121574,0.09726863437228733,0.0,-0.13064314070202054,-0.03337450632973323,0.09726863437228733,18.0,3.0,0.18480855850946334,0.18480855850946334,1.0,18.0,1.0
innovation_separate_mse,lambda4/case5,full,285000001;285000002;285000003,3,0.0,0.0,0.7671474033448439,0.7667411469970885,0.0759191454266276,0.7671474033448439,0.0,0.0,0.2328525966551561,7.33934547970559e-05,0.04393517062271629,0.031910581349114245,0.06859106256850596,0.0,-0.16738985303018286,-0.09879879046167693,0.06859106256850596,1648.0,3.0,0.4400507370049746,0.4400507370049746,1.0,1648.0,1.0
innovation_separate_mse,overall,initial,285000001;285000002;285000003,36,0.0,0.0,0.7407407407407408,0.6172839506172839,0.020145364829532778,0.7407407407407408,0.0,0.0,0.2037037037037037,0.00024460982970533315,0.011127874232985328,0.008772880766842118,0.03690606429253095,0.0,-0.07326537444267743,-0.036359310150146484,0.03690606429253095,96.0,34.0,0.20370913486854705,0.1923919607091833,0.9444444444444443,96.0,0.9444444444444443
innovation_separate_mse,lambda3,initial,285000001;285000002;285000003,18,0.0,0.0,0.7716049382716049,0.5617283950617283,0.02579115747653243,0.7716049382716049,0.0,0.0,0.22839506172839505,0.0001761836652733171,0.01482084213014453,0.010794131681114582,0.055444514309918445,0.0,-0.0981571615478139,-0.042712647237895446,0.055444514309918445,52.0,18.0,0.24361453232941802,0.24361453232941802,1.0,52.0,1.0
innovation_separate_mse,lambda3/analytic,initial,285000001;285000002;285000003,6,0.0,0.0,0.7777777777777777,0.611111111111111,0.023342105361325385,0.7777777777777777,0.0,0.0,0.22222222222222218,7.592663455061147e-05,0.012687444635956892,0.010578734090817879,0.04562603985821759,0.0,-0.07545511810867873,-0.029829078250461157,0.04562603985821759,16.0,6.0,0.22211922539605036,0.22211922539605036,1.0,16.0,1.0
innovation_separate_mse,lambda3/neural,initial,285000001;285000002;285000003,6,0.0,0.0,0.7592592592592592,0.5925925925925926,0.03425497087759186,0.7592592592592592,0.0,0.0,0.24074074074074073,7.592663455061147e-05,0.01861456181697042,0.015564482426070836,0.0912447417223895,0.0,-0.1370583905114068,-0.04581364878901729,0.0912447417223895,18.0,6.0,0.31041733423868817,0.31041733423868817,1.0,18.0,1.0
innovation_separate_mse,lambda3/period4_hold,initial,285000001;285000002;285000003,6,0.0,0.0,0.7777777777777777,0.4814814814814814,0.01977639619068004,0.7777777777777777,0.0,0.0,0.2222222222222222,0.0003766977267187283,0.013160519937506278,0.006239178526455034,0.029462761349148218,0.0,-0.08195797602335612,-0.052495214674207896,0.029462761349148218,18.0,6.0,0.19830703735351562,0.19830703735351562,1.0,18.0,1.0
innovation_separate_mse,lambda3/case0,initial,285000001;285000002;285000003,3,0.0,0.0,0.8148148148148148,0.7037037037037036,0.011099387406122534,0.8148148148148148,0.0,0.0,0.1851851851851852,0.0001494958854285263,0.00488356026232429,0.006066331258369718,0.00815511632848669,0.0,-0.02266975685402199,-0.0145146405255353,0.00815511632848669,9.0,3.0,0.13317786322699654,0.13317786322699654,1.0,9.0,1.0
innovation_separate_mse,lambda3/case1,initial,285000001;285000002;285000003,3,0.0,0.0,0.8888888888888888,0.6296296296296297,0.02905226604130567,0.8888888888888888,0.0,0.0,0.1111111111111111,0.000156577578822921,0.01520615944052342,0.013689529021959329,0.012843485231752749,0.0,-0.049336504053186486,-0.036493018821433736,0.012843485231752749,9.0,3.0,0.2003728018866645,0.2003728018866645,1.0,9.0,1.0
innovation_separate_mse,lambda3/case2,initial,285000001;285000002;285000003,3,0.0,0.0,0.5925925925925926,0.5185185185185185,0.05322159743530389,0.5925925925925926,0.0,0.0,0.4074074074074074,0.00020592475259785783,0.028690823744199703,0.024324848938506338,0.11318787822016962,0.0,-0.1967387905827275,-0.08355091236255786,0.11318787822016962,7.0,3.0,0.24862946404351127,0.24862946404351127,1.0,7.0,1.0
innovation_separate_mse,lambda3/case3,initial,285000001;285000002;285000003,3,0.0,0.0,0.6296296296296297,0.4444444444444444,0.006466159657335353,0.6296296296296297,0.0,0.0,0.3703703703703703,0.00020378010062645276,0.0032352586450643786,0.0030271209116445215,0.011749832718460649,0.0,-0.04218165079752604,-0.030431818079065392,0.011749832718460649,9.0,3.0,0.06085925632052951,0.06085925632052951,1.0,9.0,1.0
innovation_separate_mse,lambda3/case4,initial,285000001;285000002;285000003,3,0.0,0.0,0.9629629629629629,0.7037037037037036,0.009087773840667102,0.9629629629629629,0.0,0.0,0.037037037037037035,0.000156577578822921,0.005355396861870286,0.003575799399973894,0.008103653236671731,0.0,-0.022949677926522718,-0.014846024689850983,0.008103653236671731,9.0,3.0,0.28999000125461155,0.28999000125461155,1.0,9.0,1.0
innovation_separate_mse,lambda3/case5,initial,285000001;285000002;285000003,3,0.0,0.0,0.7407407407407406,0.3703703703703704,0.04581976047846003,0.7407407407407406,0.0,0.0,0.25925925925925924,0.00018474609534122361,0.0315538538268851,0.0140811605562337,0.1786271201239692,0.0,-0.25506658907289853,-0.07643946894892939,0.1786271201239692,9.0,3.0,0.5286578072441949,0.5286578072441949,1.0,9.0,1.0
innovation_separate_mse,lambda4,initial,285000001;285000002;285000003,18,0.0,0.0,0.7098765432098766,0.6728395061728395,0.014499572182533128,0.7098765432098766,0.0,0.0,0.17901234567901234,0.0003130359941373492,0.007434906335826126,0.0067516298525696515,0.01836761427514347,0.0,-0.04837358733754099,-0.03000597306239752,0.01836761427514347,44.0,16.0,0.15881556272506717,0.14116938908894858,0.8888888888888888,44.0,0.8888888888888888
innovation_separate_mse,lambda4/analytic,initial,285000001;285000002;285000003,6,0.0,0.0,0.8148148148148149,0.8148148148148149,0.013866326575863596,0.8148148148148149,0.0,0.0,0.18518518518518515,0.00013782044912444586,0.007298943706215537,0.006429562420523612,0.010669884858308014,0.0,-0.022952432985658997,-0.012282548127350986,0.010669884858308014,16.0,6.0,0.25325144661797416,0.25325144661797416,1.0,16.0,1.0
innovation_separate_mse,lambda4/neural,initial,285000001;285000002;285000003,6,0.0,0.0,0.6851851851851851,0.6666666666666666,0.011636585314131817,0.6851851851851851,0.0,0.0,0.14814814814814814,0.00015162051333929952,0.004872572276025477,0.0066123925247670405,0.016117661087601275,0.0,-0.03751297350283022,-0.021395312415228948,0.016117661087601275,15.0,5.0,0.11213715871175128,0.09344763225979275,0.8333333333333334,15.0,0.8333333333333334
innovation_separate_mse,lambda4/period4_hold,initial,285000001;285000002;285000003,6,0.0,0.0,0.6296296296296297,0.537037037037037,0.017995804657603972,0.6296296296296297,0.0,0.0,0.2037037037037037,0.0006496670199483021,0.010133203025237368,0.007212934612418301,0.028315296879521123,0.0,-0.08465535552413374,-0.05634005864461263,0.028315296879521123,13.0,5.0,0.09217090606689453,0.07680908838907878,0.8333333333333334,13.0,0.8333333333333334
innovation_separate_mse,lambda4/case0,initial,285000001;285000002;285000003,3,0.0,0.0,0.8518518518518517,0.8518518518518517,0.010729002290477014,0.8518518518518517,0.0,0.0,0.14814814814814814,0.0,0.006538665362515733,0.004190336927961283,0.010669849537037037,0.0,-0.020650510434751156,-0.00998066089771412,0.010669849537037037,9.0,3.0,0.06453874376085068,0.06453874376085068,1.0,9.0,1.0
innovation_separate_mse,lambda4/case1,initial,285000001;285000002;285000003,3,0.0,0.0,0.8888888888888888,0.8518518518518517,0.01942106919515633,0.8888888888888888,0.0,0.0,0.1111111111111111,0.00037167461608886596,0.011955007406590489,0.007094387172476975,0.03481695387098525,0.0,-0.06123804163049768,-0.026421087759512445,0.03481695387098525,9.0,3.0,0.14531559414333767,0.14531559414333767,1.0,9.0,1.0
innovation_separate_mse,lambda4/case2,initial,285000001;285000002;285000003,3,0.0,0.0,0.25925925925925924,0.25925925925925924,0.009816960967710927,0.25925925925925924,0.0,0.0,0.07407407407407407,0.0,0.00610666093314615,0.0037103000345647765,7.064254195601851e-08,0.0,-0.004603845101815683,-0.004603774459273727,7.064254195601851e-08,3.0,1.0,0.5127134323120118,0.17090447743733725,0.3333333333333333,3.0,0.3333333333333333
innovation_separate_mse,lambda4/case3,initial,285000001;285000002;285000003,3,0.0,0.0,0.4074074074074074,0.3333333333333333,0.015454366687528684,0.4074074074074074,0.0,0.0,0.5925925925925926,0.00024265646492562223,0.005554752908816833,0.009656957313786229,0.042934135154441555,0.0,-0.13190954702871818,-0.0889754118742766,0.042934135154441555,9.0,3.0,0.08235804239908855,0.08235804239908855,1.0,9.0,1.0
innovation_separate_mse,lambda4/case4,initial,285000001;285000002;285000003,3,0.0,0.0,0.9629629629629629,0.9629629629629629,0.008560789063128342,0.9629629629629629,0.0,0.0,0.037037037037037035,0.00047789526982139953,0.005267286917097005,0.0028156068762099393,0.007973918208369502,0.0,-0.009430708708586515,-0.001456790500217014,0.007973918208369502,7.0,3.0,0.14707925584581164,0.14707925584581164,1.0,7.0,1.0
innovation_separate_mse,lambda4/case5,initial,285000001;285000002;285000003,3,0.0,0.0,0.8888888888888888,0.7777777777777777,0.023015244891197467,0.8888888888888888,0.0,0.0,0.1111111111111111,0.0007859896139882073,0.009187064486790556,0.013042190790418705,0.013810758237485532,0.0,-0.06240887112087674,-0.0485981128833912,0.013810758237485532,7.0,3.0,0.23682022094726562,0.23682022094726562,1.0,7.0,1.0
innovation_separate_mse,overall,postcorrection,285000001;285000002;285000003,36,0.0,0.0,0.48801650637262955,0.4879091034874488,0.1070438547376002,0.48801650637262955,0.0,0.0,0.317539049182926,1.2985111273820723e-05,0.06427336486793221,0.04275750475839416,0.11942440564694091,0.0,-0.24380889444247755,-0.12438448879553661,0.11942440564694091,10237.0,29.0,0.44996086664638774,0.3624684759095902,0.8055555555555557,10237.0,0.8055555555555557
innovation_separate_mse,lambda3,postcorrection,285000001;285000002;285000003,18,0.0,0.0,0.5383366915767157,0.5382123303412433,0.13061900933899975,0.5383366915767157,0.0,0.0,0.2949966417566177,1.3578560233292526e-05,0.08084344449129263,0.049761986287473824,0.11796276444857046,0.0,-0.2607442944735378,-0.14278153002496738,0.11796276444857046,6755.0,15.0,0.4817243267144927,0.40143693892874394,0.8333333333333334,6755.0,0.8333333333333334
innovation_separate_mse,lambda3/analytic,postcorrection,285000001;285000002;285000003,6,0.0,0.0,0.4991149237472767,0.4991149237472767,0.05209653522246302,0.4991149237472767,0.0,0.0,0.16755174291938998,0.0,0.02940938311523467,0.022687152107228343,0.0489110247588452,0.0,-0.0898254494478327,-0.04091442468898748,0.0489110247588452,87.0,4.0,0.4004642053756839,0.2669761369171226,0.6666666666666666,87.0,0.6666666666666666
innovation_separate_mse,lambda3/neural,postcorrection,285000001;285000002;285000003,6,0.0,0.0,0.5246031746031746,0.5246031746031746,0.16348383859523763,0.5246031746031746,0.0,0.0,0.3087301587301587,0.0,0.1089921661357045,0.054491672459533125,0.26279701043689063,0.0,-0.39532463815477165,-0.13252762771788099,0.26279701043689063,82.0,5.0,0.5007663907777695,0.4173053256481413,0.8333333333333334,82.0,0.8333333333333334
innovation_separate_mse,lambda3/period4_hold,postcorrection,285000001;285000002;285000003,6,0.0,0.0,0.5912919763796957,0.5909188926732786,0.17627665419929858,0.5912919763796957,0.0,0.0,0.4087080236203044,4.073568069987757e-05,0.10412878422293874,0.07210713429565997,0.04218025814997555,0.0,-0.29708279581800917,-0.25490253766803367,0.04218025814997555,6586.0,6.0,0.520029354220968,0.520029354220968,1.0,6586.0,1.0
innovation_separate_mse,lambda3/case0,postcorrection,285000001;285000002;285000003,3,0.0,0.0,0.6651831102811495,0.6650474434788162,0.13760638245555043,0.6651831102811495,0.0,0.0,0.33481688971885054,3.0136685882776638e-06,0.0778440469082781,0.05975932187868405,0.06275720239866218,0.0,-0.23686751787793048,-0.17411031547926833,0.06275720239866218,1697.0,3.0,0.4552745856187123,0.4552745856187123,1.0,1697.0,1.0
innovation_separate_mse,lambda3/case1,postcorrection,285000001;285000002;285000003,3,0.0,0.0,0.6328856328856328,0.6328856328856328,0.07700449268670537,0.6328856328856328,0.0,0.0,0.3671143671143671,4.5023421236422386e-07,0.04478649042808405,0.03221755202440895,0.056122073356080875,0.0,-0.17601504074057087,-0.11989296738449001,0.056122073356080875,1640.0,3.0,0.3635385063881305,0.3635385063881305,1.0,1640.0,1.0
innovation_separate_mse,lambda3/case2,postcorrection,285000001;285000002;285000003,3,0.0,0.0,0.23253289919956588,0.23246506579839912,0.27288478358304985,0.23253289919956588,0.0,0.0,0.4341337674671007,1.510950075919733e-07,0.19210307707559704,0.08078155541244521,0.41395168438838853,0.0,-0.6798590124583345,-0.26590732806994594,0.41395168438838853,1641.0,2.0,0.876701663956683,0.584467775971122,0.6666666666666666,1641.0,0.6666666666666666
innovation_separate_mse,lambda3/case3,postcorrection,285000001;285000002;285000003,3,0.0,0.0,0.8273879142300196,0.8273879142300196,0.03746739550017639,0.8273879142300196,0.0,0.0,0.17261208576998052,0.0,0.018199710521648826,0.01926768497852756,0.022191407586011583,0.0,-0.06079288742308341,-0.03860147983707183,0.022191407586011583,80.0,3.0,0.35242879969799495,0.35242879969799495,1.0,80.0,1.0
innovation_separate_mse,lambda3/case4,postcorrection,285000001;285000002;285000003,3,0.0,0.0,0.6646231854565188,0.664080518247185,0.21359475101699213,0.6646231854565188,0.0,0.0,0.3353768145434812,1.483754297381607e-06,0.12614629555244117,0.08744697171025356,0.11031655782664135,0.0,-0.314329982847036,-0.20401342502039463,0.11031655782664135,1682.0,3.0,0.5509452192483514,0.5509452192483514,1.0,1682.0,1.0
innovation_separate_mse,lambda3/case5,postcorrection,285000001;285000002;285000003,3,0.0,0.0,0.2074074074074074,0.2074074074074074,0.04515625079152428,0.2074074074074074,0.0,0.0,0.1259259259259259,7.637260929413968e-05,0.02598104646170656,0.01909883172052357,0.042437661135638204,0.0,-0.09660132549427174,-0.05416366435863354,0.042437661135638204,15.0,1.0,0.3059002399444581,0.10196674664815268,0.3333333333333333,15.0,0.3333333333333333
innovation_separate_mse,lambda4,postcorrection,285000001;285000002;285000003,18,0.0,0.0,0.4376963211685434,0.4376058766336544,0.08346870013620063,0.4376963211685434,0.0,0.0,0.34008145660923433,1.2391662314348915e-05,0.04770328524457179,0.0357530232293145,0.12088604684531142,0.0,-0.22687349441141727,-0.10598744756610586,0.12088604684531142,3482.0,14.0,0.4159285880019896,0.3235000128904364,0.7777777777777778,3482.0,0.7777777777777778
innovation_separate_mse,lambda4/analytic,postcorrection,285000001;285000002;285000003,6,0.0,0.0,0.4405864197530865,0.4405864197530865,0.07461040960944886,0.4405864197530865,0.0,0.0,0.3927469135802469,0.0,0.04712992169502201,0.02748048791442684,0.15379991943453566,0.0,-0.24711503401214693,-0.09331511457761128,0.15379991943453566,99.0,5.0,0.3801871485180325,0.31682262376502707,0.8333333333333334,99.0,0.8333333333333334
innovation_separate_mse,lambda4/neural,postcorrection,285000001;285000002;285000003,6,0.0,0.0,0.4925595238095238,0.4925595238095238,0.11288408673755514,0.4925595238095238,0.0,0.0,0.34077380952380953,1.7590410467674562e-05,0.0631615628057905,0.04970493352129698,0.15071707033606432,0.0,-0.2799755238666736,-0.1292584535306093,0.15071707033606432,61.0,5.0,0.39443926499003457,0.32869938749169547,0.8333333333333334,61.0,0.8333333333333334
innovation_separate_mse,lambda4/period4_hold,postcorrection,285000001;285000002;285000003,6,0.0,0.0,0.37994301994302,0.3796716863383531,0.06291160406159793,0.37994301994302,0.0,0.0,0.2867236467236467,1.9584576475372183e-05,0.03281837123290286,0.030073648252219688,0.058141150765334264,0.0,-0.15352992535543125,-0.09538877459009698,0.058141150765334264,3322.0,4.0,0.48746704112188,0.32497802741458665,0.6666666666666666,3322.0,0.6666666666666666
innovation_separate_mse,lambda4/case0,postcorrection,285000001;285000002;285000003,3,0.0,0.0,0.6020723104056437,0.6020723104056437,0.08825282114059287,0.6020723104056437,0.0,0.0,0.3979276895943562,7.036164187069825e-05,0.05028611528949848,0.037896344209223685,0.13735717734752298,0.0,-0.267803828236918,-0.13044665088939497,0.13735717734752298,114.0,3.0,0.29143181679740787,0.29143181679740787,1.0,114.0,1.0
innovation_separate_mse,lambda4/case1,postcorrection,285000001;285000002;285000003,3,0.0,0.0,0.5649074074074074,0.5649074074074074,0.09067352614413789,0.5649074074074074,0.0,0.0,0.43509259259259264,0.0,0.044398054998835035,0.04627547114530286,0.14861728217866685,0.0,-0.27318122378102055,-0.12456394160235369,0.14861728217866685,53.0,3.0,0.32294171161121793,0.32294171161121793,1.0,53.0,1.0
innovation_separate_mse,lambda4/case2,postcorrection,285000001;285000002;285000003,3,0.0,0.0,0.27777777777777773,0.27777777777777773,0.03390621565339794,0.27777777777777773,0.0,0.0,0.05555555555555555,0.0,0.02882747469751874,0.005078740955879211,0.0741416613260905,0.0,-0.08214722739325629,-0.008005566067165798,0.0741416613260905,2.0,1.0,0.8100109100341797,0.2700036366780599,0.3333333333333333,2.0,0.3333333333333333
innovation_separate_mse,lambda4/case3,postcorrection,285000001;285000002;285000003,3,0.0,0.0,0.5452448785782119,0.5449057115723782,0.1080476530488113,0.5452448785782119,0.0,0.0,0.45475512142178803,2.514818140193176e-06,0.06450480062777147,0.043540337602899604,0.08456841761731759,0.0,-0.24858031617691068,-0.16401189855959308,0.08456841761731759,1661.0,3.0,0.5517800985481082,0.5517800985481082,1.0,1661.0,1.0
innovation_separate_mse,lambda4/case4,postcorrection,285000001;285000002;285000003,3,0.0,0.0,0.3134920634920635,0.3134920634920635,0.08963027938855861,0.3134920634920635,0.0,0.0,0.3531746031746032,0.0,0.04226198240500404,0.04736829698355457,0.15716597390553308,0.0,-0.2137304563370962,-0.05656448243156312,0.15716597390553308,11.0,2.0,0.2778713362557548,0.1852475575038365,0.6666666666666666,11.0,0.6666666666666666
innovation_separate_mse,lambda4/case5,postcorrection,285000001;285000002;285000003,3,0.0,0.0,0.322683489350156,0.3224799891466558,0.09030170544170524,0.322683489350156,0.0,0.0,0.3439831773165107,1.4735138752020718e-06,0.055941283448802975,0.03435894847902707,0.12346576869673749,0.0,-0.275797914543302,-0.15233214584656443,0.12346576869673749,1641.0,2.0,0.4793928843059819,0.31959525620398793,0.6666666666666666,1641.0,0.6666666666666666
innovation_separate_mse,overall,post_age1,285000001;285000002;285000003,36,0.0,0.0,0.5581397255008366,0.5581227671505449,0.07263399183882836,0.5581397255008366,0.0,0.0,0.2474158300547189,1.8197886742691386e-05,0.03520631289853649,0.037409481053549194,0.05260300503230259,0.0,-0.11923930388772332,-0.0666362988554207,0.05260300503230259,3421.0,29.0,0.4459472202897337,0.35923526078895224,0.8055555555555557,3421.0,0.8055555555555557
innovation_separate_mse,lambda3,post_age1,285000001;285000002;285000003,18,0.0,0.0,0.6184167684167684,0.6184167684167684,0.09556569363311514,0.6184167684167684,0.0,0.0,0.21491656491656488,4.4669950157012463e-07,0.04458644352355051,0.05097880341006306,0.04641265816929619,0.0,-0.10686660737118651,-0.060453949201890324,0.04641265816929619,2257.0,15.0,0.5097150998965578,0.42476258324713156,0.8333333333333334,2257.0,0.8333333333333334
innovation_separate_mse,lambda3/analytic,post_age1,285000001;285000002;285000003,6,0.0,0.0,0.48148148148148145,0.48148148148148145,0.047750125093300365,0.48148148148148145,0.0,0.0,0.18518518518518515,0.0,0.028181500887988088,0.019568624205312274,0.0541321215806184,0.0,-0.08575878319916902,-0.03162666161855062,0.0541321215806184,31.0,4.0,0.43187985817591346,0.28791990545060897,0.6666666666666666,31.0,0.6666666666666666
innovation_separate_mse,lambda3/neural,post_age1,285000001;285000002;285000003,6,0.0,0.0,0.6777777777777777,0.6777777777777777,0.08049817920562903,0.6777777777777777,0.0,0.0,0.15555555555555553,0.0,0.03342590225899588,0.04707227694663315,0.03967120853471167,0.0,-0.07140363587273492,-0.03173242733802325,0.03967120853471167,30.0,5.0,0.3637093083063761,0.30309109025531344,0.8333333333333334,30.0,0.8333333333333334
innovation_separate_mse,lambda3/period4_hold,post_age1,285000001;285000002;285000003,6,0.0,0.0,0.695991045991046,0.695991045991046,0.15844877660041606,0.695991045991046,0.0,0.0,0.304008954008954,1.3400985047103739e-06,0.07215192742366756,0.08629550907824379,0.04543464439255851,0.0,-0.16343740304165563,-0.11800275864909711,0.04543464439255851,2196.0,6.0,0.6832767540354724,0.6832767540354724,1.0,2196.0,1.0
innovation_separate_mse,lambda3/case0,post_age1,285000001;285000002;285000003,3,0.0,0.0,0.7769976936643603,0.7769976936643603,0.10567039989256076,0.7769976936643603,0.0,0.0,0.22300230633563967,1.1029277203348554e-06,0.04811634251456237,0.05755295445027805,0.06791262347829859,0.0,-0.11037615121518751,-0.04246352773688894,0.06791262347829859,567.0,3.0,0.5691081978559591,0.5691081978559591,1.0,567.0,1.0
innovation_separate_mse,lambda3/case1,post_age1,285000001;285000002;285000003,3,0.0,0.0,0.6870166870166869,0.6870166870166869,0.06970658095734857,0.6870166870166869,0.0,0.0,0.31298331298331294,0.0,0.03464270322148679,0.035063877735861775,0.05186131343057498,0.0,-0.1074735703000607,-0.05561225686948571,0.05186131343057498,548.0,3.0,0.4617037082475329,0.4617037082475329,1.0,548.0,1.0
innovation_separate_mse,lambda3/case2,post_age1,285000001;285000002;285000003,3,0.0,0.0,0.49613349613349617,0.49613349613349617,0.16072841803013982,0.49613349613349617,0.0,0.0,0.17053317053317052,0.0,0.06492123441300139,0.09580718361713843,0.024156551682274662,0.0,-0.11235419547698533,-0.08819764379471068,0.024156551682274662,547.0,2.0,0.6326320615661887,0.42175470771079243,0.6666666666666666,547.0,0.6666666666666666
innovation_separate_mse,lambda3/case3,post_age1,285000001;285000002;285000003,3,0.0,0.0,0.8064373897707231,0.8064373897707231,0.03793671964819358,0.8064373897707231,0.0,0.0,0.1935626102292769,0.0,0.01790840996965321,0.02002830967854038,0.030025287910743995,0.0,-0.05877820440490831,-0.02875291649416431,0.030025287910743995,28.0,3.0,0.3426652320478328,0.3426652320478328,1.0,28.0,1.0
innovation_separate_mse,lambda3/case4,post_age1,285000001;285000002;285000003,3,0.0,0.0,0.8105820105820106,0.8105820105820106,0.1485850715815428,0.8105820105820106,0.0,0.0,0.1894179894179894,1.577269289085892e-06,0.0659696575355824,0.08261383677667129,0.059436612629919554,0.0,-0.10172158569449276,-0.04228497306457321,0.059436612629919554,562.0,3.0,0.689074444712591,0.689074444712591,1.0,562.0,1.0
innovation_separate_mse,lambda3/case5,post_age1,285000001;285000002;285000003,3,0.0,0.0,0.13333333333333333,0.13333333333333333,0.05076697168890539,0.13333333333333333,0.0,0.0,0.19999999999999998,0.0,0.03596031348701693,0.014806658201888466,0.045083559883965375,0.0,-0.15049593713548448,-0.10541237725151908,0.045083559883965375,5.0,1.0,0.1928076267242432,0.06426920890808106,0.3333333333333333,5.0,0.3333333333333333
innovation_separate_mse,lambda4,post_age1,285000001;285000002;285000003,18,0.0,0.0,0.4978626825849048,0.49782876588432146,0.0497022900445416,0.4978626825849048,0.0,0.0,0.279915095192873,3.5949073983812645e-05,0.02582618227352247,0.02384015869703532,0.05879335189530901,0.0,-0.1316120004042601,-0.0728186485089511,0.05879335189530901,1164.0,14.0,0.3776244921395651,0.29370793833077286,0.7777777777777778,1164.0,0.7777777777777778
innovation_separate_mse,lambda4/analytic,post_age1,285000001;285000002;285000003,6,0.0,0.0,0.5439814814814815,0.5439814814814815,0.04019943978330464,0.5439814814814815,0.0,0.0,0.28935185185185186,0.0,0.02497586803018013,0.015223571753124512,0.07651995508759112,0.0,-0.13060091159961842,-0.054080956512027316,0.07651995508759112,34.0,5.0,0.4116061329841613,0.34300511082013446,0.8333333333333334,34.0,0.8333333333333334
innovation_separate_mse,lambda4/neural,post_age1,285000001;285000002;285000003,6,0.0,0.0,0.6055555555555555,0.6055555555555555,0.06451057827812295,0.6055555555555555,0.0,0.0,0.22777777777777777,5.277123140302368e-05,0.030386540529112566,0.034071266517607356,0.057187690684404324,0.0,-0.10874764603912516,-0.05155995535472083,0.057187690684404324,22.0,5.0,0.3642881111871628,0.30357342598930237,0.8333333333333334,22.0,0.8333333333333334
innovation_separate_mse,lambda4/period4_hold,post_age1,285000001;285000002;285000003,6,0.0,0.0,0.34405101071767735,0.3439492606159273,0.044396852072197214,0.34405101071767735,0.0,0.0,0.3226156559489893,5.5075990548414265e-05,0.02211613826127472,0.022225637820374084,0.04267240991393159,0.0,-0.15548744357403674,-0.11281503366010513,0.04267240991393159,1108.0,4.0,0.3518179172743226,0.2345452781828817,0.6666666666666666,1108.0,0.6666666666666666
innovation_separate_mse,lambda4/case0,post_age1,285000001;285000002;285000003,3,0.0,0.0,0.6078042328042327,0.6078042328042327,0.0611862765852409,0.6078042328042327,0.0,0.0,0.39219576719576715,0.00021108492561209473,0.03343839895145787,0.02753679270817094,0.1179636628539474,0.0,-0.23595742069224201,-0.11799375783829463,0.1179636628539474,38.0,3.0,0.28591740415209815,0.28591740415209815,1.0,38.0,1.0
innovation_separate_mse,lambda4/case1,post_age1,285000001;285000002;285000003,3,0.0,0.0,0.5339506172839507,0.5339506172839507,0.05078074567414664,0.5339506172839507,0.0,0.0,0.4660493827160494,0.0,0.02894667459032298,0.021834071083823667,0.09369680027902862,0.0,-0.22398056807341396,-0.13028376779438536,0.09369680027902862,19.0,3.0,0.34061234085648145,0.34061234085648145,1.0,19.0,1.0
innovation_separate_mse,lambda4/case2,post_age1,285000001;285000002;285000003,3,0.0,0.0,0.3333333333333333,0.3333333333333333,0.009274325862984748,0.3333333333333333,0.0,0.0,0.0,0.0,0.0038629024872831354,0.005411423375701613,0.0,0.0,0.0,0.0,0.0,1.0,1.0,0.7158637046813965,0.23862123489379883,0.3333333333333333,1.0,0.3333333333333333
innovation_separate_mse,lambda4/case3,post_age1,285000001;285000002;285000003,3,0.0,0.0,0.6781440781440781,0.6779405779405779,0.059936424920119115,0.6781440781440781,0.0,0.0,0.3218559218559219,2.9748929362508533e-06,0.030135002591713714,0.02979844743546915,0.017965169160599915,0.0,-0.1251869412520381,-0.1072217720914382,0.017965169160599915,554.0,3.0,0.4269374605500218,0.4269374605500218,1.0,554.0,1.0
innovation_separate_mse,lambda4/case4,post_age1,285000001;285000002;285000003,3,0.0,0.0,0.2962962962962963,0.2962962962962963,0.06626661758618697,0.2962962962962963,0.0,0.0,0.3703703703703704,0.0,0.036731172065953145,0.029535445520233832,0.11442947387695312,0.0,-0.17851935492621526,-0.06408988104926215,0.11442947387695312,5.0,2.0,0.2720497449239096,0.1813664966159397,0.6666666666666666,5.0,0.6666666666666666
innovation_separate_mse,lambda4/case5,post_age1,285000001;285000002;285000003,3,0.0,0.0,0.5376475376475377,0.5376475376475377,0.050769349638571236,0.5376475376475377,0.0,0.0,0.12901912901912904,1.6346253545303198e-06,0.021842942954404,0.028924772058812706,0.008705005201324972,0.0,-0.026027717481651197,-0.017322712280326225,0.008705005201324972,547.0,2.0,0.43318903937444586,0.2887926929162972,0.6666666666666666,547.0,0.6666666666666666
innovation_separate_mse,overall,post_age2,285000001;285000002;285000003,36,0.0,0.0,0.37465086353975247,0.3744473633362522,0.11912359059107251,0.37465086353975247,0.0,0.0,0.37534913646024753,7.964231558870611e-06,0.0819449189104869,0.03717070744902675,0.148764356379465,0.0,-0.32815120992348273,-0.1793868535440177,0.148764356379465,3409.0,27.0,0.4400901283183289,0.33006759623874665,0.75,3409.0,0.75
innovation_separate_mse,lambda3,post_age2,285000001;285000002;285000003,18,0.0,0.0,0.3296266490710935,0.3293553154664266,0.15008515365426023,0.3296266490710935,0.0,0.0,0.39259557315112875,1.5278888877350348e-05,0.1136519701967411,0.036417904568641773,0.14394542425242976,0.0,-0.39872170655986244,-0.2547762823074326,0.14394542425242976,2249.0,13.0,0.3890097936369041,0.28095151762665294,0.7222222222222222,2249.0,0.7222222222222222
innovation_separate_mse,lambda3/analytic,post_age2,285000001;285000002;285000003,6,0.0,0.0,0.3924242424242424,0.3924242424242424,0.036356124111426726,0.3924242424242424,0.0,0.0,0.10757575757575756,0.0,0.019474722798736036,0.016881401312690694,0.023906253724788575,0.0,-0.06003080995797307,-0.03612455623318451,0.023906253724788575,28.0,3.0,0.44141305191348296,0.22070652595674148,0.5,28.0,0.5
innovation_separate_mse,lambda3/neural,post_age2,285000001;285000002;285000003,6,0.0,0.0,0.316358024691358,0.316358024691358,0.18072892481651723,0.316358024691358,0.0,0.0,0.3503086419753086,0.0,0.1400769803290588,0.040651944487458444,0.35108387838175265,0.0,-0.5180186894204882,-0.16693481103873545,0.35108387838175265,26.0,4.0,0.7182243102126651,0.4788162068084434,0.6666666666666666,26.0,0.6666666666666666
innovation_separate_mse,lambda3/period4_hold,post_age2,285000001;285000002;285000003,6,0.0,0.0,0.2800976800976801,0.2792836792836793,0.2331704120348367,0.2800976800976801,0.0,0.0,0.7199023199023199,4.583666663205105e-05,0.18140420746242847,0.051720367905776166,0.056846140650748035,0.0,-0.618115620301126,-0.5612694796503779,0.056846140650748035,2195.0,6.0,0.14333182011477386,0.14333182011477386,1.0,2195.0,1.0
innovation_separate_mse,lambda3/case0,post_age2,285000001;285000002;285000003,3,0.0,0.0,0.4719262219262219,0.4715192215192215,0.18300130455982686,0.4719262219262219,0.0,0.0,0.5280737780737781,2.06646677845668e-06,0.1289358145336261,0.054063423559422306,0.05678189403319961,0.0,-0.4281385682436965,-0.37135667421049695,0.05678189403319961,565.0,3.0,0.270785442446879,0.270785442446879,1.0,565.0,1.0
innovation_separate_mse,lambda3/case1,post_age2,285000001;285000002;285000003,3,0.0,0.0,0.014652014652014654,0.014652014652014654,0.048038637351079556,0.014652014652014654,0.0,0.0,0.3186813186813187,1.3507026370926713e-06,0.0401215374536203,0.007915749194822169,0.01671106290370893,0.0,-0.24483805999165878,-0.22812699708794984,0.01671106290370893,546.0,1.0,0.05867935012985062,0.019559783376616874,0.3333333333333333,546.0,0.3333333333333333
innovation_separate_mse,lambda3/case2,post_age2,285000001;285000002;285000003,3,0.0,0.0,0.0293040293040293,0.0291005291005291,0.348628576539157,0.0293040293040293,0.0,0.0,0.6373626373626373,4.532850227759199e-07,0.2913442614227655,0.057283861831368764,0.6107736629929347,0.0,-1.0200693374685412,-0.4092956744756066,0.6107736629929347,547.0,2.0,0.9194785535553873,0.6129857023702582,0.6666666666666666,547.0,0.6666666666666666
innovation_separate_mse,lambda3/case3,post_age2,285000001;285000002;285000003,3,0.0,0.0,0.8333333333333334,0.8333333333333334,0.03514285896947121,0.8333333333333334,0.0,0.0,0.16666666666666666,0.0,0.015237957636317023,0.01990490133315419,0.012527589444760921,0.0,-0.05113208735430682,-0.0386044979095459,0.012527589444760921,26.0,3.0,0.33710331386990017,0.33710331386990017,1.0,26.0,1.0
innovation_separate_mse,lambda3/case4,post_age2,285000001;285000002;285000003,3,0.0,0.0,0.42854429521096193,0.4275267941934609,0.241433181424773,0.42854429521096193,0.0,0.0,0.5714557047890382,2.4054446059420245e-06,0.1813113274682915,0.060119448511875506,0.10741695443967064,0.0,-0.5474571696519367,-0.440040215212266,0.10741695443967064,560.0,3.0,0.347599317685928,0.347599317685928,1.0,560.0,1.0
innovation_separate_mse,lambda3/case5,post_age2,285000001;285000002;285000003,3,0.0,0.0,0.19999999999999998,0.19999999999999998,0.04426636308125372,0.19999999999999998,0.0,0.0,0.13333333333333333,8.539743421983481e-05,0.024960922665826186,0.019220042981207698,0.05946138170030382,0.0,-0.1006950166490343,-0.04123363494873047,0.05946138170030382,5.0,1.0,0.29302663803100587,0.09767554601033529,0.3333333333333333,5.0,0.3333333333333333
innovation_separate_mse,lambda4,post_age2,285000001;285000002;285000003,18,0.0,0.0,0.41967507800841136,0.4195394112060779,0.08816202752788482,0.41967507800841136,0.0,0.0,0.35810269976936643,6.495742403908747e-07,0.05023786762423271,0.03792351032941172,0.15358328850650024,0.0,-0.257580713287103,-0.1039974247806028,0.15358328850650024,1160.0,14.0,0.4875218676653662,0.37918367485084037,0.7777777777777778,1160.0,0.7777777777777778
innovation_separate_mse,lambda4/analytic,post_age2,285000001;285000002;285000003,6,0.0,0.0,0.4375,0.4375,0.09087814237898177,0.4375,0.0,0.0,0.3958333333333333,0.0,0.05954065940808404,0.03133748297089773,0.1912010113398234,0.0,-0.2892220042369984,-0.09802099289717497,0.1912010113398234,33.0,5.0,0.37319866816202796,0.3109988901350233,0.8333333333333334,33.0,0.8333333333333334
innovation_separate_mse,lambda4/neural,post_age2,285000001;285000002;285000003,6,0.0,0.0,0.41984126984126985,0.41984126984126985,0.09688929565585834,0.41984126984126985,0.0,0.0,0.4134920634920635,0.0,0.049173631547995755,0.04771566410786259,0.18979983405461387,0.0,-0.29893914025927343,-0.1091393062046596,0.18979983405461387,20.0,5.0,0.4105303519112723,0.34210862659272695,0.8333333333333334,20.0,0.8333333333333334
innovation_separate_mse,lambda4/period4_hold,post_age2,285000001;285000002;285000003,6,0.0,0.0,0.4016839641839642,0.40127696377696376,0.07671864454881434,0.4016839641839642,0.0,0.0,0.26498270248270245,1.9487227211726243e-06,0.04199931191661834,0.03471738390947484,0.07974902012506345,0.0,-0.18458099536503725,-0.1048319752399738,0.07974902012506345,1107.0,4.0,0.7266652617371563,0.48444350782477086,0.6666666666666666,1107.0,0.6666666666666666
innovation_separate_mse,lambda4/case0,post_age2,285000001;285000002;285000003,3,0.0,0.0,0.5892857142857143,0.5892857142857143,0.07936438446641736,0.5892857142857143,0.0,0.0,0.41071428571428575,0.0,0.04270444557406528,0.03665993889235208,0.12075623633369569,0.0,-0.24406022054177745,-0.12330398420808175,0.12075623633369569,38.0,3.0,0.28285988171895343,0.28285988171895343,1.0,38.0,1.0
innovation_separate_mse,lambda4/case1,post_age2,285000001;285000002;285000003,3,0.0,0.0,0.5527777777777778,0.5527777777777778,0.1000577559084541,0.5527777777777778,0.0,0.0,0.44722222222222224,0.0,0.049261252390216566,0.050796503518237536,0.23337474399142796,0.0,-0.35157070954640707,-0.11819596555497912,0.23337474399142796,17.0,3.0,0.3698314984639486,0.3698314984639486,1.0,17.0,1.0
innovation_separate_mse,lambda4/case2,post_age2,285000001;285000002;285000003,3,0.0,0.0,0.2222222222222222,0.2222222222222222,0.05853810544381114,0.2222222222222222,0.0,0.0,0.1111111111111111,0.0,0.05379204690775433,0.0047460585360568075,0.148283322652181,0.0,-0.16429445478651258,-0.016011132134331595,0.148283322652181,1.0,1.0,0.904158115386963,0.301386038462321,0.3333333333333333,1.0,0.3333333333333333
innovation_separate_mse,lambda4/case3,post_age2,285000001;285000002;285000003,3,0.0,0.0,0.7294668294668294,0.7292633292633292,0.11224585402303024,0.7294668294668294,0.0,0.0,0.27053317053317055,3.006025716729463e-06,0.06286493665020165,0.04937791134711186,0.08353235681803188,0.0,-0.22340325928821184,-0.13987090247018,0.08353235681803188,554.0,3.0,0.9806970888441735,0.9806970888441735,1.0,554.0,1.0
innovation_separate_mse,lambda4/case4,post_age2,285000001;285000002;285000003,3,0.0,0.0,0.27777777777777773,0.27777777777777773,0.09136609522084882,0.27777777777777773,0.0,0.0,0.38888888888888884,0.0,0.03860212252571829,0.052763972695130536,0.18524286482069227,0.0,-0.24317667219373915,-0.057933807373046875,0.18524286482069227,3.0,2.0,0.22655296325683594,0.15103530883789062,0.6666666666666666,3.0,0.6666666666666666
innovation_separate_mse,lambda4/case5,post_age2,285000001;285000002;285000003,3,0.0,0.0,0.14652014652014653,0.14590964590964592,0.08739997010474726,0.14652014652014653,0.0,0.0,0.5201465201465202,8.914197256157851e-07,0.054202401697440124,0.03319667698758151,0.1503102064229727,0.0,-0.31897896336597015,-0.16866875694299743,0.1503102064229727,547.0,2.0,0.28393834916663263,0.18929223277775506,0.6666666666666666,547.0,0.6666666666666666
innovation_separate_mse,overall,post_age3,285000001;285000002;285000003,36,0.0,0.0,0.4341831265442377,0.43408137644248757,0.1217590262212852,0.4341831265442377,0.0,0.0,0.2880390956779846,1.2793215519900162e-05,0.07038243292887734,0.051363800076887955,0.14742060952952624,0.0,-0.2693995251083083,-0.12197891557878209,0.14742060952952624,3407.0,26.0,0.4827778749410998,0.3486729096796832,0.7222222222222222,3407.0,0.7222222222222222
innovation_separate_mse,lambda3,post_age3,285000001;285000002;285000003,18,0.0,0.0,0.517687919076808,0.5175861689750579,0.13132284222807267,0.517687919076808,0.0,0.0,0.20453430314541424,2.501009232095711e-05,0.07608648700857386,0.055211345127177854,0.1474822506542999,0.0,-0.2505915412564214,-0.10310929060212148,0.1474822506542999,2249.0,13.0,0.6197105671488439,0.4475687429408317,0.7222222222222222,2249.0,0.7222222222222222
innovation_separate_mse,lambda3/analytic,post_age3,285000001;285000002;285000003,6,0.0,0.0,0.4028619528619528,0.4028619528619528,0.048703216497023555,0.4028619528619528,0.0,0.0,0.09713804713804715,0.0,0.027443972862465946,0.02125924363455761,0.042992513187806614,0.0,-0.0807831391742334,-0.03779062598642677,0.042992513187806614,28.0,3.0,0.42764171060889655,0.21382085530444828,0.5,28.0,0.5
innovation_separate_mse,lambda3/neural,post_age3,285000001;285000002;285000003,6,0.0,0.0,0.35262345679012347,0.35262345679012347,0.2081331053269433,0.35262345679012347,0.0,0.0,0.31404320987654316,0.0,0.14196003338530516,0.06617307194163814,0.3752217609205364,0.0,-0.5605807473630081,-0.18535898644247173,0.3752217609205364,26.0,4.0,0.5912962224748399,0.39419748164989327,0.6666666666666666,26.0,0.6666666666666666
innovation_separate_mse,lambda3/period4_hold,post_age3,285000001;285000002;285000003,6,0.0,0.0,0.7975783475783476,0.7972730972730973,0.13713220486025116,0.7975783475783476,0.0,0.0,0.20242165242165241,7.503027696287133e-05,0.05885545477795048,0.07820171980533779,0.02423247785455675,0.0,-0.11041073723202273,-0.08617825937746597,0.02423247785455675,2195.0,6.0,0.7346878918681535,0.7346878918681535,1.0,2195.0,1.0
innovation_separate_mse,lambda3/case0,post_age3,285000001;285000002;285000003,3,0.0,0.0,0.7432798682798682,0.7432798682798682,0.12586705708975768,0.7432798682798682,0.0,0.0,0.2567201317201317,5.871611266041457e-06,0.057157821094832965,0.06870336438365868,0.06280706489143932,0.0,-0.17669478888145917,-0.11388772399001985,0.06280706489143932,565.0,3.0,0.5236209009183024,0.5236209009183024,1.0,565.0,1.0
innovation_separate_mse,lambda3/case1,post_age3,285000001;285000002;285000003,3,0.0,0.0,0.30809930809930813,0.30809930809930813,0.017613573035945632,0.30809930809930813,0.0,0.0,0.025234025234025237,0.0,0.006885006527243619,0.010728566508702015,0.0007111088842408269,0.0,-0.005136627441603428,-0.004425518557362601,0.0007111088842408269,546.0,1.0,0.9363114689732646,0.3121038229910882,0.3333333333333333,546.0,0.3333333333333333
innovation_separate_mse,lambda3/case2,post_age3,285000001;285000002;285000003,3,0.0,0.0,0.17216117216117213,0.17216117216117213,0.3092973561798527,0.17216117216117213,0.0,0.0,0.4945054945054945,0.0,0.2200437353910243,0.08925362078882841,0.6069248384899564,0.0,-0.9071535044294768,-0.30022866593952047,0.6069248384899564,547.0,2.0,1.0779943767484728,0.7186629178323152,0.6666666666666666,547.0,0.6666666666666666
innovation_separate_mse,lambda3/case3,post_age3,285000001;285000002;285000003,3,0.0,0.0,0.8425925925925926,0.8425925925925926,0.03934552295703497,0.8425925925925926,0.0,0.0,0.1574074074074074,0.0,0.021582628187475084,0.017762894769559893,0.023530041729962384,0.0,-0.07343981001112196,-0.04990976828115958,0.023530041729962384,26.0,3.0,0.3792116377088759,0.3792116377088759,1.0,26.0,1.0
innovation_separate_mse,lambda3/case4,post_age3,285000001;285000002;285000003,3,0.0,0.0,0.7511056844390177,0.7504951838285171,0.25537812650143127,0.7511056844390177,0.0,0.0,0.2488943155609822,4.6854899711690496e-07,0.1338278276185906,0.12154983033384355,0.16815240810755525,0.0,-0.3025114940765706,-0.13435908596901538,0.16815240810755525,560.0,3.0,0.6078576931683669,0.6078576931683669,1.0,560.0,1.0
innovation_separate_mse,lambda3/case5,post_age3,285000001;285000002;285000003,3,0.0,0.0,0.2888888888888889,0.2888888888888889,0.040435417604413715,0.2888888888888889,0.0,0.0,0.044444444444444446,0.0001437203936625843,0.017021903232276574,0.023269793978474552,0.0227680418226454,0.0,-0.038613022698296445,-0.015844980875651043,0.0227680418226454,5.0,1.0,0.431866455078125,0.14395548502604166,0.3333333333333333,5.0,0.3333333333333333
innovation_separate_mse,lambda4,post_age3,285000001;285000002;285000003,18,0.0,0.0,0.3506783340116673,0.35057658390991725,0.11219521021449776,0.3506783340116673,0.0,0.0,0.3715438882105549,5.763387188432204e-07,0.06467837884918083,0.04751625502659807,0.14735896840475257,0.0,-0.28820750896019526,-0.14084854055544266,0.14735896840475257,1158.0,13.0,0.3458451827333557,0.24977707641853467,0.7222222222222222,1158.0,0.7222222222222222
innovation_separate_mse,lambda4/analytic,post_age3,285000001;285000002;285000003,6,0.0,0.0,0.2152777777777778,0.2152777777777778,0.08051023430106488,0.2152777777777778,0.0,0.0,0.4513888888888889,0.0,0.04393186677985519,0.036578367521209694,0.17432852806868374,0.0,-0.29545821415053475,-0.12112968608185097,0.17432852806868374,32.0,4.0,0.2395122994979223,0.1596748663319482,0.6666666666666666,32.0,0.6666666666666666
innovation_separate_mse,lambda4/neural,post_age3,285000001;285000002;285000003,6,0.0,0.0,0.44087301587301586,0.44087301587301586,0.1873177265497563,0.44087301587301586,0.0,0.0,0.39246031746031745,0.0,0.1152135872406202,0.07210413930913612,0.21427132477836006,0.0,-0.4483966619249374,-0.23412533714657738,0.21427132477836006,19.0,5.0,0.398542971611023,0.3321191430091858,0.8333333333333334,19.0,0.8333333333333334
innovation_separate_mse,lambda4/period4_hold,post_age3,285000001;285000002;285000003,6,0.0,0.0,0.3958842083842084,0.3955789580789581,0.06875766979267209,0.3958842083842084,0.0,0.0,0.2707824582824583,1.7290161565296614e-06,0.034889682527067145,0.03386625824944841,0.053477052367213875,0.0,-0.12076765080511352,-0.06729059843789963,0.053477052367213875,1107.0,4.0,0.38630582987170525,0.25753721991447015,0.6666666666666666,1107.0,0.6666666666666666
innovation_separate_mse,lambda4/case0,post_age3,285000001;285000002;285000003,3,0.0,0.0,0.6091269841269841,0.6091269841269841,0.12420780237012036,0.6091269841269841,0.0,0.0,0.39087301587301587,0.0,0.0747155013429723,0.04949230102714806,0.1733516328549259,0.0,-0.32339384347673444,-0.15004221062180859,0.1733516328549259,38.0,3.0,0.3055181645211719,0.3055181645211719,1.0,38.0,1.0
innovation_separate_mse,lambda4/case1,post_age3,285000001;285000002;285000003,3,0.0,0.0,0.6138888888888889,0.6138888888888889,0.1250273556590781,0.6138888888888889,0.0,0.0,0.38611111111111107,0.0,0.05668659482286514,0.06834076083621296,0.12313840654161241,0.0,-0.24647654427422416,-0.12333813773261176,0.12313840654161241,17.0,3.0,0.25468833446502687,0.25468833446502687,1.0,17.0,1.0
innovation_separate_mse,lambda4/case2,post_age3,285000001;285000002;285000003,3,0.0,0.0,0.0,0.0,0.0,0.0,0.0,0.0,0.0,0.0,0.0,0.0,0.0,0.0,0.0,0.0,0.0,0.0,0.0,,0.0,0.0,0.0,0.0
innovation_separate_mse,lambda4/case3,post_age3,285000001;285000002;285000003,3,0.0,0.0,0.20828245828245828,0.20767195767195767,0.16355065495446128,0.20828245828245828,0.0,0.0,0.7917175417175417,1.5635357675992118e-06,0.10919924696000399,0.05434984445868968,0.16536727667728185,0.0,-0.42487706898381467,-0.25950979230653287,0.16536727667728185,553.0,3.0,0.2342609047744155,0.2342609047744155,1.0,553.0,1.0
innovation_separate_mse,lambda4/case4,post_age3,285000001;285000002;285000003,3,0.0,0.0,0.38888888888888884,0.38888888888888884,0.12764965172152956,0.38888888888888884,0.0,0.0,0.27777777777777773,0.0,0.05569042427467883,0.07195922744685075,0.21091439988878036,0.0,-0.2521105342441135,-0.04119613435533312,0.21091439988878036,3.0,2.0,0.33524131774902344,0.22349421183268228,0.6666666666666666,3.0,0.6666666666666666
innovation_separate_mse,lambda4/case5,post_age3,285000001;285000002;285000003,3,0.0,0.0,0.28388278388278393,0.28388278388278393,0.13273579658179727,0.28388278388278393,0.0,0.0,0.3827838827838828,1.894496545460111e-06,0.09177850569456479,0.040955396390686995,0.2113820944659148,0.0,-0.48238706278228455,-0.27100496831636967,0.2113820944659148,547.0,2.0,0.7210512643768674,0.4807008429179116,0.6666666666666666,547.0,0.6666666666666666
innovation_separate_aux,overall,full,285000001;285000002;285000003,36,0.0,0.0,0.6456877337858559,0.5773657409720045,0.10171474563655526,0.6456877337858559,0.0,0.0,0.2987567106585886,7.296031673943213e-05,0.05905125005292902,0.04259053526688681,0.09681912590477175,0.0,-0.22252404287342067,-0.1257049169686489,0.09681912590477175,10333.0,34.0,0.39890673816116723,0.376745252707769,0.9444444444444443,10333.0,0.9444444444444443
innovation_separate_aux,lambda3,full,285000001;285000002;285000003,18,0.0,0.0,0.6886324023614786,0.623504629549374,0.12419300057275079,0.6886324023614786,0.0,0.0,0.31136759763852134,6.834494190949984e-05,0.0729791676361371,0.05114548799470418,0.10469424134469225,0.0,-0.25061177542015745,-0.14591753407546518,0.10469424134469225,6807.0,18.0,0.4365920590870503,0.4365920590870503,1.0,6807.0,1.0
innovation_separate_aux,lambda3/analytic,full,285000001;285000002;285000003,6,0.0,0.0,0.7274410037567932,0.6480002269475954,0.06553600135856823,0.7274410037567932,0.0,0.0,0.2725589962432068,7.669271475682254e-05,0.03581731186572266,0.029641996778088747,0.0819349759315001,0.0,-0.14446903099781472,-0.06253405506631461,0.0819349759315001,103.0,6.0,0.3479698356320475,0.3479698356320475,1.0,103.0,1.0
innovation_separate_aux,lambda3/neural,full,285000001;285000002;285000003,6,0.0,0.0,0.7350870455709165,0.6547832394606589,0.11531297451210824,0.7350870455709165,0.0,0.0,0.2649129544290834,7.740491737005429e-05,0.07261846968421846,0.04261709991051973,0.16412972989882355,0.0,-0.26876369486450846,-0.10463396496568489,0.16412972989882355,100.0,6.0,0.44697717257908415,0.44697717257908415,1.0,100.0,1.0
innovation_separate_aux,lambda3/period4_hold,full,285000001;285000002;285000003,6,0.0,0.0,0.6033691577567263,0.5677304222398677,0.19173002584757584,0.6033691577567263,0.0,0.0,0.39663084224327366,5.093719360162267e-05,0.11050172135847018,0.08117736729550407,0.06801801820375313,0.0,-0.33860260039814927,-0.27058458219439613,0.06801801820375313,6604.0,6.0,0.5148291690500194,0.5148291690500194,1.0,6604.0,1.0
innovation_separate_aux,lambda3/case0,full,285000001;285000002;285000003,3,0.0,0.0,0.7111719319214749,0.6893779389209005,0.12273668800778763,0.7111719319214749,0.0,0.0,0.2888280680785251,3.0165339771755256e-05,0.06926028945558223,0.053446233212433636,0.059157820490605674,0.0,-0.21937173303422822,-0.16021391254362252,0.059157820490605674,1706.0,3.0,0.443419692641434,0.443419692641434,1.0,1706.0,1.0
innovation_separate_aux,lambda3/case1,full,285000001;285000002;285000003,3,0.0,0.0,0.744193919696662,0.6328796804116731,0.07067655427804063,0.744193919696662,0.0,0.0,0.2558060803033381,0.00014889284778237994,0.03643268058715291,0.03409498084310534,0.02308275891880715,0.0,-0.12380746775179068,-0.10072470883298351,0.02308275891880715,1649.0,3.0,0.34080968761792785,0.34080968761792785,1.0,1649.0,1.0
innovation_separate_aux,lambda3/case2,full,285000001;285000002;285000003,3,0.0,0.0,0.36962556706615207,0.3695578576748595,0.19923871750469888,0.36962556706615207,0.0,0.0,0.630374432933848,1.1843051869354401e-06,0.13112043014251165,0.06811710305700024,0.2506370117285134,0.0,-0.5171479928855914,-0.266510981157078,0.2506370117285134,1648.0,3.0,0.47164792535558303,0.47164792535558303,1.0,1648.0,1.0
innovation_separate_aux,lambda3/case3,full,285000001;285000002;285000003,3,0.0,0.0,0.8566063566063565,0.8159525659525659,0.03784500489007004,0.8566063566063565,0.0,0.0,0.1433936433936434,5.045995303540267e-05,0.018261772324022412,0.019532772613012228,0.014550451363090598,0.0,-0.057097514743884685,-0.04254706338079408,0.014550451363090598,89.0,3.0,0.32168532174731057,0.32168532174731057,1.0,89.0,1.0
innovation_separate_aux,lambda3/case4,full,285000001;285000002;285000003,3,0.0,0.0,0.6353818240634119,0.6159757837189607,0.2450645208368082,0.6353818240634119,0.0,0.0,0.36461817593658813,3.0804927742224195e-05,0.1382814601191372,0.10675225578992877,0.1735399633946507,0.0,-0.40506012314916084,-0.23152015975451015,0.1735399633946507,1691.0,3.0,0.5331403580050105,0.5331403580050105,1.0,1691.0,1.0
innovation_separate_aux,lambda3/case5,full,285000001;285000002;285000003,3,0.0,0.0,0.8148148148148149,0.6172839506172839,0.06959651791909933,0.8148148148148149,0.0,0.0,0.1851851851851852,0.00014856227793830156,0.04451837318841617,0.024929582452744865,0.10719744217248611,0.0,-0.18118582095628902,-0.07398837878380292,0.10719744217248611,24.0,3.0,0.5088493691550361,0.5088493691550361,1.0,24.0,1.0
innovation_separate_aux,lambda4,full,285000001;285000002;285000003,18,0.0,0.0,0.602743065210233,0.5312268523946351,0.07923649070035976,0.602743065210233,0.0,0.0,0.2861458236786559,7.757569156936443e-05,0.045123332469720945,0.03403558253906946,0.08894401046485124,0.0,-0.19443631032668388,-0.10549229986183263,0.08894401046485124,3526.0,16.0,0.3565107521195486,0.3168984463284876,0.8888888888888888,3526.0,0.8888888888888888
innovation_separate_aux,lambda4/analytic,full,285000001;285000002;285000003,6,0.0,0.0,0.6888095238095238,0.609973544973545,0.06071856595228229,0.6888095238095238,0.0,0.0,0.3111904761904762,0.00014770404757862265,0.039642020373196564,0.020928841531507116,0.11771942115965343,0.0,-0.20346795488286903,-0.08574853372321557,0.11771942115965343,115.0,6.0,0.3493362753353422,0.3493362753353422,1.0,115.0,1.0
innovation_separate_aux,lambda4/neural,full,285000001;285000002;285000003,6,0.0,0.0,0.5475461529641096,0.5273191147804152,0.09980228692096298,0.5475461529641096,0.0,0.0,0.28578718036922374,1.758916894558273e-05,0.05642804812443025,0.04335664962758714,0.09756259464121318,0.0,-0.21398773507341418,-0.11642514043220098,0.09756259464121318,76.0,5.0,0.333039703745591,0.2775330864546592,0.8333333333333334,76.0,0.8333333333333334
innovation_separate_aux,lambda4/period4_hold,full,285000001;285000002;285000003,6,0.0,0.0,0.5718735188570655,0.4563878974299449,0.07718861922783404,0.5718735188570655,0.0,0.0,0.26145981447626787,6.74338581838879e-05,0.03929992891153603,0.03782125645811412,0.051550015593687104,0.0,-0.16585324102376844,-0.11430322543008135,0.051550015593687104,3335.0,5.0,0.3885911726345538,0.3238259771954615,0.8333333333333334,3335.0,0.8333333333333334
innovation_separate_aux,lambda4/case0,full,285000001;285000002;285000003,3,0.0,0.0,0.617037037037037,0.617037037037037,0.09785899836178646,0.617037037037037,0.0,0.0,0.38296296296296295,2.3141593769819504e-05,0.05536853887536092,0.04246731789265573,0.12457776758405897,0.0,-0.2707903816081859,-0.14621261402412697,0.12457776758405897,123.0,3.0,0.2706093676884969,0.2706093676884969,1.0,123.0,1.0
innovation_separate_aux,lambda4/case1,full,285000001;285000002;285000003,3,0.0,0.0,0.5861598440545809,0.5517126148705095,0.0840722970570174,0.5861598440545809,0.0,0.0,0.41384015594541906,2.5924388081027605e-05,0.04518745453118329,0.03885891813775307,0.12717236387002637,0.0,-0.2579706732392211,-0.13079830936919476,0.12717236387002637,62.0,3.0,0.2951180216463387,0.2951180216463387,1.0,62.0,1.0
innovation_separate_aux,lambda4/case2,full,285000001;285000002;285000003,3,0.0,0.0,0.26666666666666666,0.26666666666666666,0.02469204257796807,0.26666666666666666,0.0,0.0,0.06666666666666667,0.0,0.021435132132518218,0.0032569104454498506,0.060277207692464196,0.0,-0.07633323669433593,-0.016056029001871745,0.060277207692464196,5.0,1.0,0.6316324234008789,0.2105441411336263,0.3333333333333333,5.0,0.3333333333333333
innovation_separate_aux,lambda4/case3,full,285000001;285000002;285000003,3,0.0,0.0,0.5774983769660617,0.5704884635145954,0.09739206238492475,0.5774983769660617,0.0,0.0,0.4225016230339384,1.5748785601276478e-05,0.056265969008324694,0.04111034459099877,0.056806648527218014,0.0,-0.19544678890739245,-0.13864014038017444,0.056806648527218014,1670.0,3.0,0.5002598519880259,0.5002598519880259,1.0,1670.0,1.0
innovation_separate_aux,lambda4/case4,full,285000001;285000002;285000003,3,0.0,0.0,0.792063492063492,0.5158730158730159,0.06044315350083684,0.792063492063492,0.0,0.0,0.20793650793650795,0.0003561918215649394,0.029704206089747498,0.0303827555895244,0.08911291606842525,0.0,-0.13979762395222983,-0.05068470788380456,0.08911291606842525,18.0,3.0,0.18480855850946334,0.18480855850946334,1.0,18.0,1.0
innovation_separate_aux,lambda4/case5,full,285000001;285000002;285000003,3,0.0,0.0,0.7770329744735595,0.6655833164059856,0.11096039031962508,0.7770329744735595,0.0,0.0,0.22296702552644054,4.444756039912354e-05,0.06277869418119107,0.0481372485780349,0.07571715904691464,0.0,-0.22627915755873793,-0.15056199851182328,0.07571715904691464,1648.0,3.0,0.4400507370049746,0.4400507370049746,1.0,1648.0,1.0
innovation_separate_aux,overall,initial,285000001;285000002;285000003,36,0.0,0.0,0.75,0.5555555555555555,0.019933286701511146,0.75,0.0,0.0,0.19444444444444442,0.0003372393139549343,0.011909034011126913,0.0076870133764293,0.029858637739110874,0.0,-0.07768478658464219,-0.047826148845531324,0.029858637739110874,96.0,34.0,0.20370913486854705,0.1923919607091833,0.9444444444444443,96.0,0.9444444444444443
innovation_separate_aux,lambda3,initial,285000001;285000002;285000003,18,0.0,0.0,0.8333333333333334,0.5925925925925926,0.027229438773748043,0.8333333333333334,0.0,0.0,0.16666666666666666,0.0004083361680809054,0.016820608689458783,0.01000049391620835,0.03340977503929609,0.0,-0.08365248750757287,-0.050242712468276794,0.03340977503929609,52.0,18.0,0.24361453232941802,0.24361453232941802,1.0,52.0,1.0
innovation_separate_aux,lambda3/analytic,initial,285000001;285000002;285000003,6,0.0,0.0,0.8333333333333334,0.611111111111111,0.024878919176438155,0.8333333333333334,0.0,0.0,0.16666666666666666,0.0002529313268490164,0.015138421771998386,0.009487566077590751,0.018087846261483652,0.0,-0.0676014158460829,-0.049513569584599244,0.018087846261483652,16.0,6.0,0.22211922539605036,0.22211922539605036,1.0,16.0,1.0
innovation_separate_aux,lambda3/neural,initial,285000001;285000002;285000003,6,0.0,0.0,0.851851851851852,0.6296296296296297,0.03688835044149149,0.851851851851852,0.0,0.0,0.14814814814814814,0.0002529313268490164,0.02262777070247331,0.014007648412169156,0.06370653046502008,0.0,-0.11670491430494521,-0.05299838383992513,0.06370653046502008,18.0,6.0,0.31041733423868817,0.31041733423868817,1.0,18.0,1.0
innovation_separate_aux,lambda3/period4_hold,initial,285000001;285000002;285000003,6,0.0,0.0,0.8148148148148149,0.5370370370370371,0.019921046703314477,0.8148148148148149,0.0,0.0,0.1851851851851852,0.0007191458505446832,0.01269563359390465,0.006506267258865145,0.01843494839138455,0.0,-0.06665113237169053,-0.04821618398030599,0.01843494839138455,18.0,6.0,0.19830703735351562,0.19830703735351562,1.0,18.0,1.0
innovation_separate_aux,lambda3/case0,initial,285000001;285000002;285000003,3,0.0,0.0,0.9259259259259259,0.5925925925925926,0.011038612385265071,0.9259259259259259,0.0,0.0,0.07407407407407407,0.00039814955440912553,0.006315672828653381,0.004324790002202564,0.006845544885706018,0.0,-0.05511319195782696,-0.048267647072120945,0.006845544885706018,9.0,3.0,0.13317786322699654,0.13317786322699654,1.0,9.0,1.0
innovation_separate_aux,lambda3/case1,initial,285000001;285000002;285000003,3,0.0,0.0,0.9259259259259259,0.7037037037037036,0.03309950812541939,0.9259259259259259,0.0,0.0,0.07407407407407407,0.0004314270414751162,0.017823335409296443,0.014844745674647835,0.004739831995081018,0.0,-0.03500691166630498,-0.030267079671223957,0.004739831995081018,9.0,3.0,0.2003728018866645,0.2003728018866645,1.0,9.0,1.0
innovation_separate_aux,lambda3/case2,initial,285000001;285000002;285000003,3,0.0,0.0,0.4444444444444444,0.4444444444444444,0.05609525758770383,0.4444444444444444,0.0,0.0,0.5555555555555555,0.0005744314787534677,0.03341143391685943,0.022109392192090935,0.10587118290088794,0.0,-0.1863933669196235,-0.08052218401873552,0.10587118290088794,7.0,3.0,0.24862946404351127,0.24862946404351127,1.0,7.0,1.0
innovation_separate_aux,lambda3/case3,initial,285000001;285000002;285000003,3,0.0,0.0,0.7777777777777777,0.4074074074074074,0.006917515445686015,0.7777777777777777,0.0,0.0,0.2222222222222222,0.0004563296994362005,0.0038315467792118495,0.0026296389670379637,0.018674779821325233,0.0,-0.09237967597113715,-0.07370489614981192,0.018674779821325233,9.0,3.0,0.06085925632052951,0.06085925632052951,1.0,9.0,1.0
innovation_separate_aux,lambda3/case4,initial,285000001;285000002;285000003,3,0.0,0.0,1.0,0.7777777777777777,0.01576012522296558,1.0,0.0,0.0,0.0,0.0004314270414751162,0.010536886993585778,0.004791811187904689,0.0,0.0,-0.02991527981228299,-0.02991527981228299,0.0,9.0,3.0,0.28999000125461155,0.28999000125461155,1.0,9.0,1.0
innovation_separate_aux,lambda3/case5,initial,285000001;285000002;285000003,3,0.0,0.0,0.9259259259259259,0.6296296296296297,0.04046561387544834,0.9259259259259259,0.0,0.0,0.07407407407407407,0.00015825219293640625,0.029004776209145825,0.011302585473366114,0.06432731063277633,0.0,-0.10310649871826172,-0.03877918808548539,0.06432731063277633,9.0,3.0,0.5286578072441949,0.5286578072441949,1.0,9.0,1.0
innovation_separate_aux,lambda4,initial,285000001;285000002;285000003,18,0.0,0.0,0.6666666666666666,0.5185185185185185,0.012637134629274254,0.6666666666666666,0.0,0.0,0.2222222222222222,0.0002661424598289631,0.006997459332795042,0.005373532836650249,0.02630750043892566,0.0,-0.07171708566171152,-0.045409585222785855,0.02630750043892566,44.0,16.0,0.15881556272506717,0.14116938908894858,0.8888888888888888,44.0,0.8888888888888888
innovation_separate_aux,lambda4/analytic,initial,285000001;285000002;285000003,6,0.0,0.0,0.7962962962962963,0.6666666666666666,0.011844257150417864,0.7962962962962963,0.0,0.0,0.2037037037037037,0.00032655866268079854,0.0070722577424604605,0.004445440745276604,0.019044823116726346,0.0,-0.049402325241654006,-0.03035750212492766,0.019044823116726346,16.0,6.0,0.25325144661797416,0.25325144661797416,1.0,16.0,1.0
innovation_separate_aux,lambda4/neural,initial,285000001;285000002;285000003,6,0.0,0.0,0.5555555555555555,0.46296296296296297,0.011964314663742925,0.5555555555555555,0.0,0.0,0.27777777777777773,5.7205948467998055e-05,0.005844816230218494,0.006062292485056434,0.03842996667932581,0.0,-0.07834764763160988,-0.039917680952284075,0.03842996667932581,15.0,5.0,0.11213715871175128,0.09344763225979275,0.8333333333333334,15.0,0.8333333333333334
innovation_separate_aux,lambda4/period4_hold,initial,285000001;285000002;285000003,6,0.0,0.0,0.648148148148148,0.4259259259259259,0.014102832073661973,0.648148148148148,0.0,0.0,0.1851851851851852,0.0004146627683380925,0.008075304025706172,0.00561286527961771,0.021447711520724822,0.0,-0.08740128411187065,-0.06595357259114583,0.021447711520724822,13.0,5.0,0.09217090606689453,0.07680908838907878,0.8333333333333334,13.0,0.8333333333333334
innovation_separate_aux,lambda4/case0,initial,285000001;285000002;285000003,3,0.0,0.0,0.7037037037037037,0.7037037037037037,0.006519971540708664,0.7037037037037037,0.0,0.0,0.2962962962962963,0.0,0.0028045571739144007,0.003715414366794263,0.01891100848162616,0.0,-0.04578964798538773,-0.02687863950376157,0.01891100848162616,9.0,3.0,0.06453874376085068,0.06453874376085068,1.0,9.0,1.0
innovation_separate_aux,lambda4/case1,initial,285000001;285000002;285000003,3,0.0,0.0,0.7407407407407408,0.5185185185185185,0.015372364307604922,0.7407407407407408,0.0,0.0,0.25925925925925924,0.0001983201738969203,0.008889285718598533,0.006284758415109469,0.04202870969419126,0.0,-0.08268165588378906,-0.0406529461895978,0.04202870969419126,9.0,3.0,0.14531559414333767,0.14531559414333767,1.0,9.0,1.0
innovation_separate_aux,lambda4/case2,initial,285000001;285000002;285000003,3,0.0,0.0,0.3333333333333333,0.3333333333333333,0.008906141365118686,0.3333333333333333,0.0,0.0,0.0,0.0,0.006664691948841479,0.0022414494162772084,0.0,0.0,0.0,0.0,0.0,3.0,1.0,0.5127134323120118,0.17090447743733725,0.3333333333333333,3.0,0.3333333333333333
innovation_separate_aux,lambda4/case3,initial,285000001;285000002;285000003,3,0.0,0.0,0.4074074074074074,0.3333333333333333,0.015594654083644048,0.4074074074074074,0.0,0.0,0.5925925925925926,9.858690659543584e-05,0.009379550108725973,0.006116517068322638,0.055905942563657406,0.0,-0.168609619140625,-0.1127036765769676,0.055905942563657406,9.0,3.0,0.08235804239908855,0.08235804239908855,1.0,9.0,1.0
innovation_separate_aux,lambda4/case4,initial,285000001;285000002;285000003,3,0.0,0.0,0.9259259259259259,0.5555555555555555,0.00881013807466186,0.9259259259259259,0.0,0.0,0.07407407407407407,0.0007106451295873774,0.004804587639846937,0.003294905305227547,0.017698853104202838,0.0,-0.05127165052625868,-0.03357279742205584,0.017698853104202838,7.0,3.0,0.14707925584581164,0.14707925584581164,1.0,7.0,1.0
innovation_separate_aux,lambda4/case5,initial,285000001;285000002;285000003,3,0.0,0.0,0.8888888888888888,0.6666666666666666,0.02061953840390734,0.8888888888888888,0.0,0.0,0.1111111111111111,0.0005893025488940448,0.00944208340684293,0.010588152448170367,0.0233004887898763,0.0,-0.08194994043420861,-0.05864945164433232,0.0233004887898763,7.0,3.0,0.23682022094726562,0.23682022094726562,1.0,7.0,1.0
innovation_separate_aux,overall,postcorrection,285000001;285000002;285000003,36,0.0,0.0,0.493083885801034,0.49046777762937027,0.11658876873053232,0.493083885801034,0.0,0.0,0.3124716697545215,9.041416025780285e-06,0.06819879879029665,0.04838092852420991,0.12547687103544444,0.0,-0.2595307271594911,-0.13405385612404663,0.12547687103544444,10237.0,29.0,0.44996086664638774,0.3624684759095902,0.8055555555555557,10237.0,0.8055555555555557
innovation_separate_aux,lambda3,postcorrection,285000001;285000002;285000003,18,0.0,0.0,0.5423572302915268,0.5372154584830883,0.1342313126573432,0.5423572302915268,0.0,0.0,0.2909761030418065,1.1962848080485826e-05,0.07805220373058668,0.05616714607867604,0.1256121119781649,0.0,-0.26632666292011975,-0.14071455094195484,0.1256121119781649,6755.0,15.0,0.4817243267144927,0.40143693892874394,0.8333333333333334,6755.0,0.8333333333333334
innovation_separate_aux,lambda3/analytic,postcorrection,285000001;285000002;285000003,6,0.0,0.0,0.48157225853304286,0.48157225853304286,0.06291836824856757,0.48157225853304286,0.0,0.0,0.1850944081336238,0.0,0.030140362768687593,0.03277800547987997,0.0838672444603109,0.0,-0.1227296362039224,-0.038862391743611495,0.0838672444603109,87.0,4.0,0.4004642053756839,0.2669761369171226,0.6666666666666666,87.0,0.6666666666666666
innovation_separate_aux,lambda3/neural,postcorrection,285000001;285000002;285000003,6,0.0,0.0,0.5470899470899471,0.5470899470899471,0.14410395535085443,0.5470899470899471,0.0,0.0,0.28624338624338624,0.0,0.09149241592265335,0.05261153942820109,0.2212682145234769,0.0,-0.3307636497134254,-0.10949543518994849,0.2212682145234769,82.0,5.0,0.5007663907777695,0.4173053256481413,0.8333333333333334,82.0,0.8333333333333334
innovation_separate_aux,lambda3/period4_hold,postcorrection,285000001;285000002;285000003,6,0.0,0.0,0.5984094852515905,0.5829841698262751,0.1956716143726076,0.5984094852515905,0.0,0.0,0.4015905147484095,3.5888544241457476e-05,0.11252383250041909,0.08311189332794706,0.07170087695070694,0.0,-0.3454867028430115,-0.27378582589230455,0.07170087695070694,6586.0,6.0,0.520029354220968,0.520029354220968,1.0,6586.0,1.0
innovation_separate_aux,lambda3/case0,postcorrection,285000001;285000002;285000003,3,0.0,0.0,0.6951822324371344,0.6945038984254671,0.12786887693934226,0.6951822324371344,0.0,0.0,0.3048177675628656,4.951339694319145e-06,0.07187216563758982,0.05599175996205814,0.06311706494286891,0.0,-0.22808103975925897,-0.16496397481639005,0.06311706494286891,1697.0,3.0,0.4552745856187123,0.4552745856187123,1.0,1697.0,1.0
innovation_separate_aux,lambda3/case1,postcorrection,285000001;285000002;285000003,3,0.0,0.0,0.6328177994844661,0.6327499660832995,0.08896268683717375,0.6328177994844661,0.0,0.0,0.3671822005155338,1.0944852151324384e-07,0.03642475095371992,0.052537826434932315,0.056696992071848064,0.0,-0.14455210350695435,-0.08785511143510627,0.056696992071848064,1640.0,3.0,0.3635385063881305,0.3635385063881305,1.0,1640.0,1.0
innovation_separate_aux,lambda3/case2,postcorrection,285000001;285000002;285000003,3,0.0,0.0,0.2583774250440917,0.258309591642925,0.24914169891121654,0.2583774250440917,0.0,0.0,0.40828924162257496,1.344019386450882e-07,0.17257143172302344,0.07657013278625448,0.3723007180832762,0.0,-0.6319029969141128,-0.2596022788308366,0.3723007180832762,1641.0,2.0,0.876701663956683,0.584467775971122,0.6666666666666666,1641.0,0.6666666666666666
innovation_separate_aux,lambda3/case3,postcorrection,285000001;285000002;285000003,3,0.0,0.0,0.8683560753736191,0.8683560753736191,0.04145183290176791,0.8683560753736191,0.0,0.0,0.13164392462638078,0.0,0.01990199611333995,0.02154983678842796,0.01376136390631504,0.0,-0.05266552717519937,-0.03890416326888433,0.01376136390631504,80.0,3.0,0.35242879969799495,0.35242879969799495,1.0,80.0,1.0
innovation_separate_aux,lambda3/case4,postcorrection,285000001;285000002;285000003,3,0.0,0.0,0.5994098494098493,0.599002849002849,0.2599335768828722,0.5994098494098493,0.0,0.0,0.4005901505901506,5.199480621553625e-06,0.14649638849739036,0.1134319889048603,0.1963523750170295,0.0,-0.43881203925782636,-0.24245966424079687,0.1963523750170295,1682.0,3.0,0.5509452192483514,0.5509452192483514,1.0,1682.0,1.0
innovation_separate_aux,lambda3/case5,postcorrection,285000001;285000002;285000003,3,0.0,0.0,0.19999999999999998,0.17037037037037037,0.0380292034716865,0.19999999999999998,0.0,0.0,0.13333333333333333,6.138241770688384e-05,0.021046489458456556,0.01692133159552306,0.05144415784765174,0.0,-0.1019462709073667,-0.05050211305971499,0.05144415784765174,15.0,1.0,0.3059002399444581,0.10196674664815268,0.3333333333333333,15.0,0.3333333333333333
innovation_separate_aux,lambda4,postcorrection,285000001;285000002;285000003,18,0.0,0.0,0.4438105413105413,0.44372009677565233,0.09894622480372146,0.4438105413105413,0.0,0.0,0.33396723646723653,6.1199839710747475e-06,0.05834539385000664,0.040594710969743764,0.125341630092724,0.0,-0.2527347913988624,-0.12739316130613842,0.125341630092724,3482.0,14.0,0.4159285880019896,0.3235000128904364,0.7777777777777778,3482.0,0.7777777777777778
innovation_separate_aux,lambda4/analytic,postcorrection,285000001;285000002;285000003,6,0.0,0.0,0.4197530864197531,0.4197530864197531,0.0808004731797262,0.4197530864197531,0.0,0.0,0.41358024691358025,0.0,0.05587030355454566,0.024930169625180538,0.19079869544064554,0.0,-0.2981239748589786,-0.10732527941833307,0.19079869544064554,99.0,5.0,0.3801871485180325,0.31682262376502707,0.8333333333333334,99.0,0.8333333333333334
innovation_separate_aux,lambda4/neural,postcorrection,285000001;285000002;285000003,6,0.0,0.0,0.5181878306878307,0.5181878306878307,0.13547815690999943,0.5181878306878307,0.0,0.0,0.3151455026455026,6.611883934234145e-06,0.0782611679561143,0.057210377069950906,0.12864686666973055,0.0,-0.29250489908551414,-0.1638580324157836,0.12864686666973055,61.0,5.0,0.39443926499003457,0.32869938749169547,0.8333333333333334,61.0,0.8333333333333334
innovation_separate_aux,lambda4/period4_hold,postcorrection,285000001;285000002;285000003,6,0.0,0.0,0.39349070682404014,0.3932193732193732,0.08056004432143878,0.39349070682404014,0.0,0.0,0.2731759598426265,1.1748067978990096e-05,0.04090471003935995,0.03964358621409984,0.05657932816779593,0.0,-0.16757550025209453,-0.11099617208429857,0.05657932816779593,3322.0,4.0,0.48746704112188,0.32497802741458665,0.6666666666666666,3322.0,0.6666666666666666
innovation_separate_aux,lambda4/case0,postcorrection,285000001;285000002;285000003,3,0.0,0.0,0.6040564373897707,0.6040564373897707,0.10651292499356052,0.6040564373897707,0.0,0.0,0.3959435626102293,2.644753573693658e-05,0.06000421879360887,0.046482258664214716,0.133760204390874,0.0,-0.2926950273900646,-0.15893482299919062,0.133760204390874,114.0,3.0,0.29143181679740787,0.29143181679740787,1.0,114.0,1.0
innovation_separate_aux,lambda4/case1,postcorrection,285000001;285000002;285000003,3,0.0,0.0,0.5631481481481482,0.5631481481481482,0.09590230097763969,0.5631481481481482,0.0,0.0,0.4368518518518519,0.0,0.05141789677509743,0.04448440420254227,0.14097560582337557,0.0,-0.28644690619574653,-0.14547130037237097,0.14097560582337557,53.0,3.0,0.32294171161121793,0.32294171161121793,1.0,53.0,1.0
innovation_separate_aux,lambda4/case2,postcorrection,285000001;285000002;285000003,3,0.0,0.0,0.16666666666666666,0.16666666666666666,0.048370894397242147,0.16666666666666666,0.0,0.0,0.16666666666666666,0.0,0.043590792408033326,0.004780101989208813,0.1506930192311605,0.0,-0.19083309173583984,-0.04014007250467936,0.1506930192311605,2.0,1.0,0.8100109100341797,0.2700036366780599,0.3333333333333333,2.0,0.3333333333333333
innovation_separate_aux,lambda4/case3,postcorrection,285000001;285000002;285000003,3,0.0,0.0,0.6022927689594356,0.6018857685524353,0.11378060119935324,0.6022927689594356,0.0,0.0,0.3977072310405643,6.9725718313567795e-06,0.06590537546777482,0.047868253159747055,0.061372815891483745,0.0,-0.20819383132669597,-0.1468210154352122,0.061372815891483745,1661.0,3.0,0.5517800985481082,0.5517800985481082,1.0,1661.0,1.0
innovation_separate_aux,lambda4/case4,postcorrection,285000001;285000002;285000003,3,0.0,0.0,0.35714285714285715,0.35714285714285715,0.08557363195004943,0.35714285714285715,0.0,0.0,0.30952380952380953,0.0,0.04277466622999154,0.04279896572005789,0.14147476166013687,0.0,-0.18710934926593115,-0.04563458760579427,0.14147476166013687,11.0,2.0,0.2778713362557548,0.1852475575038365,0.6666666666666666,11.0,0.6666666666666666
innovation_separate_aux,lambda4/case5,postcorrection,285000001;285000002;285000003,3,0.0,0.0,0.36955636955636956,0.36942070275403616,0.1435369953044838,0.36955636955636956,0.0,0.0,0.2971102971102971,3.2997962581551226e-06,0.08637941342553383,0.0571542820826918,0.12377337355931341,0.0,-0.35113054247889647,-0.2273571689195831,0.12377337355931341,1641.0,2.0,0.4793928843059819,0.31959525620398793,0.6666666666666666,1641.0,0.6666666666666666
innovation_separate_aux,overall,post_age1,285000001;285000002;285000003,36,0.0,0.0,0.5907226518337629,0.5906717767828878,0.08689711244246417,0.5907226518337629,0.0,0.0,0.21483290372179265,9.272991821509501e-06,0.03905626562973158,0.047831573820911084,0.0645909724750421,0.0,-0.1271744344441262,-0.06258346196908411,0.0645909724750421,3421.0,29.0,0.4459472202897337,0.35923526078895224,0.8055555555555557,3421.0,0.8055555555555557
innovation_separate_aux,lambda3,post_age1,285000001;285000002;285000003,18,0.0,0.0,0.6244403744403745,0.6244064577397911,0.10278173164268704,0.6244403744403745,0.0,0.0,0.2088929588929589,1.7790098680511458e-06,0.041902718059712386,0.0608772345731066,0.08344197582396379,0.0,-0.13824238725893048,-0.054800411434966695,0.08344197582396379,2257.0,15.0,0.5097150998965578,0.42476258324713156,0.8333333333333334,2257.0,0.8333333333333334
innovation_separate_aux,lambda3/analytic,post_age1,285000001;285000002;285000003,6,0.0,0.0,0.4907407407407407,0.4907407407407407,0.05770149487638255,0.4907407407407407,0.0,0.0,0.1759259259259259,0.0,0.02588928977416856,0.031812205102214,0.09755469251562048,0.0,-0.1259779311992504,-0.02842323868362992,0.09755469251562048,31.0,4.0,0.43187985817591346,0.28791990545060897,0.6666666666666666,31.0,0.6666666666666666
innovation_separate_aux,lambda3/neural,post_age1,285000001;285000002;285000003,6,0.0,0.0,0.688888888888889,0.688888888888889,0.05699941938460649,0.688888888888889,0.0,0.0,0.14444444444444446,0.0,0.02390419592043511,0.033095223464171375,0.025407204804597076,0.0,-0.046242251219572844,-0.02083504641497577,0.025407204804597076,30.0,5.0,0.3637093083063761,0.30309109025531344,0.8333333333333334,30.0,0.8333333333333334
innovation_separate_aux,lambda3/period4_hold,post_age1,285000001;285000002;285000003,6,0.0,0.0,0.6936914936914937,0.6935897435897437,0.1936442806670721,0.6936914936914937,0.0,0.0,0.3063085063085063,5.337029604153438e-06,0.0759146684845335,0.11772427515293442,0.12736403015167383,0.0,-0.24250697935796825,-0.1151429492062944,0.12736403015167383,2196.0,6.0,0.6832767540354724,0.6832767540354724,1.0,2196.0,1.0
innovation_separate_aux,lambda3/case0,post_age1,285000001;285000002;285000003,3,0.0,0.0,0.8089472256138922,0.808743725410392,0.1038824167398641,0.8089472256138922,0.0,0.0,0.1910527743861077,5.289490977531286e-06,0.04527820397632157,0.05859892327256502,0.08781058357134229,0.0,-0.12377270811562491,-0.03596212454428264,0.08781058357134229,567.0,3.0,0.5691081978559591,0.5691081978559591,1.0,567.0,1.0
innovation_separate_aux,lambda3/case1,post_age1,285000001;285000002;285000003,3,0.0,0.0,0.6843711843711845,0.6843711843711845,0.08758061393753734,0.6843711843711845,0.0,0.0,0.3156288156288156,0.0,0.027075809921303238,0.060504804016234086,0.05340904412252126,0.0,-0.0797062290845288,-0.02629718496200754,0.05340904412252126,548.0,3.0,0.4617037082475329,0.4617037082475329,1.0,548.0,1.0
innovation_separate_aux,lambda3/case2,post_age1,285000001;285000002;285000003,3,0.0,0.0,0.46906796906796905,0.46906796906796905,0.1429661665519383,0.46906796906796905,0.0,0.0,0.1975986975986976,0.0,0.057668047467432544,0.08529811908450578,0.10282710266152097,0.0,-0.1916917125578086,-0.08886460989628762,0.10282710266152097,547.0,2.0,0.6326320615661887,0.42175470771079243,0.6666666666666666,547.0,0.6666666666666666
innovation_separate_aux,lambda3/case3,post_age1,285000001;285000002;285000003,3,0.0,0.0,0.8408289241622575,0.8408289241622575,0.03667973077969324,0.8408289241622575,0.0,0.0,0.1591710758377425,0.0,0.01817700617566457,0.018502724604028672,0.01808873602111924,0.0,-0.05910598075368837,-0.04101724473256913,0.01808873602111924,28.0,3.0,0.3426652320478328,0.3426652320478328,1.0,28.0,1.0
innovation_separate_aux,lambda3/case4,post_age1,285000001;285000002;285000003,3,0.0,0.0,0.7656491656491656,0.7656491656491656,0.2049913475786135,0.7656491656491656,0.0,0.0,0.23435083435083434,5.384568230775589e-06,0.0800811510753892,0.12490481193499355,0.18743246883020492,0.0,-0.2560466418724308,-0.06861417304222595,0.18743246883020492,562.0,3.0,0.689074444712591,0.689074444712591,1.0,562.0,1.0
innovation_separate_aux,lambda3/case5,post_age1,285000001;285000002;285000003,3,0.0,0.0,0.17777777777777778,0.17777777777777778,0.04059011426847571,0.17777777777777778,0.0,0.0,0.15555555555555556,0.0,0.023136089742163236,0.017454024526312475,0.05108391973707411,0.0,-0.11913105116950141,-0.0680471314324273,0.05108391973707411,5.0,1.0,0.1928076267242432,0.06426920890808106,0.3333333333333333,5.0,0.3333333333333333
innovation_separate_aux,lambda4,post_age1,285000001;285000002;285000003,18,0.0,0.0,0.5570049292271514,0.5569370958259847,0.0710124932422413,0.5570049292271514,0.0,0.0,0.22077284855062632,1.676697377496786e-05,0.03620981319975076,0.034785913068715583,0.04573996912612038,0.0,-0.11610648162932191,-0.07036651250320153,0.04573996912612038,1164.0,14.0,0.3776244921395651,0.29370793833077286,0.7777777777777778,1164.0,0.7777777777777778
innovation_separate_aux,lambda4/analytic,post_age1,285000001;285000002;285000003,6,0.0,0.0,0.6296296296296297,0.6296296296296297,0.04520117959910757,0.6296296296296297,0.0,0.0,0.20370370370370372,0.0,0.025758952891812917,0.01944222670729465,0.05637636008086028,0.0,-0.08794619860472502,-0.031569838523864746,0.05637636008086028,34.0,5.0,0.4116061329841613,0.34300511082013446,0.8333333333333334,34.0,0.8333333333333334
innovation_separate_aux,lambda4/neural,post_age1,285000001;285000002;285000003,6,0.0,0.0,0.688888888888889,0.688888888888889,0.09830887609854044,0.688888888888889,0.0,0.0,0.14444444444444443,1.9835651802702434e-05,0.05070165449268562,0.04758738595405212,0.03925039478079983,0.0,-0.08847431455339705,-0.04922391977259721,0.03925039478079983,22.0,5.0,0.3642881111871628,0.30357342598930237,0.8333333333333334,22.0,0.8333333333333334
innovation_separate_aux,lambda4/period4_hold,post_age1,285000001;285000002;285000003,6,0.0,0.0,0.3524962691629358,0.35229276895943556,0.06952742402907594,0.3524962691629358,0.0,0.0,0.3141703975037308,3.046526952220113e-05,0.03216883221475376,0.03732812654479998,0.04159315251670106,0.0,-0.1718989317298437,-0.13030577921314263,0.04159315251670106,1108.0,4.0,0.3518179172743226,0.2345452781828817,0.6666666666666666,1108.0,0.6666666666666666
innovation_separate_aux,lambda4/case0,post_age1,285000001;285000002;285000003,3,0.0,0.0,0.6283068783068783,0.6283068783068783,0.0971081163901109,0.6283068783068783,0.0,0.0,0.37169312169312163,7.934260721080974e-05,0.05165419549988597,0.045374578283014104,0.11344320307333004,0.0,-0.2701879973134036,-0.15674479424007356,0.11344320307333004,38.0,3.0,0.28591740415209815,0.28591740415209815,1.0,38.0,1.0
innovation_separate_aux,lambda4/case1,post_age1,285000001;285000002;285000003,3,0.0,0.0,0.6080246913580247,0.6080246913580247,0.07262442695172666,0.6080246913580247,0.0,0.0,0.39197530864197533,0.0,0.03991414195704431,0.032710284994682357,0.07658435091560271,0.0,-0.23766769597559798,-0.1610833450599953,0.07658435091560271,19.0,3.0,0.34061234085648145,0.34061234085648145,1.0,19.0,1.0
innovation_separate_aux,lambda4/case2,post_age1,285000001;285000002;285000003,3,0.0,0.0,0.3333333333333333,0.3333333333333333,0.012059747283354719,0.3333333333333333,0.0,0.0,0.0,0.0,0.005838581994208565,0.006221165289146156,0.0,0.0,0.0,0.0,0.0,1.0,1.0,0.7158637046813965,0.23862123489379883,0.3333333333333333,1.0,0.3333333333333333
innovation_separate_aux,lambda4/case3,post_age1,285000001;285000002;285000003,3,0.0,0.0,0.6887260887260886,0.6883190883190883,0.07328468704405816,0.6887260887260886,0.0,0.0,0.3112739112739113,1.1952629378934701e-05,0.03595238501542966,0.03732034939924957,0.018211146375247022,0.0,-0.10072416670205003,-0.08251302032680302,0.018211146375247022,554.0,3.0,0.4269374605500218,0.4269374605500218,1.0,554.0,1.0
innovation_separate_aux,lambda4/case4,post_age1,285000001;285000002;285000003,3,0.0,0.0,0.4444444444444444,0.4444444444444444,0.05383620600574406,0.4444444444444444,0.0,0.0,0.2222222222222222,0.0,0.030115215344147194,0.02372099066159687,0.05487484402126736,0.0,-0.07023610009087457,-0.015361256069607206,0.05487484402126736,5.0,2.0,0.2720497449239096,0.1813664966159397,0.6666666666666666,5.0,0.6666666666666666
innovation_separate_aux,lambda4/case5,post_age1,285000001;285000002;285000003,3,0.0,0.0,0.6391941391941391,0.6391941391941391,0.1171617757784534,0.6391941391941391,0.0,0.0,0.027472527472527472,9.306606060062691e-06,0.05378435938778889,0.06336810978460446,0.011326270371275217,0.0,-0.017822929694005323,-0.006496659322730108,0.011326270371275217,547.0,2.0,0.43318903937444586,0.2887926929162972,0.6666666666666666,547.0,0.6666666666666666
innovation_separate_aux,overall,post_age2,285000001;285000002;285000003,36,0.0,0.0,0.38023255037143927,0.3763083881139437,0.12139215443789568,0.38023255037143927,0.0,0.0,0.36976744962856073,7.3424707133961865e-06,0.08207481157780883,0.03931000038937346,0.14028269469691204,0.0,-0.3319671877387482,-0.19168449304183618,0.14028269469691204,3409.0,27.0,0.4400901283183289,0.33006759623874665,0.75,3409.0,0.75
innovation_separate_aux,lambda3,post_age2,285000001;285000002;285000003,18,0.0,0.0,0.3623288234399345,0.35458224902669344,0.1432520613388075,0.3623288234399345,0.0,0.0,0.35989339878228765,1.3512982061112797e-05,0.10583143080305689,0.03740711755368948,0.11491537941425826,0.0,-0.3661629525860259,-0.25124757317176755,0.11491537941425826,2249.0,13.0,0.3890097936369041,0.28095151762665294,0.7222222222222222,2249.0,0.7222222222222222
innovation_separate_aux,lambda3/analytic,post_age2,285000001;285000002;285000003,6,0.0,0.0,0.35782828282828283,0.35782828282828283,0.04238450307900349,0.35782828282828283,0.0,0.0,0.14217171717171717,0.0,0.02410930922909818,0.018275193849905304,0.06041079530812273,0.0,-0.11017424153157758,-0.04976344622345485,0.06041079530812273,28.0,3.0,0.44141305191348296,0.22070652595674148,0.5,28.0,0.5
innovation_separate_aux,lambda3/neural,post_age2,285000001;285000002;285000003,6,0.0,0.0,0.41820987654320985,0.41820987654320985,0.14753895240498138,0.41820987654320985,0.0,0.0,0.24845679012345678,0.0,0.10423912115254491,0.043299831252436465,0.2364684924667264,0.0,-0.35946694789109407,-0.12299845542436764,0.2364684924667264,26.0,4.0,0.7182243102126651,0.4788162068084434,0.6666666666666666,26.0,0.6666666666666666
innovation_separate_aux,lambda3/period4_hold,post_age2,285000001;285000002;285000003,6,0.0,0.0,0.31094831094831094,0.2877085877085877,0.23983272853243756,0.31094831094831094,0.0,0.0,0.689051689051689,4.053894618333839e-05,0.1891458620275276,0.050646327558726674,0.04786685046792564,0.0,-0.6288476683354057,-0.5809808178674801,0.04786685046792564,2195.0,6.0,0.14333182011477386,0.14333182011477386,1.0,2195.0,1.0
innovation_separate_aux,lambda3/case0,post_age2,285000001;285000002;285000003,3,0.0,0.0,0.497992747992748,0.49697524697524703,0.1629321363809704,0.497992747992748,0.0,0.0,0.5020072520072519,5.008144193409336e-06,0.11701002412443329,0.045917104112343725,0.06530389322373403,0.0,-0.41917299716186013,-0.3538691039381261,0.06530389322373403,565.0,3.0,0.270785442446879,0.270785442446879,1.0,565.0,1.0
innovation_separate_aux,lambda3/case1,post_age2,285000001;285000002;285000003,3,0.0,0.0,0.018518518518518517,0.018315018315018316,0.05542211287500271,0.018518518518518517,0.0,0.0,0.3148148148148148,3.2834556453973157e-07,0.04632051193166493,0.009101272597773243,0.016844149425741032,0.0,-0.243785285348081,-0.22694113592233997,0.016844149425741032,546.0,1.0,0.05867935012985062,0.019559783376616874,0.3333333333333333,546.0,0.3333333333333333
innovation_separate_aux,lambda3/case2,post_age2,285000001;285000002;285000003,3,0.0,0.0,0.138990638990639,0.1387871387871388,0.3056602448888759,0.138990638990639,0.0,0.0,0.5276760276760276,4.032058159352646e-07,0.2389664014769416,0.06669344020611839,0.40744720409689855,0.0,-0.7860674493963952,-0.37862024529949645,0.40744720409689855,547.0,2.0,0.9194785535553873,0.6129857023702582,0.6666666666666666,547.0,0.6666666666666666
innovation_separate_aux,lambda3/case3,post_age2,285000001;285000002;285000003,3,0.0,0.0,0.898148148148148,0.898148148148148,0.03664887098532827,0.898148148148148,0.0,0.0,0.10185185185185185,0.0,0.01700859743356131,0.019640273551766962,0.003512612095585576,0.0,-0.0415294435289171,-0.038016831433331524,0.003512612095585576,26.0,3.0,0.33710331386990017,0.33710331386990017,1.0,26.0,1.0
innovation_separate_aux,lambda3/case4,post_age2,285000001;285000002;285000003,3,0.0,0.0,0.39810066476733147,0.39749016415683086,0.270504289813207,0.39810066476733147,0.0,0.0,0.6018993352326686,7.930975828929621e-06,0.1990980050962159,0.07139835374116223,0.15230546358271801,0.0,-0.629545995128509,-0.4772405315457909,0.15230546358271801,560.0,3.0,0.347599317685928,0.347599317685928,1.0,560.0,1.0
innovation_separate_aux,lambda3/case5,post_age2,285000001;285000002;285000003,3,0.0,0.0,0.2222222222222222,0.17777777777777778,0.028344713089460544,0.2222222222222222,0.0,0.0,0.1111111111111111,6.740722096386282e-05,0.016585044755524338,0.011692261112972347,0.0440789540608724,0.0,-0.07687654495239259,-0.032797590891520186,0.0440789540608724,5.0,1.0,0.29302663803100587,0.09767554601033529,0.3333333333333333,5.0,0.3333333333333333
innovation_separate_aux,lambda4,post_age2,285000001;285000002;285000003,18,0.0,0.0,0.398136277302944,0.39803452720119387,0.0995322475369839,0.398136277302944,0.0,0.0,0.37964150047483375,1.1719593656795759e-06,0.05831819235256077,0.04121288322505744,0.1656500099795658,0.0,-0.2977714228914706,-0.13212141291190482,0.1656500099795658,1160.0,14.0,0.4875218676653662,0.37918367485084037,0.7777777777777778,1160.0,0.7777777777777778
innovation_separate_aux,lambda4/analytic,post_age2,285000001;285000002;285000003,6,0.0,0.0,0.3333333333333333,0.3333333333333333,0.09977421510230482,0.3333333333333333,0.0,0.0,0.5,0.0,0.0695695204343566,0.030204694667948232,0.2546962323012175,0.0,-0.382624798350864,-0.12792856604964645,0.2546962323012175,33.0,5.0,0.37319866816202796,0.3109988901350233,0.8333333333333334,33.0,0.8333333333333334
innovation_separate_aux,lambda4/neural,post_age2,285000001;285000002;285000003,6,0.0,0.0,0.4666666666666666,0.4666666666666666,0.10018651967946385,0.4666666666666666,0.0,0.0,0.3666666666666667,0.0,0.05041298280578818,0.049773536873675674,0.15263166124858554,0.0,-0.2867505875844804,-0.13411892633589487,0.15263166124858554,20.0,5.0,0.4105303519112723,0.34210862659272695,0.8333333333333334,20.0,0.8333333333333334
innovation_separate_aux,lambda4/period4_hold,post_age2,285000001;285000002;285000003,6,0.0,0.0,0.3944088319088319,0.3941035816035816,0.09863600782918298,0.3944088319088319,0.0,0.0,0.27225783475783477,3.515878097038728e-06,0.05497207381753754,0.04366041813354841,0.08962213638889437,0.0,-0.22393888273906745,-0.13431674635017313,0.08962213638889437,1107.0,4.0,0.7266652617371563,0.48444350782477086,0.6666666666666666,1107.0,0.6666666666666666
innovation_separate_aux,lambda4/case0,post_age2,285000001;285000002;285000003,3,0.0,0.0,0.6071428571428572,0.6071428571428572,0.09437498053884268,0.6071428571428572,0.0,0.0,0.39285714285714285,0.0,0.04774056260601439,0.04663441793282827,0.11591931247206592,0.0,-0.2563558053718042,-0.14043649289973828,0.11591931247206592,38.0,3.0,0.28285988171895343,0.28285988171895343,1.0,38.0,1.0
innovation_separate_aux,lambda4/case1,post_age2,285000001;285000002;285000003,3,0.0,0.0,0.5750000000000001,0.5750000000000001,0.09898871619382434,0.5750000000000001,0.0,0.0,0.425,0.0,0.050054123181379064,0.048934593012445286,0.2244266668955485,0.0,-0.3426194535361396,-0.11819278664059107,0.2244266668955485,17.0,3.0,0.3698314984639486,0.3698314984639486,1.0,17.0,1.0
innovation_separate_aux,lambda4/case2,post_age2,285000001;285000002;285000003,3,0.0,0.0,0.0,0.0,0.08468204151112957,0.0,0.0,0.0,0.3333333333333333,0.0,0.08134300282185809,0.003339038689271471,0.301386038462321,0.0,-0.3816661834716797,-0.08028014500935872,0.301386038462321,1.0,1.0,0.904158115386963,0.301386038462321,0.3333333333333333,1.0,0.3333333333333333
innovation_separate_aux,lambda4/case3,post_age2,285000001;285000002;285000003,3,0.0,0.0,0.729059829059829,0.7288563288563288,0.11753925448042556,0.729059829059829,0.0,0.0,0.2709401709401709,6.7631079407576135e-06,0.059906016285138274,0.05762647508734652,0.0830099048971596,0.0,-0.20610032359128275,-0.12309041869412314,0.0830099048971596,554.0,3.0,0.9806970888441735,0.9806970888441735,1.0,554.0,1.0
innovation_separate_aux,lambda4/case4,post_age2,285000001;285000002;285000003,3,0.0,0.0,0.3333333333333333,0.3333333333333333,0.0836371431546878,0.3333333333333333,0.0,0.0,0.3333333333333333,0.0,0.032197071135856146,0.05144007201883167,0.12028439839680989,0.0,-0.1600911882188585,-0.03980678982204861,0.12028439839680989,3.0,2.0,0.22655296325683594,0.15103530883789062,0.6666666666666666,3.0,0.6666666666666666
innovation_separate_aux,lambda4/case5,post_age2,285000001;285000002;285000003,3,0.0,0.0,0.14428164428164428,0.14387464387464388,0.1179713493429934,0.14428164428164428,0.0,0.0,0.5223850223850225,2.686482533198417e-07,0.07866837808511866,0.03930270260962141,0.14887373875348997,0.0,-0.439795583159059,-0.290921844405569,0.14887373875348997,547.0,2.0,0.28393834916663263,0.18929223277775506,0.6666666666666666,547.0,0.6666666666666666
innovation_separate_aux,overall,post_age3,285000001;285000002;285000003,36,0.0,0.0,0.4123312130256575,0.408457925819037,0.1324858348745745,0.4123312130256575,0.0,0.0,0.30989100919656476,1.050878554243517e-05,0.079863586534436,0.05261173955459606,0.1584456307329346,0.0,-0.30653851096642976,-0.14809288023349515,0.1584456307329346,3407.0,26.0,0.4827778749410998,0.3486729096796832,0.7222222222222222,3407.0,0.7222222222222222
innovation_separate_aux,lambda3,post_age3,285000001;285000002;285000003,18,0.0,0.0,0.49018270823826376,0.4825378839267728,0.14042219252414878,0.49018270823826376,0.0,0.0,0.23203951398395842,2.059655231229353e-05,0.0826406086137484,0.05776098735808808,0.16232929144834327,0.0,-0.27926737154380366,-0.11693808009546038,0.16232929144834327,2249.0,13.0,0.6197105671488439,0.4475687429408317,0.7222222222222222,2249.0,0.7222222222222222
innovation_separate_aux,lambda3/analytic,post_age3,285000001;285000002;285000003,6,0.0,0.0,0.37272727272727274,0.37272727272727274,0.06301629942604367,0.37272727272727274,0.0,0.0,0.1272727272727273,0.0,0.03406813193646147,0.02894816748958219,0.06684868311641193,0.0,-0.1045236582707877,-0.03767497515437579,0.06684868311641193,28.0,3.0,0.42764171060889655,0.21382085530444828,0.5,28.0,0.5
innovation_separate_aux,lambda3/neural,post_age3,285000001;285000002;285000003,6,0.0,0.0,0.3063271604938272,0.3063271604938272,0.20463792814795645,0.3063271604938272,0.0,0.0,0.36033950617283944,0.0,0.14127941716097658,0.06335851098697987,0.38033799403979457,0.0,-0.5691017640961541,-0.18876377005635958,0.38033799403979457,26.0,4.0,0.5912962224748399,0.39419748164989327,0.6666666666666666,26.0,0.6666666666666666
innovation_separate_aux,lambda3/period4_hold,post_age3,285000001;285000002;285000003,6,0.0,0.0,0.7914936914936915,0.7685592185592186,0.15361234999844622,0.7914936914936915,0.0,0.0,0.2085063085063085,6.178965693688059e-05,0.07257427674380716,0.08097628359770222,0.03980119718882336,0.0,-0.16417669226446915,-0.12437549507564578,0.03980119718882336,2195.0,6.0,0.7346878918681535,0.7346878918681535,1.0,2195.0,1.0
innovation_separate_aux,lambda3/case0,post_age3,285000001;285000002;285000003,3,0.0,0.0,0.7728151478151478,0.7720011470011471,0.11890289069058481,0.7728151478151478,0.0,0.0,0.22718485218485218,4.55638391201681e-06,0.05431989929128273,0.06457843501539005,0.03553289513558488,0.0,-0.1463986115357356,-0.11086571640015071,0.03553289513558488,565.0,3.0,0.5236209009183024,0.5236209009183024,1.0,565.0,1.0
innovation_separate_aux,lambda3/case1,post_age3,285000001;285000002;285000003,3,0.0,0.0,0.3066748066748067,0.3066748066748067,0.018866194662920072,0.3066748066748067,0.0,0.0,0.026658526658526655,0.0,0.007696916360692154,0.01116927830222792,0.0007550478175640299,0.0,-0.005175638305592644,-0.0044205904880286135,0.0007550478175640299,546.0,1.0,0.9363114689732646,0.3121038229910882,0.3333333333333333,546.0,0.3333333333333333
innovation_separate_aux,lambda3/case2,post_age3,285000001;285000002;285000003,3,0.0,0.0,0.16707366707366708,0.16707366707366708,0.29879868529283543,0.16707366707366708,0.0,0.0,0.4995929995929996,0.0,0.22107984622469623,0.07771883906813924,0.6066278474914092,0.0,-0.9179498287881348,-0.3113219812967256,0.6066278474914092,547.0,2.0,1.0779943767484728,0.7186629178323152,0.6666666666666666,547.0,0.6666666666666666
innovation_separate_aux,lambda3/case3,post_age3,285000001;285000002;285000003,3,0.0,0.0,0.8703703703703703,0.8703703703703703,0.05151512806399431,0.8703703703703703,0.0,0.0,0.12962962962962962,0.0,0.024768568956124715,0.02674655910786959,0.01931245238692672,0.0,-0.05557380782233343,-0.03626135543540672,0.01931245238692672,26.0,3.0,0.3792116377088759,0.3792116377088759,1.0,26.0,1.0
innovation_separate_aux,lambda3/case4,post_age3,285000001;285000002;285000003,3,0.0,0.0,0.6241622574955907,0.6235517568850901,0.3092974733774348,0.6241622574955907,0.0,0.0,0.3758377425044092,2.2828978049556614e-06,0.16456008697201252,0.14473510350761737,0.25257790611356623,0.0,-0.44067512621081933,-0.18809722009725316,0.25257790611356623,560.0,3.0,0.6078576931683669,0.6078576931683669,1.0,560.0,1.0
innovation_separate_aux,lambda3/case5,post_age3,285000001;285000002;285000003,3,0.0,0.0,0.19999999999999998,0.15555555555555556,0.045152783057123246,0.19999999999999998,0.0,0.0,0.13333333333333333,0.00011674003215678872,0.023418333877682093,0.02161770914728436,0.05916959974500868,0.0,-0.10983121660020616,-0.05066161685519748,0.05916959974500868,5.0,1.0,0.431866455078125,0.14395548502604166,0.3333333333333333,5.0,0.3333333333333333
innovation_separate_aux,lambda4,post_age3,285000001;285000002;285000003,18,0.0,0.0,0.3344797178130512,0.334377967711301,0.12454947722500022,0.3344797178130512,0.0,0.0,0.3877425044091711,4.210187725768099e-07,0.07708656445512362,0.04746249175110403,0.15456197001752595,0.0,-0.3338096503890558,-0.17924768037152994,0.15456197001752595,1158.0,13.0,0.3458451827333557,0.24977707641853467,0.7222222222222222,1158.0,0.7222222222222222
innovation_separate_aux,lambda4/analytic,post_age3,285000001;285000002;285000003,6,0.0,0.0,0.18518518518518515,0.18518518518518515,0.08172706739817526,0.18518518518518515,0.0,0.0,0.48148148148148145,0.0,0.05641900794553262,0.02530805945264263,0.2221884484644289,0.0,-0.3775536837401214,-0.15536523527569243,0.2221884484644289,32.0,4.0,0.2395122994979223,0.1596748663319482,0.6666666666666666,32.0,0.6666666666666666
innovation_separate_aux,lambda4/neural,post_age3,285000001;285000002;285000003,6,0.0,0.0,0.3837301587301587,0.3837301587301587,0.2174684432426747,0.3837301587301587,0.0,0.0,0.4496031746031746,0.0,0.13877729973719352,0.07869114350548116,0.20085646330364168,0.0,-0.5169407360137455,-0.31608427271010386,0.20085646330364168,19.0,5.0,0.398542971611023,0.3321191430091858,0.8333333333333334,19.0,0.8333333333333334
innovation_separate_aux,lambda4/period4_hold,post_age3,285000001;285000002;285000003,6,0.0,0.0,0.4345238095238095,0.4342185592185592,0.0744529210341507,0.4345238095238095,0.0,0.0,0.23214285714285712,1.2630563177304296e-06,0.03606338568264469,0.0383882722951883,0.04064099828450719,0.0,-0.10693453141330073,-0.06629353312879352,0.04064099828450719,1107.0,4.0,0.38630582987170525,0.25753721991447015,0.6666666666666666,1107.0,0.6666666666666666
innovation_separate_aux,lambda4/case0,post_age3,285000001;285000002;285000003,3,0.0,0.0,0.5767195767195767,0.5767195767195767,0.12805567805172802,0.5767195767195767,0.0,0.0,0.42328042328042326,0.0,0.08061789827492624,0.04743777977680177,0.17191809762722599,0.0,-0.351541279484986,-0.17962318185775997,0.17191809762722599,38.0,3.0,0.3055181645211719,0.3055181645211719,1.0,38.0,1.0
innovation_separate_aux,lambda4/case1,post_age3,285000001;285000002;285000003,3,0.0,0.0,0.5055555555555556,0.5055555555555556,0.1183197564846643,0.5055555555555556,0.0,0.0,0.4944444444444444,0.0,0.06581268723269429,0.05250706925197004,0.12743396229214138,0.0,-0.28001764350467256,-0.15258368121253119,0.12743396229214138,17.0,3.0,0.25468833446502687,0.25468833446502687,1.0,17.0,1.0
innovation_separate_aux,lambda4/case2,post_age3,285000001;285000002;285000003,3,0.0,0.0,0.0,0.0,0.0,0.0,0.0,0.0,0.0,0.0,0.0,0.0,0.0,0.0,0.0,0.0,0.0,0.0,0.0,,0.0,0.0,0.0,0.0
innovation_separate_aux,lambda4/case3,post_age3,285000001;285000002;285000003,3,0.0,0.0,0.37718762718762716,0.37657712657712655,0.16184081860070515,0.37718762718762716,0.0,0.0,0.6228123728123728,2.201978174378025e-06,0.1111298939544519,0.050708722668078875,0.08812318311069474,0.0,-0.33691917869876836,-0.2487959955880736,0.08812318311069474,553.0,3.0,0.2342609047744155,0.2342609047744155,1.0,553.0,1.0
innovation_separate_aux,lambda4/case4,post_age3,285000001;285000002;285000003,3,0.0,0.0,0.2222222222222222,0.2222222222222222,0.1436027494208992,0.2222222222222222,0.0,0.0,0.4444444444444444,0.0,0.07827340446497526,0.06532934495592398,0.32877646552191836,0.0,-0.438606686062283,-0.10983022054036458,0.32877646552191836,3.0,2.0,0.33524131774902344,0.22349421183268228,0.6666666666666666,3.0,0.6666666666666666
innovation_separate_aux,lambda4/case5,post_age3,285000001;285000002;285000003,3,0.0,0.0,0.3251933251933252,0.3251933251933252,0.1954778607920046,0.3251933251933252,0.0,0.0,0.34147334147334146,3.241344610828345e-07,0.12668550280369398,0.06879203385384955,0.21112011155317503,0.0,-0.5957731145836253,-0.3846530030304502,0.21112011155317503,547.0,2.0,0.7210512643768674,0.4807008429179116,0.6666666666666666,547.0,0.6666666666666666
gru_shared_mse,overall,full,285000001;285000002;285000003,36,0.0,0.0,0.6522787311627805,0.5887626149510169,0.09973901771739117,0.6522787311627805,0.0,0.0,0.29216571328166396,0.0002808956385395278,0.05721559966759995,0.0422425224112517,0.08924476797415613,0.0,-0.21458634602082435,-0.1253415780466682,0.08924476797415613,10333.0,34.0,0.39890673816116723,0.376745252707769,0.9444444444444443,10333.0,0.9444444444444443
gru_shared_mse,lambda3,full,285000001;285000002;285000003,18,0.0,0.0,0.715543253265733,0.6559644717836474,0.11980305000279322,0.715543253265733,0.0,0.0,0.2844567467342671,0.0002811289404823896,0.07045793284491762,0.04906398821739322,0.0857001736066405,0.0,-0.23105207465942576,-0.14535190105278525,0.0857001736066405,6807.0,18.0,0.4365920590870503,0.4365920590870503,1.0,6807.0,1.0
gru_shared_mse,lambda3/analytic,full,285000001;285000002;285000003,6,0.0,0.0,0.7704369349106192,0.6939221610274241,0.05918565151988251,0.7704369349106192,0.0,0.0,0.22956306508938087,0.0003074130841554602,0.030516546489563316,0.02836169194616374,0.06383777523924093,0.0,-0.1263564647912959,-0.06251868955205496,0.06383777523924093,103.0,6.0,0.3479698356320475,0.3479698356320475,1.0,103.0,1.0
gru_shared_mse,lambda3/neural,full,285000001;285000002;285000003,6,0.0,0.0,0.7409540877282813,0.6646185355862775,0.11005258024102471,0.7409540877282813,0.0,0.0,0.25904591227171875,0.00030169050635615586,0.06441025266067908,0.04534063707398947,0.15021292855866147,0.0,-0.25274959165379746,-0.10253666309513602,0.15021292855866147,100.0,6.0,0.44697717257908415,0.44697717257908415,1.0,100.0,1.0
gru_shared_mse,lambda3/period4_hold,full,285000001;285000002;285000003,6,0.0,0.0,0.6352387371582985,0.6093527187372404,0.19017091824747243,0.6352387371582985,0.0,0.0,0.3647612628417016,0.00023428323093555283,0.11644699938451046,0.07348963563202644,0.0430498170220191,0.0,-0.3140501675331839,-0.2710003505111648,0.0430498170220191,6604.0,6.0,0.5148291690500194,0.5148291690500194,1.0,6604.0,1.0
gru_shared_mse,lambda3/case0,full,285000001;285000002;285000003,3,0.0,0.0,0.6690872120488208,0.6546707323672588,0.1259332588262488,0.6690872120488208,0.0,0.0,0.3309127879511791,3.8026143713913394e-05,0.07242294809923751,0.05347228458329739,0.07379907394175896,0.0,-0.23922078804838262,-0.16542171410662365,0.07379907394175896,1706.0,3.0,0.443419692641434,0.443419692641434,1.0,1706.0,1.0
gru_shared_mse,lambda3/case1,full,285000001;285000002;285000003,3,0.0,0.0,0.6971020380526779,0.5856523799851039,0.07378875474395567,0.6971020380526779,0.0,0.0,0.3028979619473221,0.0004960149529672365,0.04178862200959976,0.031504117781388674,0.04385691506254527,0.0,-0.1813901814168821,-0.13753326635433685,0.04385691506254527,1649.0,3.0,0.34080968761792785,0.34080968761792785,1.0,1649.0,1.0
gru_shared_mse,lambda3/case2,full,285000001;285000002;285000003,3,0.0,0.0,0.5718735188570655,0.571805809465773,0.18596958014681533,0.5718735188570655,0.0,0.0,0.42812648114293456,1.1272431182782648e-06,0.11963051258242631,0.06633794032127073,0.1757899596797838,0.0,-0.3837878021456811,-0.20799784246589734,0.1757899596797838,1648.0,3.0,0.47164792535558303,0.47164792535558303,1.0,1648.0,1.0
gru_shared_mse,lambda3/case3,full,285000001;285000002;285000003,3,0.0,0.0,0.8528971028971029,0.814010064010064,0.043255205963604014,0.8528971028971029,0.0,0.0,0.14710289710289712,0.00011899134336903003,0.021232967680140307,0.021903246940094673,0.013152130348690255,0.0,-0.05535049735231697,-0.042198367003626704,0.013152130348690255,89.0,3.0,0.32168532174731057,0.32168532174731057,1.0,89.0,1.0
gru_shared_mse,lambda3/case4,full,285000001;285000002;285000003,3,0.0,0.0,0.6874848329239156,0.6676725362317092,0.21709068821323496,0.6874848329239156,0.0,0.0,0.31251516707608434,9.29616792724612e-05,0.1257098989565624,0.09128782757740012,0.11020000291296768,0.0,-0.3245591569248441,-0.21435915401187652,0.11020000291296768,1691.0,3.0,0.5331403580050105,0.5331403580050105,1.0,1691.0,1.0
gru_shared_mse,lambda3/case5,full,285000001;285000002;285000003,3,0.0,0.0,0.8148148148148149,0.6419753086419754,0.07278081212290054,0.8148148148148149,0.0,0.0,0.1851851851851852,0.0009396522804534183,0.041962647741539405,0.029878512100907705,0.09740295969409707,0.0,-0.2020040220684475,-0.10460106237435048,0.09740295969409707,24.0,3.0,0.5088493691550361,0.5088493691550361,1.0,24.0,1.0
gru_shared_mse,lambda4,full,285000001;285000002;285000003,18,0.0,0.0,0.5890142090598279,0.5215607581183864,0.07967498543198913,0.5890142090598279,0.0,0.0,0.29987467982906085,0.00028066233659666606,0.04397326649028229,0.03542105660511017,0.09278936234167175,0.0,-0.1981206173822229,-0.10533125504055113,0.09278936234167175,3526.0,16.0,0.3565107521195486,0.3168984463284876,0.8888888888888888,3526.0,0.8888888888888888
gru_shared_mse,lambda4/analytic,full,285000001;285000002;285000003,6,0.0,0.0,0.7004761904761905,0.5777248677248678,0.07226714902685376,0.7004761904761905,0.0,0.0,0.2995238095238095,0.0004782913088091853,0.04075592884858483,0.031032928869459752,0.09250383561250396,0.0,-0.1944493156261545,-0.10194548001365056,0.09250383561250396,115.0,6.0,0.3493362753353422,0.3493362753353422,1.0,115.0,1.0
gru_shared_mse,lambda4/neural,full,285000001;285000002;285000003,6,0.0,0.0,0.5296883958261668,0.5123581011351909,0.09633820602024833,0.5296883958261668,0.0,0.0,0.3036449375071666,8.108613844875436e-05,0.0535088960547928,0.04274822382700677,0.11431910065168799,0.0,-0.2214722176481723,-0.10715311699648432,0.11431910065168799,76.0,5.0,0.333039703745591,0.2775330864546592,0.8333333333333334,76.0,0.8333333333333334
gru_shared_mse,lambda4/period4_hold,full,285000001;285000002;285000003,6,0.0,0.0,0.5368780408771268,0.47459930549510077,0.0704196012488653,0.5368780408771268,0.0,0.0,0.29645529245620655,0.00028260956253205844,0.03765497456746924,0.032482017118864004,0.07154515076082331,0.0,-0.17844031887234188,-0.10689516811151856,0.07154515076082331,3335.0,5.0,0.3885911726345538,0.3238259771954615,0.8333333333333334,3335.0,0.8333333333333334
gru_shared_mse,lambda4/case0,full,285000001;285000002;285000003,3,0.0,0.0,0.5551851851851851,0.5459259259259259,0.10495533110022758,0.5551851851851851,0.0,0.0,0.4448148148148148,7.572473105533895e-05,0.05939902999059424,0.045480576378578,0.15415657193572432,0.0,-0.30209643178515966,-0.14793985984943533,0.15415657193572432,123.0,3.0,0.2706093676884969,0.2706093676884969,1.0,123.0,1.0
gru_shared_mse,lambda4/case1,full,285000001;285000002;285000003,3,0.0,0.0,0.5921888053467,0.5709969367864104,0.09347321548857294,0.5921888053467,0.0,0.0,0.4078111946532999,8.627149165865284e-05,0.04859597012948604,0.04479097386742827,0.14112101693367168,0.0,-0.2514951173656998,-0.11037410043202811,0.14112101693367168,62.0,3.0,0.2951180216463387,0.2951180216463387,1.0,62.0,1.0
gru_shared_mse,lambda4/case2,full,285000001;285000002;285000003,3,0.0,0.0,0.26666666666666666,0.26666666666666666,0.020533905391424887,0.26666666666666666,0.0,0.0,0.06666666666666667,0.0,0.014948684447464366,0.00558522094396052,0.02965670691596137,0.0,-0.03453876707288953,-0.004882060156928168,0.02965670691596137,5.0,1.0,0.6316324234008789,0.2105441411336263,0.3333333333333333,5.0,0.3333333333333333
gru_shared_mse,lambda4/case3,full,285000001;285000002;285000003,3,0.0,0.0,0.5779574068099717,0.5644115456460871,0.09022380774297138,0.5779574068099717,0.0,0.0,0.4220425931900284,5.570085162044718e-05,0.04822349865962172,0.041944608231729213,0.08061599767435101,0.0,-0.21821501589170675,-0.13759901821735573,0.08061599767435101,1670.0,3.0,0.5002598519880259,0.5002598519880259,1.0,1670.0,1.0
gru_shared_mse,lambda4/case4,full,285000001;285000002;285000003,3,0.0,0.0,0.8031746031746031,0.665079365079365,0.07121461679424368,0.8031746031746031,0.0,0.0,0.19682539682539682,0.0010096610297610131,0.031172896370968834,0.039032059393513834,0.07767194869026305,0.0,-0.13356377889239598,-0.05589183020213293,0.07767194869026305,18.0,3.0,0.18480855850946334,0.18480855850946334,1.0,18.0,1.0
gru_shared_mse,lambda4/case5,full,285000001;285000002;285000003,3,0.0,0.0,0.7389125871758413,0.5162841086058636,0.09764903607449432,0.7389125871758413,0.0,0.0,0.2610874128241587,0.00045661591548454413,0.06149951934355855,0.03569290081545121,0.07351393190005902,0.0,-0.24881459328548564,-0.17530066138542663,0.07351393190005902,1648.0,3.0,0.4400507370049746,0.4400507370049746,1.0,1648.0,1.0
gru_shared_mse,overall,initial,285000001;285000002;285000003,36,0.0,0.0,0.7623456790123457,0.5802469135802469,0.027449340201701495,0.7623456790123457,0.0,0.0,0.18209876543209877,0.0008708530236934512,0.013194980654472742,0.013383506523535304,0.026483669693087353,0.0,-0.08077341980404325,-0.05428975011095588,0.026483669693087353,96.0,34.0,0.20370913486854705,0.1923919607091833,0.9444444444444443,96.0,0.9444444444444443
gru_shared_mse,lambda3,initial,285000001;285000002;285000003,18,0.0,0.0,0.8703703703703703,0.6419753086419752,0.029976258298807696,0.8703703703703703,0.0,0.0,0.12962962962962962,0.0009988895488973351,0.014243178786482564,0.014734189963427805,0.0270420209861096,0.0,-0.08056060473124187,-0.05351858374513226,0.0270420209861096,52.0,18.0,0.24361453232941802,0.24361453232941802,1.0,52.0,1.0
gru_shared_mse,lambda3/analytic,initial,285000001;285000002;285000003,6,0.0,0.0,0.8703703703703703,0.6851851851851851,0.02939179462095004,0.8703703703703703,0.0,0.0,0.12962962962962962,0.0006283526510333946,0.012596306667243576,0.016167135302673066,0.018544877016985855,0.0,-0.0614992689203333,-0.04295439190334744,0.018544877016985855,16.0,6.0,0.22211922539605036,0.22211922539605036,1.0,16.0,1.0
gru_shared_mse,lambda3/neural,initial,285000001;285000002;285000003,6,0.0,0.0,0.888888888888889,0.7037037037037037,0.03886276303958038,0.888888888888889,0.0,0.0,0.1111111111111111,0.0006283526510333946,0.01662309910420845,0.021611311284338533,0.033751099197952834,0.0,-0.0731189869068287,-0.03936788770887587,0.033751099197952834,18.0,6.0,0.31041733423868817,0.31041733423868817,1.0,18.0,1.0
gru_shared_mse,lambda3/period4_hold,initial,285000001;285000002;285000003,6,0.0,0.0,0.8518518518518517,0.5370370370370371,0.021674217235892686,0.8518518518518517,0.0,0.0,0.14814814814814814,0.0017399633446252161,0.013510130587995661,0.006424123303271808,0.028830086743390118,0.0,-0.10706355836656357,-0.07823347162317347,0.028830086743390118,18.0,6.0,0.19830703735351562,0.19830703735351562,1.0,18.0,1.0
gru_shared_mse,lambda3/case0,initial,285000001;285000002;285000003,3,0.0,0.0,0.9629629629629629,0.7407407407407408,0.025436742757476708,0.9629629629629629,0.0,0.0,0.037037037037037035,0.00046077818094798,0.010968665043879743,0.014007299532648983,0.006257375081380208,0.0,-0.040182890715422456,-0.033925515634042246,0.006257375081380208,9.0,3.0,0.13317786322699654,0.13317786322699654,1.0,9.0,1.0
gru_shared_mse,lambda3/case1,initial,285000001;285000002;285000003,3,0.0,0.0,0.9629629629629629,0.6666666666666666,0.03362361750453568,0.9629629629629629,0.0,0.0,0.037037037037037035,0.0015780037793117826,0.012817743532629586,0.01922787019259431,0.008103653236671731,0.0,-0.06144188068531178,-0.05333822744864005,0.008103653236671731,9.0,3.0,0.2003728018866645,0.2003728018866645,1.0,9.0,1.0
gru_shared_mse,lambda3/case2,initial,285000001;285000002;285000003,3,0.0,0.0,0.6666666666666666,0.6666666666666666,0.04435714912515228,0.6666666666666666,0.0,0.0,0.3333333333333333,0.00041455029203571367,0.020619447274558795,0.02332315155855777,0.052362918853759766,0.0,-0.10062360763549805,-0.04826068878173828,0.052362918853759766,7.0,3.0,0.24862946404351127,0.24862946404351127,1.0,7.0,1.0
gru_shared_mse,lambda3/case3,initial,285000001;285000002;285000003,3,0.0,0.0,0.7777777777777777,0.4444444444444444,0.01875596208224629,0.7777777777777777,0.0,0.0,0.2222222222222222,0.0009724665877810265,0.008683255652209078,0.00910023984225619,0.009852091471354166,0.0,-0.07749331438982929,-0.06764122291847512,0.009852091471354166,9.0,3.0,0.06085925632052951,0.06085925632052951,1.0,9.0,1.0
gru_shared_mse,lambda3/case4,initial,285000001;285000002;285000003,3,0.0,0.0,0.9629629629629629,0.6666666666666666,0.01588688476062072,0.9629629629629629,0.0,0.0,0.037037037037037035,0.0015780037793117826,0.008320008221180277,0.005988872760128658,0.008103653236671731,0.0,-0.06144188068531178,-0.05333822744864005,0.008103653236671731,9.0,3.0,0.28999000125461155,0.28999000125461155,1.0,9.0,1.0
gru_shared_mse,lambda3/case5,initial,285000001;285000002;285000003,3,0.0,0.0,0.8888888888888888,0.6666666666666666,0.04179719356281453,0.8888888888888888,0.0,0.0,0.1111111111111111,0.0009895346739957251,0.024049952994437893,0.016757705894380907,0.07757243403682003,0.0,-0.14218005427607783,-0.06460762023925781,0.07757243403682003,9.0,3.0,0.5286578072441949,0.5286578072441949,1.0,9.0,1.0
gru_shared_mse,lambda4,initial,285000001;285000002;285000003,18,0.0,0.0,0.654320987654321,0.5185185185185185,0.024922422104595294,0.654320987654321,0.0,0.0,0.23456790123456792,0.0007428164984895672,0.012146782522462922,0.012032823083642806,0.025925318400065105,0.0,-0.08098623487684463,-0.05506091647677952,0.025925318400065105,44.0,16.0,0.15881556272506717,0.14116938908894858,0.8888888888888888,44.0,0.8888888888888888
gru_shared_mse,lambda4/analytic,initial,285000001;285000002;285000003,6,0.0,0.0,0.7962962962962963,0.648148148148148,0.027991611964882552,0.7962962962962963,0.0,0.0,0.2037037037037037,0.0008604653056920597,0.013116280691473615,0.01401486596771688,0.017232594666657625,0.0,-0.06501888345789027,-0.047786288791232645,0.017232594666657625,16.0,6.0,0.25325144661797416,0.25325144661797416,1.0,16.0,1.0
gru_shared_mse,lambda4/neural,initial,285000001;285000002;285000003,6,0.0,0.0,0.5740740740740741,0.5,0.022733930782475525,0.5740740740740741,0.0,0.0,0.25925925925925924,0.0003041478639968571,0.009976915226226775,0.012452867692251892,0.03022693704675745,0.0,-0.07048361389725297,-0.04025667685049552,0.03022693704675745,15.0,5.0,0.11213715871175128,0.09344763225979275,0.8333333333333334,15.0,0.8333333333333334
gru_shared_mse,lambda4/period4_hold,initial,285000001;285000002;285000003,6,0.0,0.0,0.5925925925925926,0.4074074074074074,0.02404172356642781,0.5925925925925926,0.0,0.0,0.2407407407407407,0.001063836325779785,0.013347151649688376,0.009630735590959645,0.030316423486780236,0.0,-0.10745620727539062,-0.07713978378861039,0.030316423486780236,13.0,5.0,0.09217090606689453,0.07680908838907878,0.8333333333333334,13.0,0.8333333333333334
gru_shared_mse,lambda4/case0,initial,285000001;285000002;285000003,3,0.0,0.0,0.6666666666666666,0.6666666666666666,0.03166161450526824,0.6666666666666666,0.0,0.0,0.3333333333333333,0.0,0.014923785789539614,0.016737828715728636,0.018934320520471642,0.0,-0.057597548873336235,-0.038663228352864586,0.018934320520471642,9.0,3.0,0.06453874376085068,0.06453874376085068,1.0,9.0,1.0
gru_shared_mse,lambda4/case1,initial,285000001;285000002;285000003,3,0.0,0.0,0.7037037037037036,0.5555555555555555,0.0276191311111823,0.7037037037037036,0.0,0.0,0.2962962962962963,0.0005885601558643597,0.015783511748067112,0.01124705920725083,0.06134979813187211,0.0,-0.11155446370442708,-0.05020466557255498,0.06134979813187211,9.0,3.0,0.14531559414333767,0.14531559414333767,1.0,9.0,1.0
gru_shared_mse,lambda4/case2,initial,285000001;285000002;285000003,3,0.0,0.0,0.25925925925925924,0.25925925925925924,0.009576551520103328,0.25925925925925924,0.0,0.0,0.07407407407407407,0.0,0.004809967710463702,0.004766583809639627,7.064254195601851e-08,0.0,-0.006055019519947194,-0.006054948877405237,7.064254195601851e-08,3.0,1.0,0.5127134323120118,0.17090447743733725,0.3333333333333333,3.0,0.3333333333333333
gru_shared_mse,lambda4/case3,initial,285000001;285000002;285000003,3,0.0,0.0,0.5185185185185185,0.3703703703703703,0.02495577030398029,0.5185185185185185,0.0,0.0,0.4814814814814814,0.0005700728864515744,0.0113187435869501,0.013066953830578617,0.03562884860568576,0.0,-0.13497967190212673,-0.09935082329644097,0.03562884860568576,9.0,3.0,0.08235804239908855,0.08235804239908855,1.0,9.0,1.0
gru_shared_mse,lambda4/case4,initial,285000001;285000002;285000003,3,0.0,0.0,0.9259259259259259,0.7407407407407408,0.023029238441592024,0.9259259259259259,0.0,0.0,0.07407407407407407,0.0017578460592883656,0.01122267901873194,0.01004871336357172,0.017698853104202838,0.0,-0.04743003845214844,-0.029731185347945596,0.017698853104202838,7.0,3.0,0.14707925584581164,0.14707925584581164,1.0,7.0,1.0
gru_shared_mse,lambda4/case5,initial,285000001;285000002;285000003,3,0.0,0.0,0.8518518518518517,0.5185185185185185,0.03269222674544558,0.8518518518518517,0.0,0.0,0.14814814814814814,0.0015404198893331038,0.014822007281025064,0.016329799575087404,0.02194001939561632,0.0,-0.12830066680908203,-0.10636064741346572,0.02194001939561632,7.0,3.0,0.23682022094726562,0.23682022094726562,1.0,7.0,1.0
gru_shared_mse,overall,postcorrection,285000001;285000002;285000003,36,0.0,0.0,0.4604607415765827,0.4582030198744165,0.11134438977343507,0.4604607415765827,0.0,0.0,0.3450948139789729,3.8465527643702383e-05,0.06643577399321339,0.04487015025257798,0.12000066367484036,0.0,-0.2581144393119144,-0.13811377563707405,0.12000066367484036,10237.0,29.0,0.44996086664638774,0.3624684759095902,0.8055555555555557,10237.0,0.8055555555555557
gru_shared_mse,lambda3,postcorrection,285000001;285000002;285000003,18,0.0,0.0,0.4804222858484124,0.47776095540930424,0.12859248243068003,0.4804222858484124,0.0,0.0,0.35291104748492086,6.058303099341824e-05,0.07859623169878163,0.04993566770090498,0.11734050748418068,0.0,-0.27290330737580715,-0.15556279989162647,0.11734050748418068,6755.0,15.0,0.4817243267144927,0.40143693892874394,0.8333333333333334,6755.0,0.8333333333333334
gru_shared_mse,lambda3/analytic,postcorrection,285000001;285000002;285000003,6,0.0,0.0,0.37765522875817,0.37765522875817,0.05415126017726259,0.37765522875817,0.0,0.0,0.2890114379084967,0.0,0.029862320871787657,0.024288939305474933,0.07999163662599496,0.0,-0.14413210112241703,-0.06414046449642209,0.07999163662599496,87.0,4.0,0.4004642053756839,0.2669761369171226,0.6666666666666666,87.0,0.6666666666666666
gru_shared_mse,lambda3/neural,postcorrection,285000001;285000002;285000003,6,0.0,0.0,0.43965608465608463,0.43965608465608463,0.13734414385071306,0.43965608465608463,0.0,0.0,0.3936772486772487,0.0,0.08724545839923244,0.050098685451480635,0.22663453152570776,0.0,-0.35546749039301795,-0.12883295886731022,0.22663453152570776,82.0,5.0,0.5007663907777695,0.4173053256481413,0.8333333333333334,82.0,0.8333333333333334
gru_shared_mse,lambda3/period4_hold,postcorrection,285000001;285000002;285000003,6,0.0,0.0,0.6239555441309826,0.615971552813658,0.19428204326406442,0.6239555441309826,0.0,0.0,0.37604445586901725,0.00018174909298025472,0.11868091582532479,0.07541937834575936,0.04539535430083932,0.0,-0.3191103306119864,-0.27371497631114705,0.04539535430083932,6586.0,6.0,0.520029354220968,0.520029354220968,1.0,6586.0,1.0
gru_shared_mse,lambda3/case0,postcorrection,285000001;285000002;285000003,3,0.0,0.0,0.6480132793858284,0.6476741123799947,0.12947535162406215,0.6480132793858284,0.0,0.0,0.3519867206141716,8.851706946917458e-06,0.0744807164844387,0.05498578343267652,0.0800042275157808,0.0,-0.2509329516807353,-0.1709287241649545,0.0800042275157808,1697.0,3.0,0.4552745856187123,0.4552745856187123,1.0,1697.0,1.0
gru_shared_mse,lambda3/case1,postcorrection,285000001;285000002;285000003,3,0.0,0.0,0.19692036358703024,0.1968525301858635,0.07945960920611052,0.19692036358703024,0.0,0.0,0.8030796364129698,1.3021824471922822e-06,0.05154381412568814,0.02791449289797519,0.15532242260411383,0.0,-0.3637056575185682,-0.2083832349144544,0.15532242260411383,1640.0,3.0,0.3635385063881305,0.3635385063881305,1.0,1640.0,1.0
gru_shared_mse,lambda3/case2,postcorrection,285000001;285000002;285000003,3,0.0,0.0,0.31250847917514585,0.31244064577397906,0.24251585977403314,0.31250847917514585,0.0,0.0,0.3541581874915208,3.700580470009106e-07,0.16342959258026835,0.07908589713571777,0.2946411340502867,0.0,-0.5162519025456517,-0.22161076849536485,0.2946411340502867,1641.0,2.0,0.876701663956683,0.584467775971122,0.6666666666666666,1641.0,0.6666666666666666
gru_shared_mse,lambda3/case3,postcorrection,285000001;285000002;285000003,3,0.0,0.0,0.8573684210526317,0.8573684210526317,0.04625248941830307,0.8573684210526317,0.0,0.0,0.14263157894736841,0.0,0.02270331037898808,0.023549179039314985,0.013757734342083055,0.0,-0.05234688027637821,-0.03858914593429516,0.013757734342083055,80.0,3.0,0.35242879969799495,0.35242879969799495,1.0,80.0,1.0
gru_shared_mse,lambda3/case4,postcorrection,285000001;285000002;285000003,3,0.0,0.0,0.6603157644824311,0.6596374304707638,0.2296758467414529,0.6603157644824311,0.0,0.0,0.3396842355175688,7.5858599041995795e-06,0.13306495651148845,0.09660330437006022,0.12327577220004345,0.0,-0.34541987892067944,-0.222144106720636,0.12327577220004345,1682.0,3.0,0.5509452192483514,0.5509452192483514,1.0,1682.0,1.0
gru_shared_mse,lambda3/case5,postcorrection,285000001;285000002;285000003,3,0.0,0.0,0.2074074074074074,0.19259259259259257,0.04417573782011841,0.2074074074074074,0.0,0.0,0.1259259259259259,0.0003453883786151992,0.02635500011181806,0.017475349329685145,0.03704175419277615,0.0,-0.10876257331283003,-0.07172081912005389,0.03704175419277615,15.0,1.0,0.3059002399444581,0.10196674664815268,0.3333333333333333,15.0,0.3333333333333333
gru_shared_mse,lambda4,postcorrection,285000001;285000002;285000003,18,0.0,0.0,0.4404991973047529,0.4386450843395287,0.09409629711619011,0.4404991973047529,0.0,0.0,0.3372785804730249,1.6348024293986524e-05,0.05427531628764515,0.03980463280425097,0.12266081986550004,0.0,-0.2433255712480217,-0.12066475138252164,0.12266081986550004,3482.0,14.0,0.4159285880019896,0.3235000128904364,0.7777777777777778,3482.0,0.7777777777777778
gru_shared_mse,lambda4/analytic,postcorrection,285000001;285000002;285000003,6,0.0,0.0,0.482253086419753,0.482253086419753,0.08455122342219794,0.482253086419753,0.0,0.0,0.35108024691358025,0.0,0.05074902641276422,0.033802197009433724,0.13843472026012563,0.0,-0.2419535300613921,-0.10351880980126653,0.13843472026012563,99.0,5.0,0.3801871485180325,0.31682262376502707,0.8333333333333334,99.0,0.8333333333333334
gru_shared_mse,lambda4/neural,postcorrection,285000001;285000002;285000003,6,0.0,0.0,0.4786706349206349,0.47602513227513227,0.12631512697957936,0.4786706349206349,0.0,0.0,0.3546626984126984,2.163563744438256e-05,0.07399297972446452,0.052300511617670485,0.15165571245566878,0.0,-0.30453523205070904,-0.15287951959504023,0.15165571245566878,61.0,5.0,0.39443926499003457,0.32869938749169547,0.8333333333333334,61.0,0.8333333333333334
gru_shared_mse,lambda4/period4_hold,postcorrection,285000001;285000002;285000003,6,0.0,0.0,0.3605738705738706,0.35765703432370094,0.071422540946793,0.3605738705738706,0.0,0.0,0.3060927960927961,2.740843543757701e-05,0.038083942725706726,0.03331118978564869,0.07789202688070573,0.0,-0.18348795163196394,-0.10559592475125819,0.07789202688070573,3322.0,4.0,0.48746704112188,0.32497802741458665,0.6666666666666666,3322.0,0.6666666666666666
gru_shared_mse,lambda4/case0,postcorrection,285000001;285000002;285000003,3,0.0,0.0,0.5421075837742504,0.5315255731922398,0.11128793316046288,0.5421075837742504,0.0,0.0,0.45789241622574955,8.654254977753024e-05,0.06294893841104583,0.04825245219963952,0.167978351814196,0.0,-0.3273753723559977,-0.1593970205418017,0.167978351814196,114.0,3.0,0.29143181679740787,0.29143181679740787,1.0,114.0,1.0
gru_shared_mse,lambda4/case1,postcorrection,285000001;285000002;285000003,3,0.0,0.0,0.5749074074074074,0.5749074074074074,0.10553971463839185,0.5749074074074074,0.0,0.0,0.4250925925925926,0.0,0.05446062898251693,0.05107908565587491,0.15413244229775888,0.0,-0.2755774000838951,-0.12144495778613622,0.15413244229775888,53.0,3.0,0.32294171161121793,0.32294171161121793,1.0,53.0,1.0
gru_shared_mse,lambda4/case2,postcorrection,285000001;285000002;285000003,3,0.0,0.0,0.27777777777777773,0.27777777777777773,0.03696993619840722,0.27777777777777773,0.0,0.0,0.05555555555555555,0.0,0.03015675955296536,0.006813176645441861,0.0741416613260905,0.0,-0.07726438840230306,-0.003122727076212565,0.0741416613260905,2.0,1.0,0.8100109100341797,0.2700036366780599,0.3333333333333333,2.0,0.3333333333333333
gru_shared_mse,lambda4/case3,postcorrection,285000001;285000002;285000003,3,0.0,0.0,0.580721747388414,0.5803825803825804,0.10261573052642557,0.580721747388414,0.0,0.0,0.4192782526115859,4.888148712581685e-06,0.05536782245347002,0.04724301992424296,0.0931807948394411,0.0,-0.24046173118021508,-0.147280936340774,0.0931807948394411,1661.0,3.0,0.5517800985481082,0.5517800985481082,1.0,1661.0,1.0
gru_shared_mse,lambda4/case4,postcorrection,285000001;285000002;285000003,3,0.0,0.0,0.373015873015873,0.373015873015873,0.09109694100983767,0.373015873015873,0.0,0.0,0.29365079365079366,0.0,0.039791894225895845,0.05130504678394182,0.12154587488325815,0.0,-0.18635095868791854,-0.06480508380466037,0.12154587488325815,11.0,2.0,0.2778713362557548,0.1852475575038365,0.6666666666666666,11.0,0.6666666666666666
gru_shared_mse,lambda4/case5,postcorrection,285000001;285000002;285000003,3,0.0,0.0,0.29446479446479445,0.29426129426129427,0.11706752716361546,0.29446479446479445,0.0,0.0,0.37220187220187223,6.657447273807218e-06,0.08292585409997692,0.03413501561636473,0.12498579403225561,0.0,-0.3529235767778007,-0.22793778274554508,0.12498579403225561,1641.0,2.0,0.4793928843059819,0.31959525620398793,0.6666666666666666,1641.0,0.6666666666666666
gru_shared_mse,overall,post_age1,285000001;285000002;285000003,36,0.0,0.0,0.5325866006421562,0.5298223895446118,0.07892030016591962,0.5325866006421562,0.0,0.0,0.27296895491339934,2.373582769239603e-05,0.038527245096745565,0.04036931924148166,0.06140041564030363,0.0,-0.14019511659344389,-0.07879470095314024,0.06140041564030363,3421.0,29.0,0.4459472202897337,0.35923526078895224,0.8055555555555557,3421.0,0.8055555555555557
gru_shared_mse,lambda3,post_age1,285000001;285000002;285000003,18,0.0,0.0,0.57332790666124,0.5732261565594899,0.09757588024337101,0.57332790666124,0.0,0.0,0.2600054266720933,2.7587547396435324e-06,0.04630659981271965,0.051266521675911704,0.06271614411714653,0.0,-0.1349061007076616,-0.07218995659051507,0.06271614411714653,2257.0,15.0,0.5097150998965578,0.42476258324713156,0.8333333333333334,2257.0,0.8333333333333334
gru_shared_mse,lambda3/analytic,post_age1,285000001;285000002;285000003,6,0.0,0.0,0.36111111111111116,0.36111111111111116,0.05323511073240644,0.36111111111111116,0.0,0.0,0.3055555555555556,0.0,0.031234804607248978,0.022000306125157465,0.0816709906966598,0.0,-0.13877446121639675,-0.057103470519736965,0.0816709906966598,31.0,4.0,0.43187985817591346,0.28791990545060897,0.6666666666666666,31.0,0.6666666666666666
gru_shared_mse,lambda3/neural,post_age1,285000001;285000002;285000003,6,0.0,0.0,0.5777777777777778,0.5777777777777778,0.06719358119192713,0.5777777777777778,0.0,0.0,0.25555555555555554,0.0,0.0315339643366112,0.03565961685531593,0.05769137453149866,0.0,-0.11461637285020616,-0.05692499831870751,0.05769137453149866,30.0,5.0,0.3637093083063761,0.30309109025531344,0.8333333333333334,30.0,0.8333333333333334
gru_shared_mse,lambda3/period4_hold,post_age1,285000001;285000002;285000003,6,0.0,0.0,0.7810948310948311,0.7807895807895808,0.17229894880577945,0.7810948310948311,0.0,0.0,0.2189051689051689,8.276264218930597e-06,0.07615103049429878,0.09613964204726173,0.04878606712328112,0.0,-0.15132746805638184,-0.10254140093310073,0.04878606712328112,2196.0,6.0,0.6832767540354724,0.6832767540354724,1.0,2196.0,1.0
gru_shared_mse,lambda3/case0,post_age1,285000001;285000002;285000003,3,0.0,0.0,0.7541378374711707,0.7539343372676705,0.10586220614972547,0.7541378374711707,0.0,0.0,0.2458621625288292,5.7261751197852906e-06,0.05102547368642842,0.05483100628817725,0.07945477095634865,0.0,-0.124443216428005,-0.04498844547165635,0.07945477095634865,567.0,3.0,0.5691081978559591,0.5691081978559591,1.0,567.0,1.0
gru_shared_mse,lambda3/case1,post_age1,285000001;285000002;285000003,3,0.0,0.0,0.27004477004477007,0.27004477004477007,0.0709046508763198,0.27004477004477007,0.0,0.0,0.72995522995523,0.0,0.03823577813999319,0.032668872736326605,0.1501559711443878,0.0,-0.28399054092947523,-0.13383456978508743,0.1501559711443878,548.0,3.0,0.4617037082475329,0.4617037082475329,1.0,548.0,1.0
gru_shared_mse,lambda3/case2,post_age1,285000001;285000002;285000003,3,0.0,0.0,0.5268620268620269,0.5268620268620269,0.1394587329984439,0.5268620268620269,0.0,0.0,0.1398046398046398,0.0,0.056735720690456994,0.0827230123079869,0.05971069087524166,0.0,-0.10554748805111679,-0.045836797175875126,0.05971069087524166,547.0,2.0,0.6326320615661887,0.42175470771079243,0.6666666666666666,547.0,0.6666666666666666
gru_shared_mse,lambda3/case3,post_age1,285000001;285000002;285000003,3,0.0,0.0,0.8602292768959435,0.8602292768959435,0.04229053377281997,0.8602292768959435,0.0,0.0,0.13977072310405644,0.0,0.020848173610772472,0.021442360162047504,0.015349122372043616,0.0,-0.0496525167367656,-0.03430339436472198,0.015349122372043616,28.0,3.0,0.3426652320478328,0.3426652320478328,1.0,28.0,1.0
gru_shared_mse,lambda3/case4,post_age1,285000001;285000002;285000003,3,0.0,0.0,0.850915750915751,0.8505087505087506,0.17792491796886933,0.850915750915751,0.0,0.0,0.14908424908424908,1.0826353318075903e-05,0.07286320143613256,0.10505089017941867,0.049501324825574095,0.0,-0.09842555773272765,-0.04892423290715355,0.049501324825574095,562.0,3.0,0.689074444712591,0.689074444712591,1.0,562.0,1.0
gru_shared_mse,lambda3/case5,post_age1,285000001;285000002;285000003,3,0.0,0.0,0.17777777777777778,0.17777777777777778,0.04901423969404759,0.17777777777777778,0.0,0.0,0.15555555555555556,0.0,0.038131251312534274,0.010882988381513312,0.022124984529283312,0.0,-0.14737728436787925,-0.1252522998385959,0.022124984529283312,5.0,1.0,0.1928076267242432,0.06426920890808106,0.3333333333333333,5.0,0.3333333333333333
gru_shared_mse,lambda4,post_age1,285000001;285000002;285000003,18,0.0,0.0,0.4918452946230724,0.4864186225297336,0.060264720088468234,0.4918452946230724,0.0,0.0,0.2859324831547054,4.471290064514852e-05,0.03074789038077148,0.029472116807051613,0.06008468716346075,0.0,-0.14548413247922617,-0.08539944531576542,0.06008468716346075,1164.0,14.0,0.3776244921395651,0.29370793833077286,0.7777777777777778,1164.0,0.7777777777777778
gru_shared_mse,lambda4/analytic,post_age1,285000001;285000002;285000003,6,0.0,0.0,0.5787037037037037,0.5787037037037037,0.054270735491650575,0.5787037037037037,0.0,0.0,0.25462962962962965,0.0,0.03153869715762374,0.022732038334026844,0.06891441345214844,0.0,-0.1371785865889655,-0.06826417313681708,0.06891441345214844,34.0,5.0,0.4116061329841613,0.34300511082013446,0.8333333333333334,34.0,0.8333333333333334
gru_shared_mse,lambda4/neural,post_age1,285000001;285000002;285000003,6,0.0,0.0,0.5407407407407407,0.5328042328042327,0.07338622182795487,0.5407407407407407,0.0,0.0,0.29259259259259257,6.490691233314767e-05,0.035102205049595075,0.038219109866026654,0.06479494584300531,0.0,-0.14255940750162438,-0.07776446165861907,0.06479494584300531,22.0,5.0,0.3642881111871628,0.30357342598930237,0.8333333333333334,22.0,0.8333333333333334
gru_shared_mse,lambda4/period4_hold,post_age1,285000001;285000002;285000003,6,0.0,0.0,0.3560914394247727,0.3477479310812644,0.05313720294579927,0.3560914394247727,0.0,0.0,0.3105752272418939,6.92317896022979e-05,0.025602768935095627,0.02746520222110134,0.046544702195228486,0.0,-0.1567144033470886,-0.11016970115186014,0.046544702195228486,1108.0,4.0,0.3518179172743226,0.2345452781828817,0.6666666666666666,1108.0,0.6666666666666666
gru_shared_mse,lambda4/case0,post_age1,285000001;285000002;285000003,3,0.0,0.0,0.578042328042328,0.5462962962962963,0.08738968323880965,0.578042328042328,0.0,0.0,0.4219576719576719,0.0002596276493325907,0.045512415350794366,0.04161764023868272,0.12151136852446058,0.0,-0.27316978810325504,-0.15165841957879445,0.12151136852446058,38.0,3.0,0.28591740415209815,0.28591740415209815,1.0,38.0,1.0
gru_shared_mse,lambda4/case1,post_age1,285000001;285000002;285000003,3,0.0,0.0,0.5679012345679012,0.5679012345679012,0.07483550757330028,0.5679012345679012,0.0,0.0,0.43209876543209874,0.0,0.0431937488648558,0.03164175870844447,0.11360680615460432,0.0,-0.253417980523757,-0.1398111743691527,0.11360680615460432,19.0,3.0,0.34061234085648145,0.34061234085648145,1.0,19.0,1.0
gru_shared_mse,lambda4/case2,post_age1,285000001;285000002;285000003,3,0.0,0.0,0.3333333333333333,0.3333333333333333,0.010372776365037516,0.3333333333333333,0.0,0.0,0.0,0.0,0.004736513183184836,0.00563626318185268,0.0,0.0,0.0,0.0,0.0,1.0,1.0,0.7158637046813965,0.23862123489379883,0.3333333333333333,1.0,0.3333333333333333
gru_shared_mse,lambda4/case3,post_age1,285000001;285000002;285000003,3,0.0,0.0,0.6952380952380953,0.6946275946275947,0.06489350198916485,0.6952380952380953,0.0,0.0,0.3047619047619048,6.696813074841971e-06,0.03217343010975712,0.03271337506633288,0.017678000638773155,0.0,-0.10624369065063873,-0.0885656900118656,0.017678000638773155,554.0,3.0,0.4269374605500218,0.4269374605500218,1.0,554.0,1.0
gru_shared_mse,lambda4/case4,post_age1,285000001;285000002;285000003,3,0.0,0.0,0.3518518518518518,0.3518518518518518,0.06713906825149253,0.3518518518518518,0.0,0.0,0.3148148148148148,0.0,0.03455049465291208,0.03258857359858043,0.09448538886176217,0.0,-0.1703216411449291,-0.07583625228316695,0.09448538886176217,5.0,2.0,0.2720497449239096,0.1813664966159397,0.6666666666666666,5.0,0.6666666666666666
gru_shared_mse,lambda4/case5,post_age1,285000001;285000002;285000003,3,0.0,0.0,0.42470492470492466,0.4245014245014245,0.05695778311300462,0.42470492470492466,0.0,0.0,0.24196174196174194,1.9529414634584474e-06,0.024320740123124674,0.032635090048416485,0.013226558801164266,0.0,-0.06975169445277717,-0.056525135651612886,0.013226558801164266,547.0,2.0,0.43318903937444586,0.2887926929162972,0.6666666666666666,547.0,0.6666666666666666
gru_shared_mse,overall,post_age2,285000001;285000002;285000003,36,0.0,0.0,0.3927435219101885,0.3906881698548365,0.12566034546785151,0.3927435219101885,0.0,0.0,0.3572564780898115,4.259437727422387e-05,0.08397610318114168,0.04164164790943561,0.12615243347648666,0.0,-0.31559525457814996,-0.1894428211016633,0.12615243347648666,3409.0,27.0,0.4400901283183289,0.33006759623874665,0.75,3409.0,0.75
gru_shared_mse,lambda3,post_age2,285000001;285000002;285000003,18,0.0,0.0,0.3578110161443495,0.35380206213539545,0.15335069962907813,0.3578110161443495,0.0,0.0,0.36441120607787275,8.178752160102955e-05,0.1131372519182084,0.040131660189268704,0.11061450423052756,0.0,-0.3709483805819482,-0.26033387635142063,0.11061450423052756,2249.0,13.0,0.3890097936369041,0.28095151762665294,0.7222222222222222,2249.0,0.7222222222222222
gru_shared_mse,lambda3/analytic,post_age2,285000001;285000002;285000003,6,0.0,0.0,0.3814814814814815,0.3814814814814815,0.04130317231047904,0.3814814814814815,0.0,0.0,0.11851851851851852,0.0,0.023026847297730777,0.018276325012748257,0.03792629948368779,0.0,-0.08456734045587405,-0.046641040972186264,0.03792629948368779,28.0,3.0,0.44141305191348296,0.22070652595674148,0.5,28.0,0.5
gru_shared_mse,lambda3/neural,post_age2,285000001;285000002;285000003,6,0.0,0.0,0.38425925925925924,0.38425925925925924,0.15760344456511186,0.38425925925925924,0.0,0.0,0.2824074074074074,0.0,0.11119486904720448,0.04640857551790739,0.24633318774494126,0.0,-0.38445437763944085,-0.13812118989449962,0.24633318774494126,26.0,4.0,0.7182243102126651,0.4788162068084434,0.6666666666666666,26.0,0.6666666666666666
gru_shared_mse,lambda3/period4_hold,post_age2,285000001;285000002;285000003,6,0.0,0.0,0.3076923076923077,0.29566544566544567,0.2611454820116435,0.3076923076923077,0.0,0.0,0.6923076923076924,0.00024536256480308863,0.20519003940968994,0.055710080037150465,0.04758402546295365,0.0,-0.6438234236505297,-0.5962393981875761,0.04758402546295365,2195.0,6.0,0.14333182011477386,0.14333182011477386,1.0,2195.0,1.0
gru_shared_mse,lambda3/case0,post_age2,285000001;285000002;285000003,3,0.0,0.0,0.44378306878306883,0.4433760683760684,0.16779149047518968,0.44378306878306883,0.0,0.0,0.5562169312169313,8.027879229562435e-06,0.12236556884438347,0.04541789375157668,0.08007806954366384,0.0,-0.4547670880093375,-0.3746890184656737,0.08007806954366384,565.0,3.0,0.270785442446879,0.270785442446879,1.0,565.0,1.0
gru_shared_mse,lambda3/case1,post_age2,285000001;285000002;285000003,3,0.0,0.0,0.0343915343915344,0.034188034188034185,0.07030106466241993,0.0343915343915344,0.0,0.0,0.29894179894179895,3.906547341576847e-06,0.06116075077921348,0.009136407335864892,0.015811767285074895,0.0,-0.2564795671025572,-0.24066779981748235,0.015811767285074895,546.0,1.0,0.05867935012985062,0.019559783376616874,0.3333333333333333,546.0,0.3333333333333333
gru_shared_mse,lambda3/case2,post_age2,285000001;285000002;285000003,3,0.0,0.0,0.13675213675213674,0.13654863654863655,0.3348489047585727,0.13675213675213674,0.0,0.0,0.5299145299145299,1.1101741410027318e-06,0.25566383181034075,0.079183962774091,0.4080453091731244,0.0,-0.7963945741667028,-0.3883492649935783,0.4080453091731244,547.0,2.0,0.9194785535553873,0.6129857023702582,0.6666666666666666,547.0,0.6666666666666666
gru_shared_mse,lambda3/case3,post_age2,285000001;285000002;285000003,3,0.0,0.0,0.8564814814814815,0.8564814814814815,0.046122134594405666,0.8564814814814815,0.0,0.0,0.14351851851851852,0.0,0.021999693434344283,0.024122441160061372,0.008916024808530454,0.0,-0.05144543117947049,-0.04252940637094003,0.008916024808530454,26.0,3.0,0.33710331386990017,0.33710331386990017,1.0,26.0,1.0
gru_shared_mse,lambda3/case4,post_age2,285000001;285000002;285000003,3,0.0,0.0,0.45323565323565324,0.45221815221815226,0.25825391399242054,0.45323565323565324,0.0,0.0,0.5467643467643467,7.170401140494896e-06,0.1958172712448778,0.06242947234640229,0.10834510733291715,0.0,-0.5755728028228465,-0.4672276954899292,0.10834510733291715,560.0,3.0,0.347599317685928,0.347599317685928,1.0,560.0,1.0
gru_shared_mse,lambda3/case5,post_age2,285000001;285000002;285000003,3,0.0,0.0,0.2222222222222222,0.19999999999999998,0.04278668929146016,0.2222222222222222,0.0,0.0,0.1111111111111111,0.0004705101277535404,0.021816395396090607,0.02049978376761601,0.0424907472398546,0.0,-0.09103082021077474,-0.04854007297092014,0.0424907472398546,5.0,1.0,0.29302663803100587,0.09767554601033529,0.3333333333333333,5.0,0.3333333333333333
gru_shared_mse,lambda4,post_age2,285000001;285000002;285000003,18,0.0,0.0,0.42767602767602764,0.4275742775742775,0.09796999130662488,0.42767602767602764,0.0,0.0,0.3501017501017501,3.4012329474182013e-06,0.05481495444407496,0.0431516356296025,0.14169036272244576,0.0,-0.26024212857435164,-0.11855176585190592,0.14169036272244576,1160.0,14.0,0.4875218676653662,0.37918367485084037,0.7777777777777778,1160.0,0.7777777777777778
gru_shared_mse,lambda4/analytic,post_age2,285000001;285000002;285000003,6,0.0,0.0,0.4583333333333333,0.4583333333333333,0.1033865983433087,0.4583333333333333,0.0,0.0,0.375,0.0,0.06303242655931958,0.04035417178398912,0.18294668197631836,0.0,-0.2906202122017189,-0.10767353022540056,0.18294668197631836,33.0,5.0,0.37319866816202796,0.3109988901350233,0.8333333333333334,33.0,0.8333333333333334
gru_shared_mse,lambda4/neural,post_age2,285000001;285000002;285000003,6,0.0,0.0,0.4698412698412698,0.4698412698412698,0.10431813009172891,0.4698412698412698,0.0,0.0,0.36349206349206353,0.0,0.050465710120386094,0.05385241997134282,0.14859795191931346,0.0,-0.2635468694898817,-0.11494891757056826,0.14859795191931346,20.0,5.0,0.4105303519112723,0.34210862659272695,0.8333333333333334,20.0,0.8333333333333334
gru_shared_mse,lambda4/period4_hold,post_age2,285000001;285000002;285000003,6,0.0,0.0,0.35485347985347987,0.35454822954822957,0.08620524548483705,0.35485347985347987,0.0,0.0,0.3118131868131868,1.0203698842254604e-05,0.050946726652519224,0.03524831513347557,0.09352645427170546,0.0,-0.22655930403145433,-0.1330328497597489,0.09352645427170546,1107.0,4.0,0.7266652617371563,0.48444350782477086,0.6666666666666666,1107.0,0.6666666666666666
gru_shared_mse,lambda4/case0,post_age2,285000001;285000002;285000003,3,0.0,0.0,0.49603174603174605,0.49603174603174605,0.10278555060182569,0.49603174603174605,0.0,0.0,0.503968253968254,0.0,0.05516152118668144,0.047624029415144244,0.17006038862561423,0.0,-0.32674823362360556,-0.15668784499799135,0.17006038862561423,38.0,3.0,0.28285988171895343,0.28285988171895343,1.0,38.0,1.0
gru_shared_mse,lambda4/case1,post_age2,285000001;285000002;285000003,3,0.0,0.0,0.5944444444444444,0.5944444444444444,0.10720090714537711,0.5944444444444444,0.0,0.0,0.4055555555555555,0.0,0.054529701839174695,0.05267120530620243,0.19914231300354004,0.0,-0.29132082727220326,-0.09217851426866319,0.19914231300354004,17.0,3.0,0.3698314984639486,0.3698314984639486,1.0,17.0,1.0
gru_shared_mse,lambda4/case2,post_age2,285000001;285000002;285000003,3,0.0,0.0,0.2222222222222222,0.2222222222222222,0.06356709603177693,0.2222222222222222,0.0,0.0,0.1111111111111111,0.0,0.05557700592274589,0.007990090109031043,0.148283322652181,0.0,-0.1545287768046061,-0.00624545415242513,0.148283322652181,1.0,1.0,0.904158115386963,0.301386038462321,0.3333333333333333,1.0,0.3333333333333333
gru_shared_mse,lambda4/case3,post_age2,285000001;285000002;285000003,3,0.0,0.0,0.773911273911274,0.7737077737077738,0.10057123149457715,0.773911273911274,0.0,0.0,0.2260887260887261,5.809503833677711e-06,0.04442994129293585,0.056135480697807626,0.062049940363100305,0.0,-0.15711622857251786,-0.09506628820941755,0.062049940363100305,554.0,3.0,0.9806970888441735,0.9806970888441735,1.0,554.0,1.0
gru_shared_mse,lambda4/case4,post_age2,285000001;285000002;285000003,3,0.0,0.0,0.3333333333333333,0.3333333333333333,0.09902177615860018,0.3333333333333333,0.0,0.0,0.3333333333333333,0.0,0.04101555085781191,0.05800622530078827,0.12028439839680989,0.0,-0.20148044162326387,-0.08119604322645399,0.12028439839680989,3.0,2.0,0.22655296325683594,0.15103530883789062,0.6666666666666666,3.0,0.6666666666666666
gru_shared_mse,lambda4/case5,post_age2,285000001;285000002;285000003,3,0.0,0.0,0.1461131461131461,0.1457061457061457,0.11467338640759223,0.1461131461131461,0.0,0.0,0.5205535205535207,1.4597893850831496e-05,0.0781760055651,0.036482782948641386,0.15032181329342909,0.0,-0.4302582635499134,-0.2799364502564843,0.15032181329342909,547.0,2.0,0.28393834916663263,0.18929223277775506,0.6666666666666666,547.0,0.6666666666666666
gru_shared_mse,overall,post_age3,285000001;285000002;285000003,36,0.0,0.0,0.43032923866257206,0.42837563670897,0.12327750271439585,0.43032923866257206,0.0,0.0,0.2918929835596502,4.906637796448725e-05,0.07206152660953637,0.05116690972689498,0.14770409060190412,0.0,-0.27481164587358653,-0.1271075552716824,0.14770409060190412,3407.0,26.0,0.4827778749410998,0.3486729096796832,0.7222222222222222,3407.0,0.7222222222222222
gru_shared_mse,lambda3,post_age3,285000001;285000002;285000003,18,0.0,0.0,0.5072617197617197,0.5033884325550992,0.12362416563339151,0.5072617197617197,0.0,0.0,0.21496050246050247,9.720281663958166e-05,0.06944611242439837,0.05408085039235358,0.13056659326263295,0.0,-0.22668302591724862,-0.09611643265461568,0.13056659326263295,2249.0,13.0,0.6197105671488439,0.4475687429408317,0.7222222222222222,2249.0,0.7222222222222222
gru_shared_mse,lambda3/analytic,post_age3,285000001;285000002;285000003,6,0.0,0.0,0.39090909090909093,0.39090909090909093,0.04987306756338312,0.39090909090909093,0.0,0.0,0.10909090909090909,0.0,0.024065516747808102,0.025807550815575023,0.04622971120506827,0.0,-0.0757312398968321,-0.02950152869176383,0.04622971120506827,28.0,3.0,0.42764171060889655,0.21382085530444828,0.5,28.0,0.5
gru_shared_mse,lambda3/neural,post_age3,285000001;285000002;285000003,6,0.0,0.0,0.34953703703703703,0.34953703703703703,0.17154228448945263,0.34953703703703703,0.0,0.0,0.3171296296296296,0.0,0.10943940658319173,0.06210287790626092,0.3054647820967215,0.0,-0.4416915318112315,-0.13622674971450996,0.3054647820967215,26.0,4.0,0.5912962224748399,0.39419748164989327,0.6666666666666666,26.0,0.6666666666666666
gru_shared_mse,lambda3/period4_hold,post_age3,285000001;285000002;285000003,6,0.0,0.0,0.7813390313390313,0.7697191697191696,0.1494571448473388,0.7813390313390313,0.0,0.0,0.21866096866096865,0.00029160844991874495,0.07483341394219524,0.07433212245522479,0.04000528648610905,0.0,-0.16262630604368233,-0.12262101955757328,0.04000528648610905,2195.0,6.0,0.7346878918681535,0.7346878918681535,1.0,2195.0,1.0
gru_shared_mse,lambda3/case0,post_age3,285000001;285000002;285000003,3,0.0,0.0,0.7427156177156178,0.7423086173086174,0.11561735437423491,0.7427156177156178,0.0,0.0,0.2572843822843823,1.2801066491404649e-05,0.05017318799072138,0.06543136531702212,0.08068526994861376,0.0,-0.17820618428907667,-0.09752091434046295,0.08068526994861376,565.0,3.0,0.5236209009183024,0.5236209009183024,1.0,565.0,1.0
gru_shared_mse,lambda3/case1,post_age3,285000001;285000002;285000003,3,0.0,0.0,0.28632478632478636,0.28632478632478636,0.02449811005915184,0.28632478632478636,0.0,0.0,0.04700854700854701,0.0,0.010660696024537425,0.013837414034614415,0.0027513248337251556,0.0,-0.013945450203468221,-0.011194125369743064,0.0027513248337251556,546.0,1.0,0.9363114689732646,0.3121038229910882,0.3333333333333333,546.0,0.3333333333333333
gru_shared_mse,lambda3/case2,post_age3,285000001;285000002;285000003,3,0.0,0.0,0.2739112739112739,0.2739112739112739,0.2532399415650828,0.2739112739112739,0.0,0.0,0.3927553927553928,0.0,0.17788922524000736,0.07535071632507544,0.4161674021024941,0.0,-0.6468136454191351,-0.23064624331664108,0.4161674021024941,547.0,2.0,1.0779943767484728,0.7186629178323152,0.6666666666666666,547.0,0.6666666666666666
gru_shared_mse,lambda3/case3,post_age3,285000001;285000002;285000003,3,0.0,0.0,0.8518518518518517,0.8518518518518517,0.05097302233690576,0.8518518518518517,0.0,0.0,0.14814814814814814,0.0,0.025698288965259053,0.025274733371646704,0.017454659497296368,0.0,-0.05718211774472837,-0.039727458247432006,0.017454659497296368,26.0,3.0,0.3792116377088759,0.3792116377088759,1.0,26.0,1.0
gru_shared_mse,lambda3/case4,post_age3,285000001;285000002;285000003,3,0.0,0.0,0.6665445665445665,0.6659340659340659,0.25669028099012636,0.6665445665445665,0.0,0.0,0.33345543345543344,4.760825254027941e-06,0.13313792269903565,0.1235475974658367,0.21983137238447772,0.0,-0.37607114248724716,-0.15623977010276938,0.21983137238447772,560.0,3.0,0.6078576931683669,0.6078576931683669,1.0,560.0,1.0
gru_shared_mse,lambda3/case5,post_age3,285000001;285000002;285000003,3,0.0,0.0,0.2222222222222222,0.19999999999999998,0.040726284474847475,0.2222222222222222,0.0,0.0,0.1111111111111111,0.0005656550080920574,0.01911735362682931,0.021043275839926105,0.04650953080919054,0.0,-0.08787961535983617,-0.04137008455064562,0.04650953080919054,5.0,1.0,0.431866455078125,0.14395548502604166,0.3333333333333333,5.0,0.3333333333333333
gru_shared_mse,lambda4,post_age3,285000001;285000002;285000003,18,0.0,0.0,0.35339675756342426,0.35336284086284087,0.12293083979540015,0.35339675756342426,0.0,0.0,0.368825464658798,9.299392893928478e-07,0.07467694079467439,0.04825296906143637,0.16484158794117532,0.0,-0.32294026582992447,-0.15809867788874912,0.16484158794117532,1158.0,13.0,0.3458451827333557,0.24977707641853467,0.7222222222222222,1158.0,0.7222222222222222
gru_shared_mse,lambda4/analytic,post_age3,285000001;285000002;285000003,6,0.0,0.0,0.2708333333333333,0.2708333333333333,0.08172052065304343,0.2708333333333333,0.0,0.0,0.3958333333333333,0.0,0.04450405834905238,0.03721646230399105,0.14907882279819915,0.0,-0.27856581409772235,-0.12948699129952326,0.14907882279819915,32.0,4.0,0.2395122994979223,0.1596748663319482,0.6666666666666666,32.0,0.6666666666666666
gru_shared_mse,lambda4/neural,post_age3,285000001;285000002;285000003,6,0.0,0.0,0.41944444444444445,0.41944444444444445,0.21089623444808483,0.41944444444444445,0.0,0.0,0.4138888888888889,0.0,0.14111224767819996,0.06978398676988487,0.24927500316074913,0.0,-0.5208487291184682,-0.2715737259577191,0.24927500316074913,19.0,5.0,0.398542971611023,0.3321191430091858,0.8333333333333334,19.0,0.8333333333333334
gru_shared_mse,lambda4/period4_hold,post_age3,285000001;285000002;285000003,6,0.0,0.0,0.36991249491249495,0.36981074481074483,0.07617576428507218,0.36991249491249495,0.0,0.0,0.29675417175417174,2.7898178681785435e-06,0.03841451635677082,0.0377584581104332,0.09617093786457763,0.0,-0.16940625427358266,-0.07323531640900506,0.09617093786457763,1107.0,4.0,0.38630582987170525,0.25753721991447015,0.6666666666666666,1107.0,0.6666666666666666
gru_shared_mse,lambda4/case0,post_age3,285000001;285000002;285000003,3,0.0,0.0,0.5522486772486772,0.5522486772486772,0.1436885656407533,0.5522486772486772,0.0,0.0,0.44775132275132273,0.0,0.0881728786956617,0.05551568694509159,0.21236329829251324,0.0,-0.3822080953411324,-0.16984479704861918,0.21236329829251324,38.0,3.0,0.3055181645211719,0.3055181645211719,1.0,38.0,1.0
gru_shared_mse,lambda4/case1,post_age3,285000001;285000002;285000003,3,0.0,0.0,0.5611111111111111,0.5611111111111111,0.13774063024363004,0.5611111111111111,0.0,0.0,0.43888888888888883,0.0,0.06711644942177929,0.07062418082185075,0.15522367424435085,0.0,-0.28476857344309486,-0.12954489919874404,0.15522367424435085,17.0,3.0,0.25468833446502687,0.25468833446502687,1.0,17.0,1.0
gru_shared_mse,lambda4/case2,post_age3,285000001;285000002;285000003,3,0.0,0.0,0.0,0.0,0.0,0.0,0.0,0.0,0.0,0.0,0.0,0.0,0.0,0.0,0.0,0.0,0.0,0.0,0.0,,0.0,0.0,0.0,0.0
gru_shared_mse,lambda4/case3,post_age3,285000001;285000002;285000003,3,0.0,0.0,0.25,0.2497964997964998,0.1532663635985627,0.25,0.0,0.0,0.75,2.1581292292253753e-06,0.0981546804812581,0.055109524988075344,0.2239488765967295,0.0,-0.4975024848921686,-0.2735536082954391,0.2239488765967295,553.0,3.0,0.2342609047744155,0.2342609047744155,1.0,553.0,1.0
gru_shared_mse,lambda4/case4,post_age3,285000001;285000002;285000003,3,0.0,0.0,0.4444444444444444,0.4444444444444444,0.1233180673192054,0.4444444444444444,0.0,0.0,0.2222222222222222,0.0,0.04833681955764114,0.07498124776156424,0.1861046685112847,0.0,-0.21440166897243926,-0.02829700046115451,0.1861046685112847,3.0,2.0,0.33524131774902344,0.22349421183268228,0.6666666666666666,3.0,0.6666666666666666
gru_shared_mse,lambda4/case5,post_age3,285000001;285000002;285000003,3,0.0,0.0,0.3125763125763126,0.3125763125763126,0.1795714119702495,0.3125763125763126,0.0,0.0,0.35409035409035416,3.4215065071317113e-06,0.14628081661170608,0.03328717385203631,0.2114090100021735,0.0,-0.5587607723307114,-0.347351762328538,0.2114090100021735,547.0,2.0,0.7210512643768674,0.4807008429179116,0.6666666666666666,547.0,0.6666666666666666
gru_shared_aux,overall,full,285000001;285000002;285000003,36,0.0,0.0,0.6887776046011895,0.586645242580811,0.08520494058955648,0.6887776046011895,0.0,0.0,0.25566683984325494,0.00013119931468720915,0.04676050981828039,0.0383132314565889,0.07387365202935138,0.0,-0.1800378106726909,-0.10616415864333952,0.07387365202935138,10333.0,34.0,0.39890673816116723,0.376745252707769,0.9444444444444443,10333.0,0.9444444444444443
gru_shared_aux,lambda3,full,285000001;285000002;285000003,18,0.0,0.0,0.7608383551579827,0.6695326855423498,0.10339893033278014,0.7608383551579827,0.0,0.0,0.2391616448420173,0.00018206404274837497,0.05799397974369062,0.04522288654634115,0.0723722590504532,0.0,-0.19082636112976378,-0.11845410207931058,0.0723722590504532,6807.0,18.0,0.4365920590870503,0.4365920590870503,1.0,6807.0,1.0
gru_shared_aux,lambda3/analytic,full,285000001;285000002;285000003,6,0.0,0.0,0.8541380449275185,0.7393658841027263,0.05697806921345461,0.8541380449275185,0.0,0.0,0.14586195507248137,0.0002188476409974383,0.02947893325524627,0.027280288317210896,0.04877884342881145,0.0,-0.107590246354336,-0.05881140292552456,0.04877884342881145,103.0,6.0,0.3479698356320475,0.3479698356320475,1.0,103.0,1.0
gru_shared_aux,lambda3/neural,full,285000001;285000002;285000003,6,0.0,0.0,0.7804232804232805,0.6659199522102748,0.09451194273270548,0.7804232804232805,0.0,0.0,0.21957671957671962,0.0002176341322714405,0.054389195493506515,0.03990511310692754,0.13817229886819202,0.0,-0.22030212217314005,-0.08212982330494802,0.13817229886819202,100.0,6.0,0.44697717257908415,0.44697717257908415,1.0,100.0,1.0
gru_shared_aux,lambda3/period4_hold,full,285000001;285000002;285000003,6,0.0,0.0,0.6479537401231491,0.6033122203140485,0.1587067790521803,0.6479537401231491,0.0,0.0,0.352046259876851,0.00010971035497624621,0.09011381048231905,0.068483258214885,0.030165634854356155,0.0,-0.24458671486181527,-0.2144210800074591,0.030165634854356155,6604.0,6.0,0.5148291690500194,0.5148291690500194,1.0,6604.0,1.0
gru_shared_aux,lambda3/case0,full,285000001;285000002;285000003,3,0.0,0.0,0.72838024757586,0.7067893827491633,0.10463644579199327,0.72838024757586,0.0,0.0,0.27161975242414,5.9606090621730516e-05,0.06013683547294978,0.04444000422842178,0.03473862209516943,0.0,-0.17408778897293262,-0.1393491668777632,0.03473862209516943,1706.0,3.0,0.443419692641434,0.443419692641434,1.0,1706.0,1.0
gru_shared_aux,lambda3/case1,full,285000001;285000002;285000003,3,0.0,0.0,0.6818674250118492,0.514659083214842,0.07551396523884212,0.6818674250118492,0.0,0.0,0.3181325749881509,0.0004709231939186758,0.039659160310295566,0.03538388173462787,0.04409303493397731,0.0,-0.20381023632147455,-0.1597172013874972,0.04409303493397731,1649.0,3.0,0.34080968761792785,0.34080968761792785,1.0,1649.0,1.0
gru_shared_aux,lambda3/case2,full,285000001;285000002;285000003,3,0.0,0.0,0.7045500710948609,0.7042792335296905,0.15228008018915398,0.7045500710948609,0.0,0.0,0.29544992890513916,1.0514087416589735e-06,0.08659225997748958,0.06568676880292278,0.1655423387756957,0.0,-0.2920029688659571,-0.12646063009026134,0.1655423387756957,1648.0,3.0,0.47164792535558303,0.47164792535558303,1.0,1648.0,1.0
gru_shared_aux,lambda3/case3,full,285000001;285000002;285000003,3,0.0,0.0,0.8808136308136308,0.835109335109335,0.035448617339449685,0.8808136308136308,0.0,0.0,0.11918636918636917,0.00011334812270620354,0.017289787764673898,0.018045481452069582,0.015467777418747114,0.0,-0.05180764618206444,-0.03633986876331732,0.015467777418747114,89.0,3.0,0.32168532174731057,0.32168532174731057,1.0,89.0,1.0
gru_shared_aux,lambda3/case4,full,285000001;285000002;285000003,3,0.0,0.0,0.7113940650936706,0.6822850045769938,0.1871275639198586,0.7113940650936706,0.0,0.0,0.2886059349063294,8.244703843740264e-05,0.10493009957234493,0.08211501730907626,0.09080629655088246,0.0,-0.26409548070716443,-0.17328918415628194,0.09080629655088246,1691.0,3.0,0.5331403580050105,0.5331403580050105,1.0,1691.0,1.0
gru_shared_aux,lambda3/case5,full,285000001;285000002;285000003,3,0.0,0.0,0.8580246913580248,0.5740740740740741,0.06538690951738314,0.8580246913580248,0.0,0.0,0.1419753086419753,0.00036500840206457846,0.039355735364389945,0.025666165750928616,0.08358548452824723,0.0,-0.15915404572898958,-0.07556856120074237,0.08358548452824723,24.0,3.0,0.5088493691550361,0.5088493691550361,1.0,24.0,1.0
gru_shared_aux,lambda4,full,285000001;285000002;285000003,18,0.0,0.0,0.6167168540443964,0.5037577996192723,0.06701095084633285,0.6167168540443964,0.0,0.0,0.27217203484449254,8.033458662604332e-05,0.035527039892870156,0.031403576366836654,0.07537504500824958,0.0,-0.16924926021561804,-0.09387421520736845,0.07537504500824958,3526.0,16.0,0.3565107521195486,0.3168984463284876,0.8888888888888888,3526.0,0.8888888888888888
gru_shared_aux,lambda4/analytic,full,285000001;285000002;285000003,6,0.0,0.0,0.7287830687830686,0.5388359788359788,0.05701122581983226,0.7287830687830686,0.0,0.0,0.2712169312169312,0.00010301098871428578,0.031850240191634314,0.025057974639483657,0.0862489640523517,0.0,-0.16628354529224376,-0.08003458123989206,0.0862489640523517,115.0,6.0,0.3493362753353422,0.3493362753353422,1.0,115.0,1.0
gru_shared_aux,lambda4/neural,full,285000001;285000002;285000003,6,0.0,0.0,0.5770897832817338,0.548011982570806,0.07532270279338418,0.5770897832817338,0.0,0.0,0.25624355005159954,1.9949076667164714e-05,0.03827538093280139,0.03702737278391564,0.08561338130630303,0.0,-0.1769800408446123,-0.09136665953830929,0.08561338130630303,76.0,5.0,0.333039703745591,0.2775330864546592,0.8333333333333334,76.0,0.8333333333333334
gru_shared_aux,lambda4/period4_hold,full,285000001;285000002;285000003,6,0.0,0.0,0.5442777100683865,0.4244254374510316,0.0686989239257821,0.5442777100683865,0.0,0.0,0.2890556232649468,0.00011804369449667948,0.03645549855417475,0.032125381677110675,0.05426278966609401,0.0,-0.16448419450999804,-0.11022140484390401,0.05426278966609401,3335.0,5.0,0.3885911726345538,0.3238259771954615,0.8333333333333334,3335.0,0.8333333333333334
gru_shared_aux,lambda4/case0,full,285000001;285000002;285000003,3,0.0,0.0,0.5301851851851852,0.5209259259259259,0.09144158885782457,0.5301851851851852,0.0,0.0,0.46981481481481485,1.455797227781322e-05,0.05130569762793016,0.04012133325761661,0.14166550159454347,0.0,-0.2898303296830919,-0.14816482808854844,0.14166550159454347,123.0,3.0,0.2706093676884969,0.2706093676884969,1.0,123.0,1.0
gru_shared_aux,lambda4/case1,full,285000001;285000002;285000003,3,0.0,0.0,0.6653996101364522,0.626984126984127,0.07086993729099711,0.6653996101364522,0.0,0.0,0.33460038986354773,4.29440928236216e-05,0.03428173985336096,0.03654525334481253,0.10412363242518767,0.0,-0.1973566601980831,-0.09323302777289548,0.10412363242518767,62.0,3.0,0.2951180216463387,0.2951180216463387,1.0,62.0,1.0
gru_shared_aux,lambda4/case2,full,285000001;285000002;285000003,3,0.0,0.0,0.28888888888888886,0.28888888888888886,0.015040467365140683,0.28888888888888886,0.0,0.0,0.044444444444444446,0.0,0.010393894069730751,0.004646573295409931,0.015625275505913628,0.0,-0.016421551174587674,-0.0007962756686740452,0.015625275505913628,5.0,1.0,0.6316324234008789,0.2105441411336263,0.3333333333333333,5.0,0.3333333333333333
gru_shared_aux,lambda4/case3,full,285000001;285000002;285000003,3,0.0,0.0,0.6071461288151255,0.5868611917649449,0.0805387057490039,0.6071461288151255,0.0,0.0,0.3928538711848746,2.913922747678444e-06,0.04086563011064171,0.039670161715614514,0.0662874152008157,0.0,-0.17408996460195847,-0.10780254940114276,0.0662874152008157,1670.0,3.0,0.5002598519880259,0.5002598519880259,1.0,1670.0,1.0
gru_shared_aux,lambda4/case4,full,285000001;285000002;285000003,3,0.0,0.0,0.8301587301587302,0.553968253968254,0.05191770561947387,0.8301587301587302,0.0,0.0,0.16984126984126982,0.0003733733321904231,0.02271395163431122,0.028830380652972224,0.06111571599566747,0.0,-0.12555772387792194,-0.06444200788225446,0.06111571599566747,18.0,3.0,0.18480855850946334,0.18480855850946334,1.0,18.0,1.0
gru_shared_aux,lambda4/case5,full,285000001;285000002;285000003,3,0.0,0.0,0.778522581081996,0.44491841018349243,0.09225730019555696,0.778522581081996,0.0,0.0,0.2214774189180039,4.82181997167236e-05,0.053601326061246124,0.038607755934594125,0.06343272932736954,0.0,-0.2122393317580651,-0.14880660243069554,0.06343272932736954,1648.0,3.0,0.4400507370049746,0.4400507370049746,1.0,1648.0,1.0
gru_shared_aux,overall,initial,285000001;285000002;285000003,36,0.0,0.0,0.8024691358024691,0.5308641975308642,0.016877039450304464,0.8024691358024691,0.0,0.0,0.1419753086419753,0.00048645242452037985,0.009537629867100253,0.00685295715868383,0.02181800795190128,0.0,-0.08051616468547303,-0.05869815673357175,0.02181800795190128,96.0,34.0,0.20370913486854705,0.1923919607091833,0.9444444444444443,96.0,0.9444444444444443
gru_shared_aux,lambda3,initial,285000001;285000002;285000003,18,0.0,0.0,0.95679012345679,0.6296296296296297,0.023116775435934173,0.95679012345679,0.0,0.0,0.043209876543209874,0.000792111542724752,0.012816835530834328,0.009507828362375095,0.020160457234323758,0.0,-0.08381804124808606,-0.0636575840137623,0.020160457234323758,52.0,18.0,0.24361453232941802,0.24361453232941802,1.0,52.0,1.0
gru_shared_aux,lambda3/analytic,initial,285000001;285000002;285000003,6,0.0,0.0,0.9814814814814815,0.7037037037037037,0.02304634830330159,0.9814814814814815,0.0,0.0,0.018518518518518517,0.0006634886846686389,0.011664314028454074,0.010718545590178876,0.016081827658194082,0.0,-0.0720773626256872,-0.055995534967493134,0.016081827658194082,16.0,6.0,0.22211922539605036,0.22211922539605036,1.0,16.0,1.0
gru_shared_aux,lambda3/neural,initial,285000001;285000002;285000003,6,0.0,0.0,0.9629629629629629,0.6851851851851851,0.027986901991325835,0.9629629629629629,0.0,0.0,0.037037037037037035,0.0006634886846686389,0.015114295482030011,0.012209117824627186,0.03128806749979655,0.0,-0.08857309376751936,-0.057285026267722805,0.03128806749979655,18.0,6.0,0.31041733423868817,0.31041733423868817,1.0,18.0,1.0
gru_shared_aux,lambda3/period4_hold,initial,285000001;285000002;285000003,6,0.0,0.0,0.9259259259259259,0.5,0.018317076013175105,0.9259259259259259,0.0,0.0,0.07407407407407407,0.0010493572588369784,0.011671897082018904,0.005595821672319222,0.01311147654498065,0.0,-0.09080366735105161,-0.07769219080607097,0.01311147654498065,18.0,6.0,0.19830703735351562,0.19830703735351562,1.0,18.0,1.0
gru_shared_aux,lambda3/case0,initial,285000001;285000002;285000003,3,0.0,0.0,1.0,0.6666666666666666,0.012278267649250026,1.0,0.0,0.0,0.0,0.0008911765391733045,0.006826655933158084,0.004560435176918637,0.0,0.0,-0.06662284003363715,-0.06662284003363715,0.0,9.0,3.0,0.13317786322699654,0.13317786322699654,1.0,9.0,1.0
gru_shared_aux,lambda3/case1,initial,285000001;285000002;285000003,3,0.0,0.0,1.0,0.5925925925925926,0.031114992923726784,1.0,0.0,0.0,0.0,0.0011057268549376643,0.012834537267841133,0.017174728800947985,0.0,0.0,-0.07456327367711951,-0.07456327367711951,0.0,9.0,3.0,0.2003728018866645,0.2003728018866645,1.0,9.0,1.0
gru_shared_aux,lambda3/case2,initial,285000001;285000002;285000003,3,0.0,0.0,0.8518518518518517,0.8148148148148148,0.03159306604424288,0.8518518518518517,0.0,0.0,0.14814814814814814,0.00028128870466540923,0.019026930143661396,0.012284847195916071,0.05236283055058232,0.0,-0.08148889188413266,-0.029126061333550345,0.05236283055058232,7.0,3.0,0.24862946404351127,0.24862946404351127,1.0,7.0,1.0
gru_shared_aux,lambda3/case3,initial,285000001;285000002;285000003,3,0.0,0.0,0.9629629629629629,0.5555555555555555,0.01271735835686101,0.9629629629629629,0.0,0.0,0.037037037037037035,0.0010243622230484983,0.007537327344565441,0.004155668789247068,0.004272602222583913,0.0,-0.08425097995334202,-0.0799783777307581,0.004272602222583913,9.0,3.0,0.06085925632052951,0.06085925632052951,1.0,9.0,1.0
gru_shared_aux,lambda3/case4,initial,285000001;285000002;285000003,3,0.0,0.0,1.0,0.5925925925925926,0.008524386692851361,1.0,0.0,0.0,0.0,0.0011057268549376643,0.004395018580705962,0.0030236412572077352,0.0,0.0,-0.07456327367711951,-0.07456327367711951,0.0,9.0,3.0,0.28999000125461155,0.28999000125461155,1.0,9.0,1.0
gru_shared_aux,lambda3/case5,initial,285000001;285000002;285000003,3,0.0,0.0,0.9259259259259259,0.5555555555555555,0.042472580948673004,0.9259259259259259,0.0,0.0,0.07407407407407407,0.0003443880795859716,0.02628054391507396,0.015847648954013072,0.06432731063277633,0.0,-0.1214189882631655,-0.057091677630389186,0.06432731063277633,9.0,3.0,0.5286578072441949,0.5286578072441949,1.0,9.0,1.0
gru_shared_aux,lambda4,initial,285000001;285000002;285000003,18,0.0,0.0,0.6481481481481481,0.43209876543209874,0.010637303464674753,0.6481481481481481,0.0,0.0,0.2407407407407407,0.00018079330631600764,0.006258424203366179,0.004198085954992565,0.023475558669478803,0.0,-0.07721428812286,-0.0537387294533812,0.023475558669478803,44.0,16.0,0.15881556272506717,0.14116938908894858,0.8888888888888888,44.0,0.8888888888888888
gru_shared_aux,lambda4/analytic,initial,285000001;285000002;285000003,6,0.0,0.0,0.8333333333333334,0.5925925925925926,0.01355047597616127,0.8333333333333334,0.0,0.0,0.16666666666666666,0.00022856832389148046,0.0074611119277045,0.005860795724565285,0.02128818300035265,0.0,-0.051626117141158494,-0.030337934140805847,0.02128818300035265,16.0,6.0,0.25325144661797416,0.25325144661797416,1.0,16.0,1.0
gru_shared_aux,lambda4/neural,initial,285000001;285000002;285000003,6,0.0,0.0,0.5740740740740741,0.4444444444444444,0.008352649810333375,0.5740740740740741,0.0,0.0,0.25925925925925924,7.204161872525421e-05,0.004255701953728367,0.004024906237879753,0.018563464835838036,0.0,-0.0712031258477105,-0.05263966101187247,0.018563464835838036,15.0,5.0,0.11213715871175128,0.09344763225979275,0.8333333333333334,15.0,0.8333333333333334
gru_shared_aux,lambda4/period4_hold,initial,285000001;285000002;285000003,6,0.0,0.0,0.5370370370370371,0.25925925925925924,0.010008784607529615,0.5370370370370371,0.0,0.0,0.2962962962962963,0.00024176997633128814,0.00705845872866567,0.0027085559025326555,0.030575028172245732,0.0,-0.10881362137971101,-0.07823859320746528,0.030575028172245732,13.0,5.0,0.09217090606689453,0.07680908838907878,0.8333333333333334,13.0,0.8333333333333334
gru_shared_aux,lambda4/case0,initial,285000001;285000002;285000003,3,0.0,0.0,0.4444444444444444,0.4444444444444444,0.013326925358948452,0.4444444444444444,0.0,0.0,0.5555555555555556,0.0,0.006354178325367415,0.006972747033581039,0.02901105527524595,0.0,-0.1162086769386574,-0.08719762166341145,0.02901105527524595,9.0,3.0,0.06453874376085068,0.06453874376085068,1.0,9.0,1.0
gru_shared_aux,lambda4/case1,initial,285000001;285000002;285000003,3,0.0,0.0,0.8148148148148148,0.5555555555555555,0.010811545922100171,0.8148148148148148,0.0,0.0,0.1851851851851852,0.0003089541453138938,0.007892146720745653,0.002610445056040623,0.04613826892994068,0.0,-0.0948033509431062,-0.0486650820131655,0.04613826892994068,9.0,3.0,0.14531559414333767,0.14531559414333767,1.0,9.0,1.0
gru_shared_aux,lambda4/case2,initial,285000001;285000002;285000003,3,0.0,0.0,0.25925925925925924,0.25925925925925924,0.011495581087729079,0.25925925925925924,0.0,0.0,0.07407407407407407,0.0,0.007288824035219511,0.004206757052509568,0.026042125843189382,0.0,-0.027369251957646123,-0.0013271261144567421,0.026042125843189382,3.0,1.0,0.5127134323120118,0.17090447743733725,0.3333333333333333,3.0,0.3333333333333333
gru_shared_aux,lambda4/case3,initial,285000001;285000002;285000003,3,0.0,0.0,0.5185185185185185,0.2962962962962963,0.009423401323382914,0.5185185185185185,0.0,0.0,0.4814814814814814,1.4037097975637558e-05,0.006715306580358797,0.0026940576450484783,0.02884716457790799,0.0,-0.11627282036675346,-0.08742565578884548,0.02884716457790799,9.0,3.0,0.08235804239908855,0.08235804239908855,1.0,9.0,1.0
gru_shared_aux,lambda4/case4,initial,285000001;285000002;285000003,3,0.0,0.0,0.9629629629629629,0.5925925925925926,0.0074417627081360205,0.9629629629629629,0.0,0.0,0.037037037037037035,0.0006176347681216781,0.0034226969288426883,0.003401431011171654,0.007973918208369502,0.0,-0.053856955634223096,-0.04588303742585359,0.007973918208369502,7.0,3.0,0.14707925584581164,0.14707925584581164,1.0,7.0,1.0
gru_shared_aux,lambda4/case5,initial,285000001;285000002;285000003,3,0.0,0.0,0.8888888888888888,0.44444444444444436,0.011324604387751876,0.8888888888888888,0.0,0.0,0.1111111111111111,0.0001441338264848363,0.005877392629663012,0.005303077931604026,0.0028408191822193282,0.0,-0.05477467289677373,-0.0519338537145544,0.0028408191822193282,7.0,3.0,0.23682022094726562,0.23682022094726562,1.0,7.0,1.0
gru_shared_aux,overall,postcorrection,285000001;285000002;285000003,36,0.0,0.0,0.4896596124829699,0.4849157966280429,0.09708328980521792,0.4896596124829699,0.0,0.0,0.31589594307258567,1.5276898255114215e-05,0.053891071987650495,0.04317694091931231,0.09907467973982709,0.0,-0.2173795267008529,-0.11830484696102576,0.09907467973982709,10237.0,29.0,0.44996086664638774,0.3624684759095902,0.8055555555555557,10237.0,0.8055555555555557
gru_shared_aux,lambda3,postcorrection,285000001;285000002;285000003,18,0.0,0.0,0.5032094705228519,0.4955759517782221,0.11382096523414674,0.5032094705228519,0.0,0.0,0.3301238628104813,2.701265158877804e-05,0.06433256948100687,0.04946138310155109,0.10321744933858551,0.0,-0.23484877365856924,-0.13163132431998367,0.10321744933858551,6755.0,15.0,0.4817243267144927,0.40143693892874394,0.8333333333333334,6755.0,0.8333333333333334
gru_shared_aux,lambda3/analytic,postcorrection,285000001;285000002;285000003,6,0.0,0.0,0.403322440087146,0.403322440087146,0.05758736204574335,0.403322440087146,0.0,0.0,0.26334422657952067,0.0,0.029895079144105153,0.027692282901638197,0.06363874176055863,0.0,-0.13939868131234495,-0.07575993955178632,0.06363874176055863,87.0,4.0,0.4004642053756839,0.2669761369171226,0.6666666666666666,87.0,0.6666666666666666
gru_shared_aux,lambda3/neural,postcorrection,285000001;285000002;285000003,6,0.0,0.0,0.4666402116402117,0.4666402116402117,0.12237508162609907,0.4666402116402117,0.0,0.0,0.3666931216931217,0.0,0.07152453079315806,0.050850550832941016,0.21382808391379302,0.0,-0.31794804815262084,-0.10411996423882781,0.21382808391379302,82.0,5.0,0.5007663907777695,0.4173053256481413,0.8333333333333334,82.0,0.8333333333333334
gru_shared_aux,lambda3/period4_hold,postcorrection,285000001;285000002;285000003,6,0.0,0.0,0.6396657598411984,0.6167652036073089,0.16150045203059776,0.6396657598411984,0.0,0.0,0.3603342401588016,8.103795476633411e-05,0.09157809850575738,0.06984131557007404,0.032185522341404926,0.0,-0.2471995915107418,-0.21501406916933694,0.032185522341404926,6586.0,6.0,0.520029354220968,0.520029354220968,1.0,6586.0,1.0
gru_shared_aux,lambda3/case0,postcorrection,285000001;285000002;285000003,3,0.0,0.0,0.7131148299775751,0.712639996169408,0.10857122168513693,0.7131148299775751,0.0,0.0,0.2868851700224249,3.155203677573798e-06,0.0621427602456572,0.04642530623580215,0.03731968131697019,0.0,-0.1788812391295634,-0.1415615578125932,0.03731968131697019,1697.0,3.0,0.4552745856187123,0.4552745856187123,1.0,1697.0,1.0
gru_shared_aux,lambda3/case1,postcorrection,285000001;285000002;285000003,3,0.0,0.0,0.18159001492334825,0.18138651471984804,0.10386490388264724,0.18159001492334825,0.0,0.0,0.8184099850766517,1.7384492798373587e-07,0.05722797638025984,0.04663675365745942,0.1555738167852677,0.0,-0.4283210924273025,-0.2727472756420348,0.1555738167852677,1640.0,3.0,0.3635385063881305,0.3635385063881305,1.0,1640.0,1.0
gru_shared_aux,lambda3/case2,postcorrection,285000001;285000002;285000003,3,0.0,0.0,0.3154931488264821,0.3152896486229819,0.20244073742874333,0.3154931488264821,0.0,0.0,0.3511735178401845,5.381536209195039e-07,0.11842302579521598,0.08401717347990643,0.2850160091739386,0.0,-0.4171339653350495,-0.13211795616111088,0.2850160091739386,1641.0,2.0,0.876701663956683,0.584467775971122,0.6666666666666666,1641.0,0.6666666666666666
gru_shared_aux,lambda3/case3,postcorrection,285000001;285000002;285000003,3,0.0,0.0,0.8710721247563353,0.8710721247563353,0.037921250187917706,0.8710721247563353,0.0,0.0,0.1289278752436647,0.0,0.018302476509044544,0.01961877367887316,0.016716123448322934,0.0,-0.04770447827686808,-0.030988354828545145,0.016716123448322934,80.0,3.0,0.35242879969799495,0.35242879969799495,1.0,80.0,1.0
gru_shared_aux,lambda3/case4,postcorrection,285000001;285000002;285000003,3,0.0,0.0,0.6861348528015195,0.6856600189933523,0.19869998354261084,0.6861348528015195,0.0,0.0,0.3138651471984805,1.799425802777866e-06,0.1113680474068861,0.08733013670992197,0.10156925663244869,0.0,-0.27611343253501447,-0.17454417590256577,0.10156925663244869,1682.0,3.0,0.5509452192483514,0.5509452192483514,1.0,1682.0,1.0
gru_shared_aux,lambda3/case5,postcorrection,285000001;285000002;285000003,3,0.0,0.0,0.2518518518518518,0.2074074074074074,0.031427694677824296,0.2518518518518518,0.0,0.0,0.08148148148148149,0.0001564092815034133,0.01853113054897748,0.012740154847343395,0.023109808674565066,0.0,-0.060938434247617364,-0.0378286255730523,0.023109808674565066,15.0,1.0,0.3059002399444581,0.10196674664815268,0.3333333333333333,15.0,0.3333333333333333
gru_shared_aux,lambda4,postcorrection,285000001;285000002;285000003,18,0.0,0.0,0.47610975444308784,0.47425564147786375,0.08034561437628912,0.47610975444308784,0.0,0.0,0.30166802333469,3.541144921450391e-06,0.04344957449429413,0.03689249873707354,0.09493191014106866,0.0,-0.19991027974313655,-0.10497836960206786,0.09493191014106866,3482.0,14.0,0.4159285880019896,0.3235000128904364,0.7777777777777778,3482.0,0.7777777777777778
gru_shared_aux,lambda4/analytic,postcorrection,285000001;285000002;285000003,6,0.0,0.0,0.5169753086419754,0.5169753086419754,0.0682240878902494,0.5169753086419754,0.0,0.0,0.31635802469135804,0.0,0.03875868986894068,0.02946539802130872,0.10474008248176103,0.0,-0.19243307025344283,-0.08769298777168179,0.10474008248176103,99.0,5.0,0.3801871485180325,0.31682262376502707,0.8333333333333334,99.0,0.8333333333333334
gru_shared_aux,lambda4/neural,postcorrection,285000001;285000002;285000003,6,0.0,0.0,0.5343915343915344,0.5317460317460317,0.1017473681952644,0.5343915343915344,0.0,0.0,0.2989417989417989,4.159420650803777e-06,0.05393257459063453,0.04781063418397905,0.12189343792420847,0.0,-0.249264968450738,-0.12737153052652953,0.12189343792420847,61.0,5.0,0.39443926499003457,0.32869938749169547,0.8333333333333334,61.0,0.8333333333333334
gru_shared_aux,lambda4/period4_hold,postcorrection,285000001;285000002;285000003,6,0.0,0.0,0.3769624202957536,0.3740455840455841,0.07106538704335358,0.3769624202957536,0.0,0.0,0.289704246370913,6.464014113547395e-06,0.03765745902330719,0.03340146400593285,0.0581622100172365,0.0,-0.15803280052522875,-0.09987059050799224,0.0581622100172365,3322.0,4.0,0.48746704112188,0.32497802741458665,0.6666666666666666,3322.0,0.6666666666666666
gru_shared_aux,lambda4/case0,postcorrection,285000001;285000002;285000003,3,0.0,0.0,0.5445326278659612,0.5339506172839507,0.09840408360939018,0.5445326278659612,0.0,0.0,0.45546737213403876,1.663768260321511e-05,0.0550231108063039,0.04336433512048308,0.1518103250120052,0.0,-0.30476388498168355,-0.15295355996967833,0.1518103250120052,114.0,3.0,0.29143181679740787,0.29143181679740787,1.0,114.0,1.0
gru_shared_aux,lambda4/case1,postcorrection,285000001;285000002;285000003,3,0.0,0.0,0.6355555555555555,0.6355555555555555,0.08187336450200368,0.6355555555555555,0.0,0.0,0.3644444444444444,0.0,0.038944836785235804,0.04292852771676786,0.11555593693697895,0.0,-0.2187719691241229,-0.10321603218714397,0.11555593693697895,53.0,3.0,0.32294171161121793,0.32294171161121793,1.0,53.0,1.0
gru_shared_aux,lambda4/case2,postcorrection,285000001;285000002;285000003,3,0.0,0.0,0.3333333333333333,0.3333333333333333,0.020357796781258094,0.3333333333333333,0.0,0.0,0.0,0.0,0.015051499121497613,0.005306297659760478,0.0,0.0,0.0,0.0,0.0,2.0,1.0,0.8100109100341797,0.2700036366780599,0.3333333333333333,2.0,0.3333333333333333
gru_shared_aux,lambda4/case3,postcorrection,285000001;285000002;285000003,3,0.0,0.0,0.6202686202686203,0.6197937864604531,0.09327342280487222,0.6202686202686203,0.0,0.0,0.3797313797313797,1.6655692101765046e-06,0.04717171082214235,0.04610004641351969,0.07708375496968471,0.0,-0.18799049218528033,-0.11090673721559563,0.07708375496968471,1661.0,3.0,0.5517800985481082,0.5517800985481082,1.0,1661.0,1.0
gru_shared_aux,lambda4/case4,postcorrection,285000001;285000002;285000003,3,0.0,0.0,0.3888888888888889,0.3888888888888889,0.07420448554850127,0.3888888888888889,0.0,0.0,0.27777777777777773,0.0,0.033025659451544426,0.04117882609695684,0.1027661959330241,0.0,-0.15873919592963323,-0.05597299999660916,0.1027661959330241,11.0,2.0,0.2778713362557548,0.1852475575038365,0.6666666666666666,11.0,0.6666666666666666
gru_shared_aux,lambda4/case5,postcorrection,285000001;285000002;285000003,3,0.0,0.0,0.33407950074616743,0.3340116673450007,0.11396053301170933,0.33407950074616743,0.0,0.0,0.33258716592049925,2.9436177153107316e-06,0.07148062997904074,0.042476959414953296,0.12237524799471906,0.0,-0.3291961362380991,-0.2068208882433801,0.12237524799471906,1641.0,2.0,0.4793928843059819,0.31959525620398793,0.6666666666666666,1641.0,0.6666666666666666
gru_shared_aux,overall,post_age1,285000001;285000002;285000003,36,0.0,0.0,0.5521978021978022,0.5494505494505494,0.07502989182933374,0.5521978021978022,0.0,0.0,0.25335775335775335,5.572909834590863e-06,0.03505056806768054,0.03997375085181862,0.054964925784681505,0.0,-0.12414801575912958,-0.06918308997444807,0.054964925784681505,3421.0,29.0,0.4459472202897337,0.35923526078895224,0.8055555555555557,3421.0,0.8055555555555557
gru_shared_aux,lambda3,post_age1,285000001;285000002;285000003,18,0.0,0.0,0.5695993307104418,0.5694975806086917,0.09384030594390712,0.5695993307104418,0.0,0.0,0.2637340026228915,1.2902017775946533e-06,0.04306692678665535,0.050772088955474165,0.059398795853464165,0.0,-0.13568860585538708,-0.0762898100019229,0.059398795853464165,2257.0,15.0,0.5097150998965578,0.42476258324713156,0.8333333333333334,2257.0,0.8333333333333334
gru_shared_aux,lambda3/analytic,post_age1,285000001;285000002;285000003,6,0.0,0.0,0.38888888888888884,0.38888888888888884,0.05926017633025024,0.38888888888888884,0.0,0.0,0.2777777777777778,0.0,0.03316578974664984,0.0260943865836004,0.07265845051518194,0.0,-0.13764974806043836,-0.06499129754525644,0.07265845051518194,31.0,4.0,0.43187985817591346,0.28791990545060897,0.6666666666666666,31.0,0.6666666666666666
gru_shared_aux,lambda3/neural,post_age1,285000001;285000002;285000003,6,0.0,0.0,0.5709876543209876,0.5709876543209876,0.06414857608443787,0.5709876543209876,0.0,0.0,0.2623456790123457,0.0,0.03185134360853636,0.032297232475901515,0.06306862713378153,0.0,-0.1379743140420796,-0.07490568690829806,0.06306862713378153,30.0,5.0,0.3637093083063761,0.30309109025531344,0.8333333333333334,30.0,0.8333333333333334
gru_shared_aux,lambda3/period4_hold,post_age1,285000001;285000002;285000003,6,0.0,0.0,0.748921448921449,0.7486161986161987,0.1581121654170332,0.748921448921449,0.0,0.0,0.2510785510785511,3.870605332783959e-06,0.06418364700477984,0.09392464780692056,0.04246930991142903,0.0,-0.13144175546364326,-0.08897244555221422,0.04246930991142903,2196.0,6.0,0.6832767540354724,0.6832767540354724,1.0,2196.0,1.0
gru_shared_aux,lambda3/case0,post_age1,285000001;285000002;285000003,3,0.0,0.0,0.8271265771265771,0.8265160765160765,0.09495057633821903,0.8271265771265771,0.0,0.0,0.1728734228734229,4.192856286072347e-06,0.046500835835311116,0.04844554764662185,0.04385943772462569,0.0,-0.07892540668538783,-0.03506596896076215,0.04385943772462569,567.0,3.0,0.5691081978559591,0.5691081978559591,1.0,567.0,1.0
gru_shared_aux,lambda3/case1,post_age1,285000001;285000002;285000003,3,0.0,0.0,0.254985754985755,0.254985754985755,0.09730049594694938,0.254985754985755,0.0,0.0,0.7450142450142451,0.0,0.04665757257135278,0.05064292337559661,0.15115119487132103,0.0,-0.3623515404866971,-0.21120034561537612,0.15115119487132103,548.0,3.0,0.4617037082475329,0.4617037082475329,1.0,548.0,1.0
gru_shared_aux,lambda3/case2,post_age1,285000001;285000002;285000003,3,0.0,0.0,0.5081400081400081,0.5081400081400081,0.1266953947411085,0.5081400081400081,0.0,0.0,0.1585266585266585,0.0,0.05022874378994354,0.07646665095116496,0.03648745412015313,0.0,-0.0981215720842367,-0.06163411796408356,0.03648745412015313,547.0,2.0,0.6326320615661887,0.42175470771079243,0.6666666666666666,547.0,0.6666666666666666
gru_shared_aux,lambda3/case3,post_age1,285000001;285000002;285000003,3,0.0,0.0,0.8258377425044091,0.8258377425044091,0.04324584668116257,0.8258377425044091,0.0,0.0,0.1741622574955908,0.0,0.021036368574612278,0.022209478106550284,0.01464823902809641,0.0,-0.06597258216279313,-0.05132434313469673,0.01464823902809641,28.0,3.0,0.3426652320478328,0.3426652320478328,1.0,28.0,1.0
gru_shared_aux,lambda3/case4,post_age1,285000001;285000002;285000003,3,0.0,0.0,0.8459503459503459,0.8459503459503459,0.16371845518348083,0.8459503459503459,0.0,0.0,0.15404965404965407,3.548354379495572e-06,0.06742298084342435,0.09629192598567698,0.07561062474924228,0.0,-0.10247578288075591,-0.026865158131513644,0.07561062474924228,562.0,3.0,0.689074444712591,0.689074444712591,1.0,562.0,1.0
gru_shared_aux,lambda3/case5,post_age1,285000001;285000002;285000003,3,0.0,0.0,0.15555555555555556,0.15555555555555556,0.03713106677252232,0.15555555555555556,0.0,0.0,0.17777777777777778,0.0,0.026555059105288038,0.010576007667234282,0.03463582462734646,0.0,-0.10628475083245172,-0.07164892620510525,0.03463582462734646,5.0,1.0,0.1928076267242432,0.06426920890808106,0.3333333333333333,5.0,0.3333333333333333
gru_shared_aux,lambda4,post_age1,285000001;285000002;285000003,18,0.0,0.0,0.5347962736851626,0.5294035182924072,0.05621947771476039,0.5347962736851626,0.0,0.0,0.2429815040926152,9.85561789158707e-06,0.027034209348705724,0.02917541274816307,0.05053105571589886,0.0,-0.11260742566287207,-0.062076369946973214,0.05053105571589886,1164.0,14.0,0.3776244921395651,0.29370793833077286,0.7777777777777778,1164.0,0.7777777777777778
gru_shared_aux,lambda4/analytic,post_age1,285000001;285000002;285000003,6,0.0,0.0,0.6203703703703703,0.6203703703703703,0.04255224499414382,0.6203703703703703,0.0,0.0,0.212962962962963,0.0,0.024707170903494183,0.017845074090649633,0.06020189214635777,0.0,-0.10645395075833357,-0.04625205861197578,0.06020189214635777,34.0,5.0,0.4116061329841613,0.34300511082013446,0.8333333333333334,34.0,0.8333333333333334
gru_shared_aux,lambda4/neural,post_age1,285000001;285000002;285000003,6,0.0,0.0,0.6351851851851852,0.6272486772486773,0.06563977785965215,0.6351851851851852,0.0,0.0,0.19814814814814816,1.247826195241133e-05,0.028452400935196288,0.03717489866250346,0.04714349186609662,0.0,-0.08210560102311393,-0.0349621091570173,0.04714349186609662,22.0,5.0,0.3642881111871628,0.30357342598930237,0.8333333333333334,22.0,0.8333333333333334
gru_shared_aux,lambda4/period4_hold,post_age1,285000001;285000002;285000003,6,0.0,0.0,0.34883326549993215,0.34059150725817394,0.06046641029048518,0.34883326549993215,0.0,0.0,0.3178334011667345,1.708859172234988e-05,0.02794305620742671,0.03250626549133611,0.04424778313524217,0.0,-0.14926272520716874,-0.10501494207192658,0.04424778313524217,1108.0,4.0,0.3518179172743226,0.2345452781828817,0.6666666666666666,1108.0,0.6666666666666666
gru_shared_aux,lambda4/case0,post_age1,285000001;285000002;285000003,3,0.0,0.0,0.5621693121693122,0.5304232804232805,0.082963834253013,0.5621693121693122,0.0,0.0,0.43783068783068785,4.991304780964532e-05,0.04371251617150849,0.03920140503369488,0.13779744143208497,0.0,-0.2769760297089026,-0.13917858827681767,0.13779744143208497,38.0,3.0,0.28591740415209815,0.28591740415209815,1.0,38.0,1.0
gru_shared_aux,lambda4/case1,post_age1,285000001;285000002;285000003,3,0.0,0.0,0.7191358024691358,0.7191358024691358,0.05049933492726763,0.7191358024691358,0.0,0.0,0.28086419753086417,0.0,0.026413081724495014,0.024086253202772606,0.08272132167109737,0.0,-0.1386940685319312,-0.05597274686083381,0.08272132167109737,19.0,3.0,0.34061234085648145,0.34061234085648145,1.0,19.0,1.0
gru_shared_aux,lambda4/case2,post_age1,285000001;285000002;285000003,3,0.0,0.0,0.3333333333333333,0.3333333333333333,0.005709280231444482,0.3333333333333333,0.0,0.0,0.0,0.0,0.002790097964704172,0.00291918226674031,0.0,0.0,0.0,0.0,0.0,1.0,1.0,0.7158637046813965,0.23862123489379883,0.3333333333333333,1.0,0.3333333333333333
gru_shared_aux,lambda4/case3,post_age1,285000001;285000002;285000003,3,0.0,0.0,0.6663817663817664,0.6657712657712658,0.06867810236591736,0.6663817663817664,0.0,0.0,0.3336182336182336,2.864050015030256e-06,0.0310470309055802,0.03762820741032213,0.011311709012352551,0.0,-0.1135093593820596,-0.10219765036970706,0.011311709012352551,554.0,3.0,0.4269374605500218,0.4269374605500218,1.0,554.0,1.0
gru_shared_aux,lambda4/case4,post_age1,285000001;285000002;285000003,3,0.0,0.0,0.38888888888888884,0.38888888888888884,0.04598421669356656,0.38888888888888884,0.0,0.0,0.27777777777777773,0.0,0.023977241007361063,0.022006975686205504,0.06236818101671007,0.0,-0.12627230750189888,-0.0639041264851888,0.06236818101671007,5.0,2.0,0.2720497449239096,0.1813664966159397,0.6666666666666666,5.0,0.6666666666666666
gru_shared_aux,lambda4/case5,post_age1,285000001;285000002;285000003,3,0.0,0.0,0.5388685388685389,0.5388685388685389,0.08348209781735327,0.5388685388685389,0.0,0.0,0.1277981277981278,6.356609524846839e-06,0.03426528831858542,0.049210452889243,0.008987681163148178,0.0,-0.020192788852440132,-0.011205107689291956,0.008987681163148178,547.0,2.0,0.43318903937444586,0.2887926929162972,0.6666666666666666,547.0,0.6666666666666666
gru_shared_aux,overall,post_age2,285000001;285000002;285000003,36,0.0,0.0,0.4106718127551461,0.4048618819452153,0.10661902833753821,0.4106718127551461,0.0,0.0,0.3393281872448539,2.205134781941278e-05,0.06996949754991419,0.03662747943980461,0.11508243077947888,0.0,-0.27984325690924233,-0.16476082612976342,0.11508243077947888,3409.0,27.0,0.4400901283183289,0.33006759623874665,0.75,3409.0,0.75
gru_shared_aux,lambda3,post_age2,285000001;285000002;285000003,18,0.0,0.0,0.37524743774743774,0.36372932622932624,0.12552635264373693,0.37524743774743774,0.0,0.0,0.3469747844747845,4.369211747340139e-05,0.0885522504594774,0.03693041006678615,0.12870492956646307,0.0,-0.3303669883839184,-0.20166205881745536,0.12870492956646307,2249.0,13.0,0.3890097936369041,0.28095151762665294,0.7222222222222222,2249.0,0.7222222222222222
gru_shared_aux,lambda3/analytic,post_age2,285000001;285000002;285000003,6,0.0,0.0,0.3952020202020203,0.3952020202020203,0.03597638109811765,0.3952020202020203,0.0,0.0,0.10479797979797979,0.0,0.018796660126583,0.01717972097153465,0.026126200582844646,0.0,-0.06454634738690924,-0.03842014680406461,0.026126200582844646,28.0,3.0,0.44141305191348296,0.22070652595674148,0.5,28.0,0.5
gru_shared_aux,lambda3/neural,post_age2,285000001;285000002;285000003,6,0.0,0.0,0.3541666666666667,0.3541666666666667,0.12643585196273177,0.3541666666666667,0.0,0.0,0.3125,0.0,0.08480356712175842,0.041632284840973345,0.3346494370036655,0.0,-0.41064794637538765,-0.07599850937172219,0.3346494370036655,26.0,4.0,0.7182243102126651,0.4788162068084434,0.6666666666666666,26.0,0.6666666666666666
gru_shared_aux,lambda3/period4_hold,post_age2,285000001;285000002;285000003,6,0.0,0.0,0.37637362637362637,0.34181929181929177,0.21416682487036143,0.37637362637362637,0.0,0.0,0.6236263736263736,0.00013107635242020417,0.16205652413009075,0.05197922438785044,0.025339151112879005,0.0,-0.5159066713894583,-0.4905675202765793,0.025339151112879005,2195.0,6.0,0.14333182011477386,0.14333182011477386,1.0,2195.0,1.0
gru_shared_aux,lambda3/case0,post_age2,285000001;285000002;285000003,3,0.0,0.0,0.4892746142746143,0.48886761386761385,0.14185375421584975,0.4892746142746143,0.0,0.0,0.5107253857253857,1.53576693520239e-06,0.09883699035754973,0.043015228091364814,0.046022997260795,0.0,-0.36882955688268804,-0.322806559621893,0.046022997260795,565.0,3.0,0.270785442446879,0.270785442446879,1.0,565.0,1.0
gru_shared_aux,lambda3/case1,post_age2,285000001;285000002;285000003,3,0.0,0.0,0.021164021164021163,0.020553520553520555,0.05524053626286606,0.021164021164021163,0.0,0.0,0.31216931216931215,5.215347839512076e-07,0.04537444415967077,0.00986557056841133,0.016680214625332576,0.0,-0.2188525493910607,-0.20217233476572807,0.016680214625332576,546.0,1.0,0.05867935012985062,0.019559783376616874,0.3333333333333333,546.0,0.3333333333333333
gru_shared_aux,lambda3/case2,post_age2,285000001;285000002;285000003,3,0.0,0.0,0.040496540496540494,0.039886039886039885,0.2697351932101207,0.040496540496540494,0.0,0.0,0.6261701261701261,1.614460862758512e-06,0.19346367869053951,0.07626990005871838,0.6102804077025783,0.0,-0.8600709001417318,-0.24979049243915355,0.6102804077025783,547.0,2.0,0.9194785535553873,0.6129857023702582,0.6666666666666666,547.0,0.6666666666666666
gru_shared_aux,lambda3/case3,post_age2,285000001;285000002;285000003,3,0.0,0.0,0.898148148148148,0.898148148148148,0.03402101587980261,0.898148148148148,0.0,0.0,0.10185185185185185,0.0,0.015716364195010664,0.01830465168479194,0.011505974663628472,0.0,-0.0327354007297092,-0.02122942606608073,0.011505974663628472,26.0,3.0,0.33710331386990017,0.33710331386990017,1.0,26.0,1.0
gru_shared_aux,lambda3/case4,post_age2,285000001;285000002;285000003,3,0.0,0.0,0.46906796906796905,0.4682539682539682,0.2206792178056932,0.46906796906796905,0.0,0.0,0.530932030932031,1.2098289385925097e-06,0.16405570362635633,0.05662230435039826,0.08773998314644392,0.0,-0.48563164958247435,-0.3978916664360304,0.08773998314644392,560.0,3.0,0.347599317685928,0.347599317685928,1.0,560.0,1.0
gru_shared_aux,lambda3/case5,post_age2,285000001;285000002;285000003,3,0.0,0.0,0.3333333333333333,0.26666666666666666,0.0316283984880894,0.3333333333333333,0.0,0.0,0.0,0.00025727111331990375,0.013866321727737349,0.01750480564703215,0.0,0.0,-0.016081873575846353,-0.016081873575846353,0.0,5.0,1.0,0.29302663803100587,0.09767554601033529,0.3333333333333333,5.0,0.3333333333333333
gru_shared_aux,lambda4,post_age2,285000001;285000002;285000003,18,0.0,0.0,0.4460961877628544,0.4459944376611043,0.08771170403133947,0.4460961877628544,0.0,0.0,0.33168159001492337,4.1057816542416803e-07,0.05138674464035098,0.036324548812823064,0.10145993199249471,0.0,-0.2293195254345662,-0.12785959344207148,0.10145993199249471,1160.0,14.0,0.4875218676653662,0.37918367485084037,0.7777777777777778,1160.0,0.7777777777777778
gru_shared_aux,lambda4/analytic,post_age2,285000001;285000002;285000003,6,0.0,0.0,0.4513888888888889,0.4513888888888889,0.07982347303007982,0.4513888888888889,0.0,0.0,0.3819444444444444,0.0,0.047965058884327096,0.03185841414575274,0.1083449920018514,0.0,-0.20807231576354415,-0.09972732376169274,0.1083449920018514,33.0,5.0,0.37319866816202796,0.3109988901350233,0.8333333333333334,33.0,0.8333333333333334
gru_shared_aux,lambda4/neural,post_age2,285000001;285000002;285000003,6,0.0,0.0,0.5031746031746032,0.5031746031746032,0.09661320618350872,0.5031746031746032,0.0,0.0,0.33015873015873015,0.0,0.053826182940847456,0.04278702324266126,0.12656972067696706,0.0,-0.2847933466472323,-0.1582236259702652,0.12656972067696706,20.0,5.0,0.4105303519112723,0.34210862659272695,0.8333333333333334,20.0,0.8333333333333334
gru_shared_aux,lambda4/period4_hold,post_age2,285000001;285000002;285000003,6,0.0,0.0,0.38372507122507127,0.38341982091982096,0.08669843288042987,0.38372507122507127,0.0,0.0,0.2829415954415954,1.231734496272504e-06,0.0523689920958784,0.0343282090500552,0.0694650832986657,0.0,-0.1950929138929222,-0.1256278305942565,0.0694650832986657,1107.0,4.0,0.7266652617371563,0.48444350782477086,0.6666666666666666,1107.0,0.6666666666666666
gru_shared_aux,lambda4/case0,post_age2,285000001;285000002;285000003,3,0.0,0.0,0.5257936507936508,0.5257936507936508,0.09205175794569985,0.5257936507936508,0.0,0.0,0.47420634920634924,0.0,0.051999972810041796,0.04005178513565804,0.14972737478831458,0.0,-0.2947776878952349,-0.14505031310692038,0.14972737478831458,38.0,3.0,0.28285988171895343,0.28285988171895343,1.0,38.0,1.0
gru_shared_aux,lambda4/case1,post_age2,285000001;285000002;285000003,3,0.0,0.0,0.6749999999999999,0.6749999999999999,0.07883132033408202,0.6749999999999999,0.0,0.0,0.32499999999999996,0.0,0.03801550194206682,0.04081581839201521,0.13460448053148058,0.0,-0.21921866734822593,-0.08461418681674533,0.13460448053148058,17.0,3.0,0.3698314984639486,0.3698314984639486,1.0,17.0,1.0
gru_shared_aux,lambda4/case2,post_age2,285000001;285000002;285000003,3,0.0,0.0,0.3333333333333333,0.3333333333333333,0.0350063133310717,0.3333333333333333,0.0,0.0,0.0,0.0,0.027312900278291058,0.007693413052780644,0.0,0.0,0.0,0.0,0.0,1.0,1.0,0.904158115386963,0.301386038462321,0.3333333333333333,1.0,0.3333333333333333
gru_shared_aux,lambda4/case3,post_age2,285000001;285000002;285000003,3,0.0,0.0,0.6632071632071632,0.6628001628001629,0.08122280112105382,0.6632071632071632,0.0,0.0,0.3367928367928368,1.1278625434202749e-06,0.038948983195108915,0.04227269006340148,0.07571157648352816,0.0,-0.15668135342386422,-0.08096977694033607,0.07571157648352816,554.0,3.0,0.9806970888441735,0.9806970888441735,1.0,554.0,1.0
gru_shared_aux,lambda4/case4,post_age2,285000001;285000002;285000003,3,0.0,0.0,0.3333333333333333,0.3333333333333333,0.09237945684261856,0.3333333333333333,0.0,0.0,0.3333333333333333,0.0,0.043220610528881785,0.049158846313736786,0.10022375318739148,0.0,-0.16654819912380645,-0.06632444593641494,0.10022375318739148,3.0,2.0,0.22655296325683594,0.15103530883789062,0.6666666666666666,3.0,0.6666666666666666
gru_shared_aux,lambda4/case5,post_age2,285000001;285000002;285000003,3,0.0,0.0,0.14590964590964592,0.1457061457061457,0.14677857461351088,0.14590964590964592,0.0,0.0,0.5207570207570208,1.335606449124733e-06,0.10882249908771552,0.03795473991934623,0.14849240696425356,0.0,-0.5386912448162658,-0.39019883785201226,0.14849240696425356,547.0,2.0,0.28393834916663263,0.18929223277775506,0.6666666666666666,547.0,0.6666666666666666
gru_shared_aux,overall,post_age3,285000001;285000002;285000003,36,0.0,0.0,0.4766662093050982,0.4709919452975009,0.10004170509238335,0.4766662093050982,0.0,0.0,0.24555601291712403,1.8206437111339e-05,0.05115810606953886,0.04886539258573316,0.10734946881768659,0.0,-0.19633675627024316,-0.08898728745255659,0.10734946881768659,3407.0,26.0,0.4827778749410998,0.3486729096796832,0.7222222222222222,3407.0,0.7222222222222222
gru_shared_aux,lambda3,post_age3,285000001;285000002;285000003,18,0.0,0.0,0.5640026126137238,0.5527219179996958,0.10039597128454035,0.5640026126137238,0.0,0.0,0.15821960960849848,3.605563551533807e-05,0.05008646057989285,0.05027345506913216,0.07213783560871183,0.0,-0.1242949586297063,-0.052157123020994456,0.07213783560871183,2249.0,13.0,0.6197105671488439,0.4475687429408317,0.7222222222222222,2249.0,0.7222222222222222
gru_shared_aux,lambda3/analytic,post_age3,285000001;285000002;285000003,6,0.0,0.0,0.42727272727272725,0.42727272727272725,0.044193455402703176,0.42727272727272725,0.0,0.0,0.07272727272727272,0.0,0.020076097924995605,0.024117357477707574,0.016356248566598605,0.0,-0.042715728644168734,-0.026359480077570135,0.016356248566598605,28.0,3.0,0.42764171060889655,0.21382085530444828,0.5,28.0,0.5
gru_shared_aux,lambda3/neural,post_age3,285000001;285000002;285000003,6,0.0,0.0,0.4714506172839506,0.4714506172839506,0.1451175817258441,0.4714506172839506,0.0,0.0,0.19521604938271606,0.0,0.08174442537382424,0.06337315635201989,0.17122735138292666,0.0,-0.2365244178124416,-0.06529706642951495,0.17122735138292666,26.0,4.0,0.5912962224748399,0.39419748164989327,0.6666666666666666,26.0,0.6666666666666666
gru_shared_aux,lambda3/period4_hold,post_age3,285000001;285000002;285000003,6,0.0,0.0,0.7932844932844932,0.7594424094424094,0.11187687672507375,0.7932844932844932,0.0,0.0,0.20671550671550673,0.00010816690654601422,0.04843885844085869,0.06332985137766904,0.028829906876610217,0.0,-0.09364472943250852,-0.06481482255589831,0.028829906876610217,2195.0,6.0,0.7346878918681535,0.7346878918681535,1.0,2195.0,1.0
gru_shared_aux,lambda3/case0,post_age3,285000001;285000002;285000003,3,0.0,0.0,0.8196248196248197,0.8192178192178191,0.08961769041472224,0.8196248196248197,0.0,0.0,0.18037518037518038,3.7369878114466577e-06,0.04108262084991867,0.04853133257699214,0.02119295849018349,0.0,-0.09232900280902523,-0.07113604431884175,0.02119295849018349,565.0,3.0,0.5236209009183024,0.5236209009183024,1.0,565.0,1.0
gru_shared_aux,lambda3/case1,post_age3,285000001;285000002;285000003,3,0.0,0.0,0.2686202686202686,0.2686202686202686,0.026224436081057904,0.2686202686202686,0.0,0.0,0.06471306471306472,0.0,0.010802606466266807,0.015421829614791098,0.0016418363099957947,0.0,-0.011613098062244332,-0.009971261752248538,0.0016418363099957947,546.0,1.0,0.9363114689732646,0.3121038229910882,0.3333333333333333,546.0,0.3333333333333333
gru_shared_aux,lambda3/case2,post_age3,285000001;285000002;285000003,3,0.0,0.0,0.39784289784289784,0.39784289784289784,0.21089162433500083,0.39784289784289784,0.0,0.0,0.26882376882376885,0.0,0.11157665490516488,0.09931496942983593,0.20828016569908428,0.0,-0.2932094237791798,-0.0849292580800955,0.20828016569908428,547.0,2.0,1.0779943767484728,0.7186629178323152,0.6666666666666666,547.0,0.6666666666666666
gru_shared_aux,lambda3/case3,post_age3,285000001;285000002;285000003,3,0.0,0.0,0.8935185185185185,0.8935185185185185,0.035874228801739495,0.8935185185185185,0.0,0.0,0.10648148148148147,0.0,0.0179542900838667,0.017919938717872803,0.024407660519635235,0.0,-0.04174020555284288,-0.017332545033207646,0.024407660519635235,26.0,3.0,0.3792116377088759,0.3792116377088759,1.0,26.0,1.0
gru_shared_aux,lambda3/case4,post_age3,285000001;285000002;285000003,3,0.0,0.0,0.7377425044091711,0.7371320037986705,0.21424422930186046,0.7377425044091711,0.0,0.0,0.26225749559082895,6.40094090245516e-07,0.10393058036023296,0.11031300884753725,0.1426107912370234,0.0,-0.24642934324039145,-0.10381855200336804,0.1426107912370234,560.0,3.0,0.6078576931683669,0.6078576931683669,1.0,560.0,1.0
gru_shared_aux,lambda3/case5,post_age3,285000001;285000002;285000003,3,0.0,0.0,0.26666666666666666,0.19999999999999998,0.02552361877286115,0.26666666666666666,0.0,0.0,0.06666666666666667,0.00021195673119033624,0.015172010813907061,0.010139651227763757,0.03469360139634874,0.0,-0.060448678334554036,-0.025755076938205293,0.03469360139634874,5.0,1.0,0.431866455078125,0.14395548502604166,0.3333333333333333,5.0,0.3333333333333333
gru_shared_aux,lambda4,post_age3,285000001;285000002;285000003,18,0.0,0.0,0.3893298059964727,0.3892619725953059,0.09968743890022636,0.3893298059964727,0.0,0.0,0.33289241622574955,3.5723870733993424e-07,0.05222975155918488,0.04745733010233414,0.14256110202666136,0.0,-0.2683785539107801,-0.12581745188411875,0.14256110202666136,1158.0,13.0,0.3458451827333557,0.24977707641853467,0.7222222222222222,1158.0,0.7222222222222222
gru_shared_aux,lambda4/analytic,post_age3,285000001;285000002;285000003,6,0.0,0.0,0.3125,0.3125,0.07987030710365671,0.3125,0.0,0.0,0.3541666666666667,0.0,0.03980607959025651,0.04006422751340019,0.16587237075523095,0.0,-0.279006388452318,-0.11313401769708704,0.16587237075523095,32.0,4.0,0.2395122994979223,0.1596748663319482,0.6666666666666666,32.0,0.6666666666666666
gru_shared_aux,lambda4/neural,post_age3,285000001;285000002;285000003,6,0.0,0.0,0.4583333333333333,0.4583333333333333,0.15212247548769184,0.4583333333333333,0.0,0.0,0.375,0.0,0.08356213138147046,0.06856034410622137,0.19965643125867086,0.0,-0.3948130096708025,-0.19515657841213166,0.19965643125867086,19.0,5.0,0.398542971611023,0.3321191430091858,0.8333333333333334,19.0,0.8333333333333334
gru_shared_aux,lambda4/period4_hold,post_age3,285000001;285000002;285000003,6,0.0,0.0,0.39715608465608465,0.39695258445258447,0.06706953410933052,0.39715608465608465,0.0,0.0,0.26951058201058203,1.0717161220198024e-06,0.03332104370582765,0.03374741868738086,0.06215450406608225,0.0,-0.13131626360921975,-0.06916175954313748,0.06215450406608225,1107.0,4.0,0.38630582987170525,0.25753721991447015,0.6666666666666666,1107.0,0.6666666666666666
gru_shared_aux,lambda4/case0,post_age3,285000001;285000002;285000003,3,0.0,0.0,0.5456349206349206,0.5456349206349206,0.12019665862945772,0.5456349206349206,0.0,0.0,0.45436507936507936,0.0,0.06935684343736138,0.050839815192096315,0.16790615881561602,0.0,-0.342537937340913,-0.174631778525297,0.16790615881561602,38.0,3.0,0.3055181645211719,0.3055181645211719,1.0,38.0,1.0
gru_shared_aux,lambda4/case1,post_age3,285000001;285000002;285000003,3,0.0,0.0,0.513888888888889,0.513888888888889,0.11939652958204001,0.513888888888889,0.0,0.0,0.4861111111111111,0.0,0.054162893776781434,0.0652336358052586,0.1301239569981893,0.0,-0.29937447441948783,-0.16925051742129857,0.1301239569981893,17.0,3.0,0.25468833446502687,0.25468833446502687,1.0,17.0,1.0
gru_shared_aux,lambda4/case2,post_age3,285000001;285000002;285000003,3,0.0,0.0,0.0,0.0,0.0,0.0,0.0,0.0,0.0,0.0,0.0,0.0,0.0,0.0,0.0,0.0,0.0,0.0,0.0,,0.0,0.0,0.0,0.0
gru_shared_aux,lambda4/case3,post_age3,285000001;285000002;285000003,3,0.0,0.0,0.5145502645502645,0.5141432641432642,0.14079794120104935,0.5145502645502645,0.0,0.0,0.4854497354497354,1.0047950720789824e-06,0.0783733442376585,0.062423592168318755,0.16158617197812258,0.0,-0.32379056706775916,-0.1622043950896366,0.16158617197812258,553.0,3.0,0.2342609047744155,0.2342609047744155,1.0,553.0,1.0
gru_shared_aux,lambda4/case4,post_age3,285000001;285000002;285000003,3,0.0,0.0,0.4444444444444444,0.4444444444444444,0.10611257738454721,0.4444444444444444,0.0,0.0,0.2222222222222222,0.0,0.04013132537248667,0.06598125201206055,0.1861046685112847,0.0,-0.2158639695909288,-0.0297593010796441,0.1861046685112847,3.0,2.0,0.33524131774902344,0.22349421183268228,0.6666666666666666,3.0,0.6666666666666666
gru_shared_aux,lambda4/case5,post_age3,285000001;285000002;285000003,3,0.0,0.0,0.31746031746031744,0.31746031746031744,0.11162092660426386,0.31746031746031744,0.0,0.0,0.34920634920634924,1.1386371719606227e-06,0.07135410253082125,0.04026568543627065,0.20964565585675551,0.0,-0.4287043750455916,-0.21905871918883613,0.20964565585675551,547.0,2.0,0.7210512643768674,0.4807008429179116,0.6666666666666666,547.0,0.6666666666666666
gru_separate_mse,overall,full,285000001;285000002;285000003,36,0.0,0.0,0.6714115335192323,0.6248377721753754,0.09801858356877803,0.6714115335192323,0.0,0.0,0.27303291092521215,0.0003273568984811704,0.05585075299958312,0.04184047367071373,0.079749524619609,0.0,-0.19911136310098906,-0.11936183848138004,0.079749524619609,10333.0,34.0,0.39890673816116723,0.376745252707769,0.9444444444444443,10333.0,0.9444444444444443
gru_separate_mse,lambda3,full,285000001;285000002;285000003,18,0.0,0.0,0.7451908565909684,0.700316890664802,0.11947492391446234,0.7451908565909684,0.0,0.0,0.2548091434090316,0.00032025689955859725,0.06980702477111893,0.049347642243784816,0.06842836768616885,0.0,-0.21102338410548974,-0.1425950164193209,0.06842836768616885,6807.0,18.0,0.4365920590870503,0.4365920590870503,1.0,6807.0,1.0
gru_separate_mse,lambda3/analytic,full,285000001;285000002;285000003,6,0.0,0.0,0.8192048323627271,0.7624289269026111,0.056743005800668524,0.8192048323627271,0.0,0.0,0.1807951676372729,0.0002979647276663067,0.028201279171552584,0.02824376190144964,0.04198316282492321,0.0,-0.09686878008119211,-0.0548856172562689,0.04198316282492321,103.0,6.0,0.3479698356320475,0.3479698356320475,1.0,103.0,1.0
gru_separate_mse,lambda3/neural,full,285000001;285000002;285000003,6,0.0,0.0,0.7863969960744154,0.7297107014848949,0.10776612947241021,0.7863969960744154,0.0,0.0,0.21360300392558454,0.00029553707730199284,0.062423625485286384,0.045046966909821844,0.12120420236110606,0.0,-0.21297030970594097,-0.09176610734483492,0.12120420236110606,100.0,6.0,0.44697717257908415,0.44697717257908415,1.0,100.0,1.0
gru_separate_mse,lambda3/period4_hold,full,285000001;285000002;285000003,6,0.0,0.0,0.6299707413357627,0.6088110436068997,0.19391563647030827,0.6299707413357627,0.0,0.0,0.3700292586642373,0.0003672688937074922,0.1187961696565178,0.07475219792008296,0.0420977378724773,0.0,-0.3232310625293362,-0.28113332465685886,0.0420977378724773,6604.0,6.0,0.5148291690500194,0.5148291690500194,1.0,6604.0,1.0
gru_separate_mse,lambda3/case0,full,285000001;285000002;285000003,3,0.0,0.0,0.6951425178116221,0.6878327138839021,0.12720672092934646,0.6951425178116221,0.0,0.0,0.304857482188378,6.027433607736372e-05,0.07270357945103793,0.05444286714223115,0.06433715517808064,0.0,-0.23631746267227086,-0.17198030749419024,0.06433715517808064,1706.0,3.0,0.443419692641434,0.443419692641434,1.0,1706.0,1.0
gru_separate_mse,lambda3/case1,full,285000001;285000002;285000003,3,0.0,0.0,0.7538763626514998,0.698049969530774,0.07548000128943165,0.7538763626514998,0.0,0.0,0.2461236373485002,0.0004420698459970977,0.04081659691309337,0.03422133453034117,0.03118008855023779,0.0,-0.15321348383250866,-0.12203339528227088,0.03118008855023779,1649.0,3.0,0.34080968761792785,0.34080968761792785,1.0,1649.0,1.0
gru_separate_mse,lambda3/case2,full,285000001;285000002;285000003,3,0.0,0.0,0.5892409777236103,0.5891055589410251,0.17902597838410442,0.5892409777236103,0.0,0.0,0.4107590222763897,1.8667538590432058e-06,0.11805812039943821,0.0609659912308072,0.15190054344593354,0.0,-0.35908076845321846,-0.20718022500728495,0.15190054344593354,1648.0,3.0,0.47164792535558303,0.47164792535558303,1.0,1648.0,1.0
gru_separate_mse,lambda3/case3,full,285000001;285000002;285000003,3,0.0,0.0,0.8445628445628445,0.8276445776445777,0.03667982865857209,0.8445628445628445,0.0,0.0,0.15543715543715544,9.46194233887331e-05,0.018889884235045958,0.017695325000137402,0.018352488978843198,0.0,-0.054449175916766256,-0.036096686937923055,0.018352488978843198,89.0,3.0,0.32168532174731057,0.32168532174731057,1.0,89.0,1.0
gru_separate_mse,lambda3/case4,full,285000001;285000002;285000003,3,0.0,0.0,0.6932607084011719,0.6832191412724836,0.22200968065618462,0.6932607084011719,0.0,0.0,0.3067392915988279,8.207317367461836e-05,0.12697094817784535,0.09495665930466464,0.1120189368319743,0.0,-0.3243680392751835,-0.21234910244320918,0.1120189368319743,1691.0,3.0,0.5331403580050105,0.5331403580050105,1.0,1691.0,1.0
gru_separate_mse,lambda3/case5,full,285000001;285000002;285000003,3,0.0,0.0,0.8950617283950617,0.7160493827160493,0.07644733356913476,0.8950617283950617,0.0,0.0,0.10493827160493828,0.0012406378643547275,0.041403019450252716,0.033803676254527314,0.03278099313194369,0.0,-0.13871137448299078,-0.1059303813510471,0.03278099313194369,24.0,3.0,0.5088493691550361,0.5088493691550361,1.0,24.0,1.0
gru_separate_mse,lambda4,full,285000001;285000002;285000003,18,0.0,0.0,0.5976322104474961,0.5493586536859488,0.07656224322309374,0.5976322104474961,0.0,0.0,0.2912566784413927,0.0003344568974037436,0.04189448122804734,0.03433330509764266,0.09107068155304919,0.0,-0.18719934209648836,-0.0961286605434392,0.09107068155304919,3526.0,16.0,0.3565107521195486,0.3168984463284876,0.8888888888888888,3526.0,0.8888888888888888
gru_separate_mse,lambda4/analytic,full,285000001;285000002;285000003,6,0.0,0.0,0.7163492063492063,0.6491534391534391,0.06784134234839514,0.7163492063492063,0.0,0.0,0.28365079365079365,0.0004551182249737053,0.03864699071812499,0.02873923340529644,0.09125233677959947,0.0,-0.1772662733219288,-0.08601393654232935,0.09125233677959947,115.0,6.0,0.3493362753353422,0.3493362753353422,1.0,115.0,1.0
gru_separate_mse,lambda4/neural,full,285000001;285000002;285000003,6,0.0,0.0,0.5404039101020525,0.5230736154110767,0.09437058738344502,0.5404039101020525,0.0,0.0,0.29292942323128085,8.26716510238117e-05,0.05129979865915815,0.04298811707326306,0.11125119831731267,0.0,-0.21568046335424393,-0.10442926503693124,0.11125119831731267,76.0,5.0,0.333039703745591,0.2775330864546592,0.8333333333333334,76.0,0.8333333333333334
gru_separate_mse,lambda4/period4_hold,full,285000001;285000002;285000003,6,0.0,0.0,0.5361435148912297,0.47584890649333067,0.06747479993744106,0.5361435148912297,0.0,0.0,0.2971898184421036,0.00046558081621371375,0.03573665430685888,0.031272564814368464,0.07070850956223539,0.0,-0.16865128961329237,-0.09794278005105699,0.07070850956223539,3335.0,5.0,0.3885911726345538,0.3238259771954615,0.8333333333333334,3335.0,0.8333333333333334
gru_separate_mse,lambda4/case0,full,285000001;285000002;285000003,3,0.0,0.0,0.5412962962962963,0.532037037037037,0.09689272124698861,0.5412962962962963,0.0,0.0,0.45870370370370367,3.8732308877553335e-06,0.05518199502286796,0.04170685299323288,0.15384652994297168,0.0,-0.28699715640809803,-0.13315062646512632,0.15384652994297168,123.0,3.0,0.2706093676884969,0.2706093676884969,1.0,123.0,1.0
gru_separate_mse,lambda4/case1,full,285000001;285000002;285000003,3,0.0,0.0,0.6092314118629908,0.5920077972709552,0.09018792544167008,0.6092314118629908,0.0,0.0,0.39076858813700915,0.000167033275051058,0.045308147320053165,0.044712744846565865,0.14023917144933673,0.0,-0.2422632674923915,-0.10202409604305478,0.14023917144933673,62.0,3.0,0.2951180216463387,0.2951180216463387,1.0,62.0,1.0
gru_separate_mse,lambda4/case2,full,285000001;285000002;285000003,3,0.0,0.0,0.2888888888888889,0.2888888888888889,0.021778209442238804,0.2888888888888889,0.0,0.0,0.044444444444444446,0.0,0.016205341915012165,0.005572867527226637,0.029656685723198784,0.0,-0.03317177030775282,-0.0035150845845540366,0.029656685723198784,5.0,1.0,0.6316324234008789,0.2105441411336263,0.3333333333333333,5.0,0.3333333333333333
gru_separate_mse,lambda4/case3,full,285000001;285000002;285000003,3,0.0,0.0,0.5654948959067682,0.551881325351591,0.09268719075553224,0.5654948959067682,0.0,0.0,0.4345051040932319,3.741639192266649e-05,0.04969848474987337,0.042951289613736204,0.08323719438793363,0.0,-0.22446972087786446,-0.14123252648993087,0.08323719438793363,1670.0,3.0,0.5002598519880259,0.5002598519880259,1.0,1670.0,1.0
gru_separate_mse,lambda4/case4,full,285000001;285000002;285000003,3,0.0,0.0,0.846031746031746,0.707936507936508,0.06644992632566481,0.846031746031746,0.0,0.0,0.15396825396825398,0.0012761496400867506,0.02925485156244508,0.03591892512313297,0.0654966808500744,0.0,-0.10251967112223308,-0.03702299027215867,0.0654966808500744,18.0,3.0,0.18480855850946334,0.18480855850946334,1.0,18.0,1.0
gru_separate_mse,lambda4/case5,full,285000001;285000002;285000003,3,0.0,0.0,0.734850023698287,0.623400365630713,0.0913774861264679,0.734850023698287,0.0,0.0,0.26514997630171305,0.000522268846474231,0.0557180667980323,0.03513715048196137,0.0739478269647798,0.0,-0.23377446637059027,-0.15982663940581046,0.0739478269647798,1648.0,3.0,0.4400507370049746,0.4400507370049746,1.0,1648.0,1.0
gru_separate_mse,overall,initial,285000001;285000002;285000003,36,0.0,0.0,0.7685185185185185,0.6358024691358025,0.024354102370250607,0.7685185185185185,0.0,0.0,0.17592592592592593,0.0009855918649088553,0.0113926368095986,0.011975873695743154,0.01608197483015649,0.0,-0.06307755870583616,-0.046995583875679675,0.01608197483015649,96.0,34.0,0.20370913486854705,0.1923919607091833,0.9444444444444443,96.0,0.9444444444444443
gru_separate_mse,lambda3,initial,285000001;285000002;285000003,18,0.0,0.0,0.8765432098765432,0.7222222222222222,0.028159328502225134,0.8765432098765432,0.0,0.0,0.12345679012345678,0.0011326335969733413,0.012657585366364868,0.014369109538886924,0.01071239400793005,0.0,-0.058061852867220654,-0.0473494588592906,0.01071239400793005,52.0,18.0,0.24361453232941802,0.24361453232941802,1.0,52.0,1.0
gru_separate_mse,lambda3/analytic,initial,285000001;285000002;285000003,6,0.0,0.0,0.888888888888889,0.7777777777777778,0.025945578341443714,0.888888888888889,0.0,0.0,0.1111111111111111,0.0006697375823894921,0.010371825051689881,0.014904015707364342,0.006237056520250108,0.0,-0.04379273343969275,-0.037555676919442636,0.006237056520250108,16.0,6.0,0.22211922539605036,0.22211922539605036,1.0,16.0,1.0
gru_separate_mse,lambda3/neural,initial,285000001;285000002;285000003,6,0.0,0.0,0.9259259259259259,0.8148148148148149,0.03479438178464251,0.9259259259259259,0.0,0.0,0.07407407407407407,0.0006697375823894921,0.013871124999926425,0.020253519202326598,0.006237038859614619,0.0,-0.038035807786164465,-0.03179876892654984,0.006237038859614619,18.0,6.0,0.31041733423868817,0.31041733423868817,1.0,18.0,1.0
gru_separate_mse,lambda3/period4_hold,initial,285000001;285000002;285000003,6,0.0,0.0,0.8148148148148149,0.5740740740740741,0.023738025380589167,0.8148148148148149,0.0,0.0,0.1851851851851852,0.0020584256261410396,0.013729806047478298,0.007949793706969828,0.01966308664392542,0.0,-0.09235701737580476,-0.07269393073187934,0.01966308664392542,18.0,6.0,0.19830703735351562,0.19830703735351562,1.0,18.0,1.0
gru_separate_mse,lambda3/case0,initial,285000001;285000002;285000003,3,0.0,0.0,0.8148148148148148,0.7037037037037037,0.024351052425724145,0.8148148148148148,0.0,0.0,0.1851851851851852,0.0006919323684794815,0.010422751894616847,0.013236368162627818,0.020512333622685185,0.0,-0.05691217493127893,-0.03639984130859374,0.020512333622685185,9.0,3.0,0.13317786322699654,0.13317786322699654,1.0,9.0,1.0
gru_separate_mse,lambda3/case1,initial,285000001;285000002;285000003,3,0.0,0.0,1.0,0.8148148148148149,0.029779115886665552,1.0,0.0,0.0,0.0,0.0017901481894400436,0.011085860339507975,0.016903107357717526,0.0,0.0,-0.03940773010253906,-0.03940773010253906,0.0,9.0,3.0,0.2003728018866645,0.2003728018866645,1.0,9.0,1.0
gru_separate_mse,lambda3/case2,initial,285000001;285000002;285000003,3,0.0,0.0,0.7037037037037037,0.6666666666666666,0.04694259995389679,0.7037037037037037,0.0,0.0,0.2962962962962963,0.000551643648607212,0.021722933773879752,0.024668022531409827,0.021950439170554833,0.0,-0.08423522666648582,-0.06228478749593099,0.021950439170554833,7.0,3.0,0.24862946404351127,0.24862946404351127,1.0,7.0,1.0
gru_separate_mse,lambda3/case3,initial,285000001;285000002;285000003,3,0.0,0.0,0.7407407407407408,0.5925925925925926,0.015671225109245925,0.7407407407407408,0.0,0.0,0.25925925925925924,0.0008438366938679355,0.007724109902921082,0.007103278512456907,0.02181159125434028,0.0,-0.07759814792209202,-0.05578655666775173,0.02181159125434028,9.0,3.0,0.06085925632052951,0.06085925632052951,1.0,9.0,1.0
gru_separate_mse,lambda3/case4,initial,285000001;285000002;285000003,3,0.0,0.0,1.0,0.8148148148148149,0.014072572837175425,1.0,0.0,0.0,0.0,0.0017901481894400436,0.006956568111844616,0.005325856535890765,0.0,0.0,-0.03940773010253906,-0.03940773010253906,0.0,9.0,3.0,0.28999000125461155,0.28999000125461155,1.0,9.0,1.0
gru_separate_mse,lambda3/case5,initial,285000001;285000002;285000003,3,0.0,0.0,1.0,0.7407407407407408,0.03813940480064296,1.0,0.0,0.0,0.0,0.001128092492005332,0.018033288175418934,0.018978024133218693,0.0,0.0,-0.05081010747838902,-0.05081010747838902,0.0,9.0,3.0,0.5286578072441949,0.5286578072441949,1.0,9.0,1.0
gru_separate_mse,lambda4,initial,285000001;285000002;285000003,18,0.0,0.0,0.6604938271604938,0.5493827160493827,0.020548876238276087,0.6604938271604938,0.0,0.0,0.22839506172839505,0.0008385501328443696,0.010127688252832332,0.009582637852599381,0.021451555652382936,0.0,-0.06809326454445168,-0.04664170889206875,0.021451555652382936,44.0,16.0,0.15881556272506717,0.14116938908894858,0.8888888888888888,44.0,0.8888888888888888
gru_separate_mse,lambda4/analytic,initial,285000001;285000002;285000003,6,0.0,0.0,0.8148148148148148,0.7222222222222222,0.022290402621583407,0.8148148148148148,0.0,0.0,0.1851851851851852,0.0007935997397541743,0.010465040302715646,0.011031762579113582,0.011789798736572266,0.0,-0.046788939723262084,-0.03499914098668982,0.011789798736572266,16.0,6.0,0.25325144661797416,0.25325144661797416,1.0,16.0,1.0
gru_separate_mse,lambda4/neural,initial,285000001;285000002;285000003,6,0.0,0.0,0.5925925925925926,0.5185185185185185,0.017805668886379803,0.5925925925925926,0.0,0.0,0.2407407407407407,0.0003783537479362335,0.007879780897855812,0.009547534240587756,0.022610169869882086,0.0,-0.05714437696668837,-0.03453420709680628,0.022610169869882086,15.0,5.0,0.11213715871175128,0.09344763225979275,0.8333333333333334,15.0,0.8333333333333334
gru_separate_mse,lambda4/period4_hold,initial,285000001;285000002;285000003,6,0.0,0.0,0.5740740740740741,0.4074074074074074,0.02155055720686505,0.5740740740740741,0.0,0.0,0.25925925925925924,0.0013436969108427009,0.012038243557925541,0.00816861673809681,0.029954698350694448,0.0,-0.10034647694340458,-0.07039177859271013,0.029954698350694448,13.0,5.0,0.09217090606689453,0.07680908838907878,0.8333333333333334,13.0,0.8333333333333334
gru_separate_mse,lambda4/case0,initial,285000001;285000002;285000003,3,0.0,0.0,0.5555555555555555,0.5555555555555555,0.02439901283432172,0.5555555555555555,0.0,0.0,0.4444444444444444,0.0,0.012207853186737339,0.012191159647584384,0.024370829264322918,0.0,-0.06626793190285012,-0.041897102638527195,0.024370829264322918,9.0,3.0,0.06453874376085068,0.06453874376085068,1.0,9.0,1.0
gru_separate_mse,lambda4/case1,initial,285000001;285000002;285000003,3,0.0,0.0,0.7777777777777777,0.6666666666666666,0.024702090281548576,0.7777777777777777,0.0,0.0,0.2222222222222222,0.0011775097165338123,0.014614160231211051,0.008910420333803713,0.050028483072916664,0.0,-0.09310270238805701,-0.043074219315140334,0.050028483072916664,9.0,3.0,0.14531559414333767,0.14531559414333767,1.0,9.0,1.0
gru_separate_mse,lambda4/case2,initial,285000001;285000002;285000003,3,0.0,0.0,0.2962962962962963,0.2962962962962963,0.009885280772980171,0.2962962962962963,0.0,0.0,0.037037037037037035,0.0,0.004821284234708401,0.0050639965382717695,3.532127097800926e-08,0.0,-0.004573468808774595,-0.004573433487503617,3.532127097800926e-08,3.0,1.0,0.5127134323120118,0.17090447743733725,0.3333333333333333,3.0,0.3333333333333333
gru_separate_mse,lambda4/case3,initial,285000001;285000002;285000003,3,0.0,0.0,0.4814814814814814,0.3333333333333333,0.019795946564382,0.4814814814814814,0.0,0.0,0.5185185185185185,0.00037500407631375346,0.008693090431060464,0.010727852057007785,0.03236996686017072,0.0,-0.12906646728515625,-0.09669650042498552,0.03236996686017072,9.0,3.0,0.08235804239908855,0.08235804239908855,1.0,9.0,1.0
gru_separate_mse,lambda4/case4,initial,285000001;285000002;285000003,3,0.0,0.0,1.0,0.8148148148148149,0.0145019209520822,1.0,0.0,0.0,0.0,0.0019246523967619094,0.0072191650264804355,0.005358103528839853,0.0,0.0,-0.010064442952473959,-0.010064442952473959,0.0,7.0,3.0,0.14707925584581164,0.14707925584581164,1.0,7.0,1.0
gru_separate_mse,lambda4/case5,initial,285000001;285000002;285000003,3,0.0,0.0,0.8518518518518517,0.6296296296296297,0.03000900602434184,0.8518518518518517,0.0,0.0,0.14814814814814814,0.0015541346074567424,0.013210576406796312,0.015244295010088787,0.02194001939561632,0.0,-0.10548457392939814,-0.08354455453378183,0.02194001939561632,7.0,3.0,0.23682022094726562,0.23682022094726562,1.0,7.0,1.0
gru_separate_mse,overall,postcorrection,285000001;285000002;285000003,36,0.0,0.0,0.4841314230495517,0.4819019652645384,0.11128051078326247,0.4841314230495517,0.0,0.0,0.3214241325060038,5.929399969647772e-05,0.06589389091508159,0.045327325868484404,0.11445460147932923,0.0,-0.24531682962371285,-0.13086222814438364,0.11445460147932923,10237.0,29.0,0.44996086664638774,0.3624684759095902,0.8055555555555557,10237.0,0.8055555555555557
gru_separate_mse,lambda3,postcorrection,285000001;285000002;285000003,18,0.0,0.0,0.5246607794414812,0.5220559768366786,0.1306985234144769,0.5246607794414812,0.0,0.0,0.30867255389185216,0.00011651423677547756,0.07926256007698088,0.05131944910072055,0.10712040419556988,0.0,-0.2551450611916632,-0.14802465699609327,0.10712040419556988,6755.0,15.0,0.4817243267144927,0.40143693892874394,0.8333333333333334,6755.0,0.8333333333333334
gru_separate_mse,lambda3/analytic,postcorrection,285000001;285000002;285000003,6,0.0,0.0,0.4513888888888889,0.4513888888888889,0.054137140251755526,0.4513888888888889,0.0,0.0,0.2152777777777778,0.0,0.02826829971364554,0.025868840538109977,0.064488854911246,0.0,-0.11169568652161325,-0.04720683161036728,0.064488854911246,87.0,4.0,0.4004642053756839,0.2669761369171226,0.6666666666666666,87.0,0.6666666666666666
gru_separate_mse,lambda3/neural,postcorrection,285000001;285000002;285000003,6,0.0,0.0,0.4994179894179895,0.4994179894179895,0.13939126713163202,0.4994179894179895,0.0,0.0,0.3339153439153439,0.0,0.08796367671916154,0.05142759041247049,0.21163565292560235,0.0,-0.32240987926563885,-0.11077422634003657,0.21163565292560235,82.0,5.0,0.5007663907777695,0.4173053256481413,0.8333333333333334,82.0,0.8333333333333334
gru_separate_mse,lambda3/period4_hold,postcorrection,285000001;285000002;285000003,6,0.0,0.0,0.6231754600175653,0.6153610522031575,0.19856716286004317,0.6231754600175653,0.0,0.0,0.37682453998243476,0.0003495427103264327,0.12155570379813556,0.07666191635158119,0.04523670474986131,0.0,-0.3313296177877374,-0.28609291303787604,0.04523670474986131,6586.0,6.0,0.520029354220968,0.520029354220968,1.0,6586.0,1.0
gru_separate_mse,lambda3/case0,postcorrection,285000001;285000002;285000003,3,0.0,0.0,0.6840401573734907,0.6837688237688239,0.1308698765157464,0.6840401573734907,0.0,0.0,0.3159598426265093,1.6470047852081804e-05,0.07475679506399137,0.05609661140390292,0.06861874787622733,0.0,-0.24640627911116594,-0.1777875312349386,0.06861874787622733,1697.0,3.0,0.4552745856187123,0.4552745856187123,1.0,1697.0,1.0
gru_separate_mse,lambda3/case1,postcorrection,285000001;285000002;285000003,3,0.0,0.0,0.420295753629087,0.4202279202279202,0.08666654756350611,0.420295753629087,0.0,0.0,0.579704246370913,2.135277302434506e-06,0.047893035086675244,0.03877137719952843,0.10550387852422549,0.0,-0.25346402555255326,-0.14796014702832774,0.10550387852422549,1640.0,3.0,0.3635385063881305,0.3635385063881305,1.0,1640.0,1.0
gru_separate_mse,lambda3/case2,postcorrection,285000001;285000002;285000003,3,0.0,0.0,0.31135531135531136,0.31128747795414463,0.2389745018421363,0.31135531135531136,0.0,0.0,0.3553113553113552,8.598364693945448e-07,0.16507634274387406,0.07389729926179282,0.2865832570109887,0.0,-0.5066291218679871,-0.2200458648569984,0.2865832570109887,1641.0,2.0,0.876701663956683,0.584467775971122,0.6666666666666666,1641.0,0.6666666666666666
gru_separate_mse,lambda3/case3,postcorrection,285000001;285000002;285000003,3,0.0,0.0,0.8573684210526316,0.8573684210526316,0.03917569903701889,0.8573684210526316,0.0,0.0,0.14263157894736841,0.0,0.020187286771362653,0.01898841226565624,0.017938835529478593,0.0,-0.051445346928944126,-0.03350651139946554,0.017938835529478593,80.0,3.0,0.35242879969799495,0.35242879969799495,1.0,80.0,1.0
gru_separate_mse,lambda3/case4,postcorrection,285000001;285000002;285000003,3,0.0,0.0,0.6674976258309592,0.6670906254239588,0.23477105998733153,0.6674976258309592,0.0,0.0,0.3325023741690408,5.559700111352869e-06,0.13442162823048162,0.10034387205673856,0.12474051447416674,0.0,-0.3451835839966068,-0.22044306952244005,0.12474051447416674,1682.0,3.0,0.5509452192483514,0.5509452192483514,1.0,1682.0,1.0
gru_separate_mse,lambda3/case5,postcorrection,285000001;285000002;285000003,3,0.0,0.0,0.2074074074074074,0.19259259259259257,0.053733455541122244,0.2074074074074074,0.0,0.0,0.1259259259259259,0.0006740605589176016,0.03324027256550029,0.019819122416704346,0.039337191758332425,0.0,-0.1277420096927219,-0.08840481793438947,0.039337191758332425,15.0,1.0,0.3059002399444581,0.10196674664815268,0.3333333333333333,15.0,0.3333333333333333
gru_separate_mse,lambda4,postcorrection,285000001;285000002;285000003,18,0.0,0.0,0.4436020666576222,0.4417479536923981,0.09186249815204804,0.4436020666576222,0.0,0.0,0.33417571112015554,2.0737626174778653e-06,0.0525252217531823,0.039335202636248255,0.12178879876308857,0.0,-0.23548859805576258,-0.11369979929267399,0.12178879876308857,3482.0,14.0,0.4159285880019896,0.3235000128904364,0.7777777777777778,3482.0,0.7777777777777778
gru_separate_mse,lambda4/analytic,postcorrection,285000001;285000002;285000003,6,0.0,0.0,0.4845679012345679,0.4845679012345679,0.08262602413354671,0.4845679012345679,0.0,0.0,0.3487654320987654,0.0,0.050407868104564095,0.03221815602898263,0.13811888260605895,0.0,-0.23014444480707616,-0.09202556220101721,0.13811888260605895,99.0,5.0,0.3801871485180325,0.31682262376502707,0.8333333333333334,99.0,0.8333333333333334
gru_separate_mse,lambda4/neural,postcorrection,285000001;285000002;285000003,6,0.0,0.0,0.4837962962962963,0.48115079365079366,0.12406818665444559,0.4837962962962963,0.0,0.0,0.34953703703703703,1.106637396501524e-06,0.07078560093018636,0.05328147908686273,0.15038976830149453,0.0,-0.300951023108114,-0.15056125480661947,0.15038976830149453,61.0,5.0,0.39443926499003457,0.32869938749169547,0.8333333333333334,61.0,0.8333333333333334
gru_separate_mse,lambda4/period4_hold,postcorrection,285000001;285000002;285000003,6,0.0,0.0,0.3624420024420025,0.35952516619183283,0.06889328366815178,0.3624420024420025,0.0,0.0,0.3042246642246642,5.1146504559320715e-06,0.03638219622479643,0.032505972792899414,0.07685774538171225,0.0,-0.1753703262520975,-0.09851258087038524,0.07685774538171225,3322.0,4.0,0.48746704112188,0.32497802741458665,0.6666666666666666,3322.0,0.6666666666666666
gru_separate_mse,lambda4/case0,postcorrection,285000001;285000002;285000003,3,0.0,0.0,0.5383597883597884,0.5277777777777778,0.10320731216219463,0.5383597883597884,0.0,0.0,0.46164021164021163,4.426549586006096e-06,0.05859308907548327,0.044609796537125344,0.1670255163779755,0.0,-0.3090803581150331,-0.1420548417370576,0.1670255163779755,114.0,3.0,0.29143181679740787,0.29143181679740787,1.0,114.0,1.0
gru_separate_mse,lambda4/case1,postcorrection,285000001;285000002;285000003,3,0.0,0.0,0.5764814814814815,0.5764814814814815,0.1022217997123842,0.5764814814814815,0.0,0.0,0.42351851851851846,0.0,0.05081915500891387,0.051402644703470314,0.1563805658728988,0.0,-0.2694302960678383,-0.11304973019493951,0.1563805658728988,53.0,3.0,0.32294171161121793,0.32294171161121793,1.0,53.0,1.0
gru_separate_mse,lambda4/case2,postcorrection,285000001;285000002;285000003,3,0.0,0.0,0.27777777777777773,0.27777777777777773,0.039617602446126755,0.27777777777777773,0.0,0.0,0.05555555555555555,0.0,0.03328142843546781,0.006336174010658939,0.0741416613260905,0.0,-0.07606922255622016,-0.0019275612301296657,0.0741416613260905,2.0,1.0,0.8100109100341797,0.2700036366780599,0.3333333333333333,2.0,0.3333333333333333
gru_separate_mse,lambda4/case3,postcorrection,285000001;285000002;285000003,3,0.0,0.0,0.5778049111382444,0.577397910731244,0.10629070552523473,0.5778049111382444,0.0,0.0,0.42219508886175555,3.992312995558505e-06,0.057267012453039855,0.04901970075919932,0.09624239020812723,0.0,-0.2476940549725093,-0.15145166476438202,0.09624239020812723,1661.0,3.0,0.5517800985481082,0.5517800985481082,1.0,1661.0,1.0
gru_separate_mse,lambda4/case4,postcorrection,285000001;285000002;285000003,3,0.0,0.0,0.40079365079365076,0.40079365079365076,0.08972446056831691,0.40079365079365076,0.0,0.0,0.26587301587301587,0.0,0.03968632150110987,0.050038139067207034,0.11152217501685734,0.0,-0.1624529929388137,-0.05093081792195638,0.11152217501685734,11.0,2.0,0.2778713362557548,0.1852475575038365,0.6666666666666666,11.0,0.6666666666666666
gru_separate_mse,lambda4/case5,postcorrection,285000001;285000002;285000003,3,0.0,0.0,0.2903947903947904,0.2902591235924569,0.11011310849803102,0.2903947903947904,0.0,0.0,0.37627187627187625,4.023713123302591e-06,0.0755043240450791,0.03460476073982859,0.1254204837765821,0.0,-0.34820466368416075,-0.22278417990757868,0.1254204837765821,1641.0,2.0,0.4793928843059819,0.31959525620398793,0.6666666666666666,1641.0,0.6666666666666666
gru_separate_mse,overall,post_age1,285000001;285000002;285000003,36,0.0,0.0,0.5521265771265771,0.549396282729616,0.07746544219932346,0.5521265771265771,0.0,0.0,0.25342897842897844,2.646424028650398e-06,0.03746151409440677,0.04000128168088803,0.05546231722727143,0.0,-0.1278700581539202,-0.07240774092664874,0.05546231722727143,3421.0,29.0,0.4459472202897337,0.35923526078895224,0.8055555555555557,3421.0,0.8055555555555557
gru_separate_mse,lambda3,post_age1,285000001;285000002;285000003,18,0.0,0.0,0.6210803599692488,0.621012526568082,0.0989094406238185,0.6210803599692488,0.0,0.0,0.21225297336408447,2.214632799378061e-06,0.04641833143128351,0.05248889455973562,0.05068568470482047,0.0,-0.11731645964796646,-0.066630774943146,0.05068568470482047,2257.0,15.0,0.5097150998965578,0.42476258324713156,0.8333333333333334,2257.0,0.8333333333333334
gru_separate_mse,lambda3/analytic,post_age1,285000001;285000002;285000003,6,0.0,0.0,0.46296296296296297,0.46296296296296297,0.050281586125520944,0.46296296296296297,0.0,0.0,0.20370370370370372,0.0,0.02759898490783207,0.022682601217688877,0.0551211259983204,0.0,-0.09201546068544741,-0.036894334687127,0.0551211259983204,31.0,4.0,0.43187985817591346,0.28791990545060897,0.6666666666666666,31.0,0.6666666666666666
gru_separate_mse,lambda3/neural,post_age1,285000001;285000002;285000003,6,0.0,0.0,0.621604938271605,0.621604938271605,0.06940655526368071,0.621604938271605,0.0,0.0,0.21172839506172839,0.0,0.03002886108232768,0.03937769418135303,0.05249887513525692,0.0,-0.08936691637392398,-0.036868041238667056,0.05249887513525692,30.0,5.0,0.3637093083063761,0.30309109025531344,0.8333333333333334,30.0,0.8333333333333334
gru_separate_mse,lambda3/period4_hold,post_age1,285000001;285000002;285000003,6,0.0,0.0,0.7786731786731785,0.7784696784696784,0.17704018048225387,0.7786731786731785,0.0,0.0,0.22132682132682133,6.643898398134183e-06,0.08162714830369078,0.09540638828016494,0.044437052980884094,0.0,-0.170567001884528,-0.1261299489036439,0.044437052980884094,2196.0,6.0,0.6832767540354724,0.6832767540354724,1.0,2196.0,1.0
gru_separate_mse,lambda3/case0,post_age1,285000001;285000002;285000003,3,0.0,0.0,0.8010107176773844,0.8008072174738842,0.09995076796321967,0.8010107176773844,0.0,0.0,0.19898928232261567,6.509922954446686e-06,0.04469223381905952,0.055252024221205696,0.0655129782268238,0.0,-0.10725240177901851,-0.04173942355219471,0.0655129782268238,567.0,3.0,0.5691081978559591,0.5691081978559591,1.0,567.0,1.0
gru_separate_mse,lambda3/case1,post_age1,285000001;285000002;285000003,3,0.0,0.0,0.49552299552299556,0.49552299552299556,0.07444289966051676,0.49552299552299556,0.0,0.0,0.5044770044770045,0.0,0.032252205552576595,0.04219069410794016,0.10068703498304692,0.0,-0.1690110187487822,-0.06832398376573524,0.10068703498304692,548.0,3.0,0.4617037082475329,0.4617037082475329,1.0,548.0,1.0
gru_separate_mse,lambda3/case2,post_age1,285000001;285000002;285000003,3,0.0,0.0,0.5195360195360196,0.5195360195360196,0.14177832535586568,0.5195360195360196,0.0,0.0,0.14713064713064714,0.0,0.06142125974499557,0.08035706561087014,0.03846937316095727,0.0,-0.10894182650694577,-0.07047245334598849,0.03846937316095727,547.0,2.0,0.6326320615661887,0.42175470771079243,0.6666666666666666,547.0,0.6666666666666666
gru_separate_mse,lambda3/case3,post_age1,285000001;285000002;285000003,3,0.0,0.0,0.8628747795414462,0.8628747795414462,0.036487722289568474,0.8628747795414462,0.0,0.0,0.1371252204585538,0.0,0.01802888179529677,0.018458840494271708,0.0183069075226153,0.0,-0.045832652473786095,-0.027525744951170796,0.0183069075226153,28.0,3.0,0.3426652320478328,0.3426652320478328,1.0,28.0,1.0
gru_separate_mse,lambda3/case4,post_age1,285000001;285000002;285000003,3,0.0,0.0,0.8475376475376475,0.8473341473341472,0.17956300507751077,0.8475376475376475,0.0,0.0,0.15246235246235249,6.77787384182168e-06,0.07350149620003753,0.1060547310036314,0.06826383095230083,0.0,-0.11560906059721597,-0.04734522964491512,0.06826383095230083,562.0,3.0,0.689074444712591,0.689074444712591,1.0,562.0,1.0
gru_separate_mse,lambda3/case5,post_age1,285000001;285000002;285000003,3,0.0,0.0,0.19999999999999998,0.19999999999999998,0.061233923396229684,0.19999999999999998,0.0,0.0,0.13333333333333333,0.0,0.04861391147573507,0.012620011920494612,0.012873983383178711,0.0,-0.15725179778205023,-0.14437781439887154,0.012873983383178711,5.0,1.0,0.1928076267242432,0.06426920890808106,0.3333333333333333,5.0,0.3333333333333333
gru_separate_mse,lambda4,post_age1,285000001;285000002;285000003,18,0.0,0.0,0.4831727942839054,0.47778003889114995,0.0560214437748284,0.4831727942839054,0.0,0.0,0.2946049834938724,3.0782152579227363e-06,0.028504696757530038,0.027513668802040436,0.060238949749722374,0.0,-0.13842365665987388,-0.07818470691015152,0.060238949749722374,1164.0,14.0,0.3776244921395651,0.29370793833077286,0.7777777777777778,1164.0,0.7777777777777778
gru_separate_mse,lambda4/analytic,post_age1,285000001;285000002;285000003,6,0.0,0.0,0.5648148148148148,0.5648148148148148,0.04522159057597252,0.5648148148148148,0.0,0.0,0.26851851851851855,0.0,0.02798290125855223,0.017238689317420293,0.06856647906480012,0.0,-0.12596444509647511,-0.057397966031674984,0.06856647906480012,34.0,5.0,0.4116061329841613,0.34300511082013446,0.8333333333333334,34.0,0.8333333333333334
gru_separate_mse,lambda4/neural,post_age1,285000001;285000002;285000003,6,0.0,0.0,0.5296296296296297,0.5216931216931217,0.07197259546883845,0.5296296296296297,0.0,0.0,0.3037037037037037,3.319912189504572e-06,0.033703960278826904,0.038265315277822044,0.06788898321686598,0.0,-0.1470746297684927,-0.0791856465516267,0.06788898321686598,22.0,5.0,0.3642881111871628,0.30357342598930237,0.8333333333333334,22.0,0.8333333333333334
gru_separate_mse,lambda4/period4_hold,post_age1,285000001;285000002;285000003,6,0.0,0.0,0.3550739384072717,0.3468321801655135,0.05087014527967421,0.3550739384072717,0.0,0.0,0.31159272825939494,5.914733584263636e-06,0.02382722873521098,0.02703700181087897,0.04426138696750102,0.0,-0.1422318951146539,-0.09797050814715287,0.04426138696750102,1108.0,4.0,0.3518179172743226,0.2345452781828817,0.6666666666666666,1108.0,0.6666666666666666
gru_separate_mse,lambda4/case0,post_age1,285000001;285000002;285000003,3,0.0,0.0,0.5462962962962963,0.5145502645502645,0.07624111735843675,0.5462962962962963,0.0,0.0,0.4537037037037037,1.3279648758018287e-05,0.03978360817891906,0.036444229530759674,0.1282883403162477,0.0,-0.24688438069883478,-0.11859604038258709,0.1282883403162477,38.0,3.0,0.28591740415209815,0.28591740415209815,1.0,38.0,1.0
gru_separate_mse,lambda4/case1,post_age1,285000001;285000002;285000003,3,0.0,0.0,0.5771604938271605,0.5771604938271605,0.06626675216189067,0.5771604938271605,0.0,0.0,0.42283950617283944,0.0,0.03710191915410184,0.029164833007788826,0.10222894174081308,0.0,-0.23108220689090683,-0.12885326515009374,0.10222894174081308,19.0,3.0,0.34061234085648145,0.34061234085648145,1.0,19.0,1.0
gru_separate_mse,lambda4/case2,post_age1,285000001;285000002;285000003,3,0.0,0.0,0.3333333333333333,0.3333333333333333,0.007903917712457402,0.3333333333333333,0.0,0.0,0.0,0.0,0.005064139381553269,0.002839778330904134,0.0,0.0,0.0,0.0,0.0,1.0,1.0,0.7158637046813965,0.23862123489379883,0.3333333333333333,1.0,0.3333333333333333
gru_separate_mse,lambda4/case3,post_age1,285000001;285000002;285000003,3,0.0,0.0,0.6703703703703704,0.6699633699633699,0.06336386866343897,0.6703703703703704,0.0,0.0,0.32962962962962966,3.7369423781642324e-06,0.030888541082993857,0.032471590638066955,0.023479150076149247,0.0,-0.12399889601407421,-0.10051974593792497,0.023479150076149247,554.0,3.0,0.4269374605500218,0.4269374605500218,1.0,554.0,1.0
gru_separate_mse,lambda4/case4,post_age1,285000001;285000002;285000003,3,0.0,0.0,0.3518518518518518,0.3518518518518518,0.06704353220569222,0.3518518518518518,0.0,0.0,0.3148148148148148,0.0,0.03628363731087137,0.03075989489482085,0.09448538886176217,0.0,-0.1589432469120732,-0.06445785805031105,0.09448538886176217,5.0,2.0,0.2720497449239096,0.1813664966159397,0.6666666666666666,5.0,0.6666666666666666
gru_separate_mse,lambda4/case5,post_age1,285000001;285000002;285000003,3,0.0,0.0,0.42002442002442003,0.4198209198209198,0.05530947454705437,0.42002442002442003,0.0,0.0,0.24664224664224665,1.4527004113538965e-06,0.021906335436740827,0.03340168640990219,0.012951877503362089,0.0,-0.06963320944335434,-0.05668133193999225,0.012951877503362089,547.0,2.0,0.43318903937444586,0.2887926929162972,0.6666666666666666,547.0,0.6666666666666666
gru_separate_mse,overall,post_age2,285000001;285000002;285000003,36,0.0,0.0,0.39686671353338016,0.39484527817861154,0.12690341355419799,0.39686671353338016,0.0,0.0,0.35313328646661984,7.021203934724052e-05,0.08565444003259919,0.04117876148225156,0.14038871032608982,0.0,-0.3305162604680051,-0.19012755014191526,0.14038871032608982,3409.0,27.0,0.4400901283183289,0.33006759623874665,0.75,3409.0,0.75
gru_separate_mse,lambda3,post_age2,285000001;285000002;285000003,18,0.0,0.0,0.3413338205004872,0.3373926998926999,0.1563767947623297,0.3413338205004872,0.0,0.0,0.3808884017217351,0.00013819984471859372,0.11679548807017082,0.03944310684744029,0.14930734794931044,0.0,-0.41573390971097823,-0.26642656176166785,0.14930734794931044,2249.0,13.0,0.3890097936369041,0.28095151762665294,0.7222222222222222,2249.0,0.7222222222222222
gru_separate_mse,lambda3/analytic,post_age2,285000001;285000002;285000003,6,0.0,0.0,0.37079124579124584,0.37079124579124584,0.04040545492381039,0.37079124579124584,0.0,0.0,0.12920875420875422,0.0,0.022838762212834336,0.017566692710976058,0.049379995615795404,0.0,-0.09559739960564508,-0.04621740398984967,0.049379995615795404,28.0,3.0,0.44141305191348296,0.22070652595674148,0.5,28.0,0.5
gru_separate_mse,lambda3/neural,post_age2,285000001;285000002;285000003,6,0.0,0.0,0.33564814814814814,0.33564814814814814,0.15977444863491075,0.33564814814814814,0.0,0.0,0.33101851851851855,0.0,0.11673539734046057,0.0430390512944502,0.3467562147128729,0.0,-0.4838410961775132,-0.1370848814646403,0.3467562147128729,26.0,4.0,0.7182243102126651,0.4788162068084434,0.6666666666666666,26.0,0.6666666666666666
gru_separate_mse,lambda3/period4_hold,post_age2,285000001;285000002;285000003,6,0.0,0.0,0.31756206756206756,0.30573870573870576,0.268950480728268,0.31756206756206756,0.0,0.0,0.6824379324379324,0.00041459953415578116,0.2108123046572176,0.05772357653689461,0.05178583351926295,0.0,-0.6677632333497764,-0.6159773998305135,0.05178583351926295,2195.0,6.0,0.14333182011477386,0.14333182011477386,1.0,2195.0,1.0
gru_separate_mse,lambda3/case0,post_age2,285000001;285000002;285000003,3,0.0,0.0,0.4677729677729678,0.46736596736596736,0.1748213551282408,0.4677729677729678,0.0,0.0,0.5322270322270323,1.228724270760225e-05,0.12699409000187423,0.04781497788365895,0.077903796972205,0.0,-0.4705078977853436,-0.3926041008131385,0.077903796972205,565.0,3.0,0.270785442446879,0.270785442446879,1.0,565.0,1.0
gru_separate_mse,lambda3/case1,post_age2,285000001;285000002;285000003,3,0.0,0.0,0.03642653642653643,0.03622303622303622,0.07559915260679693,0.03642653642653643,0.0,0.0,0.2969067969067969,6.4058319073035185e-06,0.06470408196273444,0.010888664812155183,0.015704600220052604,0.0,-0.2721746032394235,-0.2564700030193709,0.015704600220052604,546.0,1.0,0.05867935012985062,0.019559783376616874,0.3333333333333333,546.0,0.3333333333333333
gru_separate_mse,lambda3/case2,post_age2,285000001;285000002;285000003,3,0.0,0.0,0.025844525844525845,0.025641025641025644,0.3325177987092871,0.025844525844525845,0.0,0.0,0.6408221408221407,2.5795094081836345e-06,0.26404746826378167,0.06846775093609722,0.6109831718880324,0.0,-0.9942873758080047,-0.38330420391997233,0.6109831718880324,547.0,2.0,0.9194785535553873,0.6129857023702582,0.6666666666666666,547.0,0.6666666666666666
gru_separate_mse,lambda3/case3,post_age2,285000001;285000002;285000003,3,0.0,0.0,0.8657407407407408,0.8657407407407408,0.03929918488455015,0.8657407407407408,0.0,0.0,0.13425925925925924,0.0,0.019337566309976257,0.019961618574573892,0.010893150612160013,0.0,-0.04926199383205838,-0.03836884321989836,0.010893150612160013,26.0,3.0,0.33710331386990017,0.33710331386990017,1.0,26.0,1.0
gru_separate_mse,lambda3/case4,post_age2,285000001;285000002;285000003,3,0.0,0.0,0.42999592999593,0.4293854293854294,0.26123989231658123,0.42999592999593,0.0,0.0,0.57000407000407,5.553433573695464e-06,0.1961722082492071,0.06506213063380045,0.12885876146654732,0.0,-0.5920416382432647,-0.4631828767767174,0.12885876146654732,560.0,3.0,0.347599317685928,0.347599317685928,1.0,560.0,1.0
gru_separate_mse,lambda3/case5,post_age2,285000001;285000002;285000003,3,0.0,0.0,0.2222222222222222,0.19999999999999998,0.05478338492852212,0.2222222222222222,0.0,0.0,0.1111111111111111,0.0008023730507147774,0.029517513633451304,0.024463498244356036,0.05150060653686523,0.0,-0.11612994935777453,-0.06462934282090929,0.05150060653686523,5.0,1.0,0.29302663803100587,0.09767554601033529,0.3333333333333333,5.0,0.3333333333333333
gru_separate_mse,lambda4,post_age2,285000001;285000002;285000003,18,0.0,0.0,0.45239960656627326,0.4522978564645231,0.09743003234606629,0.45239960656627326,0.0,0.0,0.32537817121150453,2.2242339758873156e-06,0.054513391995027555,0.04291441611706284,0.13147007270286923,0.0,-0.24529861122503194,-0.1138285385221627,0.13147007270286923,1160.0,14.0,0.4875218676653662,0.37918367485084037,0.7777777777777778,1160.0,0.7777777777777778
gru_separate_mse,lambda4/analytic,post_age2,285000001;285000002;285000003,6,0.0,0.0,0.4976851851851852,0.4976851851851852,0.1037351280205288,0.4976851851851852,0.0,0.0,0.33564814814814814,0.0,0.06470857495148652,0.039026553069042264,0.17004604913570262,0.0,-0.2592202027638753,-0.0891741536281727,0.17004604913570262,33.0,5.0,0.37319866816202796,0.3109988901350233,0.8333333333333334,33.0,0.8333333333333334
gru_separate_mse,lambda4/neural,post_age2,285000001;285000002;285000003,6,0.0,0.0,0.48095238095238096,0.48095238095238096,0.10468564431918252,0.48095238095238096,0.0,0.0,0.3523809523809524,0.0,0.04944670996897801,0.055238934350204515,0.14428807970077273,0.0,-0.26867920406281004,-0.1243911243620373,0.14428807970077273,20.0,5.0,0.4105303519112723,0.34210862659272695,0.8333333333333334,20.0,0.8333333333333334
gru_separate_mse,lambda4/period4_hold,post_age2,285000001;285000002;285000003,6,0.0,0.0,0.37856125356125353,0.3782560032560032,0.08386932469848755,0.37856125356125353,0.0,0.0,0.2881054131054131,6.6727019276619465e-06,0.04938489106461813,0.03447776093194175,0.08007608927213229,0.0,-0.20799642684841038,-0.1279203375762781,0.08007608927213229,1107.0,4.0,0.7266652617371563,0.48444350782477086,0.6666666666666666,1107.0,0.6666666666666666
gru_separate_mse,lambda4/case0,post_age2,285000001;285000002;285000003,3,0.0,0.0,0.5390211640211641,0.5390211640211641,0.09272467828894548,0.5390211640211641,0.0,0.0,0.460978835978836,0.0,0.05061990943878921,0.04210476885015627,0.14686598790385738,0.0,-0.290795885065876,-0.14392989716201862,0.14686598790385738,38.0,3.0,0.28285988171895343,0.28285988171895343,1.0,38.0,1.0
gru_separate_mse,lambda4/case1,post_age2,285000001;285000002;285000003,3,0.0,0.0,0.5888888888888889,0.5888888888888889,0.10538697074832852,0.5888888888888889,0.0,0.0,0.41111111111111115,0.0,0.05257711690310537,0.05280985384522315,0.20106803046332467,0.0,-0.297947096824646,-0.09687906636132133,0.20106803046332467,17.0,3.0,0.3698314984639486,0.3698314984639486,1.0,17.0,1.0
gru_separate_mse,lambda4/case2,post_age2,285000001;285000002;285000003,3,0.0,0.0,0.2222222222222222,0.2222222222222222,0.0713312871797961,0.2222222222222222,0.0,0.0,0.1111111111111111,0.0,0.061498717489382355,0.009832569690413746,0.148283322652181,0.0,-0.15213844511244032,-0.0038551224602593314,0.148283322652181,1.0,1.0,0.904158115386963,0.301386038462321,0.3333333333333333,1.0,0.3333333333333333
gru_separate_mse,lambda4/case3,post_age2,285000001;285000002;285000003,3,0.0,0.0,0.7745217745217746,0.7741147741147741,0.10332447873369843,0.7745217745217746,0.0,0.0,0.2254782254782255,5.464637264160581e-06,0.04751580001866402,0.055803214077770245,0.06177152733420471,0.0,-0.1618565639539322,-0.10008503661972747,0.06177152733420471,554.0,3.0,0.9806970888441735,0.9806970888441735,1.0,554.0,1.0
gru_separate_mse,lambda4/case4,post_age2,285000001;285000002;285000003,3,0.0,0.0,0.4444444444444444,0.4444444444444444,0.0998533387907009,0.4444444444444444,0.0,0.0,0.2222222222222222,0.0,0.04089706459534328,0.058956274195357615,0.0801895989312066,0.0,-0.12784597608778211,-0.04765637715657552,0.0801895989312066,3.0,2.0,0.22655296325683594,0.15103530883789062,0.6666666666666666,3.0,0.6666666666666666
gru_separate_mse,lambda4/case5,post_age2,285000001;285000002;285000003,3,0.0,0.0,0.1452991452991453,0.1450956450956451,0.11195944033492827,0.1452991452991453,0.0,0.0,0.5213675213675214,7.880766591163311e-06,0.07397174352488108,0.03797981604345602,0.15064196893244097,0.0,-0.4412077003055148,-0.2905657313730739,0.15064196893244097,547.0,2.0,0.28393834916663263,0.18929223277775506,0.6666666666666666,547.0,0.6666666666666666
gru_separate_mse,overall,post_age3,285000001;285000002;285000003,36,0.0,0.0,0.4430481041592153,0.441111460555905,0.12267384392310073,0.4430481041592153,0.0,0.0,0.27917411806300696,0.00010502353571354225,0.07040756381569872,0.05216125657168846,0.13027041392847302,0.0,-0.2522202903215545,-0.12194987639308145,0.13027041392847302,3407.0,26.0,0.4827778749410998,0.3486729096796832,0.7222222222222222,3407.0,0.7222222222222222
gru_separate_mse,lambda3,post_age3,285000001;285000002;285000003,18,0.0,0.0,0.5349159071381294,0.5311104533326756,0.12452268610752433,0.5349159071381294,0.0,0.0,0.18730631508409287,0.00020912823280846093,0.06939300282382081,0.05492055505089507,0.0897295504505677,0.0,-0.18466208585575697,-0.09493253540518924,0.0897295504505677,2249.0,13.0,0.6197105671488439,0.4475687429408317,0.7222222222222222,2249.0,0.7222222222222222
gru_separate_mse,lambda3/analytic,post_age3,285000001;285000002;285000003,6,0.0,0.0,0.4074915824915825,0.4074915824915825,0.05215330783081662,0.4074915824915825,0.0,0.0,0.0925084175084175,0.0,0.025722186251921814,0.026431121578894805,0.040840197251701994,0.0,-0.07329644049056853,-0.03245624323886653,0.040840197251701994,28.0,3.0,0.42764171060889655,0.21382085530444828,0.5,28.0,0.5
gru_separate_mse,lambda3/neural,post_age3,285000001;285000002;285000003,6,0.0,0.0,0.42438271604938277,0.42438271604938277,0.1716179329796964,0.42438271604938277,0.0,0.0,0.24228395061728392,0.0,0.11008835226819584,0.061529580711500574,0.18877942547386073,0.0,-0.3248403020846991,-0.13606087661083835,0.18877942547386073,26.0,4.0,0.5912962224748399,0.39419748164989327,0.6666666666666666,26.0,0.6666666666666666
gru_separate_mse,lambda3/period4_hold,post_age3,285000001;285000002;285000003,6,0.0,0.0,0.7728734228734228,0.7614570614570614,0.14979681751205995,0.7728734228734228,0.0,0.0,0.22712657712657713,0.0006273846984253828,0.07236846995134476,0.07680096286228981,0.03956902862614037,0.0,-0.15584951499200325,-0.11628048636586286,0.03956902862614037,2195.0,6.0,0.7346878918681535,0.7346878918681535,1.0,2195.0,1.0
gru_separate_mse,lambda3/case0,post_age3,285000001;285000002;285000003,3,0.0,0.0,0.7796555296555296,0.7794520294520294,0.11923373549193934,0.7796555296555296,0.0,0.0,0.22034447034447036,3.061297789419648e-05,0.05313494469949285,0.06606817781455232,0.06251877200728309,0.0,-0.166456393441848,-0.1039376214345649,0.06251877200728309,565.0,3.0,0.5236209009183024,0.5236209009183024,1.0,565.0,1.0
gru_separate_mse,lambda3/case1,post_age3,285000001;285000002;285000003,3,0.0,0.0,0.2844932844932845,0.2844932844932845,0.02982425311325615,0.2844932844932845,0.0,0.0,0.04884004884004884,0.0,0.01206248989358967,0.01776176321966648,0.0019545306701411742,0.0,-0.012701039494757831,-0.01074650882461666,0.0019545306701411742,546.0,1.0,0.9363114689732646,0.3121038229910882,0.3333333333333333,546.0,0.3333333333333333
gru_separate_mse,lambda3/case2,post_age3,285000001;285000002;285000003,3,0.0,0.0,0.3886853886853887,0.3886853886853887,0.2426273814612561,0.3886853886853887,0.0,0.0,0.277981277981278,0.0,0.16976030022284497,0.07286708123841115,0.21029722598397638,0.0,-0.41665816328901073,-0.20636093730503435,0.21029722598397638,547.0,2.0,1.0779943767484728,0.7186629178323152,0.6666666666666666,547.0,0.6666666666666666
gru_separate_mse,lambda3/case3,post_age3,285000001;285000002;285000003,3,0.0,0.0,0.8425925925925926,0.8425925925925926,0.04219481974219685,0.8425925925925926,0.0,0.0,0.1574074074074074,0.0,0.023576626923875316,0.01861819281832153,0.02460601594712999,0.0,-0.06009233439410174,-0.03548631844697175,0.02460601594712999,26.0,3.0,0.3792116377088759,0.3792116377088759,1.0,26.0,1.0
gru_separate_mse,lambda3/case4,post_age3,285000001;285000002;285000003,3,0.0,0.0,0.7140686474019806,0.7136616469949802,0.2680728685378826,0.7140686474019806,0.0,0.0,0.2859313525980192,4.347792918541467e-06,0.13623426261580754,0.1318342581291565,0.18536377273992222,0.0,-0.3422203025764825,-0.1568565298365602,0.18536377273992222,560.0,3.0,0.6078576931683669,0.6078576931683669,1.0,560.0,1.0
gru_separate_mse,lambda3/case5,post_age3,285000001;285000002;285000003,3,0.0,0.0,0.19999999999999998,0.17777777777777778,0.04518305829861491,0.19999999999999998,0.0,0.0,0.13333333333333333,0.0012198086260380276,0.02158939258731449,0.02237385708526239,0.05363698535495334,0.0,-0.10984428193834093,-0.05620729658338758,0.05363698535495334,5.0,1.0,0.431866455078125,0.14395548502604166,0.3333333333333333,5.0,0.3333333333333333
gru_separate_mse,lambda4,post_age3,285000001;285000002;285000003,18,0.0,0.0,0.3511803011803012,0.35111246777913446,0.12082500173867716,0.3511803011803012,0.0,0.0,0.3710419210419211,9.188386186235443e-07,0.07142212480757666,0.04940195809248185,0.17081127740637836,0.0,-0.31977849478735204,-0.14896721738097365,0.17081127740637836,1158.0,13.0,0.3458451827333557,0.24977707641853467,0.7222222222222222,1158.0,0.7222222222222222
gru_separate_mse,lambda4/analytic,post_age3,285000001;285000002;285000003,6,0.0,0.0,0.26620370370370366,0.26620370370370366,0.08406749433563117,0.26620370370370366,0.0,0.0,0.40046296296296297,0.0,0.04368407822146858,0.0403834161141626,0.15636802713076273,0.0,-0.2802943808061105,-0.12392635367534781,0.15636802713076273,32.0,4.0,0.2395122994979223,0.1596748663319482,0.6666666666666666,32.0,0.6666666666666666
gru_separate_mse,lambda4/neural,post_age3,285000001;285000002;285000003,6,0.0,0.0,0.4357142857142857,0.4357142857142857,0.20524066286748996,0.4357142857142857,0.0,0.0,0.3976190476190476,0.0,0.13392594284767217,0.07131472001981776,0.2468487158654228,0.0,-0.5006073442716447,-0.25375862840622193,0.2468487158654228,19.0,5.0,0.398542971611023,0.3321191430091858,0.8333333333333334,19.0,0.8333333333333334
gru_separate_mse,lambda4/period4_hold,post_age3,285000001;285000002;285000003,6,0.0,0.0,0.35162291412291413,0.35141941391941395,0.07316684801291032,0.35162291412291413,0.0,0.0,0.31504375254375255,2.7565158558706328e-06,0.03665635335358925,0.036507738143465196,0.10921708922294955,0.0,-0.17843375928430086,-0.06921667006135133,0.10921708922294955,1107.0,4.0,0.38630582987170525,0.25753721991447015,0.6666666666666666,1107.0,0.6666666666666666
gru_separate_mse,lambda4/case0,post_age3,285000001;285000002;285000003,3,0.0,0.0,0.5297619047619048,0.5297619047619048,0.1406561408392016,0.5297619047619048,0.0,0.0,0.4702380952380952,0.0,0.08537574960874154,0.0552803912304601,0.22592222091382141,0.0,-0.3895608085803885,-0.16363858766656705,0.22592222091382141,38.0,3.0,0.3055181645211719,0.3055181645211719,1.0,38.0,1.0
gru_separate_mse,lambda4/case1,post_age3,285000001;285000002;285000003,3,0.0,0.0,0.563888888888889,0.563888888888889,0.13831230220057697,0.563888888888889,0.0,0.0,0.4361111111111111,0.0,0.06450193267967358,0.0738103695209034,0.17134456634521486,0.0,-0.2816676457722982,-0.11032307942708335,0.17134456634521486,17.0,3.0,0.25468833446502687,0.25468833446502687,1.0,17.0,1.0
gru_separate_mse,lambda4/case2,post_age3,285000001;285000002;285000003,3,0.0,0.0,0.0,0.0,0.0,0.0,0.0,0.0,0.0,0.0,0.0,0.0,0.0,0.0,0.0,0.0,0.0,0.0,0.0,,0.0,0.0,0.0,0.0
gru_separate_mse,lambda4/case3,post_age3,285000001;285000002;285000003,3,0.0,0.0,0.26312576312576313,0.2627187627187627,0.1643392401357482,0.26312576312576313,0.0,0.0,0.7368742368742369,2.7753593443507005e-06,0.1026479043556463,0.06168856042075754,0.22882860377400593,0.0,-0.4982644987145138,-0.26943589494050785,0.22882860377400593,553.0,3.0,0.2342609047744155,0.2342609047744155,1.0,553.0,1.0
gru_separate_mse,lambda4/case4,post_age3,285000001;285000002;285000003,3,0.0,0.0,0.4444444444444444,0.4444444444444444,0.11857191664442567,0.4444444444444444,0.0,0.0,0.2222222222222222,0.0,0.04537226902778318,0.07319964761664248,0.1861046685112847,0.0,-0.21540493435329863,-0.029300265842013885,0.1861046685112847,3.0,2.0,0.33524131774902344,0.22349421183268228,0.6666666666666666,3.0,0.6666666666666666
gru_separate_mse,lambda4/case5,post_age3,285000001;285000002;285000003,3,0.0,0.0,0.3058608058608059,0.3058608058608059,0.1630704106121104,0.3058608058608059,0.0,0.0,0.36080586080586086,2.7376723673905655e-06,0.1306348931736154,0.03243277976612758,0.2126676048939433,0.0,-0.5337730813036132,-0.3211054764096699,0.2126676048939433,547.0,2.0,0.7210512643768674,0.4807008429179116,0.6666666666666666,547.0,0.6666666666666666
gru_separate_aux,overall,full,285000001;285000002;285000003,36,0.0,0.0,0.6586651198169162,0.5864406087252775,0.09111082844057405,0.6586651198169162,0.0,0.0,0.28577932462752814,0.0001531934252269737,0.0520635800628653,0.03889405495248178,0.08074518002882597,0.0,-0.1965489482561695,-0.1158037682273435,0.08074518002882597,10333.0,34.0,0.39890673816116723,0.376745252707769,0.9444444444444443,10333.0,0.9444444444444443
gru_separate_aux,lambda3,full,285000001;285000002;285000003,18,0.0,0.0,0.7204498551313353,0.6406029740921022,0.10914859367571683,0.7204498551313353,0.0,0.0,0.27955014486866464,0.0001822603939688574,0.06451992262231458,0.04444641065943339,0.07571111734966306,0.0,-0.2118387591649976,-0.13612764181533452,0.07571111734966306,6807.0,18.0,0.4365920590870503,0.4365920590870503,1.0,6807.0,1.0
gru_separate_aux,lambda3/analytic,full,285000001;285000002;285000003,6,0.0,0.0,0.7751972620393673,0.6789436197330935,0.05367906586946214,0.7751972620393673,0.0,0.0,0.2248027379606327,0.0001867323800669566,0.028536776674337006,0.024955556815058174,0.03954582133183022,0.0,-0.10497513654828156,-0.06542931521645134,0.03954582133183022,103.0,6.0,0.3479698356320475,0.3479698356320475,1.0,103.0,1.0
gru_separate_aux,lambda3/neural,full,285000001;285000002;285000003,6,0.0,0.0,0.7701399556238266,0.6741551459293396,0.09831055126447037,0.7701399556238266,0.0,0.0,0.22986004437617338,0.00018444505821748244,0.05908660285349124,0.03903950335276168,0.13767157805049393,0.0,-0.2342701511062398,-0.09659857305574589,0.13767157805049393,100.0,6.0,0.44697717257908415,0.44697717257908415,1.0,100.0,1.0
gru_separate_aux,lambda3/period4_hold,full,285000001;285000002;285000003,6,0.0,0.0,0.616012347730812,0.5687101566138738,0.17545616389321797,0.616012347730812,0.0,0.0,0.3839876522691879,0.00017560374362213322,0.10593638833911552,0.0693441718104803,0.049915952666665014,0.0,-0.2962709898404713,-0.24635503717380627,0.049915952666665014,6604.0,6.0,0.5148291690500194,0.5148291690500194,1.0,6604.0,1.0
gru_separate_aux,lambda3/case0,full,285000001;285000002;285000003,3,0.0,0.0,0.707815872806732,0.6860895891974502,0.12011717898586675,0.707815872806732,0.0,0.0,0.292184127193268,5.050954629357226e-05,0.06741433255823348,0.0526523368813397,0.06102756467481844,0.0,-0.21820181180360698,-0.15717424712878855,0.06102756467481844,1706.0,3.0,0.443419692641434,0.443419692641434,1.0,1706.0,1.0
gru_separate_aux,lambda3/case1,full,285000001;285000002;285000003,3,0.0,0.0,0.7345791861331167,0.5673031349448169,0.06518662805974325,0.7345791861331167,0.0,0.0,0.2654208138668833,0.00041435291012030436,0.037900241914515055,0.026872033235107905,0.03150559905193793,0.0,-0.1601234066420979,-0.12861780759015995,0.03150559905193793,1649.0,3.0,0.34080968761792785,0.34080968761792785,1.0,1649.0,1.0
gru_separate_aux,lambda3/case2,full,285000001;285000002;285000003,3,0.0,0.0,0.4166835940144898,0.4165481752319047,0.17076240428204378,0.4166835940144898,0.0,0.0,0.5833164059855102,1.6069635861803618e-06,0.11006181255242714,0.06069898476603042,0.20981895754111146,0.0,-0.41643713237194985,-0.2066181748308384,0.20981895754111146,1648.0,3.0,0.47164792535558303,0.47164792535558303,1.0,1648.0,1.0
gru_separate_aux,lambda3/case3,full,285000001;285000002;285000003,3,0.0,0.0,0.882978132978133,0.8322233322233323,0.03533716297001974,0.882978132978133,0.0,0.0,0.11702186702186702,8.652259685046083e-05,0.0172231550485369,0.018027485324632376,0.011048399965846103,0.0,-0.052642329532130556,-0.04159392956628446,0.011048399965846103,89.0,3.0,0.32168532174731057,0.32168532174731057,1.0,89.0,1.0
gru_separate_aux,lambda3/case4,full,285000001;285000002;285000003,3,0.0,0.0,0.7102719744851701,0.6809597857946157,0.2008732425288797,0.7102719744851701,0.0,0.0,0.2897280255148299,7.603165503139087e-05,0.1171553915480183,0.08364181932583002,0.10063908021961486,0.0,-0.3030346608995098,-0.20239558067989494,0.10063908021961486,1691.0,3.0,0.5331403580050105,0.5331403580050105,1.0,1691.0,1.0
gru_separate_aux,lambda3/case5,full,285000001;285000002;285000003,3,0.0,0.0,0.8703703703703703,0.6604938271604938,0.06261494522774781,0.8703703703703703,0.0,0.0,0.12962962962962962,0.00046453869193123585,0.03736460211215668,0.024785804423659893,0.04022710264464955,0.0,-0.12059321374069025,-0.08036611109604071,0.04022710264464955,24.0,3.0,0.5088493691550361,0.5088493691550361,1.0,24.0,1.0
gru_separate_aux,lambda4,full,285000001;285000002;285000003,18,0.0,0.0,0.5968803845024971,0.5322782433584529,0.07307306320543129,0.5968803845024971,0.0,0.0,0.29200850438639164,0.00012412645648508997,0.03960723750341602,0.033341699245530175,0.08577924270798887,0.0,-0.18125913734734142,-0.09547989463935254,0.08577924270798887,3526.0,16.0,0.3565107521195486,0.3168984463284876,0.8888888888888888,3526.0,0.8888888888888888
gru_separate_aux,lambda4/analytic,full,285000001;285000002;285000003,6,0.0,0.0,0.7308201058201059,0.6080687830687831,0.0651489887322259,0.7308201058201059,0.0,0.0,0.2691798941798942,0.0002945149841959798,0.03764861349603025,0.02720586025199966,0.08119248014278513,0.0,-0.15277480703182322,-0.0715823268890381,0.08119248014278513,115.0,6.0,0.3493362753353422,0.3493362753353422,1.0,115.0,1.0
gru_separate_aux,lambda4/neural,full,285000001;285000002;285000003,6,0.0,0.0,0.5401659786721706,0.5293716316936131,0.08622011738104425,0.5401659786721706,0.0,0.0,0.29316735466116267,2.278736091610637e-05,0.04432258820050979,0.041874741819618345,0.1071820976646405,0.0,-0.20100791655662834,-0.09382581889198784,0.1071820976646405,76.0,5.0,0.333039703745591,0.2775330864546592,0.8333333333333334,76.0,0.8333333333333334
gru_separate_aux,lambda4/period4_hold,full,285000001;285000002;285000003,6,0.0,0.0,0.5196550690152152,0.4593943153129625,0.06785008350302373,0.5196550690152152,0.0,0.0,0.313678264318118,5.507702434318373e-05,0.03685051081370803,0.030944495664972513,0.06896315031654099,0.0,-0.18999468845357267,-0.12103153813703167,0.06896315031654099,3335.0,5.0,0.3885911726345538,0.3238259771954615,0.8333333333333334,3335.0,0.8333333333333334
gru_separate_aux,lambda4/case0,full,285000001;285000002;285000003,3,0.0,0.0,0.537962962962963,0.5287037037037037,0.09904862997142694,0.537962962962963,0.0,0.0,0.462037037037037,5.4660850200552554e-05,0.05536755171019947,0.04362641741102693,0.1439783905170582,0.0,-0.3083319612785622,-0.164353570761504,0.1439783905170582,123.0,3.0,0.2706093676884969,0.2706093676884969,1.0,123.0,1.0
gru_separate_aux,lambda4/case1,full,285000001;285000002;285000003,3,0.0,0.0,0.5851016429963799,0.5678780284043442,0.08440364914702907,0.5851016429963799,0.0,0.0,0.41489835700362016,1.543493636896628e-05,0.044291836970974226,0.040096377239685864,0.1371981705373723,0.0,-0.24746629386451444,-0.11026812332714213,0.1371981705373723,62.0,3.0,0.2951180216463387,0.2951180216463387,1.0,62.0,1.0
gru_separate_aux,lambda4/case2,full,285000001;285000002;285000003,3,0.0,0.0,0.3111111111111111,0.3111111111111111,0.021332156575480276,0.3111111111111111,0.0,0.0,0.022222222222222223,0.0,0.016002296536290022,0.005329860039190257,0.020092402564154732,0.0,-0.020812914106580944,-0.0007205115424262152,0.020092402564154732,5.0,1.0,0.6316324234008789,0.2105441411336263,0.3333333333333333,5.0,0.3333333333333333
gru_separate_aux,lambda4/case3,full,285000001;285000002;285000003,3,0.0,0.0,0.5669038486814592,0.5664975923337038,0.0818993872270225,0.5669038486814592,0.0,0.0,0.4330961513185408,1.2658981042971286e-05,0.04253386024449305,0.03935286800148647,0.07421892161621403,0.0,-0.2028134459066565,-0.12859452429044246,0.07421892161621403,1670.0,3.0,0.5002598519880259,0.5002598519880259,1.0,1670.0,1.0
gru_separate_aux,lambda4/case4,full,285000001;285000002;285000003,3,0.0,0.0,0.8190476190476191,0.6809523809523809,0.06594000797107338,0.8190476190476191,0.0,0.0,0.18095238095238095,0.0005328891956907451,0.029031265024580727,0.0363758537508019,0.06437875808231415,0.0,-0.09536649764530242,-0.03098773956298828,0.06437875808231415,18.0,3.0,0.18480855850946334,0.18480855850946334,1.0,18.0,1.0
gru_separate_aux,lambda4/case5,full,285000001;285000002;285000003,3,0.0,0.0,0.7611551222154512,0.5385266436454736,0.08581454834055557,0.7611551222154512,0.0,0.0,0.23884487778454874,0.00012911477560730462,0.05041661453395865,0.03526881903098963,0.07480881293081981,0.0,-0.2127637112824319,-0.1379548983516121,0.07480881293081981,1648.0,3.0,0.4400507370049746,0.4400507370049746,1.0,1648.0,1.0
gru_separate_aux,overall,initial,285000001;285000002;285000003,36,0.0,0.0,0.7962962962962963,0.5802469135802468,0.018284116303318037,0.7962962962962963,0.0,0.0,0.14814814814814814,0.0006098637327098728,0.009532451621424841,0.008141800949183323,0.017325365984881366,0.0,-0.069793701171875,-0.05246833518699364,0.017325365984881366,96.0,34.0,0.20370913486854705,0.1923919607091833,0.9444444444444443,96.0,0.9444444444444443
gru_separate_aux,lambda3,initial,285000001;285000002;285000003,18,0.0,0.0,0.9135802469135802,0.5864197530864197,0.02117553656075058,0.9135802469135802,0.0,0.0,0.08641975308641975,0.0007393804294396471,0.011480176405092747,0.008955979726218184,0.008374031679129893,0.0,-0.07201718695369767,-0.06364315527456778,0.008374031679129893,52.0,18.0,0.24361453232941802,0.24361453232941802,1.0,52.0,1.0
gru_separate_aux,lambda3/analytic,initial,285000001;285000002;285000003,6,0.0,0.0,0.888888888888889,0.6296296296296297,0.019318619806507852,0.888888888888889,0.0,0.0,0.1111111111111111,0.0005376838255425877,0.010165908770906746,0.008615027210058518,5.2981906467013886e-08,0.0,-0.060453326613814744,-0.06045327363190828,5.2981906467013886e-08,16.0,6.0,0.22211922539605036,0.22211922539605036,1.0,16.0,1.0
gru_separate_aux,lambda3/neural,initial,285000001;285000002;285000003,6,0.0,0.0,0.9444444444444445,0.6851851851851851,0.02559953048014597,0.9444444444444445,0.0,0.0,0.05555555555555555,0.0005376838255425877,0.012727351941459084,0.012334494713144295,0.015206257502237955,0.0,-0.06628742041411223,-0.05108116291187428,0.015206257502237955,18.0,6.0,0.31041733423868817,0.31041733423868817,1.0,18.0,1.0
gru_separate_aux,lambda3/period4_hold,initial,285000001;285000002;285000003,6,0.0,0.0,0.9074074074074074,0.4444444444444444,0.018608459395597916,0.9074074074074074,0.0,0.0,0.0925925925925926,0.001142773637233766,0.011547268502912413,0.0059184172554517375,0.00991578455324526,0.0,-0.08931081383316607,-0.07939502927992079,0.00991578455324526,18.0,6.0,0.19830703735351562,0.19830703735351562,1.0,18.0,1.0
gru_separate_aux,lambda3/case0,initial,285000001;285000002;285000003,3,0.0,0.0,0.9259259259259259,0.5925925925925926,0.012168547451943193,0.9259259259259259,0.0,0.0,0.07407407407407407,0.0006533445717246245,0.006725109392357775,0.004790093487860792,0.012514750162760416,0.0,-0.07424517031069154,-0.06173042014793113,0.012514750162760416,9.0,3.0,0.13317786322699654,0.13317786322699654,1.0,9.0,1.0
gru_separate_aux,lambda3/case1,initial,285000001;285000002;285000003,3,0.0,0.0,1.0,0.5555555555555555,0.02471888879983487,1.0,0.0,0.0,0.0,0.0010911748351174067,0.012064643070209094,0.01156307089450837,0.0,0.0,-0.06645153186939382,-0.06645153186939382,0.0,9.0,3.0,0.2003728018866645,0.2003728018866645,1.0,9.0,1.0
gru_separate_aux,lambda3/case2,initial,285000001;285000002;285000003,3,0.0,0.0,0.5555555555555555,0.5555555555555555,0.03912110701870804,0.5555555555555555,0.0,0.0,0.4444444444444444,0.00043494368255820784,0.020002979289038256,0.018683184047111574,0.03772943991201896,0.0,-0.11263819094057437,-0.07490875102855542,0.03772943991201896,7.0,3.0,0.24862946404351127,0.24862946404351127,1.0,7.0,1.0
gru_separate_aux,lambda3/case3,initial,285000001;285000002;285000003,3,0.0,0.0,1.0,0.5555555555555555,0.008953808338480519,1.0,0.0,0.0,0.0,0.000776096920836372,0.005310711021660676,0.002867000395983471,0.0,0.0,-0.07126786973741318,-0.07126786973741318,0.0,9.0,3.0,0.06085925632052951,0.06085925632052951,1.0,9.0,1.0
gru_separate_aux,lambda3/case4,initial,285000001;285000002;285000003,3,0.0,0.0,1.0,0.5555555555555555,0.010198574410428254,1.0,0.0,0.0,0.0,0.0010911748351174067,0.005438097653285258,0.003669301922025591,0.0,0.0,-0.06645153186939382,-0.06645153186939382,0.0,9.0,3.0,0.28999000125461155,0.28999000125461155,1.0,9.0,1.0
gru_separate_aux,lambda3/case5,initial,285000001;285000002;285000003,3,0.0,0.0,1.0,0.7037037037037036,0.0318922933451086,1.0,0.0,0.0,0.0,0.00038954773128386513,0.01933951800400543,0.012163227609819303,0.0,0.0,-0.041048826994719324,-0.041048826994719324,0.0,9.0,3.0,0.5286578072441949,0.5286578072441949,1.0,9.0,1.0
gru_separate_aux,lambda4,initial,285000001;285000002;285000003,18,0.0,0.0,0.6790123456790124,0.5740740740740741,0.015392696045885496,0.6790123456790124,0.0,0.0,0.20987654320987656,0.0004803470359800985,0.007584726837756936,0.007327622172148464,0.026276700290632837,0.0,-0.06757021539005233,-0.04129351509941948,0.026276700290632837,44.0,16.0,0.15881556272506717,0.14116938908894858,0.8888888888888888,44.0,0.8888888888888888
gru_separate_aux,lambda4/analytic,initial,285000001;285000002;285000003,6,0.0,0.0,0.8148148148148148,0.6666666666666666,0.01631334936873238,0.8148148148148148,0.0,0.0,0.1851851851851852,0.0006100120826096777,0.007095933144048179,0.00860740414207452,0.016214494351987487,0.0,-0.04650661680433485,-0.03029212245234737,0.016214494351987487,16.0,6.0,0.25325144661797416,0.25325144661797416,1.0,16.0,1.0
gru_separate_aux,lambda4/neural,initial,285000001;285000002;285000003,6,0.0,0.0,0.611111111111111,0.5740740740740741,0.01286005141749953,0.611111111111111,0.0,0.0,0.2222222222222222,4.5123245290260124e-05,0.005417938968866599,0.007396989203342669,0.03089820014105903,0.0,-0.05230827684755679,-0.02141007670649776,0.03089820014105903,15.0,5.0,0.11213715871175128,0.09344763225979275,0.8333333333333334,15.0,0.8333333333333334
gru_separate_aux,lambda4/period4_hold,initial,285000001;285000002;285000003,6,0.0,0.0,0.611111111111111,0.4814814814814814,0.01700468735142459,0.611111111111111,0.0,0.0,0.2222222222222222,0.0007859057800403578,0.010240308400356028,0.0059784731710282,0.031717406378851995,0.0,-0.10389575251826534,-0.07217834613941333,0.031717406378851995,13.0,5.0,0.09217090606689453,0.07680908838907878,0.8333333333333334,13.0,0.8333333333333334
gru_separate_aux,lambda4/case0,initial,285000001;285000002;285000003,3,0.0,0.0,0.7037037037037037,0.7037037037037037,0.013452991004433664,0.7037037037037037,0.0,0.0,0.2962962962962963,0.0,0.007102482729014473,0.006350508275419189,0.016207942256221065,0.0,-0.05451343677662037,-0.0383054945203993,0.016207942256221065,9.0,3.0,0.06453874376085068,0.06453874376085068,1.0,9.0,1.0
gru_separate_aux,lambda4/case1,initial,285000001;285000002;285000003,3,0.0,0.0,0.7777777777777777,0.6666666666666666,0.01874625974500709,0.7777777777777777,0.0,0.0,0.2222222222222222,0.00011445078315672517,0.012673567179229359,0.005958241782621001,0.050028483072916664,0.0,-0.10521712126555266,-0.055188638192635996,0.050028483072916664,9.0,3.0,0.14531559414333767,0.14531559414333767,1.0,9.0,1.0
gru_separate_aux,lambda4/case2,initial,285000001;285000002;285000003,3,0.0,0.0,0.3333333333333333,0.3333333333333333,0.007722059819208746,0.3333333333333333,0.0,0.0,0.0,0.0,0.0034624055873648646,0.004259654231843882,0.0,0.0,0.0,0.0,0.0,3.0,1.0,0.5127134323120118,0.17090447743733725,0.3333333333333333,3.0,0.3333333333333333
gru_separate_aux,lambda4/case3,initial,285000001;285000002;285000003,3,0.0,0.0,0.4814814814814814,0.4814814814814814,0.008837086905394378,0.4814814814814814,0.0,0.0,0.5185185185185185,9.213216920519092e-05,0.004042842671744303,0.004702112064444884,0.04758368598090278,0.0,-0.10390952781394676,-0.05632584183304398,0.04758368598090278,9.0,3.0,0.08235804239908855,0.08235804239908855,1.0,9.0,1.0
gru_separate_aux,lambda4/case4,initial,285000001;285000002;285000003,3,0.0,0.0,0.9259259259259259,0.7407407407407408,0.016482920787316963,0.9259259259259259,0.0,0.0,0.07407407407407407,0.0011616743722192445,0.007223761076311854,0.008097485338785864,0.017698853104202838,0.0,-0.03360882511845341,-0.015909972014250578,0.017698853104202838,7.0,3.0,0.14707925584581164,0.14707925584581164,1.0,7.0,1.0
gru_separate_aux,lambda4/case5,initial,285000001;285000002;285000003,3,0.0,0.0,0.8518518518518517,0.5185185185185185,0.027114858013952154,0.8518518518518517,0.0,0.0,0.14814814814814814,0.0015138248912994305,0.011003301782876758,0.01459773133977596,0.026141237329553674,0.0,-0.10817238136574076,-0.08203114403618707,0.026141237329553674,7.0,3.0,0.23682022094726562,0.23682022094726562,1.0,7.0,1.0
gru_separate_aux,overall,postcorrection,285000001;285000002;285000003,36,0.0,0.0,0.4794506669689418,0.47468423998029263,0.10428978569754833,0.4794506669689418,0.0,0.0,0.32610488858661374,3.212576706538097e-05,0.061051407432375776,0.04320625249810719,0.11430758719768991,0.0,-0.23990291523649332,-0.1255953280388034,0.11430758719768991,10237.0,29.0,0.44996086664638774,0.3624684759095902,0.8055555555555557,10237.0,0.8055555555555557
gru_separate_aux,lambda3,postcorrection,285000001;285000002;285000003,18,0.0,0.0,0.5153540992795378,0.5076866638343246,0.1205157960037558,0.5153540992795378,0.0,0.0,0.31797923405379547,5.2771298198536326e-05,0.07242685289241389,0.048036171813143354,0.11792371390064087,0.0,-0.25707658088957164,-0.13915286698893076,0.11792371390064087,6755.0,15.0,0.4817243267144927,0.40143693892874394,0.8333333333333334,6755.0,0.8333333333333334
gru_separate_aux,lambda3/analytic,postcorrection,285000001;285000002;285000003,6,0.0,0.0,0.45949074074074076,0.45949074074074076,0.053628462187178844,0.45949074074074076,0.0,0.0,0.2071759259259259,0.0,0.028493525375461903,0.025134936811716937,0.06250501968935078,0.0,-0.11645558533801838,-0.053950565648667605,0.06250501968935078,87.0,4.0,0.4004642053756839,0.2669761369171226,0.6666666666666666,87.0,0.6666666666666666
gru_separate_aux,lambda3/neural,postcorrection,285000001;285000002;285000003,6,0.0,0.0,0.4870899470899471,0.4870899470899471,0.12859423920946841,0.4870899470899471,0.0,0.0,0.34624338624338624,0.0,0.08074134775732399,0.047852891452144435,0.23695975964662255,0.0,-0.35104043889928754,-0.11408067925266487,0.23695975964662255,82.0,5.0,0.5007663907777695,0.4173053256481413,0.8333333333333334,82.0,0.8333333333333334
gru_separate_aux,lambda3/period4_hold,postcorrection,285000001;285000002;285000003,6,0.0,0.0,0.5994816100079258,0.5764793036722861,0.17932468661462012,0.5994816100079258,0.0,0.0,0.4005183899920742,0.00015831389459560898,0.10804568554445582,0.0711206871755687,0.05430636236594924,0.0,-0.303733718431409,-0.24942735606545977,0.05430636236594924,6586.0,6.0,0.520029354220968,0.520029354220968,1.0,6586.0,1.0
gru_separate_aux,lambda3/case0,postcorrection,285000001;285000002;285000003,3,0.0,0.0,0.6906227106227106,0.69001221001221,0.12465297289539927,0.6906227106227106,0.0,0.0,0.30937728937728937,9.136414891310483e-06,0.06964061277801736,0.05500322370249059,0.06535573026921547,0.0,-0.2264616022027257,-0.16110587193351023,0.06535573026921547,1697.0,3.0,0.4552745856187123,0.4552745856187123,1.0,1697.0,1.0
gru_separate_aux,lambda3/case1,postcorrection,285000001;285000002;285000003,3,0.0,0.0,0.4009632342965676,0.40075973409306737,0.08265634000502642,0.4009632342965676,0.0,0.0,0.5990367657034325,2.868658803038748e-07,0.04854159246434511,0.034114460674801,0.10582998519900566,0.0,-0.2792663823278994,-0.17343639712889372,0.10582998519900566,1640.0,3.0,0.3635385063881305,0.3635385063881305,1.0,1640.0,1.0
gru_separate_aux,lambda3/case2,postcorrection,285000001;285000002;285000003,3,0.0,0.0,0.26834893501560164,0.26821326821326824,0.22342874020878237,0.26834893501560164,0.0,0.0,0.39831773165106493,8.133065917260985e-07,0.14887367789969264,0.07455424900249805,0.3625306890593376,0.0,-0.549683125205707,-0.18715243614636934,0.3625306890593376,1641.0,2.0,0.876701663956683,0.584467775971122,0.6666666666666666,1641.0,0.6666666666666666
gru_separate_aux,lambda3/case3,postcorrection,285000001;285000002;285000003,3,0.0,0.0,0.8680311890838207,0.8680311890838207,0.038358356906089394,0.8680311890838207,0.0,0.0,0.13196881091617932,0.0,0.018529677907887208,0.01982867899820219,0.012444546298596518,0.0,-0.05031510292980251,-0.03787055663120599,0.012444546298596518,80.0,3.0,0.35242879969799495,0.35242879969799495,1.0,80.0,1.0
gru_separate_aux,lambda3/case4,postcorrection,285000001;285000002;285000003,3,0.0,0.0,0.6863807488807488,0.6857702482702482,0.2133113858973461,0.6863807488807488,0.0,0.0,0.3136192511192511,4.920515239111003e-06,0.1244394563044147,0.08886700907769228,0.11310880940411051,0.0,-0.32052106183947643,-0.20741225243536596,0.11310880940411051,1682.0,3.0,0.5509452192483514,0.5509452192483514,1.0,1682.0,1.0
gru_separate_aux,lambda3/case5,postcorrection,285000001;285000002;285000003,3,0.0,0.0,0.17777777777777778,0.13333333333333333,0.040686980109891226,0.17777777777777778,0.0,0.0,0.15555555555555556,0.00030147068658876644,0.024536100000126394,0.015849409423176062,0.04827252317357947,0.0,-0.11621221083181876,-0.0679396876582393,0.04827252317357947,15.0,1.0,0.3059002399444581,0.10196674664815268,0.3333333333333333,15.0,0.3333333333333333
gru_separate_aux,lambda4,postcorrection,285000001;285000002;285000003,18,0.0,0.0,0.4435472346583458,0.44168181612626056,0.08806377539134087,0.4435472346583458,0.0,0.0,0.33423054311943196,1.1480235932225606e-05,0.049675961972337646,0.038376333183070994,0.11069146049473895,0.0,-0.222729249583415,-0.11203778908867605,0.11069146049473895,3482.0,14.0,0.4159285880019896,0.3235000128904364,0.7777777777777778,3482.0,0.7777777777777778
gru_separate_aux,lambda4/analytic,postcorrection,285000001;285000002;285000003,6,0.0,0.0,0.49845679012345673,0.49845679012345673,0.08089568703378326,0.49845679012345673,0.0,0.0,0.3348765432098766,0.0,0.050484556921142586,0.030411130112640683,0.1148948375089669,0.0,-0.19276916980743408,-0.07787433229846719,0.1148948375089669,99.0,5.0,0.3801871485180325,0.31682262376502707,0.8333333333333334,99.0,0.8333333333333334
gru_separate_aux,lambda4/neural,postcorrection,285000001;285000002;285000003,6,0.0,0.0,0.4927248677248677,0.49007936507936506,0.11335885463064603,0.4927248677248677,0.0,0.0,0.3406084656084656,1.561738577158644e-05,0.0608184594740537,0.05252477777082073,0.14202545748816595,0.0,-0.2785308905064114,-0.1365054330182454,0.14202545748816595,61.0,5.0,0.39443926499003457,0.32869938749169547,0.8333333333333334,61.0,0.8333333333333334
gru_separate_aux,lambda4/period4_hold,postcorrection,285000001;285000002;285000003,6,0.0,0.0,0.3394600461267128,0.33650929317595984,0.06993678450959336,0.3394600461267128,0.0,0.0,0.32720662053995386,1.8823322025090383e-05,0.03772486952181667,0.03219309166575159,0.07515408648708398,0.0,-0.1968876884363995,-0.12173360194931554,0.07515408648708398,3322.0,4.0,0.48746704112188,0.32497802741458665,0.6666666666666666,3322.0,0.6666666666666666
gru_separate_aux,lambda4/case0,postcorrection,285000001;285000002;285000003,3,0.0,0.0,0.5127865961199295,0.5022045855379188,0.1069318404256775,0.5127865961199295,0.0,0.0,0.48721340388007056,6.246954308634577e-05,0.059393875200661556,0.04747549568192958,0.1565847621813443,0.0,-0.33529983773643585,-0.1787150755550916,0.1565847621813443,114.0,3.0,0.29143181679740787,0.29143181679740787,1.0,114.0,1.0
gru_separate_aux,lambda4/case1,postcorrection,285000001;285000002;285000003,3,0.0,0.0,0.5496296296296296,0.5496296296296296,0.09652601583785221,0.5496296296296296,0.0,0.0,0.4503703703703703,0.0,0.04998664348456681,0.0465393723532854,0.15213028607545076,0.0,-0.27266358313737094,-0.12053329706192016,0.15213028607545076,53.0,3.0,0.32294171161121793,0.32294171161121793,1.0,53.0,1.0
gru_separate_aux,lambda4/case2,postcorrection,285000001;285000002;285000003,3,0.0,0.0,0.27777777777777773,0.27777777777777773,0.04174730170988757,0.27777777777777773,0.0,0.0,0.05555555555555555,0.0,0.034812132959677757,0.006935168750209819,0.05023100641038683,0.0,-0.052032285266452365,-0.001801278856065538,0.05023100641038683,2.0,1.0,0.8100109100341797,0.2700036366780599,0.3333333333333333,2.0,0.3333333333333333
gru_separate_aux,lambda4/case3,postcorrection,285000001;285000002;285000003,3,0.0,0.0,0.585063085063085,0.5846560846560847,0.09521245519249454,0.585063085063085,0.0,0.0,0.4149369149369149,4.453597979690447e-06,0.04967580360598648,0.04553219798852836,0.08340154129523077,0.0,-0.22066820084264296,-0.1372666595474122,0.08340154129523077,1661.0,3.0,0.5517800985481082,0.5517800985481082,1.0,1661.0,1.0
gru_separate_aux,lambda4/case4,postcorrection,285000001;285000002;285000003,3,0.0,0.0,0.40079365079365087,0.40079365079365087,0.08805882678579803,0.40079365079365087,0.0,0.0,0.26587301587301587,0.0,0.039257816838677344,0.04880100994712067,0.09828279131934757,0.0,-0.13195155915759857,-0.03366876783825102,0.09828279131934757,11.0,2.0,0.2778713362557548,0.1852475575038365,0.6666666666666666,11.0,0.6666666666666666
gru_separate_aux,lambda4/case5,postcorrection,285000001;285000002;285000003,3,0.0,0.0,0.3352326685660019,0.33502916836250174,0.09990621239633542,0.3352326685660019,0.0,0.0,0.3314339981006647,1.958274527317436e-06,0.06492949974445593,0.03497475437735215,0.12351837568667345,0.0,-0.32376003135998915,-0.20024165567331567,0.12351837568667345,1641.0,2.0,0.4793928843059819,0.31959525620398793,0.6666666666666666,1641.0,0.6666666666666666
gru_separate_aux,overall,post_age1,285000001;285000002;285000003,36,0.0,0.0,0.5511243386243386,0.5483601275267942,0.07570795880215885,0.5511243386243386,0.0,0.0,0.2544312169312169,1.7728889647592605e-05,0.036047307986180416,0.03964292192633082,0.06012037977558062,0.0,-0.13005844843585448,-0.06993806866027388,0.06012037977558062,3421.0,29.0,0.4459472202897337,0.35923526078895224,0.8055555555555557,3421.0,0.8055555555555557
gru_separate_aux,lambda3,post_age1,285000001;285000002;285000003,18,0.0,0.0,0.6028331750553972,0.6026975082530638,0.09297639020287408,0.6028331750553972,0.0,0.0,0.23050015827793602,2.1530372150692635e-06,0.04343097346264726,0.049543263703011764,0.05982491443073421,0.0,-0.12266387662387081,-0.0628389621931366,0.05982491443073421,2257.0,15.0,0.5097150998965578,0.42476258324713156,0.8333333333333334,2257.0,0.8333333333333334
gru_separate_aux,lambda3/analytic,post_age1,285000001;285000002;285000003,6,0.0,0.0,0.47222222222222227,0.47222222222222227,0.05371300476469872,0.47222222222222227,0.0,0.0,0.19444444444444445,0.0,0.029582055819168628,0.024130948945530094,0.07193270436039677,0.0,-0.111644947970355,-0.039712243609958224,0.07193270436039677,31.0,4.0,0.43187985817591346,0.28791990545060897,0.6666666666666666,31.0,0.6666666666666666
gru_separate_aux,lambda3/neural,post_age1,285000001;285000002;285000003,6,0.0,0.0,0.6271604938271605,0.6271604938271605,0.05560661687392604,0.6271604938271605,0.0,0.0,0.20617283950617282,0.0,0.027078196336855227,0.028528420537070807,0.04174321315906666,0.0,-0.09116379655437705,-0.04942058339531039,0.04174321315906666,30.0,5.0,0.3637093083063761,0.30309109025531344,0.8333333333333334,30.0,0.8333333333333334
gru_separate_aux,lambda3/period4_hold,post_age1,285000001;285000002;285000003,6,0.0,0.0,0.7091168091168091,0.7087098087098087,0.1696095489699975,0.7091168091168091,0.0,0.0,0.29088319088319087,6.459111645207791e-06,0.07363266823191793,0.09597042162643438,0.0657988257727392,0.0,-0.1651828853468804,-0.09938405957414116,0.0657988257727392,2196.0,6.0,0.6832767540354724,0.6832767540354724,1.0,2196.0,1.0
gru_separate_aux,lambda3/case0,post_age1,285000001;285000002;285000003,3,0.0,0.0,0.8150861484194817,0.8144756478089811,0.10611898457112288,0.8150861484194817,0.0,0.0,0.18491385158051823,9.792218666350198e-06,0.04841857783273438,0.057690614519722155,0.07306584907894526,0.0,-0.11302998696362014,-0.03996413788467488,0.07306584907894526,567.0,3.0,0.5691081978559591,0.5691081978559591,1.0,567.0,1.0
gru_separate_aux,lambda3/case1,post_age1,285000001;285000002;285000003,3,0.0,0.0,0.43304843304843305,0.43304843304843305,0.0821395974754513,0.43304843304843305,0.0,0.0,0.5669515669515669,0.0,0.04230064442768474,0.03983895304776656,0.10215187659824482,0.0,-0.22793699315179397,-0.12578511655354918,0.10215187659824482,548.0,3.0,0.4617037082475329,0.4617037082475329,1.0,548.0,1.0
gru_separate_aux,lambda3/case2,post_age1,285000001;285000002;285000003,3,0.0,0.0,0.5063085063085063,0.5063085063085063,0.12295691008846188,0.5063085063085063,0.0,0.0,0.16035816035816033,0.0,0.052522141317046446,0.07043476877141543,0.05541156943755563,0.0,-0.10547098152318231,-0.05005941208562669,0.05541156943755563,547.0,2.0,0.6326320615661887,0.42175470771079243,0.6666666666666666,547.0,0.6666666666666666
gru_separate_aux,lambda3/case3,post_age1,285000001;285000002;285000003,3,0.0,0.0,0.8597883597883597,0.8597883597883597,0.039933197083391096,0.8597883597883597,0.0,0.0,0.1402116402116402,0.0,0.0195113991363399,0.020421797947051193,0.01386305306113376,0.0,-0.04809107183358866,-0.03422801877245491,0.01386305306113376,28.0,3.0,0.3426652320478328,0.3426652320478328,1.0,28.0,1.0
gru_separate_aux,lambda3/case4,post_age1,285000001;285000002;285000003,3,0.0,0.0,0.8694342694342695,0.8692307692307693,0.16854837131118694,0.8694342694342695,0.0,0.0,0.13056573056573056,3.126004624065383e-06,0.0701431576231319,0.09840208768343096,0.07805006506969932,0.0,-0.11329671127504093,-0.03524664620534162,0.07805006506969932,562.0,3.0,0.689074444712591,0.689074444712591,1.0,562.0,1.0
gru_separate_aux,lambda3/case5,post_age1,285000001;285000002;285000003,3,0.0,0.0,0.13333333333333333,0.13333333333333333,0.03816128068763042,0.13333333333333333,0.0,0.0,0.19999999999999998,0.0,0.027689920438946164,0.010471360248684251,0.0364070733388265,0.0,-0.1281575149959988,-0.09175044165717232,0.0364070733388265,5.0,1.0,0.1928076267242432,0.06426920890808106,0.3333333333333333,5.0,0.3333333333333333
gru_separate_aux,lambda4,post_age1,285000001;285000002;285000003,18,0.0,0.0,0.49941550219327996,0.49402274680052455,0.058439527401443585,0.49941550219327996,0.0,0.0,0.2783622755844978,3.330474208011594e-05,0.028663642509713576,0.02974258014964989,0.06041584512042702,0.0,-0.1374530202478382,-0.07703717512741118,0.06041584512042702,1164.0,14.0,0.3776244921395651,0.29370793833077286,0.7777777777777778,1164.0,0.7777777777777778
gru_separate_aux,lambda4/analytic,post_age1,285000001;285000002;285000003,6,0.0,0.0,0.5694444444444445,0.5694444444444445,0.0472423386171228,0.5694444444444445,0.0,0.0,0.2638888888888889,0.0,0.026088413515313675,0.021153925101809124,0.06432993323714645,0.0,-0.10268165447093823,-0.038351721233791776,0.06432993323714645,34.0,5.0,0.4116061329841613,0.34300511082013446,0.8333333333333334,34.0,0.8333333333333334
gru_separate_aux,lambda4/neural,post_age1,285000001;285000002;285000003,6,0.0,0.0,0.5994708994708995,0.5915343915343916,0.07071516460496073,0.5994708994708995,0.0,0.0,0.23386243386243388,4.685215731475932e-05,0.032503080423097734,0.03816523202454823,0.06219075117161665,0.0,-0.1254147004828882,-0.06322394931127155,0.06219075117161665,22.0,5.0,0.3642881111871628,0.30357342598930237,0.8333333333333334,22.0,0.8333333333333334
gru_separate_aux,lambda4/period4_hold,post_age1,285000001;285000002;285000003,6,0.0,0.0,0.32933116266449597,0.32108940442273776,0.05736107898224722,0.32933116266449597,0.0,0.0,0.33733550400217066,5.3062068925588504e-05,0.027399433590729317,0.029908583322592316,0.054726850952517954,0.0,-0.18426270578968817,-0.1295358548371702,0.054726850952517954,1108.0,4.0,0.3518179172743226,0.2345452781828817,0.6666666666666666,1108.0,0.6666666666666666
gru_separate_aux,lambda4/case0,post_age1,285000001;285000002;285000003,3,0.0,0.0,0.5079365079365079,0.4761904761904762,0.09154614875027671,0.5079365079365079,0.0,0.0,0.4920634920634921,0.00018740862925903728,0.046995229895451136,0.04436351022556654,0.1407159447039246,0.0,-0.30918345880256126,-0.1684675140986367,0.1407159447039246,38.0,3.0,0.28591740415209815,0.28591740415209815,1.0,38.0,1.0
gru_separate_aux,lambda4/case1,post_age1,285000001;285000002;285000003,3,0.0,0.0,0.5771604938271605,0.5771604938271605,0.06426768970970538,0.5771604938271605,0.0,0.0,0.42283950617283944,0.0,0.034597923912285396,0.02966976579741998,0.10428108992399994,0.0,-0.23736900164757246,-0.1330879117235725,0.10428108992399994,19.0,3.0,0.34061234085648145,0.34061234085648145,1.0,19.0,1.0
gru_separate_aux,lambda4/case2,post_age1,285000001;285000002;285000003,3,0.0,0.0,0.3333333333333333,0.3333333333333333,0.01349058029368185,0.3333333333333333,0.0,0.0,0.0,0.0,0.0051804150973550935,0.008310165196326757,0.0,0.0,0.0,0.0,0.0,1.0,1.0,0.7158637046813965,0.23862123489379883,0.3333333333333333,1.0,0.3333333333333333
gru_separate_aux,lambda4/case3,post_age1,285000001;285000002;285000003,3,0.0,0.0,0.6883597883597883,0.6877492877492877,0.06243376577325477,0.6883597883597883,0.0,0.0,0.31164021164021166,9.675282893936281e-06,0.027891761079975125,0.034532329410385705,0.013667120960702925,0.0,-0.1127883942135961,-0.09912127325289317,0.013667120960702925,554.0,3.0,0.4269374605500218,0.4269374605500218,1.0,554.0,1.0
gru_separate_aux,lambda4/case4,post_age1,285000001;285000002;285000003,3,0.0,0.0,0.3518518518518518,0.3518518518518518,0.059154557104976545,0.3518518518518518,0.0,0.0,0.3148148148148148,0.0,0.03209455338721741,0.02706000371775914,0.09448538886176217,0.0,-0.12193255954318576,-0.02744717068142361,0.09448538886176217,5.0,2.0,0.2720497449239096,0.1813664966159397,0.6666666666666666,5.0,0.6666666666666666
gru_separate_aux,lambda4/case5,post_age1,285000001;285000002;285000003,3,0.0,0.0,0.5378510378510378,0.5378510378510378,0.059744422776766226,0.5378510378510378,0.0,0.0,0.12881562881562883,2.7445403277220664e-06,0.025221971685997272,0.03451970655044123,0.009345526272172505,0.0,-0.04344470728011358,-0.03409918100794108,0.009345526272172505,547.0,2.0,0.43318903937444586,0.2887926929162972,0.6666666666666666,547.0,0.6666666666666666
gru_separate_aux,overall,post_age2,285000001;285000002;285000003,36,0.0,0.0,0.37974183738072625,0.3738979898702121,0.11533884222879331,0.37974183738072625,0.0,0.0,0.37025816261927375,2.737533467653772e-05,0.07683582860147158,0.03847563829264519,0.14135483544922778,0.0,-0.3155246647807041,-0.17416982933147632,0.14135483544922778,3409.0,27.0,0.4400901283183289,0.33006759623874665,0.75,3409.0,0.75
gru_separate_aux,lambda3,post_age2,285000001;285000002;285000003,18,0.0,0.0,0.34310699588477367,0.3315549676660788,0.1372562887637434,0.34310699588477367,0.0,0.0,0.3791152263374486,5.409534351496047e-05,0.10053832705681288,0.036663866363415544,0.14412232991137594,0.0,-0.3776266712868008,-0.23350434137542478,0.14412232991137594,2249.0,13.0,0.3890097936369041,0.28095151762665294,0.7222222222222222,2249.0,0.7222222222222222
gru_separate_aux,lambda3/analytic,post_age2,285000001;285000002;285000003,6,0.0,0.0,0.3814814814814815,0.3814814814814815,0.03636210717393128,0.3814814814814815,0.0,0.0,0.11851851851851852,0.0,0.01978270824515321,0.016579398928778064,0.03726149584709194,0.0,-0.08297838233536742,-0.045716886488275495,0.03726149584709194,28.0,3.0,0.44141305191348296,0.22070652595674148,0.5,28.0,0.5
gru_separate_aux,lambda3/neural,post_age2,285000001;285000002;285000003,6,0.0,0.0,0.33487654320987653,0.33487654320987653,0.14578362176576673,0.33487654320987653,0.0,0.0,0.3317901234567901,0.0,0.10181325130114954,0.04397037046461718,0.34544952342539653,0.0,-0.4755019619141096,-0.13005243848871303,0.34544952342539653,26.0,4.0,0.7182243102126651,0.4788162068084434,0.6666666666666666,26.0,0.6666666666666666
gru_separate_aux,lambda3/period4_hold,post_age2,285000001;285000002;285000003,6,0.0,0.0,0.31296296296296294,0.2783068783068783,0.22962313735153217,0.31296296296296294,0.0,0.0,0.6870370370370371,0.00016228603054488141,0.18001902162413588,0.0494418296968514,0.0496559704616393,0.0,-0.5743996696109251,-0.5247436991492859,0.0496559704616393,2195.0,6.0,0.14333182011477386,0.14333182011477386,1.0,2195.0,1.0
gru_separate_aux,lambda3/case0,post_age2,285000001;285000002;285000003,3,0.0,0.0,0.4460215710215711,0.4454110704110705,0.16169719334072294,0.4460215710215711,0.0,0.0,0.553978428978429,7.709447061491908e-06,0.1121990004184172,0.04949048347524423,0.08816708390427892,0.0,-0.442489009323936,-0.354321925419657,0.08816708390427892,565.0,3.0,0.270785442446879,0.270785442446879,1.0,565.0,1.0
gru_separate_aux,lambda3/case1,post_age2,285000001;285000002;285000003,3,0.0,0.0,0.043752543752543754,0.04314204314204314,0.05489151001411391,0.043752543752543754,0.0,0.0,0.2895807895807896,8.605976409116242e-07,0.04547804867194679,0.009412600744526217,0.015851177526869133,0.0,-0.2023755551645995,-0.18652437763773042,0.015851177526869133,546.0,1.0,0.05867935012985062,0.019559783376616874,0.3333333333333333,546.0,0.3333333333333333
gru_separate_aux,lambda3/case2,post_age2,285000001;285000002;285000003,3,0.0,0.0,0.027065527065527065,0.026658526658526662,0.30117087706252943,0.027065527065527065,0.0,0.0,0.6396011396011395,2.439919775178296e-06,0.2289671223782468,0.07220131476450747,0.611292097837303,0.0,-0.9369509870752747,-0.32565888923797176,0.611292097837303,547.0,2.0,0.9194785535553873,0.6129857023702582,0.6666666666666666,547.0,0.6666666666666666
gru_separate_aux,lambda3/case3,post_age2,285000001;285000002;285000003,3,0.0,0.0,0.875,0.875,0.034515891884575885,0.875,0.0,0.0,0.12499999999999999,0.0,0.01680090903113191,0.017714982853443983,0.007860536928530093,0.0,-0.05378603935241699,-0.0459255024238869,0.007860536928530093,26.0,3.0,0.33710331386990017,0.33710331386990017,1.0,26.0,1.0
gru_separate_aux,lambda3/case4,post_age2,285000001;285000002;285000003,3,0.0,0.0,0.46680233346900013,0.4657848324514991,0.23342070149965086,0.46680233346900013,0.0,0.0,0.5331976665309999,6.45990303577196e-06,0.1786840433173291,0.05473019827928597,0.09340526415913258,0.0,-0.5352250223453486,-0.44181975818621616,0.09340526415913258,560.0,3.0,0.347599317685928,0.347599317685928,1.0,560.0,1.0
gru_separate_aux,lambda3/case5,post_age2,285000001;285000002;285000003,3,0.0,0.0,0.19999999999999998,0.13333333333333333,0.03784155878086735,0.19999999999999998,0.0,0.0,0.13333333333333333,0.00030710219357640904,0.0211008385238055,0.016433618063485433,0.048157819112141925,0.0,-0.09493341445922852,-0.046775595347086585,0.048157819112141925,5.0,1.0,0.29302663803100587,0.09767554601033529,0.3333333333333333,5.0,0.3333333333333333
gru_separate_aux,lambda4,post_age2,285000001;285000002;285000003,18,0.0,0.0,0.4163766788766789,0.4162410120743454,0.09342139569384322,0.4163766788766789,0.0,0.0,0.3614010989010989,6.553258381149607e-07,0.05313333014613026,0.04028741022187484,0.13858734098707962,0.0,-0.25342265827460747,-0.11483531728752788,0.13858734098707962,1160.0,14.0,0.4875218676653662,0.37918367485084037,0.7777777777777778,1160.0,0.7777777777777778
gru_separate_aux,lambda4/analytic,post_age2,285000001;285000002;285000003,6,0.0,0.0,0.46759259259259256,0.46759259259259256,0.09895387461541715,0.46759259259259256,0.0,0.0,0.3657407407407407,0.0,0.062053959959210814,0.036899914656206324,0.15452971061070758,0.0,-0.22802847403067128,-0.0734987634199637,0.15452971061070758,33.0,5.0,0.37319866816202796,0.3109988901350233,0.8333333333333334,33.0,0.8333333333333334
gru_separate_aux,lambda4/neural,post_age2,285000001;285000002;285000003,6,0.0,0.0,0.4317460317460317,0.4317460317460317,0.09714873853582477,0.4317460317460317,0.0,0.0,0.40158730158730155,0.0,0.0464883032225982,0.05066043531322658,0.1624291253468347,0.0,-0.29376284432789634,-0.13133371898106166,0.1624291253468347,20.0,5.0,0.4105303519112723,0.34210862659272695,0.8333333333333334,20.0,0.8333333333333334
gru_separate_aux,lambda4/period4_hold,post_age2,285000001;285000002;285000003,6,0.0,0.0,0.3497914122914123,0.3493844118844119,0.08416157393028774,0.3497914122914123,0.0,0.0,0.3168752543752544,1.965977514344882e-06,0.050857727256581775,0.033301880696191624,0.09880318700369654,0.0,-0.23847665646525482,-0.13967346946155826,0.09880318700369654,1107.0,4.0,0.7266652617371563,0.48444350782477086,0.6666666666666666,1107.0,0.6666666666666666
gru_separate_aux,lambda4/case0,post_age2,285000001;285000002;285000003,3,0.0,0.0,0.5145502645502645,0.5145502645502645,0.09389176078749223,0.5145502645502645,0.0,0.0,0.4854497354497354,0.0,0.04903464010974592,0.044857120677746325,0.14323533338213726,0.0,-0.3065051490036899,-0.16326981562155263,0.14323533338213726,38.0,3.0,0.28285988171895343,0.28285988171895343,1.0,38.0,1.0
gru_separate_aux,lambda4/case1,post_age2,285000001;285000002;285000003,3,0.0,0.0,0.5527777777777777,0.5527777777777777,0.1007984551388505,0.5527777777777777,0.0,0.0,0.4472222222222222,0.0,0.05231630490475823,0.04848215023409227,0.2302302678426107,0.0,-0.3389302412668864,-0.10869997342427572,0.2302302678426107,17.0,3.0,0.3698314984639486,0.3698314984639486,1.0,17.0,1.0
gru_separate_aux,lambda4/case2,post_age2,285000001;285000002;285000003,3,0.0,0.0,0.2222222222222222,0.2222222222222222,0.07000402312609329,0.2222222222222222,0.0,0.0,0.1111111111111111,0.0,0.06444385082200041,0.005560172304092879,0.10046201282077366,0.0,-0.10406457053290473,-0.003602557712131076,0.10046201282077366,1.0,1.0,0.904158115386963,0.301386038462321,0.3333333333333333,1.0,0.3333333333333333
gru_separate_aux,lambda4/case3,post_age2,285000001;285000002;285000003,3,0.0,0.0,0.73007733007733,0.7298738298738298,0.09114960002104634,0.73007733007733,0.0,0.0,0.26992266992266994,2.342905218830452e-06,0.04188855759709837,0.04925869951872914,0.08727670810452602,0.0,-0.15735538893712456,-0.07007868083259852,0.08727670810452602,554.0,3.0,0.9806970888441735,0.9806970888441735,1.0,554.0,1.0
gru_separate_aux,lambda4/case4,post_age2,285000001;285000002;285000003,3,0.0,0.0,0.3333333333333333,0.3333333333333333,0.0946984708473211,0.3333333333333333,0.0,0.0,0.3333333333333333,0.0,0.033986314887196535,0.060712155960124574,0.12028439839680989,0.0,-0.15667766994900176,-0.03639327155219184,0.12028439839680989,3.0,2.0,0.22655296325683594,0.15103530883789062,0.6666666666666666,3.0,0.6666666666666666
gru_separate_aux,lambda4/case5,post_age2,285000001;285000002;285000003,3,0.0,0.0,0.1452991452991453,0.1446886446886447,0.10998606424225588,0.1452991452991453,0.0,0.0,0.5213675213675214,1.5890498098593119e-06,0.07713031255598211,0.032854162636463895,0.15003532537562023,0.0,-0.45700292995803765,-0.30696760458241745,0.15003532537562023,547.0,2.0,0.28393834916663263,0.18929223277775506,0.6666666666666666,547.0,0.6666666666666666
gru_separate_aux,overall,post_age3,285000001;285000002;285000003,36,0.0,0.0,0.44747508150285925,0.44178385914497026,0.11414266550588899,0.44747508150285925,0.0,0.0,0.27474714071936296,5.127307687201257e-05,0.06499900807115332,0.04909238435786365,0.12377270154206645,0.0,-0.24272414577245083,-0.11895144423038435,0.12377270154206645,3407.0,26.0,0.4827778749410998,0.3486729096796832,0.7222222222222222,3407.0,0.7222222222222222
gru_separate_aux,lambda3,post_age3,285000001;285000002;285000003,18,0.0,0.0,0.5237573126462015,0.5124427013315902,0.11711421887871398,0.5237573126462015,0.0,0.0,0.1984649095760207,0.00010206551386557923,0.06574340416653905,0.051268749198309364,0.11702624762502715,0.0,-0.20775888008295804,-0.09073263245793088,0.11702624762502715,2249.0,13.0,0.6197105671488439,0.4475687429408317,0.7222222222222222,2249.0,0.7222222222222222
gru_separate_aux,lambda3/analytic,post_age3,285000001;285000002;285000003,6,0.0,0.0,0.4121212121212121,0.4121212121212121,0.048202283901749854,0.4121212121212121,0.0,0.0,0.08787878787878788,0.0,0.023921411476725284,0.024280872425024566,0.02642879100761028,0.0,-0.05582807810619624,-0.02939928709858596,0.02642879100761028,28.0,3.0,0.42764171060889655,0.21382085530444828,0.5,28.0,0.5
gru_separate_aux,lambda3/neural,post_age3,285000001;285000002;285000003,6,0.0,0.0,0.38271604938271603,0.38271604938271603,0.16458625888158784,0.38271604938271603,0.0,0.0,0.2839506172839506,0.0,0.10282398041897532,0.06176227846261253,0.27714977220252707,0.0,-0.396088687726009,-0.11893891552348196,0.27714977220252707,26.0,4.0,0.5912962224748399,0.39419748164989327,0.6666666666666666,26.0,0.6666666666666666
gru_separate_aux,lambda3/period4_hold,post_age3,285000001;285000002;285000003,6,0.0,0.0,0.7764346764346763,0.7424908424908425,0.13855411385280422,0.7764346764346763,0.0,0.0,0.22356532356532355,0.0003061965415967377,0.07048482060391652,0.06776309670729098,0.047500179664944076,0.0,-0.1713598744166688,-0.12385969475172476,0.047500179664944076,2195.0,6.0,0.7346878918681535,0.7346878918681535,1.0,2195.0,1.0
gru_separate_aux,lambda3/case0,post_age3,285000001;285000002;285000003,3,0.0,0.0,0.8058053058053058,0.8051948051948052,0.1076188982158602,0.8058053058053058,0.0,0.0,0.19419469419469423,9.907578946089342e-06,0.04877658618032452,0.0588324044565896,0.03534185422372354,0.0,-0.12933208821823475,-0.09399023399451123,0.03534185422372354,565.0,3.0,0.5236209009183024,0.5236209009183024,1.0,565.0,1.0
gru_separate_aux,lambda3/case1,post_age3,285000001;285000002;285000003,3,0.0,0.0,0.2816442816442816,0.2816442816442816,0.021309948616153863,0.2816442816442816,0.0,0.0,0.05168905168905169,0.0,0.00977833315984053,0.011531615456313335,0.0013214317724672719,0.0,-0.014763515171210941,-0.01344208339874367,0.0013214317724672719,546.0,1.0,0.9363114689732646,0.3121038229910882,0.3333333333333333,546.0,0.3333333333333333
gru_separate_aux,lambda3/case2,post_age3,285000001;285000002;285000003,3,0.0,0.0,0.27167277167277165,0.27167277167277165,0.24615843347535585,0.27167277167277165,0.0,0.0,0.394993894993895,0.0,0.16513177000378462,0.08102666347157124,0.42088839990315413,0.0,-0.6066274070186639,-0.18573900711550964,0.42088839990315413,547.0,2.0,1.0779943767484728,0.7186629178323152,0.6666666666666666,547.0,0.6666666666666666
gru_separate_aux,lambda3/case3,post_age3,285000001;285000002;285000003,3,0.0,0.0,0.8703703703703703,0.8703703703703703,0.040355458181267595,0.8703703703703703,0.0,0.0,0.12962962962962962,0.0,0.01924477374809686,0.021110684433170736,0.01571000063860858,0.0,-0.04913269148932562,-0.03342269085071705,0.01571000063860858,26.0,3.0,0.3792116377088759,0.3792116377088759,1.0,26.0,1.0
gru_separate_aux,lambda3/case4,post_age3,285000001;285000002;285000003,3,0.0,0.0,0.7130511463844796,0.712440645773979,0.24118447392247044,0.7130511463844796,0.0,0.0,0.28694885361552025,5.175638057495667e-06,0.12671142086956017,0.11446787741485276,0.1686431221424393,0.0,-0.3211518755600841,-0.15250875341764478,0.1686431221424393,560.0,3.0,0.6078576931683669,0.6078576931683669,1.0,560.0,1.0
gru_separate_aux,lambda3/case5,post_age3,285000001;285000002;285000003,3,0.0,0.0,0.19999999999999998,0.13333333333333333,0.046058100861175906,0.19999999999999998,0.0,0.0,0.13333333333333333,0.0005973098661898904,0.02481754103762752,0.020643249957358497,0.060252677069769965,0.0,-0.12554570304022894,-0.06529302597045898,0.060252677069769965,5.0,1.0,0.431866455078125,0.14395548502604166,0.3333333333333333,5.0,0.3333333333333333
gru_separate_aux,lambda4,post_age3,285000001;285000002;285000003,18,0.0,0.0,0.37119285035951705,0.37112501695835026,0.111171112133064,0.37119285035951705,0.0,0.0,0.35102937186270516,4.806398784459226e-07,0.06425461197576761,0.046916019517417945,0.13051915545910578,0.0,-0.27768941146194365,-0.14717025600283784,0.13051915545910578,1158.0,13.0,0.3458451827333557,0.24977707641853467,0.7222222222222222,1158.0,0.7222222222222222
gru_separate_aux,lambda4/analytic,post_age3,285000001;285000002;285000003,6,0.0,0.0,0.3333333333333333,0.3333333333333333,0.08185731676731196,0.3333333333333333,0.0,0.0,0.3333333333333333,0.0,0.04946224679316604,0.03239506997414592,0.11178441180123222,0.0,-0.2366987775873255,-0.12491436578609326,0.11178441180123222,32.0,4.0,0.2395122994979223,0.1596748663319482,0.6666666666666666,32.0,0.6666666666666666
gru_separate_aux,lambda4/neural,post_age3,285000001;285000002;285000003,6,0.0,0.0,0.4444444444444444,0.4444444444444444,0.1822052130866015,0.4444444444444444,0.0,0.0,0.3888888888888889,0.0,0.1076144104760351,0.0745908026105664,0.20518027184501528,0.0,-0.42633041124495247,-0.22115013939993722,0.20518027184501528,19.0,5.0,0.398542971611023,0.3321191430091858,0.8333333333333334,19.0,0.8333333333333334
gru_separate_aux,lambda4/period4_hold,post_age3,285000001;285000002;285000003,6,0.0,0.0,0.3358007733007733,0.3355972730972731,0.06945080654527853,0.3358007733007733,0.0,0.0,0.3308658933658934,1.4419196353377678e-06,0.0356871786581017,0.0337621859675415,0.0745927827310698,0.0,-0.17003904555355284,-0.09544626282248307,0.0745927827310698,1107.0,4.0,0.38630582987170525,0.25753721991447015,0.6666666666666666,1107.0,0.6666666666666666
gru_separate_aux,lambda4/case0,post_age3,285000001;285000002;285000003,3,0.0,0.0,0.5158730158730159,0.5158730158730159,0.13535761173926353,0.5158730158730159,0.0,0.0,0.48412698412698413,0.0,0.08215175559678761,0.05320585614247591,0.18580300845797101,0.0,-0.3902109054030565,-0.20440789694508546,0.18580300845797101,38.0,3.0,0.3055181645211719,0.3055181645211719,1.0,38.0,1.0
gru_separate_aux,lambda4/case1,post_age3,285000001;285000002;285000003,3,0.0,0.0,0.513888888888889,0.513888888888889,0.12793669607470612,0.513888888888889,0.0,0.0,0.4861111111111111,0.0,0.06514058998801002,0.0627961060866961,0.12757530212402343,0.0,-0.245405462053087,-0.11783015992906358,0.12757530212402343,17.0,3.0,0.25468833446502687,0.25468833446502687,1.0,17.0,1.0
gru_separate_aux,lambda4/case2,post_age3,285000001;285000002;285000003,3,0.0,0.0,0.0,0.0,0.0,0.0,0.0,0.0,0.0,0.0,0.0,0.0,0.0,0.0,0.0,0.0,0.0,0.0,0.0,,0.0,0.0,0.0,0.0
gru_separate_aux,lambda4/case3,post_age3,285000001;285000002;285000003,3,0.0,0.0,0.3192918192918193,0.3188848188848189,0.14272850781547716,0.3192918192918193,0.0,0.0,0.6807081807081806,1.342605826304605e-06,0.08696788132696988,0.05575928388268098,0.16551001250477015,0.0,-0.42231615738602835,-0.2568061448812582,0.16551001250477015,553.0,3.0,0.2342609047744155,0.2342609047744155,1.0,553.0,1.0
gru_separate_aux,lambda4/case4,post_age3,285000001;285000002;285000003,3,0.0,0.0,0.5555555555555555,0.5555555555555555,0.13101570699895307,0.5555555555555555,0.0,0.0,0.1111111111111111,0.0,0.05883122995144971,0.07218447704750335,0.09305233425564235,0.0,-0.1373714870876736,-0.04431915283203125,0.09305233425564235,3.0,2.0,0.33524131774902344,0.22349421183268228,0.6666666666666666,3.0,0.6666666666666666
gru_separate_aux,lambda4/case5,post_age3,285000001;285000002;285000003,3,0.0,0.0,0.3225478225478226,0.3225478225478226,0.12998815016998413,0.3225478225478226,0.0,0.0,0.3441188441188441,1.5412334443709307e-06,0.09243621499138843,0.03755039394515133,0.21117427541222764,0.0,-0.47083245684181624,-0.2596581814295886,0.21117427541222764,547.0,2.0,0.7210512643768674,0.4807008429179116,0.6666666666666666,547.0,0.6666666666666666
