output/otto-symmetry-head-v1/figure-01/symmetry-comparison.svg:23: trailing whitespace.
+   <path d="M 0 936 
output/otto-symmetry-head-v1/figure-01/symmetry-comparison.svg:24: trailing whitespace.
+L 1368 936 
output/otto-symmetry-head-v1/figure-01/symmetry-comparison.svg:25: trailing whitespace.
+L 1368 0 
output/otto-symmetry-head-v1/figure-01/symmetry-comparison.svg:26: trailing whitespace.
+L 0 0 
output/otto-symmetry-head-v1/figure-01/symmetry-comparison.svg:32: trailing whitespace.
+    <path d="M 102.6 302.76 
output/otto-symmetry-head-v1/figure-01/symmetry-comparison.svg:33: trailing whitespace.
+L 451.096089 302.76 
output/otto-symmetry-head-v1/figure-01/symmetry-comparison.svg:34: trailing whitespace.
+L 451.096089 126.36 
output/otto-symmetry-head-v1/figure-01/symmetry-comparison.svg:35: trailing whitespace.
+L 102.6 126.36 
output/otto-symmetry-head-v1/figure-01/symmetry-comparison.svg:43: trailing whitespace.
+       <path id="m24dd7c2d90" d="M 0 0 
output/otto-symmetry-head-v1/figure-01/symmetry-comparison.svg:44: trailing whitespace.
+L 0 3.5 
output/otto-symmetry-head-v1/figure-01/symmetry-comparison.svg:55: trailing whitespace.
+        <path id="DejaVuSans-1c" d="M 703 97 
output/otto-symmetry-head-v1/figure-01/symmetry-comparison.svg:56: trailing whitespace.
+L 703 672 
output/otto-symmetry-head-v1/figure-01/symmetry-comparison.svg:57: trailing whitespace.
+Q 941 559 1184 500 
output/otto-symmetry-head-v1/figure-01/symmetry-comparison.svg:58: trailing whitespace.
+Q 1428 441 1663 441 
output/otto-symmetry-head-v1/figure-01/symmetry-comparison.svg:59: trailing whitespace.
+Q 2288 441 2617 861 
output/otto-symmetry-head-v1/figure-01/symmetry-comparison.svg:60: trailing whitespace.
+Q 2947 1281 2994 2138 
output/otto-symmetry-head-v1/figure-01/symmetry-comparison.svg:61: trailing whitespace.
+Q 2813 1869 2534 1725 
output/otto-symmetry-head-v1/figure-01/symmetry-comparison.svg:62: trailing whitespace.
+Q 2256 1581 1919 1581 
output/otto-symmetry-head-v1/figure-01/symmetry-comparison.svg:63: trailing whitespace.
+Q 1219 1581 811 2004 
output/otto-symmetry-head-v1/figure-01/symmetry-comparison.svg:64: trailing whitespace.
+Q 403 2428 403 3163 
output/otto-symmetry-head-v1/figure-01/symmetry-comparison.svg:65: trailing whitespace.
+Q 403 3881 828 4315 
output/otto-symmetry-head-v1/figure-01/symmetry-comparison.svg:66: trailing whitespace.
+Q 1253 4750 1959 4750 
output/otto-symmetry-head-v1/figure-01/symmetry-comparison.svg:67: trailing whitespace.
+Q 2769 4750 3195 4129 
output/otto-symmetry-head-v1/figure-01/symmetry-comparison.svg:68: trailing whitespace.
+Q 3622 3509 3622 2328 
output/otto-symmetry-head-v1/figure-01/symmetry-comparison.svg:69: trailing whitespace.
+Q 3622 1225 3098 567 
output/otto-symmetry-head-v1/figure-01/symmetry-comparison.svg:70: trailing whitespace.
+Q 2575 -91 1691 -91 
output/otto-symmetry-head-v1/figure-01/symmetry-comparison.svg:71: trailing whitespace.
+Q 1453 -91 1209 -44 
output/otto-symmetry-head-v1/figure-01/symmetry-comparison.svg:72: trailing whitespace.
+Q 966 3 703 97 
output/otto-symmetry-head-v1/figure-01/symmetry-comparison.svg:74: trailing whitespace.
+M 1959 2075 
output/otto-symmetry-head-v1/figure-01/symmetry-comparison.svg:75: trailing whitespace.
+Q 2384 2075 2632 2365 
output/otto-symmetry-head-v1/figure-01/symmetry-comparison.svg:76: trailing whitespace.
+Q 2881 2656 2881 3163 
output/otto-symmetry-head-v1/figure-01/symmetry-comparison.svg:77: trailing whitespace.
+Q 2881 3666 2632 3958 
output/otto-symmetry-head-v1/figure-01/symmetry-comparison.svg:78: trailing whitespace.
+Q 2384 4250 1959 4250 
output/otto-symmetry-head-v1/figure-01/symmetry-comparison.svg:79: trailing whitespace.
+Q 1534 4250 1286 3958 
output/otto-symmetry-head-v1/figure-01/symmetry-comparison.svg:80: trailing whitespace.
+Q 1038 3666 1038 3163 
output/otto-symmetry-head-v1/figure-01/symmetry-comparison.svg:81: trailing whitespace.
+Q 1038 2656 1286 2365 
output/otto-symmetry-head-v1/figure-01/symmetry-comparison.svg:82: trailing whitespace.
+Q 1534 2075 1959 2075 
output/otto-symmetry-head-v1/figure-01/symmetry-comparison.svg:85: trailing whitespace.
+        <path id="DejaVuSans-14" d="M 794 531 
output/otto-symmetry-head-v1/figure-01/symmetry-comparison.svg:86: trailing whitespace.
+L 1825 531 
output/otto-symmetry-head-v1/figure-01/symmetry-comparison.svg:87: trailing whitespace.
+L 1825 4091 
output/otto-symmetry-head-v1/figure-01/symmetry-comparison.svg:88: trailing whitespace.
+L 703 3866 
output/otto-symmetry-head-v1/figure-01/symmetry-comparison.svg:89: trailing whitespace.
+L 703 4441 
output/otto-symmetry-head-v1/figure-01/symmetry-comparison.svg:90: trailing whitespace.
+L 1819 4666 
output/otto-symmetry-head-v1/figure-01/symmetry-comparison.svg:91: trailing whitespace.
+L 2450 4666 
output/otto-symmetry-head-v1/figure-01/symmetry-comparison.svg:92: trailing whitespace.
+L 2450 531 
output/otto-symmetry-head-v1/figure-01/symmetry-comparison.svg:93: trailing whitespace.
+L 3481 531 
output/otto-symmetry-head-v1/figure-01/symmetry-comparison.svg:94: trailing whitespace.
+L 3481 0 
output/otto-symmetry-head-v1/figure-01/symmetry-comparison.svg:95: trailing whitespace.
+L 794 0 
output/otto-symmetry-head-v1/figure-01/symmetry-comparison.svg:96: trailing whitespace.
+L 794 531 
output/otto-symmetry-head-v1/figure-01/symmetry-comparison.svg:99: trailing whitespace.
+        <path id="DejaVuSans-13" d="M 2034 4250 
output/otto-symmetry-head-v1/figure-01/symmetry-comparison.svg:100: trailing whitespace.
+Q 1547 4250 1301 3770 
output/otto-symmetry-head-v1/figure-01/symmetry-comparison.svg:101: trailing whitespace.
+Q 1056 3291 1056 2328 
output/otto-symmetry-head-v1/figure-01/symmetry-comparison.svg:102: trailing whitespace.
+Q 1056 1369 1301 889 
output/otto-symmetry-head-v1/figure-01/symmetry-comparison.svg:103: trailing whitespace.
+Q 1547 409 2034 409 
output/otto-symmetry-head-v1/figure-01/symmetry-comparison.svg:104: trailing whitespace.
+Q 2525 409 2770 889 
output/otto-symmetry-head-v1/figure-01/symmetry-comparison.svg:105: trailing whitespace.
+Q 3016 1369 3016 2328 
output/otto-symmetry-head-v1/figure-01/symmetry-comparison.svg:106: trailing whitespace.
+Q 3016 3291 2770 3770 
output/otto-symmetry-head-v1/figure-01/symmetry-comparison.svg:107: trailing whitespace.
+Q 2525 4250 2034 4250 
output/otto-symmetry-head-v1/figure-01/symmetry-comparison.svg:109: trailing whitespace.
+M 2034 4750 
output/otto-symmetry-head-v1/figure-01/symmetry-comparison.svg:110: trailing whitespace.
+Q 2819 4750 3233 4129 
output/otto-symmetry-head-v1/figure-01/symmetry-comparison.svg:111: trailing whitespace.
+Q 3647 3509 3647 2328 
output/otto-symmetry-head-v1/figure-01/symmetry-comparison.svg:112: trailing whitespace.
+Q 3647 1150 3233 529 
output/otto-symmetry-head-v1/figure-01/symmetry-comparison.svg:113: trailing whitespace.
+Q 2819 -91 2034 -91 
output/otto-symmetry-head-v1/figure-01/symmetry-comparison.svg:114: trailing whitespace.
+Q 1250 -91 836 529 
output/otto-symmetry-head-v1/figure-01/symmetry-comparison.svg:115: trailing whitespace.
+Q 422 1150 422 2328 
output/otto-symmetry-head-v1/figure-01/symmetry-comparison.svg:116: trailing whitespace.
+Q 422 3509 836 4129 
output/otto-symmetry-head-v1/figure-01/symmetry-comparison.svg:117: trailing whitespace.
+Q 1250 4750 2034 4750 
output/otto-symmetry-head-v1/figure-01/symmetry-comparison.svg:138: trailing whitespace.
+        <path id="DejaVuSans-15" d="M 1228 531 
output/otto-symmetry-head-v1/figure-01/symmetry-comparison.svg:139: trailing whitespace.
+L 3431 531 
output/otto-symmetry-head-v1/figure-01/symmetry-comparison.svg:140: trailing whitespace.
+L 3431 0 
output/otto-symmetry-head-v1/figure-01/symmetry-comparison.svg:141: trailing whitespace.
+L 469 0 
output/otto-symmetry-head-v1/figure-01/symmetry-comparison.svg:142: trailing whitespace.
+L 469 531 
output/otto-symmetry-head-v1/figure-01/symmetry-comparison.svg:143: trailing whitespace.
+Q 828 903 1448 1529 
output/otto-symmetry-head-v1/figure-01/symmetry-comparison.svg:144: trailing whitespace.
+Q 2069 2156 2228 2338 
output/otto-symmetry-head-v1/figure-01/symmetry-comparison.svg:145: trailing whitespace.
+Q 2531 2678 2651 2914 
output/otto-symmetry-head-v1/figure-01/symmetry-comparison.svg:146: trailing whitespace.
+Q 2772 3150 2772 3378 
output/otto-symmetry-head-v1/figure-01/symmetry-comparison.svg:147: trailing whitespace.
+Q 2772 3750 2511 3984 
output/otto-symmetry-head-v1/figure-01/symmetry-comparison.svg:148: trailing whitespace.
+Q 2250 4219 1831 4219 
output/otto-symmetry-head-v1/figure-01/symmetry-comparison.svg:149: trailing whitespace.
+Q 1534 4219 1204 4116 
output/otto-symmetry-head-v1/figure-01/symmetry-comparison.svg:150: trailing whitespace.
+Q 875 4013 500 3803 
output/otto-symmetry-head-v1/figure-01/symmetry-comparison.svg:151: trailing whitespace.
+L 500 4441 
output/otto-symmetry-head-v1/figure-01/symmetry-comparison.svg:152: trailing whitespace.
+Q 881 4594 1212 4672 
output/otto-symmetry-head-v1/figure-01/symmetry-comparison.svg:153: trailing whitespace.
+Q 1544 4750 1819 4750 
output/otto-symmetry-head-v1/figure-01/symmetry-comparison.svg:154: trailing whitespace.
+Q 2544 4750 2975 4387 
output/otto-symmetry-head-v1/figure-01/symmetry-comparison.svg:155: trailing whitespace.
+Q 3406 4025 3406 3419 
output/otto-symmetry-head-v1/figure-01/symmetry-comparison.svg:156: trailing whitespace.
+Q 3406 3131 3298 2873 
output/otto-symmetry-head-v1/figure-01/symmetry-comparison.svg:157: trailing whitespace.
+Q 3191 2616 2906 2266 
output/otto-symmetry-head-v1/figure-01/symmetry-comparison.svg:158: trailing whitespace.
+Q 2828 2175 2409 1742 
output/otto-symmetry-head-v1/figure-01/symmetry-comparison.svg:159: trailing whitespace.
+Q 1991 1309 1228 531 
output/otto-symmetry-head-v1/figure-01/symmetry-comparison.svg:180: trailing whitespace.
+        <path id="DejaVuSans-16" d="M 2597 2516 
output/otto-symmetry-head-v1/figure-01/symmetry-comparison.svg:181: trailing whitespace.
+Q 3050 2419 3304 2112 
output/otto-symmetry-head-v1/figure-01/symmetry-comparison.svg:182: trailing whitespace.
+Q 3559 1806 3559 1356 
output/otto-symmetry-head-v1/figure-01/symmetry-comparison.svg:183: trailing whitespace.
+Q 3559 666 3084 287 
output/otto-symmetry-head-v1/figure-01/symmetry-comparison.svg:184: trailing whitespace.
+Q 2609 -91 1734 -91 
output/otto-symmetry-head-v1/figure-01/symmetry-comparison.svg:185: trailing whitespace.
+Q 1441 -91 1130 -33 
output/otto-symmetry-head-v1/figure-01/symmetry-comparison.svg:186: trailing whitespace.
+Q 819 25 488 141 
output/otto-symmetry-head-v1/figure-01/symmetry-comparison.svg:187: trailing whitespace.
+L 488 750 
output/otto-symmetry-head-v1/figure-01/symmetry-comparison.svg:188: trailing whitespace.
+Q 750 597 1062 519 
output/otto-symmetry-head-v1/figure-01/symmetry-comparison.svg:189: trailing whitespace.
+Q 1375 441 1716 441 
output/otto-symmetry-head-v1/figure-01/symmetry-comparison.svg:190: trailing whitespace.
+Q 2309 441 2620 675 
output/otto-symmetry-head-v1/figure-01/symmetry-comparison.svg:191: trailing whitespace.
+Q 2931 909 2931 1356 
output/otto-symmetry-head-v1/figure-01/symmetry-comparison.svg:192: trailing whitespace.
+Q 2931 1769 2642 2001 
output/otto-symmetry-head-v1/figure-01/symmetry-comparison.svg:193: trailing whitespace.
+Q 2353 2234 1838 2234 
output/otto-symmetry-head-v1/figure-01/symmetry-comparison.svg:194: trailing whitespace.
+L 1294 2234 
output/otto-symmetry-head-v1/figure-01/symmetry-comparison.svg:195: trailing whitespace.
+L 1294 2753 
output/otto-symmetry-head-v1/figure-01/symmetry-comparison.svg:196: trailing whitespace.
+L 1863 2753 
output/otto-symmetry-head-v1/figure-01/symmetry-comparison.svg:197: trailing whitespace.
+Q 2328 2753 2575 2939 
output/otto-symmetry-head-v1/figure-01/symmetry-comparison.svg:198: trailing whitespace.
+Q 2822 3125 2822 3475 
output/otto-symmetry-head-v1/figure-01/symmetry-comparison.svg:199: trailing whitespace.
+Q 2822 3834 2567 4026 
output/otto-symmetry-head-v1/figure-01/symmetry-comparison.svg:200: trailing whitespace.
+Q 2313 4219 1838 4219 
output/otto-symmetry-head-v1/figure-01/symmetry-comparison.svg:201: trailing whitespace.
+Q 1578 4219 1281 4162 
output/otto-symmetry-head-v1/figure-01/symmetry-comparison.svg:202: trailing whitespace.
+Q 984 4106 628 3988 
output/otto-symmetry-head-v1/figure-01/symmetry-comparison.svg:203: trailing whitespace.
+L 628 4550 
output/otto-symmetry-head-v1/figure-01/symmetry-comparison.svg:204: trailing whitespace.
+Q 988 4650 1302 4700 
output/otto-symmetry-head-v1/figure-01/symmetry-comparison.svg:205: trailing whitespace.
+Q 1616 4750 1894 4750 
output/otto-symmetry-head-v1/figure-01/symmetry-comparison.svg:206: trailing whitespace.
+Q 2613 4750 3031 4423 
output/otto-symmetry-head-v1/figure-01/symmetry-comparison.svg:207: trailing whitespace.
+Q 3450 4097 3450 3541 
output/otto-symmetry-head-v1/figure-01/symmetry-comparison.svg:208: trailing whitespace.
+Q 3450 3153 3228 2886 
output/otto-symmetry-head-v1/figure-01/symmetry-comparison.svg:209: trailing whitespace.
+Q 3006 2619 2597 2516 
output/otto-symmetry-head-v1/figure-01/symmetry-comparison.svg:326: trailing whitespace.
+        <path id="DejaVuSans-35" d="M 2841 2188 
output/otto-symmetry-head-v1/figure-01/symmetry-comparison.svg:327: trailing whitespace.
+Q 3044 2119 3236 1894 
output/otto-symmetry-head-v1/figure-01/symmetry-comparison.svg:328: trailing whitespace.
+Q 3428 1669 3622 1275 
output/otto-symmetry-head-v1/figure-01/symmetry-comparison.svg:329: trailing whitespace.
+L 4263 0 
output/otto-symmetry-head-v1/figure-01/symmetry-comparison.svg:330: trailing whitespace.
+L 3584 0 
output/otto-symmetry-head-v1/figure-01/symmetry-comparison.svg:331: trailing whitespace.
+L 2988 1197 
output/otto-symmetry-head-v1/figure-01/symmetry-comparison.svg:332: trailing whitespace.
+Q 2756 1666 2539 1819 
output/otto-symmetry-head-v1/figure-01/symmetry-comparison.svg:333: trailing whitespace.
+Q 2322 1972 1947 1972 
output/otto-symmetry-head-v1/figure-01/symmetry-comparison.svg:334: trailing whitespace.
+L 1259 1972 
output/otto-symmetry-head-v1/figure-01/symmetry-comparison.svg:335: trailing whitespace.
+L 1259 0 
output/otto-symmetry-head-v1/figure-01/symmetry-comparison.svg:336: trailing whitespace.
+L 628 0 
output/otto-symmetry-head-v1/figure-01/symmetry-comparison.svg:337: trailing whitespace.
+L 628 4666 
output/otto-symmetry-head-v1/figure-01/symmetry-comparison.svg:338: trailing whitespace.
+L 2053 4666 
output/otto-symmetry-head-v1/figure-01/symmetry-comparison.svg:339: trailing whitespace.
+Q 2853 4666 3247 4331 
output/otto-symmetry-head-v1/figure-01/symmetry-comparison.svg:340: trailing whitespace.
+Q 3641 3997 3641 3322 
output/otto-symmetry-head-v1/figure-01/symmetry-comparison.svg:341: trailing whitespace.
+Q 3641 2881 3436 2590 
output/otto-symmetry-head-v1/figure-01/symmetry-comparison.svg:342: trailing whitespace.
+Q 3231 2300 2841 2188 
output/otto-symmetry-head-v1/figure-01/symmetry-comparison.svg:344: trailing whitespace.
+M 1259 4147 
output/otto-symmetry-head-v1/figure-01/symmetry-comparison.svg:345: trailing whitespace.
+L 1259 2491 
output/otto-symmetry-head-v1/figure-01/symmetry-comparison.svg:346: trailing whitespace.
+L 2053 2491 
output/otto-symmetry-head-v1/figure-01/symmetry-comparison.svg:347: trailing whitespace.
+Q 2509 2491 2742 2702 
output/otto-symmetry-head-v1/figure-01/symmetry-comparison.svg:348: trailing whitespace.
+Q 2975 2913 2975 3322 
output/otto-symmetry-head-v1/figure-01/symmetry-comparison.svg:349: trailing whitespace.
+Q 2975 3731 2742 3939 
output/otto-symmetry-head-v1/figure-01/symmetry-comparison.svg:350: trailing whitespace.
+Q 2509 4147 2053 4147 
output/otto-symmetry-head-v1/figure-01/symmetry-comparison.svg:351: trailing whitespace.
+L 1259 4147 
output/otto-symmetry-head-v1/figure-01/symmetry-comparison.svg:354: trailing whitespace.
+        <path id="DejaVuSans-48" d="M 3597 1894 
output/otto-symmetry-head-v1/figure-01/symmetry-comparison.svg:355: trailing whitespace.
+L 3597 1613 
output/otto-symmetry-head-v1/figure-01/symmetry-comparison.svg:356: trailing whitespace.
+L 953 1613 
output/otto-symmetry-head-v1/figure-01/symmetry-comparison.svg:357: trailing whitespace.
+Q 991 1019 1311 708 
output/otto-symmetry-head-v1/figure-01/symmetry-comparison.svg:358: trailing whitespace.
+Q 1631 397 2203 397 
output/otto-symmetry-head-v1/figure-01/symmetry-comparison.svg:359: trailing whitespace.
+Q 2534 397 2845 478 
output/otto-symmetry-head-v1/figure-01/symmetry-comparison.svg:360: trailing whitespace.
+Q 3156 559 3463 722 
output/otto-symmetry-head-v1/figure-01/symmetry-comparison.svg:361: trailing whitespace.
+L 3463 178 
output/otto-symmetry-head-v1/figure-01/symmetry-comparison.svg:362: trailing whitespace.
+Q 3153 47 2828 -22 
output/otto-symmetry-head-v1/figure-01/symmetry-comparison.svg:363: trailing whitespace.
+Q 2503 -91 2169 -91 
output/otto-symmetry-head-v1/figure-01/symmetry-comparison.svg:364: trailing whitespace.
+Q 1331 -91 842 396 
output/otto-symmetry-head-v1/figure-01/symmetry-comparison.svg:365: trailing whitespace.
+Q 353 884 353 1716 
output/otto-symmetry-head-v1/figure-01/symmetry-comparison.svg:366: trailing whitespace.
+Q 353 2575 817 3079 
output/otto-symmetry-head-v1/figure-01/symmetry-comparison.svg:367: trailing whitespace.
+Q 1281 3584 2069 3584 
output/otto-symmetry-head-v1/figure-01/symmetry-comparison.svg:368: trailing whitespace.
+Q 2775 3584 3186 3129 
output/otto-symmetry-head-v1/figure-01/symmetry-comparison.svg:369: trailing whitespace.
+Q 3597 2675 3597 1894 
output/otto-symmetry-head-v1/figure-01/symmetry-comparison.svg:371: trailing whitespace.
+M 3022 2063 
output/otto-symmetry-head-v1/figure-01/symmetry-comparison.svg:372: trailing whitespace.
+Q 3016 2534 2758 2815 
output/otto-symmetry-head-v1/figure-01/symmetry-comparison.svg:373: trailing whitespace.
+Q 2500 3097 2075 3097 
output/otto-symmetry-head-v1/figure-01/symmetry-comparison.svg:374: trailing whitespace.
+Q 1594 3097 1305 2825 
output/otto-symmetry-head-v1/figure-01/symmetry-comparison.svg:375: trailing whitespace.
+Q 1016 2553 972 2059 
output/otto-symmetry-head-v1/figure-01/symmetry-comparison.svg:376: trailing whitespace.
+L 3022 2063 
output/otto-symmetry-head-v1/figure-01/symmetry-comparison.svg:379: trailing whitespace.
+        <path id="DejaVuSans-49" d="M 2375 4863 
output/otto-symmetry-head-v1/figure-01/symmetry-comparison.svg:380: trailing whitespace.
+L 2375 4384 
output/otto-symmetry-head-v1/figure-01/symmetry-comparison.svg:381: trailing whitespace.
+L 1825 4384 
output/otto-symmetry-head-v1/figure-01/symmetry-comparison.svg:382: trailing whitespace.
+Q 1516 4384 1395 4259 
output/otto-symmetry-head-v1/figure-01/symmetry-comparison.svg:383: trailing whitespace.
+Q 1275 4134 1275 3809 
output/otto-symmetry-head-v1/figure-01/symmetry-comparison.svg:384: trailing whitespace.
+L 1275 3500 
output/otto-symmetry-head-v1/figure-01/symmetry-comparison.svg:385: trailing whitespace.
+L 2222 3500 
output/otto-symmetry-head-v1/figure-01/symmetry-comparison.svg:386: trailing whitespace.
+L 2222 3053 
output/otto-symmetry-head-v1/figure-01/symmetry-comparison.svg:387: trailing whitespace.
+L 1275 3053 
output/otto-symmetry-head-v1/figure-01/symmetry-comparison.svg:388: trailing whitespace.
+L 1275 0 
output/otto-symmetry-head-v1/figure-01/symmetry-comparison.svg:389: trailing whitespace.
+L 697 0 
output/otto-symmetry-head-v1/figure-01/symmetry-comparison.svg:390: trailing whitespace.
+L 697 3053 
output/otto-symmetry-head-v1/figure-01/symmetry-comparison.svg:391: trailing whitespace.
+L 147 3053 
output/otto-symmetry-head-v1/figure-01/symmetry-comparison.svg:392: trailing whitespace.
+L 147 3500 
output/otto-symmetry-head-v1/figure-01/symmetry-comparison.svg:393: trailing whitespace.
+L 697 3500 
output/otto-symmetry-head-v1/figure-01/symmetry-comparison.svg:394: trailing whitespace.
+L 697 3744 
output/otto-symmetry-head-v1/figure-01/symmetry-comparison.svg:395: trailing whitespace.
+Q 697 4328 969 4595 
output/otto-symmetry-head-v1/figure-01/symmetry-comparison.svg:396: trailing whitespace.
+Q 1241 4863 1831 4863 
output/otto-symmetry-head-v1/figure-01/symmetry-comparison.svg:397: trailing whitespace.
+L 2375 4863 
output/otto-symmetry-head-v1/figure-01/symmetry-comparison.svg:411: trailing whitespace.
+      <path d="M 102.6 302.76 
output/otto-symmetry-head-v1/figure-01/symmetry-comparison.svg:412: trailing whitespace.
+L 451.096089 302.76 
output/otto-symmetry-head-v1/figure-01/symmetry-comparison.svg:417: trailing whitespace.
+       <path id="mcacaef4471" d="M 0 0 
output/otto-symmetry-head-v1/figure-01/symmetry-comparison.svg:418: trailing whitespace.
+L -3.5 0 
output/otto-symmetry-head-v1/figure-01/symmetry-comparison.svg:434: trailing whitespace.
+      <path d="M 102.6 265.701176 
output/otto-symmetry-head-v1/figure-01/symmetry-comparison.svg:435: trailing whitespace.
+L 451.096089 265.701176 
output/otto-symmetry-head-v1/figure-01/symmetry-comparison.svg:447: trailing whitespace.
+        <path id="DejaVuSans-18" d="M 691 4666 
output/otto-symmetry-head-v1/figure-01/symmetry-comparison.svg:448: trailing whitespace.
+L 3169 4666 
output/otto-symmetry-head-v1/figure-01/symmetry-comparison.svg:449: trailing whitespace.
+L 3169 4134 
output/otto-symmetry-head-v1/figure-01/symmetry-comparison.svg:450: trailing whitespace.
+L 1269 4134 
output/otto-symmetry-head-v1/figure-01/symmetry-comparison.svg:451: trailing whitespace.
+L 1269 2991 
output/otto-symmetry-head-v1/figure-01/symmetry-comparison.svg:452: trailing whitespace.
+Q 1406 3038 1543 3061 
output/otto-symmetry-head-v1/figure-01/symmetry-comparison.svg:453: trailing whitespace.
+Q 1681 3084 1819 3084 
output/otto-symmetry-head-v1/figure-01/symmetry-comparison.svg:454: trailing whitespace.
+Q 2600 3084 3056 2656 
output/otto-symmetry-head-v1/figure-01/symmetry-comparison.svg:455: trailing whitespace.
+Q 3513 2228 3513 1497 
output/otto-symmetry-head-v1/figure-01/symmetry-comparison.svg:456: trailing whitespace.
+Q 3513 744 3044 326 
output/otto-symmetry-head-v1/figure-01/symmetry-comparison.svg:457: trailing whitespace.
+Q 2575 -91 1722 -91 
output/otto-symmetry-head-v1/figure-01/symmetry-comparison.svg:458: trailing whitespace.
+Q 1428 -91 1123 -41 
output/otto-symmetry-head-v1/figure-01/symmetry-comparison.svg:459: trailing whitespace.
+Q 819 9 494 109 
output/otto-symmetry-head-v1/figure-01/symmetry-comparison.svg:460: trailing whitespace.
+L 494 744 
output/otto-symmetry-head-v1/figure-01/symmetry-comparison.svg:461: trailing whitespace.
+Q 775 591 1075 516 
output/otto-symmetry-head-v1/figure-01/symmetry-comparison.svg:462: trailing whitespace.
+Q 1375 441 1709 441 
output/otto-symmetry-head-v1/figure-01/symmetry-comparison.svg:463: trailing whitespace.
+Q 2250 441 2565 725 
output/otto-symmetry-head-v1/figure-01/symmetry-comparison.svg:464: trailing whitespace.
+Q 2881 1009 2881 1497 
output/otto-symmetry-head-v1/figure-01/symmetry-comparison.svg:465: trailing whitespace.
+Q 2881 1984 2565 2268 
output/otto-symmetry-head-v1/figure-01/symmetry-comparison.svg:466: trailing whitespace.
+Q 2250 2553 1709 2553 
output/otto-symmetry-head-v1/figure-01/symmetry-comparison.svg:467: trailing whitespace.
+Q 1456 2553 1204 2497 
output/otto-symmetry-head-v1/figure-01/symmetry-comparison.svg:468: trailing whitespace.
+Q 953 2441 691 2322 
output/otto-symmetry-head-v1/figure-01/symmetry-comparison.svg:469: trailing whitespace.
+L 691 4666 
output/otto-symmetry-head-v1/figure-01/symmetry-comparison.svg:480: trailing whitespace.
+      <path d="M 102.6 228.642353 
output/otto-symmetry-head-v1/figure-01/symmetry-comparison.svg:481: trailing whitespace.
+L 451.096089 228.642353 
output/otto-symmetry-head-v1/figure-01/symmetry-comparison.svg:499: trailing whitespace.
+      <path d="M 102.6 191.583529 
output/otto-symmetry-head-v1/figure-01/symmetry-comparison.svg:500: trailing whitespace.
+L 451.096089 191.583529 
output/otto-symmetry-head-v1/figure-01/symmetry-comparison.svg:512: trailing whitespace.
+        <path id="DejaVuSans-1a" d="M 525 4666 
output/otto-symmetry-head-v1/figure-01/symmetry-comparison.svg:513: trailing whitespace.
+L 3525 4666 
output/otto-symmetry-head-v1/figure-01/symmetry-comparison.svg:514: trailing whitespace.
+L 3525 4397 
output/otto-symmetry-head-v1/figure-01/symmetry-comparison.svg:515: trailing whitespace.
+L 1831 0 
output/otto-symmetry-head-v1/figure-01/symmetry-comparison.svg:516: trailing whitespace.
+L 1172 0 
output/otto-symmetry-head-v1/figure-01/symmetry-comparison.svg:517: trailing whitespace.
+L 2766 4134 
output/otto-symmetry-head-v1/figure-01/symmetry-comparison.svg:518: trailing whitespace.
+L 525 4134 
output/otto-symmetry-head-v1/figure-01/symmetry-comparison.svg:519: trailing whitespace.
+L 525 4666 
output/otto-symmetry-head-v1/figure-01/symmetry-comparison.svg:530: trailing whitespace.
+      <path d="M 102.6 154.524706 
output/otto-symmetry-head-v1/figure-01/symmetry-comparison.svg:531: trailing whitespace.
+L 451.096089 154.524706 
output/otto-symmetry-head-v1/figure-01/symmetry-comparison.svg:552: trailing whitespace.
+       <path id="DejaVuSans-37" d="M -19 4666 
output/otto-symmetry-head-v1/figure-01/symmetry-comparison.svg:553: trailing whitespace.
+L 3928 4666 
output/otto-symmetry-head-v1/figure-01/symmetry-comparison.svg:554: trailing whitespace.
+L 3928 4134 
output/otto-symmetry-head-v1/figure-01/symmetry-comparison.svg:555: trailing whitespace.
+L 2272 4134 
output/otto-symmetry-head-v1/figure-01/symmetry-comparison.svg:556: trailing whitespace.
+L 2272 0 
output/otto-symmetry-head-v1/figure-01/symmetry-comparison.svg:557: trailing whitespace.
+L 1638 0 
output/otto-symmetry-head-v1/figure-01/symmetry-comparison.svg:558: trailing whitespace.
+L 1638 4134 
output/otto-symmetry-head-v1/figure-01/symmetry-comparison.svg:559: trailing whitespace.
+L -19 4134 
output/otto-symmetry-head-v1/figure-01/symmetry-comparison.svg:560: trailing whitespace.
+L -19 4666 
output/otto-symmetry-head-v1/figure-01/symmetry-comparison.svg:563: trailing whitespace.
+       <path id="DejaVuSans-55" d="M 2631 2963 
output/otto-symmetry-head-v1/figure-01/symmetry-comparison.svg:564: trailing whitespace.
+Q 2534 3019 2420 3045 
output/otto-symmetry-head-v1/figure-01/symmetry-comparison.svg:565: trailing whitespace.
+Q 2306 3072 2169 3072 
output/otto-symmetry-head-v1/figure-01/symmetry-comparison.svg:566: trailing whitespace.
+Q 1681 3072 1420 2755 
output/otto-symmetry-head-v1/figure-01/symmetry-comparison.svg:567: trailing whitespace.
+Q 1159 2438 1159 1844 
output/otto-symmetry-head-v1/figure-01/symmetry-comparison.svg:568: trailing whitespace.
+L 1159 0 
output/otto-symmetry-head-v1/figure-01/symmetry-comparison.svg:569: trailing whitespace.
+L 581 0 
output/otto-symmetry-head-v1/figure-01/symmetry-comparison.svg:570: trailing whitespace.
+L 581 3500 
output/otto-symmetry-head-v1/figure-01/symmetry-comparison.svg:571: trailing whitespace.
+L 1159 3500 
output/otto-symmetry-head-v1/figure-01/symmetry-comparison.svg:572: trailing whitespace.
+L 1159 2956 
output/otto-symmetry-head-v1/figure-01/symmetry-comparison.svg:573: trailing whitespace.
+Q 1341 3275 1631 3429 
output/otto-symmetry-head-v1/figure-01/symmetry-comparison.svg:574: trailing whitespace.
+Q 1922 3584 2338 3584 
output/otto-symmetry-head-v1/figure-01/symmetry-comparison.svg:575: trailing whitespace.
+Q 2397 3584 2469 3576 
output/otto-symmetry-head-v1/figure-01/symmetry-comparison.svg:576: trailing whitespace.
+Q 2541 3569 2628 3553 
output/otto-symmetry-head-v1/figure-01/symmetry-comparison.svg:577: trailing whitespace.
+L 2631 2963 
output/otto-symmetry-head-v1/figure-01/symmetry-comparison.svg:580: trailing whitespace.
+       <path id="DejaVuSans-44" d="M 2194 1759 
output/otto-symmetry-head-v1/figure-01/symmetry-comparison.svg:581: trailing whitespace.
+Q 1497 1759 1228 1600 
output/otto-symmetry-head-v1/figure-01/symmetry-comparison.svg:582: trailing whitespace.
+Q 959 1441 959 1056 
output/otto-symmetry-head-v1/figure-01/symmetry-comparison.svg:583: trailing whitespace.
+Q 959 750 1161 570 
output/otto-symmetry-head-v1/figure-01/symmetry-comparison.svg:584: trailing whitespace.
+Q 1363 391 1709 391 
output/otto-symmetry-head-v1/figure-01/symmetry-comparison.svg:585: trailing whitespace.
+Q 2188 391 2477 730 
output/otto-symmetry-head-v1/figure-01/symmetry-comparison.svg:586: trailing whitespace.
+Q 2766 1069 2766 1631 
output/otto-symmetry-head-v1/figure-01/symmetry-comparison.svg:587: trailing whitespace.
+L 2766 1759 
output/otto-symmetry-head-v1/figure-01/symmetry-comparison.svg:588: trailing whitespace.
+L 2194 1759 
output/otto-symmetry-head-v1/figure-01/symmetry-comparison.svg:590: trailing whitespace.
+M 3341 1997 
output/otto-symmetry-head-v1/figure-01/symmetry-comparison.svg:591: trailing whitespace.
+L 3341 0 
output/otto-symmetry-head-v1/figure-01/symmetry-comparison.svg:592: trailing whitespace.
+L 2766 0 
output/otto-symmetry-head-v1/figure-01/symmetry-comparison.svg:593: trailing whitespace.
+L 2766 531 
output/otto-symmetry-head-v1/figure-01/symmetry-comparison.svg:594: trailing whitespace.
+Q 2569 213 2275 61 
output/otto-symmetry-head-v1/figure-01/symmetry-comparison.svg:595: trailing whitespace.
+Q 1981 -91 1556 -91 
output/otto-symmetry-head-v1/figure-01/symmetry-comparison.svg:596: trailing whitespace.
+Q 1019 -91 701 211 
output/otto-symmetry-head-v1/figure-01/symmetry-comparison.svg:597: trailing whitespace.
+Q 384 513 384 1019 
output/otto-symmetry-head-v1/figure-01/symmetry-comparison.svg:598: trailing whitespace.
+Q 384 1609 779 1909 
output/otto-symmetry-head-v1/figure-01/symmetry-comparison.svg:599: trailing whitespace.
+Q 1175 2209 1959 2209 
output/otto-symmetry-head-v1/figure-01/symmetry-comparison.svg:600: trailing whitespace.
+L 2766 2209 
output/otto-symmetry-head-v1/figure-01/symmetry-comparison.svg:601: trailing whitespace.
+L 2766 2266 
output/otto-symmetry-head-v1/figure-01/symmetry-comparison.svg:602: trailing whitespace.
+Q 2766 2663 2505 2880 
output/otto-symmetry-head-v1/figure-01/symmetry-comparison.svg:603: trailing whitespace.
+Q 2244 3097 1772 3097 
output/otto-symmetry-head-v1/figure-01/symmetry-comparison.svg:604: trailing whitespace.
+Q 1472 3097 1187 3025 
output/otto-symmetry-head-v1/figure-01/symmetry-comparison.svg:605: trailing whitespace.
+Q 903 2953 641 2809 
output/otto-symmetry-head-v1/figure-01/symmetry-comparison.svg:606: trailing whitespace.
+L 641 3341 
output/otto-symmetry-head-v1/figure-01/symmetry-comparison.svg:607: trailing whitespace.
+Q 956 3463 1253 3523 
output/otto-symmetry-head-v1/figure-01/symmetry-comparison.svg:608: trailing whitespace.
+Q 1550 3584 1831 3584 
output/otto-symmetry-head-v1/figure-01/symmetry-comparison.svg:609: trailing whitespace.
+Q 2591 3584 2966 3190 
output/otto-symmetry-head-v1/figure-01/symmetry-comparison.svg:610: trailing whitespace.
+Q 3341 2797 3341 1997 
output/otto-symmetry-head-v1/figure-01/symmetry-comparison.svg:613: trailing whitespace.
+       <path id="DejaVuSans-4c" d="M 603 3500 
output/otto-symmetry-head-v1/figure-01/symmetry-comparison.svg:614: trailing whitespace.
+L 1178 3500 
output/otto-symmetry-head-v1/figure-01/symmetry-comparison.svg:615: trailing whitespace.
+L 1178 0 
output/otto-symmetry-head-v1/figure-01/symmetry-comparison.svg:616: trailing whitespace.
+L 603 0 
output/otto-symmetry-head-v1/figure-01/symmetry-comparison.svg:617: trailing whitespace.
+L 603 3500 
output/otto-symmetry-head-v1/figure-01/symmetry-comparison.svg:619: trailing whitespace.
+M 603 4863 
output/otto-symmetry-head-v1/figure-01/symmetry-comparison.svg:620: trailing whitespace.
+L 1178 4863 
output/otto-symmetry-head-v1/figure-01/symmetry-comparison.svg:621: trailing whitespace.
+L 1178 4134 
output/otto-symmetry-head-v1/figure-01/symmetry-comparison.svg:622: trailing whitespace.
+L 603 4134 
output/otto-symmetry-head-v1/figure-01/symmetry-comparison.svg:623: trailing whitespace.
+L 603 4863 
output/otto-symmetry-head-v1/figure-01/symmetry-comparison.svg:626: trailing whitespace.
+       <path id="DejaVuSans-51" d="M 3513 2113 
output/otto-symmetry-head-v1/figure-01/symmetry-comparison.svg:627: trailing whitespace.
+L 3513 0 
output/otto-symmetry-head-v1/figure-01/symmetry-comparison.svg:628: trailing whitespace.
+L 2938 0 
output/otto-symmetry-head-v1/figure-01/symmetry-comparison.svg:629: trailing whitespace.
+L 2938 2094 
output/otto-symmetry-head-v1/figure-01/symmetry-comparison.svg:630: trailing whitespace.
+Q 2938 2591 2744 2837 
output/otto-symmetry-head-v1/figure-01/symmetry-comparison.svg:631: trailing whitespace.
+Q 2550 3084 2163 3084 
output/otto-symmetry-head-v1/figure-01/symmetry-comparison.svg:632: trailing whitespace.
+Q 1697 3084 1428 2787 
output/otto-symmetry-head-v1/figure-01/symmetry-comparison.svg:633: trailing whitespace.
+Q 1159 2491 1159 1978 
output/otto-symmetry-head-v1/figure-01/symmetry-comparison.svg:634: trailing whitespace.
+L 1159 0 
output/otto-symmetry-head-v1/figure-01/symmetry-comparison.svg:635: trailing whitespace.
+L 581 0 
output/otto-symmetry-head-v1/figure-01/symmetry-comparison.svg:636: trailing whitespace.
+L 581 3500 
output/otto-symmetry-head-v1/figure-01/symmetry-comparison.svg:637: trailing whitespace.
+L 1159 3500 
output/otto-symmetry-head-v1/figure-01/symmetry-comparison.svg:638: trailing whitespace.
+L 1159 2956 
output/otto-symmetry-head-v1/figure-01/symmetry-comparison.svg:639: trailing whitespace.
+Q 1366 3272 1645 3428 
output/otto-symmetry-head-v1/figure-01/symmetry-comparison.svg:640: trailing whitespace.
+Q 1925 3584 2291 3584 
output/otto-symmetry-head-v1/figure-01/symmetry-comparison.svg:641: trailing whitespace.
+Q 2894 3584 3203 3211 
output/otto-symmetry-head-v1/figure-01/symmetry-comparison.svg:642: trailing whitespace.
+Q 3513 2838 3513 2113 
output/otto-symmetry-head-v1/figure-01/symmetry-comparison.svg:645: trailing whitespace.
+       <path id="DejaVuSans-4a" d="M 2906 1791 
output/otto-symmetry-head-v1/figure-01/symmetry-comparison.svg:646: trailing whitespace.
+Q 2906 2416 2648 2759 
output/otto-symmetry-head-v1/figure-01/symmetry-comparison.svg:647: trailing whitespace.
+Q 2391 3103 1925 3103 
output/otto-symmetry-head-v1/figure-01/symmetry-comparison.svg:648: trailing whitespace.
+Q 1463 3103 1205 2759 
output/otto-symmetry-head-v1/figure-01/symmetry-comparison.svg:649: trailing whitespace.
+Q 947 2416 947 1791 
output/otto-symmetry-head-v1/figure-01/symmetry-comparison.svg:650: trailing whitespace.
+Q 947 1169 1205 825 
output/otto-symmetry-head-v1/figure-01/symmetry-comparison.svg:651: trailing whitespace.
+Q 1463 481 1925 481 
output/otto-symmetry-head-v1/figure-01/symmetry-comparison.svg:652: trailing whitespace.
+Q 2391 481 2648 825 
output/otto-symmetry-head-v1/figure-01/symmetry-comparison.svg:653: trailing whitespace.
+Q 2906 1169 2906 1791 
output/otto-symmetry-head-v1/figure-01/symmetry-comparison.svg:655: trailing whitespace.
+M 3481 434 
output/otto-symmetry-head-v1/figure-01/symmetry-comparison.svg:656: trailing whitespace.
+Q 3481 -459 3084 -895 
output/otto-symmetry-head-v1/figure-01/symmetry-comparison.svg:657: trailing whitespace.
+Q 2688 -1331 1869 -1331 
output/otto-symmetry-head-v1/figure-01/symmetry-comparison.svg:658: trailing whitespace.
+Q 1566 -1331 1297 -1286 
output/otto-symmetry-head-v1/figure-01/symmetry-comparison.svg:659: trailing whitespace.
+Q 1028 -1241 775 -1147 
output/otto-symmetry-head-v1/figure-01/symmetry-comparison.svg:660: trailing whitespace.
+L 775 -588 
output/otto-symmetry-head-v1/figure-01/symmetry-comparison.svg:661: trailing whitespace.
+Q 1028 -725 1275 -790 
output/otto-symmetry-head-v1/figure-01/symmetry-comparison.svg:662: trailing whitespace.
+Q 1522 -856 1778 -856 
output/otto-symmetry-head-v1/figure-01/symmetry-comparison.svg:663: trailing whitespace.
+Q 2344 -856 2625 -561 
output/otto-symmetry-head-v1/figure-01/symmetry-comparison.svg:664: trailing whitespace.
+Q 2906 -266 2906 331 
output/otto-symmetry-head-v1/figure-01/symmetry-comparison.svg:665: trailing whitespace.
+L 2906 616 
output/otto-symmetry-head-v1/figure-01/symmetry-comparison.svg:666: trailing whitespace.
+Q 2728 306 2450 153 
output/otto-symmetry-head-v1/figure-01/symmetry-comparison.svg:667: trailing whitespace.
+Q 2172 0 1784 0 
output/otto-symmetry-head-v1/figure-01/symmetry-comparison.svg:668: trailing whitespace.
+Q 1141 0 747 490 
output/otto-symmetry-head-v1/figure-01/symmetry-comparison.svg:669: trailing whitespace.
+Q 353 981 353 1791 
output/otto-symmetry-head-v1/figure-01/symmetry-comparison.svg:670: trailing whitespace.
+Q 353 2603 747 3093 
output/otto-symmetry-head-v1/figure-01/symmetry-comparison.svg:671: trailing whitespace.
+Q 1141 3584 1784 3584 
output/otto-symmetry-head-v1/figure-01/symmetry-comparison.svg:672: trailing whitespace.
+Q 2172 3584 2450 3431 
output/otto-symmetry-head-v1/figure-01/symmetry-comparison.svg:673: trailing whitespace.
+Q 2728 3278 2906 2969 
output/otto-symmetry-head-v1/figure-01/symmetry-comparison.svg:674: trailing whitespace.
+L 2906 3500 
output/otto-symmetry-head-v1/figure-01/symmetry-comparison.svg:675: trailing whitespace.
+L 3481 3500 
output/otto-symmetry-head-v1/figure-01/symmetry-comparison.svg:676: trailing whitespace.
+L 3481 434 
output/otto-symmetry-head-v1/figure-01/symmetry-comparison.svg:679: trailing whitespace.
+       <path id="DejaVuSans-10" d="M 313 2009 
output/otto-symmetry-head-v1/figure-01/symmetry-comparison.svg:680: trailing whitespace.
+L 1997 2009 
output/otto-symmetry-head-v1/figure-01/symmetry-comparison.svg:681: trailing whitespace.
+L 1997 1497 
output/otto-symmetry-head-v1/figure-01/symmetry-comparison.svg:682: trailing whitespace.
+L 313 1497 
output/otto-symmetry-head-v1/figure-01/symmetry-comparison.svg:683: trailing whitespace.
+L 313 2009 
output/otto-symmetry-head-v1/figure-01/symmetry-comparison.svg:686: trailing whitespace.
+       <path id="DejaVuSans-56" d="M 2834 3397 
output/otto-symmetry-head-v1/figure-01/symmetry-comparison.svg:687: trailing whitespace.
+L 2834 2853 
output/otto-symmetry-head-v1/figure-01/symmetry-comparison.svg:688: trailing whitespace.
+Q 2591 2978 2328 3040 
output/otto-symmetry-head-v1/figure-01/symmetry-comparison.svg:689: trailing whitespace.
+Q 2066 3103 1784 3103 
output/otto-symmetry-head-v1/figure-01/symmetry-comparison.svg:690: trailing whitespace.
+Q 1356 3103 1142 2972 
output/otto-symmetry-head-v1/figure-01/symmetry-comparison.svg:691: trailing whitespace.
+Q 928 2841 928 2578 
output/otto-symmetry-head-v1/figure-01/symmetry-comparison.svg:692: trailing whitespace.
+Q 928 2378 1081 2264 
output/otto-symmetry-head-v1/figure-01/symmetry-comparison.svg:693: trailing whitespace.
+Q 1234 2150 1697 2047 
output/otto-symmetry-head-v1/figure-01/symmetry-comparison.svg:694: trailing whitespace.
+L 1894 2003 
output/otto-symmetry-head-v1/figure-01/symmetry-comparison.svg:695: trailing whitespace.
+Q 2506 1872 2764 1633 
output/otto-symmetry-head-v1/figure-01/symmetry-comparison.svg:696: trailing whitespace.
+Q 3022 1394 3022 966 
output/otto-symmetry-head-v1/figure-01/symmetry-comparison.svg:697: trailing whitespace.
+Q 3022 478 2636 193 
output/otto-symmetry-head-v1/figure-01/symmetry-comparison.svg:698: trailing whitespace.
+Q 2250 -91 1575 -91 
output/otto-symmetry-head-v1/figure-01/symmetry-comparison.svg:699: trailing whitespace.
+Q 1294 -91 989 -36 
output/otto-symmetry-head-v1/figure-01/symmetry-comparison.svg:700: trailing whitespace.
+Q 684 19 347 128 
output/otto-symmetry-head-v1/figure-01/symmetry-comparison.svg:701: trailing whitespace.
+L 347 722 
output/otto-symmetry-head-v1/figure-01/symmetry-comparison.svg:702: trailing whitespace.
+Q 666 556 975 473 
output/otto-symmetry-head-v1/figure-01/symmetry-comparison.svg:703: trailing whitespace.
+Q 1284 391 1588 391 
output/otto-symmetry-head-v1/figure-01/symmetry-comparison.svg:704: trailing whitespace.
+Q 1994 391 2212 530 
output/otto-symmetry-head-v1/figure-01/symmetry-comparison.svg:705: trailing whitespace.
+Q 2431 669 2431 922 
output/otto-symmetry-head-v1/figure-01/symmetry-comparison.svg:706: trailing whitespace.
+Q 2431 1156 2273 1281 
output/otto-symmetry-head-v1/figure-01/symmetry-comparison.svg:707: trailing whitespace.
+Q 2116 1406 1581 1522 
output/otto-symmetry-head-v1/figure-01/symmetry-comparison.svg:708: trailing whitespace.
+L 1381 1569 
output/otto-symmetry-head-v1/figure-01/symmetry-comparison.svg:709: trailing whitespace.
+Q 847 1681 609 1914 
output/otto-symmetry-head-v1/figure-01/symmetry-comparison.svg:710: trailing whitespace.
+Q 372 2147 372 2553 
output/otto-symmetry-head-v1/figure-01/symmetry-comparison.svg:711: trailing whitespace.
+Q 372 3047 722 3315 
output/otto-symmetry-head-v1/figure-01/symmetry-comparison.svg:712: trailing whitespace.
+Q 1072 3584 1716 3584 
output/otto-symmetry-head-v1/figure-01/symmetry-comparison.svg:713: trailing whitespace.
+Q 2034 3584 2315 3537 
output/otto-symmetry-head-v1/figure-01/symmetry-comparison.svg:714: trailing whitespace.
+Q 2597 3491 2834 3397 
output/otto-symmetry-head-v1/figure-01/symmetry-comparison.svg:717: trailing whitespace.
+       <path id="DejaVuSans-58" d="M 544 1381 
output/otto-symmetry-head-v1/figure-01/symmetry-comparison.svg:718: trailing whitespace.
+L 544 3500 
output/otto-symmetry-head-v1/figure-01/symmetry-comparison.svg:719: trailing whitespace.
+L 1119 3500 
output/otto-symmetry-head-v1/figure-01/symmetry-comparison.svg:720: trailing whitespace.
+L 1119 1403 
output/otto-symmetry-head-v1/figure-01/symmetry-comparison.svg:721: trailing whitespace.
+Q 1119 906 1312 657 
output/otto-symmetry-head-v1/figure-01/symmetry-comparison.svg:722: trailing whitespace.
+Q 1506 409 1894 409 
output/otto-symmetry-head-v1/figure-01/symmetry-comparison.svg:723: trailing whitespace.
+Q 2359 409 2629 706 
output/otto-symmetry-head-v1/figure-01/symmetry-comparison.svg:724: trailing whitespace.
+Q 2900 1003 2900 1516 
output/otto-symmetry-head-v1/figure-01/symmetry-comparison.svg:725: trailing whitespace.
+L 2900 3500 
output/otto-symmetry-head-v1/figure-01/symmetry-comparison.svg:726: trailing whitespace.
+L 3475 3500 
output/otto-symmetry-head-v1/figure-01/symmetry-comparison.svg:727: trailing whitespace.
+L 3475 0 
output/otto-symmetry-head-v1/figure-01/symmetry-comparison.svg:728: trailing whitespace.
+L 2900 0 
output/otto-symmetry-head-v1/figure-01/symmetry-comparison.svg:729: trailing whitespace.
+L 2900 538 
output/otto-symmetry-head-v1/figure-01/symmetry-comparison.svg:730: trailing whitespace.
+Q 2691 219 2414 64 
output/otto-symmetry-head-v1/figure-01/symmetry-comparison.svg:731: trailing whitespace.
+Q 2138 -91 1772 -91 
output/otto-symmetry-head-v1/figure-01/symmetry-comparison.svg:732: trailing whitespace.
+Q 1169 -91 856 284 
output/otto-symmetry-head-v1/figure-01/symmetry-comparison.svg:733: trailing whitespace.
+Q 544 659 544 1381 
output/otto-symmetry-head-v1/figure-01/symmetry-comparison.svg:735: trailing whitespace.
+M 1991 3584 
output/otto-symmetry-head-v1/figure-01/symmetry-comparison.svg:736: trailing whitespace.
+L 1991 3584 
output/otto-symmetry-head-v1/figure-01/symmetry-comparison.svg:739: trailing whitespace.
+       <path id="DejaVuSans-53" d="M 1159 525 
output/otto-symmetry-head-v1/figure-01/symmetry-comparison.svg:740: trailing whitespace.
+L 1159 -1331 
output/otto-symmetry-head-v1/figure-01/symmetry-comparison.svg:741: trailing whitespace.
+L 581 -1331 
output/otto-symmetry-head-v1/figure-01/symmetry-comparison.svg:742: trailing whitespace.
+L 581 3500 
output/otto-symmetry-head-v1/figure-01/symmetry-comparison.svg:743: trailing whitespace.
+L 1159 3500 
output/otto-symmetry-head-v1/figure-01/symmetry-comparison.svg:744: trailing whitespace.
+L 1159 2969 
output/otto-symmetry-head-v1/figure-01/symmetry-comparison.svg:745: trailing whitespace.
+Q 1341 3281 1617 3432 
output/otto-symmetry-head-v1/figure-01/symmetry-comparison.svg:746: trailing whitespace.
+Q 1894 3584 2278 3584 
output/otto-symmetry-head-v1/figure-01/symmetry-comparison.svg:747: trailing whitespace.
+Q 2916 3584 3314 3078 
output/otto-symmetry-head-v1/figure-01/symmetry-comparison.svg:748: trailing whitespace.
+Q 3713 2572 3713 1747 
output/otto-symmetry-head-v1/figure-01/symmetry-comparison.svg:749: trailing whitespace.
+Q 3713 922 3314 415 
output/otto-symmetry-head-v1/figure-01/symmetry-comparison.svg:750: trailing whitespace.
+Q 2916 -91 2278 -91 
output/otto-symmetry-head-v1/figure-01/symmetry-comparison.svg:751: trailing whitespace.
+Q 1894 -91 1617 61 
output/otto-symmetry-head-v1/figure-01/symmetry-comparison.svg:752: trailing whitespace.
+Q 1341 213 1159 525 
output/otto-symmetry-head-v1/figure-01/symmetry-comparison.svg:754: trailing whitespace.
+M 3116 1747 
output/otto-symmetry-head-v1/figure-01/symmetry-comparison.svg:755: trailing whitespace.
+Q 3116 2381 2855 2742 
output/otto-symmetry-head-v1/figure-01/symmetry-comparison.svg:756: trailing whitespace.
+Q 2594 3103 2138 3103 
output/otto-symmetry-head-v1/figure-01/symmetry-comparison.svg:757: trailing whitespace.
+Q 1681 3103 1420 2742 
output/otto-symmetry-head-v1/figure-01/symmetry-comparison.svg:758: trailing whitespace.
+Q 1159 2381 1159 1747 
output/otto-symmetry-head-v1/figure-01/symmetry-comparison.svg:759: trailing whitespace.
+Q 1159 1113 1420 752 
output/otto-symmetry-head-v1/figure-01/symmetry-comparison.svg:760: trailing whitespace.
+Q 1681 391 2138 391 
output/otto-symmetry-head-v1/figure-01/symmetry-comparison.svg:761: trailing whitespace.
+Q 2594 391 2855 752 
output/otto-symmetry-head-v1/figure-01/symmetry-comparison.svg:762: trailing whitespace.
+Q 3116 1113 3116 1747 
output/otto-symmetry-head-v1/figure-01/symmetry-comparison.svg:765: trailing whitespace.
+       <path id="DejaVuSans-52" d="M 1959 3097 
output/otto-symmetry-head-v1/figure-01/symmetry-comparison.svg:766: trailing whitespace.
+Q 1497 3097 1228 2736 
output/otto-symmetry-head-v1/figure-01/symmetry-comparison.svg:767: trailing whitespace.
+Q 959 2375 959 1747 
output/otto-symmetry-head-v1/figure-01/symmetry-comparison.svg:768: trailing whitespace.
+Q 959 1119 1226 758 
output/otto-symmetry-head-v1/figure-01/symmetry-comparison.svg:769: trailing whitespace.
+Q 1494 397 1959 397 
output/otto-symmetry-head-v1/figure-01/symmetry-comparison.svg:770: trailing whitespace.
+Q 2419 397 2687 759 
output/otto-symmetry-head-v1/figure-01/symmetry-comparison.svg:771: trailing whitespace.
+Q 2956 1122 2956 1747 
output/otto-symmetry-head-v1/figure-01/symmetry-comparison.svg:772: trailing whitespace.
+Q 2956 2369 2687 2733 
output/otto-symmetry-head-v1/figure-01/symmetry-comparison.svg:773: trailing whitespace.
+Q 2419 3097 1959 3097 
output/otto-symmetry-head-v1/figure-01/symmetry-comparison.svg:775: trailing whitespace.
+M 1959 3584 
output/otto-symmetry-head-v1/figure-01/symmetry-comparison.svg:776: trailing whitespace.
+Q 2709 3584 3137 3096 
output/otto-symmetry-head-v1/figure-01/symmetry-comparison.svg:777: trailing whitespace.
+Q 3566 2609 3566 1747 
output/otto-symmetry-head-v1/figure-01/symmetry-comparison.svg:778: trailing whitespace.
+Q 3566 888 3137 398 
output/otto-symmetry-head-v1/figure-01/symmetry-comparison.svg:779: trailing whitespace.
+Q 2709 -91 1959 -91 
output/otto-symmetry-head-v1/figure-01/symmetry-comparison.svg:780: trailing whitespace.
+Q 1206 -91 779 398 
output/otto-symmetry-head-v1/figure-01/symmetry-comparison.svg:781: trailing whitespace.
+Q 353 888 353 1747 
output/otto-symmetry-head-v1/figure-01/symmetry-comparison.svg:782: trailing whitespace.
+Q 353 2609 779 3096 
output/otto-symmetry-head-v1/figure-01/symmetry-comparison.svg:783: trailing whitespace.
+Q 1206 3584 1959 3584 
output/otto-symmetry-head-v1/figure-01/symmetry-comparison.svg:786: trailing whitespace.
+       <path id="DejaVuSans-57" d="M 1172 4494 
output/otto-symmetry-head-v1/figure-01/symmetry-comparison.svg:787: trailing whitespace.
+L 1172 3500 
output/otto-symmetry-head-v1/figure-01/symmetry-comparison.svg:788: trailing whitespace.
+L 2356 3500 
output/otto-symmetry-head-v1/figure-01/symmetry-comparison.svg:789: trailing whitespace.
+L 2356 3053 
output/otto-symmetry-head-v1/figure-01/symmetry-comparison.svg:790: trailing whitespace.
+L 1172 3053 
output/otto-symmetry-head-v1/figure-01/symmetry-comparison.svg:791: trailing whitespace.
+L 1172 1153 
output/otto-symmetry-head-v1/figure-01/symmetry-comparison.svg:792: trailing whitespace.
+Q 1172 725 1289 603 
output/otto-symmetry-head-v1/figure-01/symmetry-comparison.svg:793: trailing whitespace.
+Q 1406 481 1766 481 
output/otto-symmetry-head-v1/figure-01/symmetry-comparison.svg:794: trailing whitespace.
+L 2356 481 
output/otto-symmetry-head-v1/figure-01/symmetry-comparison.svg:795: trailing whitespace.
+L 2356 0 
output/otto-symmetry-head-v1/figure-01/symmetry-comparison.svg:796: trailing whitespace.
+L 1766 0 
output/otto-symmetry-head-v1/figure-01/symmetry-comparison.svg:797: trailing whitespace.
+Q 1100 0 847 248 
output/otto-symmetry-head-v1/figure-01/symmetry-comparison.svg:798: trailing whitespace.
+Q 594 497 594 1153 
output/otto-symmetry-head-v1/figure-01/symmetry-comparison.svg:799: trailing whitespace.
+L 594 3053 
output/otto-symmetry-head-v1/figure-01/symmetry-comparison.svg:800: trailing whitespace.
+L 172 3053 
output/otto-symmetry-head-v1/figure-01/symmetry-comparison.svg:801: trailing whitespace.
+L 172 3500 
output/otto-symmetry-head-v1/figure-01/symmetry-comparison.svg:802: trailing whitespace.
+L 594 3500 
output/otto-symmetry-head-v1/figure-01/symmetry-comparison.svg:803: trailing whitespace.
+L 594 4494 
output/otto-symmetry-head-v1/figure-01/symmetry-comparison.svg:804: trailing whitespace.
+L 1172 4494 
output/otto-symmetry-head-v1/figure-01/symmetry-comparison.svg:807: trailing whitespace.
+       <path id="DejaVuSans-47" d="M 2906 2969 
output/otto-symmetry-head-v1/figure-01/symmetry-comparison.svg:808: trailing whitespace.
+L 2906 4863 
output/otto-symmetry-head-v1/figure-01/symmetry-comparison.svg:809: trailing whitespace.
+L 3481 4863 
output/otto-symmetry-head-v1/figure-01/symmetry-comparison.svg:810: trailing whitespace.
+L 3481 0 
output/otto-symmetry-head-v1/figure-01/symmetry-comparison.svg:811: trailing whitespace.
+L 2906 0 
output/otto-symmetry-head-v1/figure-01/symmetry-comparison.svg:812: trailing whitespace.
+L 2906 525 
output/otto-symmetry-head-v1/figure-01/symmetry-comparison.svg:813: trailing whitespace.
+Q 2725 213 2448 61 
output/otto-symmetry-head-v1/figure-01/symmetry-comparison.svg:814: trailing whitespace.
+Q 2172 -91 1784 -91 
output/otto-symmetry-head-v1/figure-01/symmetry-comparison.svg:815: trailing whitespace.
+Q 1150 -91 751 415 
output/otto-symmetry-head-v1/figure-01/symmetry-comparison.svg:816: trailing whitespace.
+Q 353 922 353 1747 
output/otto-symmetry-head-v1/figure-01/symmetry-comparison.svg:817: trailing whitespace.
+Q 353 2572 751 3078 
output/otto-symmetry-head-v1/figure-01/symmetry-comparison.svg:818: trailing whitespace.
+Q 1150 3584 1784 3584 
output/otto-symmetry-head-v1/figure-01/symmetry-comparison.svg:819: trailing whitespace.
+Q 2172 3584 2448 3432 
output/otto-symmetry-head-v1/figure-01/symmetry-comparison.svg:820: trailing whitespace.
+Q 2725 3281 2906 2969 
output/otto-symmetry-head-v1/figure-01/symmetry-comparison.svg:822: trailing whitespace.
+M 947 1747 
output/otto-symmetry-head-v1/figure-01/symmetry-comparison.svg:823: trailing whitespace.
+Q 947 1113 1208 752 
output/otto-symmetry-head-v1/figure-01/symmetry-comparison.svg:824: trailing whitespace.
+Q 1469 391 1925 391 
output/otto-symmetry-head-v1/figure-01/symmetry-comparison.svg:825: trailing whitespace.
+Q 2381 391 2643 752 
output/otto-symmetry-head-v1/figure-01/symmetry-comparison.svg:826: trailing whitespace.
+Q 2906 1113 2906 1747 
output/otto-symmetry-head-v1/figure-01/symmetry-comparison.svg:827: trailing whitespace.
+Q 2906 2381 2643 2742 
output/otto-symmetry-head-v1/figure-01/symmetry-comparison.svg:828: trailing whitespace.
+Q 2381 3103 1925 3103 
output/otto-symmetry-head-v1/figure-01/symmetry-comparison.svg:829: trailing whitespace.
+Q 1469 3103 1208 2742 
output/otto-symmetry-head-v1/figure-01/symmetry-comparison.svg:830: trailing whitespace.
+Q 947 2381 947 1747 
output/otto-symmetry-head-v1/figure-01/symmetry-comparison.svg:857: trailing whitespace.
+       <path id="DejaVuSans-4f" d="M 603 4863 
output/otto-symmetry-head-v1/figure-01/symmetry-comparison.svg:858: trailing whitespace.
+L 1178 4863 
output/otto-symmetry-head-v1/figure-01/symmetry-comparison.svg:859: trailing whitespace.
+L 1178 0 
output/otto-symmetry-head-v1/figure-01/symmetry-comparison.svg:860: trailing whitespace.
+L 603 0 
output/otto-symmetry-head-v1/figure-01/symmetry-comparison.svg:861: trailing whitespace.
+L 603 4863 
output/otto-symmetry-head-v1/figure-01/symmetry-comparison.svg:864: trailing whitespace.
+       <path id="DejaVuSans-4b" d="M 3513 2113 
output/otto-symmetry-head-v1/figure-01/symmetry-comparison.svg:865: trailing whitespace.
+L 3513 0 
output/otto-symmetry-head-v1/figure-01/symmetry-comparison.svg:866: trailing whitespace.
+L 2938 0 
output/otto-symmetry-head-v1/figure-01/symmetry-comparison.svg:867: trailing whitespace.
+L 2938 2094 
output/otto-symmetry-head-v1/figure-01/symmetry-comparison.svg:868: trailing whitespace.
+Q 2938 2591 2744 2837 
output/otto-symmetry-head-v1/figure-01/symmetry-comparison.svg:869: trailing whitespace.
+Q 2550 3084 2163 3084 
output/otto-symmetry-head-v1/figure-01/symmetry-comparison.svg:870: trailing whitespace.
+Q 1697 3084 1428 2787 
output/otto-symmetry-head-v1/figure-01/symmetry-comparison.svg:871: trailing whitespace.
+Q 1159 2491 1159 1978 
output/otto-symmetry-head-v1/figure-01/symmetry-comparison.svg:872: trailing whitespace.
+L 1159 0 
output/otto-symmetry-head-v1/figure-01/symmetry-comparison.svg:873: trailing whitespace.
+L 581 0 
output/otto-symmetry-head-v1/figure-01/symmetry-comparison.svg:874: trailing whitespace.
+L 581 4863 
output/otto-symmetry-head-v1/figure-01/symmetry-comparison.svg:875: trailing whitespace.
+L 1159 4863 
output/otto-symmetry-head-v1/figure-01/symmetry-comparison.svg:876: trailing whitespace.
+L 1159 2956 
output/otto-symmetry-head-v1/figure-01/symmetry-comparison.svg:877: trailing whitespace.
+Q 1366 3272 1645 3428 
output/otto-symmetry-head-v1/figure-01/symmetry-comparison.svg:878: trailing whitespace.
+Q 1925 3584 2291 3584 
output/otto-symmetry-head-v1/figure-01/symmetry-comparison.svg:879: trailing whitespace.
+Q 2894 3584 3203 3211 
output/otto-symmetry-head-v1/figure-01/symmetry-comparison.svg:880: trailing whitespace.
+Q 3513 2838 3513 2113 
output/otto-symmetry-head-v1/figure-01/symmetry-comparison.svg:904: trailing whitespace.
+    <path d="M 120.065422 302.76 
output/otto-symmetry-head-v1/figure-01/symmetry-comparison.svg:905: trailing whitespace.
+L 142.811087 302.76 
output/otto-symmetry-head-v1/figure-01/symmetry-comparison.svg:906: trailing whitespace.
+L 142.811087 283.228251 
output/otto-symmetry-head-v1/figure-01/symmetry-comparison.svg:907: trailing whitespace.
+L 120.065422 283.228251 
output/otto-symmetry-head-v1/figure-01/symmetry-comparison.svg:912: trailing whitespace.
+    <path d="M 152.55923 302.76 
output/otto-symmetry-head-v1/figure-01/symmetry-comparison.svg:913: trailing whitespace.
+L 175.304895 302.76 
output/otto-symmetry-head-v1/figure-01/symmetry-comparison.svg:914: trailing whitespace.
+L 175.304895 250.786389 
output/otto-symmetry-head-v1/figure-01/symmetry-comparison.svg:915: trailing whitespace.
+L 152.55923 250.786389 
output/otto-symmetry-head-v1/figure-01/symmetry-comparison.svg:920: trailing whitespace.
+    <path d="M 185.053037 302.76 
output/otto-symmetry-head-v1/figure-01/symmetry-comparison.svg:921: trailing whitespace.
+L 207.798703 302.76 
output/otto-symmetry-head-v1/figure-01/symmetry-comparison.svg:922: trailing whitespace.
+L 207.798703 252.432434 
output/otto-symmetry-head-v1/figure-01/symmetry-comparison.svg:923: trailing whitespace.
+L 185.053037 252.432434 
output/otto-symmetry-head-v1/figure-01/symmetry-comparison.svg:928: trailing whitespace.
+    <path d="M 217.546845 302.76 
output/otto-symmetry-head-v1/figure-01/symmetry-comparison.svg:929: trailing whitespace.
+L 240.292511 302.76 
output/otto-symmetry-head-v1/figure-01/symmetry-comparison.svg:930: trailing whitespace.
+L 240.292511 249.300931 
output/otto-symmetry-head-v1/figure-01/symmetry-comparison.svg:931: trailing whitespace.
+L 217.546845 249.300931 
output/otto-symmetry-head-v1/figure-01/symmetry-comparison.svg:936: trailing whitespace.
+    <path d="M 250.040653 302.76 
output/otto-symmetry-head-v1/figure-01/symmetry-comparison.svg:937: trailing whitespace.
+L 272.786319 302.76 
output/otto-symmetry-head-v1/figure-01/symmetry-comparison.svg:938: trailing whitespace.
+L 272.786319 205.49598 
output/otto-symmetry-head-v1/figure-01/symmetry-comparison.svg:939: trailing whitespace.
+L 250.040653 205.49598 
output/otto-symmetry-head-v1/figure-01/symmetry-comparison.svg:944: trailing whitespace.
+    <path d="M 282.534461 302.76 
output/otto-symmetry-head-v1/figure-01/symmetry-comparison.svg:945: trailing whitespace.
+L 305.280127 302.76 
output/otto-symmetry-head-v1/figure-01/symmetry-comparison.svg:946: trailing whitespace.
+L 305.280127 205.49598 
output/otto-symmetry-head-v1/figure-01/symmetry-comparison.svg:947: trailing whitespace.
+L 282.534461 205.49598 
output/otto-symmetry-head-v1/figure-01/symmetry-comparison.svg:952: trailing whitespace.
+    <path d="M 315.028269 302.76 
output/otto-symmetry-head-v1/figure-01/symmetry-comparison.svg:953: trailing whitespace.
+L 337.773934 302.76 
output/otto-symmetry-head-v1/figure-01/symmetry-comparison.svg:954: trailing whitespace.
+L 337.773934 203.107205 
output/otto-symmetry-head-v1/figure-01/symmetry-comparison.svg:955: trailing whitespace.
+L 315.028269 203.107205 
output/otto-symmetry-head-v1/figure-01/symmetry-comparison.svg:960: trailing whitespace.
+    <path d="M 347.522077 302.76 
output/otto-symmetry-head-v1/figure-01/symmetry-comparison.svg:961: trailing whitespace.
+L 370.267742 302.76 
output/otto-symmetry-head-v1/figure-01/symmetry-comparison.svg:962: trailing whitespace.
+L 370.267742 231.514248 
output/otto-symmetry-head-v1/figure-01/symmetry-comparison.svg:963: trailing whitespace.
+L 347.522077 231.514248 
output/otto-symmetry-head-v1/figure-01/symmetry-comparison.svg:968: trailing whitespace.
+    <path d="M 380.015885 302.76 
output/otto-symmetry-head-v1/figure-01/symmetry-comparison.svg:969: trailing whitespace.
+L 402.76155 302.76 
output/otto-symmetry-head-v1/figure-01/symmetry-comparison.svg:970: trailing whitespace.
+L 402.76155 218.505114 
output/otto-symmetry-head-v1/figure-01/symmetry-comparison.svg:971: trailing whitespace.
+L 380.015885 218.505114 
output/otto-symmetry-head-v1/figure-01/symmetry-comparison.svg:976: trailing whitespace.
+    <path d="M 412.509693 302.76 
output/otto-symmetry-head-v1/figure-01/symmetry-comparison.svg:977: trailing whitespace.
+L 435.255358 302.76 
output/otto-symmetry-head-v1/figure-01/symmetry-comparison.svg:978: trailing whitespace.
+L 435.255358 154.524706 
output/otto-symmetry-head-v1/figure-01/symmetry-comparison.svg:979: trailing whitespace.
+L 412.509693 154.524706 
output/otto-symmetry-head-v1/figure-01/symmetry-comparison.svg:984: trailing whitespace.
+    <path d="M 102.6 302.76 
output/otto-symmetry-head-v1/figure-01/symmetry-comparison.svg:985: trailing whitespace.
+L 102.6 126.36 
output/otto-symmetry-head-v1/figure-01/symmetry-comparison.svg:989: trailing whitespace.
+    <path d="M 102.6 302.76 
output/otto-symmetry-head-v1/figure-01/symmetry-comparison.svg:990: trailing whitespace.
+L 451.096089 302.76 
output/otto-symmetry-head-v1/figure-01/symmetry-comparison.svg:997: trailing whitespace.
+      <path id="DejaVuSans-36" d="M 3425 4513 
output/otto-symmetry-head-v1/figure-01/symmetry-comparison.svg:998: trailing whitespace.
+L 3425 3897 
output/otto-symmetry-head-v1/figure-01/symmetry-comparison.svg:999: trailing whitespace.
+Q 3066 4069 2747 4153 
output/otto-symmetry-head-v1/figure-01/symmetry-comparison.svg:1000: trailing whitespace.
+Q 2428 4238 2131 4238 
output/otto-symmetry-head-v1/figure-01/symmetry-comparison.svg:1001: trailing whitespace.
+Q 1616 4238 1336 4038 
output/otto-symmetry-head-v1/figure-01/symmetry-comparison.svg:1002: trailing whitespace.
+Q 1056 3838 1056 3469 
output/otto-symmetry-head-v1/figure-01/symmetry-comparison.svg:1003: trailing whitespace.
+Q 1056 3159 1242 3001 
output/otto-symmetry-head-v1/figure-01/symmetry-comparison.svg:1004: trailing whitespace.
+Q 1428 2844 1947 2747 
output/otto-symmetry-head-v1/figure-01/symmetry-comparison.svg:1005: trailing whitespace.
+L 2328 2669 
output/otto-symmetry-head-v1/figure-01/symmetry-comparison.svg:1006: trailing whitespace.
+Q 3034 2534 3370 2195 
output/otto-symmetry-head-v1/figure-01/symmetry-comparison.svg:1007: trailing whitespace.
+Q 3706 1856 3706 1288 
output/otto-symmetry-head-v1/figure-01/symmetry-comparison.svg:1008: trailing whitespace.
+Q 3706 609 3251 259 
output/otto-symmetry-head-v1/figure-01/symmetry-comparison.svg:1009: trailing whitespace.
+Q 2797 -91 1919 -91 
output/otto-symmetry-head-v1/figure-01/symmetry-comparison.svg:1010: trailing whitespace.
+Q 1588 -91 1214 -16 
output/otto-symmetry-head-v1/figure-01/symmetry-comparison.svg:1011: trailing whitespace.
+Q 841 59 441 206 
output/otto-symmetry-head-v1/figure-01/symmetry-comparison.svg:1012: trailing whitespace.
+L 441 856 
output/otto-symmetry-head-v1/figure-01/symmetry-comparison.svg:1013: trailing whitespace.
+Q 825 641 1194 531 
output/otto-symmetry-head-v1/figure-01/symmetry-comparison.svg:1014: trailing whitespace.
+Q 1563 422 1919 422 
output/otto-symmetry-head-v1/figure-01/symmetry-comparison.svg:1015: trailing whitespace.
+Q 2459 422 2753 634 
output/otto-symmetry-head-v1/figure-01/symmetry-comparison.svg:1016: trailing whitespace.
+Q 3047 847 3047 1241 
output/otto-symmetry-head-v1/figure-01/symmetry-comparison.svg:1017: trailing whitespace.
+Q 3047 1584 2836 1778 
output/otto-symmetry-head-v1/figure-01/symmetry-comparison.svg:1018: trailing whitespace.
+Q 2625 1972 2144 2069 
output/otto-symmetry-head-v1/figure-01/symmetry-comparison.svg:1019: trailing whitespace.
+L 1759 2144 
output/otto-symmetry-head-v1/figure-01/symmetry-comparison.svg:1020: trailing whitespace.
+Q 1053 2284 737 2584 
output/otto-symmetry-head-v1/figure-01/symmetry-comparison.svg:1021: trailing whitespace.
+Q 422 2884 422 3419 
output/otto-symmetry-head-v1/figure-01/symmetry-comparison.svg:1022: trailing whitespace.
+Q 422 4038 858 4394 
output/otto-symmetry-head-v1/figure-01/symmetry-comparison.svg:1023: trailing whitespace.
+Q 1294 4750 2059 4750 
output/otto-symmetry-head-v1/figure-01/symmetry-comparison.svg:1024: trailing whitespace.
+Q 2388 4750 2728 4690 
output/otto-symmetry-head-v1/figure-01/symmetry-comparison.svg:1025: trailing whitespace.
+Q 3069 4631 3425 4513 
output/otto-symmetry-head-v1/figure-01/symmetry-comparison.svg:1028: trailing whitespace.
+      <path id="DejaVuSans-46" d="M 3122 3366 
output/otto-symmetry-head-v1/figure-01/symmetry-comparison.svg:1029: trailing whitespace.
+L 3122 2828 
output/otto-symmetry-head-v1/figure-01/symmetry-comparison.svg:1030: trailing whitespace.
+Q 2878 2963 2633 3030 
output/otto-symmetry-head-v1/figure-01/symmetry-comparison.svg:1031: trailing whitespace.
+Q 2388 3097 2138 3097 
output/otto-symmetry-head-v1/figure-01/symmetry-comparison.svg:1032: trailing whitespace.
+Q 1578 3097 1268 2742 
output/otto-symmetry-head-v1/figure-01/symmetry-comparison.svg:1033: trailing whitespace.
+Q 959 2388 959 1747 
output/otto-symmetry-head-v1/figure-01/symmetry-comparison.svg:1034: trailing whitespace.
+Q 959 1106 1268 751 
output/otto-symmetry-head-v1/figure-01/symmetry-comparison.svg:1035: trailing whitespace.
+Q 1578 397 2138 397 
output/otto-symmetry-head-v1/figure-01/symmetry-comparison.svg:1036: trailing whitespace.
+Q 2388 397 2633 464 
output/otto-symmetry-head-v1/figure-01/symmetry-comparison.svg:1037: trailing whitespace.
+Q 2878 531 3122 666 
output/otto-symmetry-head-v1/figure-01/symmetry-comparison.svg:1038: trailing whitespace.
+L 3122 134 
output/otto-symmetry-head-v1/figure-01/symmetry-comparison.svg:1039: trailing whitespace.
+Q 2881 22 2623 -34 
output/otto-symmetry-head-v1/figure-01/symmetry-comparison.svg:1040: trailing whitespace.
+Q 2366 -91 2075 -91 
output/otto-symmetry-head-v1/figure-01/symmetry-comparison.svg:1041: trailing whitespace.
+Q 1284 -91 818 406 
output/otto-symmetry-head-v1/figure-01/symmetry-comparison.svg:1042: trailing whitespace.
+Q 353 903 353 1747 
output/otto-symmetry-head-v1/figure-01/symmetry-comparison.svg:1043: trailing whitespace.
+Q 353 2603 823 3093 
output/otto-symmetry-head-v1/figure-01/symmetry-comparison.svg:1044: trailing whitespace.
+Q 1294 3584 2113 3584 
output/otto-symmetry-head-v1/figure-01/symmetry-comparison.svg:1045: trailing whitespace.
+Q 2378 3584 2631 3529 
output/otto-symmetry-head-v1/figure-01/symmetry-comparison.svg:1046: trailing whitespace.
+Q 2884 3475 3122 3366 
output/otto-symmetry-head-v1/figure-01/symmetry-comparison.svg:1049: trailing whitespace.
+      <path id="DejaVuSans-b" d="M 1984 4856 
output/otto-symmetry-head-v1/figure-01/symmetry-comparison.svg:1050: trailing whitespace.
+Q 1566 4138 1362 3434 
output/otto-symmetry-head-v1/figure-01/symmetry-comparison.svg:1051: trailing whitespace.
+Q 1159 2731 1159 2009 
output/otto-symmetry-head-v1/figure-01/symmetry-comparison.svg:1052: trailing whitespace.
+Q 1159 1288 1364 580 
output/otto-symmetry-head-v1/figure-01/symmetry-comparison.svg:1053: trailing whitespace.
+Q 1569 -128 1984 -844 
output/otto-symmetry-head-v1/figure-01/symmetry-comparison.svg:1054: trailing whitespace.
+L 1484 -844 
output/otto-symmetry-head-v1/figure-01/symmetry-comparison.svg:1055: trailing whitespace.
+Q 1016 -109 783 600 
output/otto-symmetry-head-v1/figure-01/symmetry-comparison.svg:1056: trailing whitespace.
+Q 550 1309 550 2009 
output/otto-symmetry-head-v1/figure-01/symmetry-comparison.svg:1057: trailing whitespace.
+Q 550 2706 781 3412 
output/otto-symmetry-head-v1/figure-01/symmetry-comparison.svg:1058: trailing whitespace.
+Q 1013 4119 1484 4856 
output/otto-symmetry-head-v1/figure-01/symmetry-comparison.svg:1059: trailing whitespace.
+L 1984 4856 
output/otto-symmetry-head-v1/figure-01/symmetry-comparison.svg:1062: trailing whitespace.
+      <path id="DejaVuSans-8" d="M 4653 2053 
output/otto-symmetry-head-v1/figure-01/symmetry-comparison.svg:1063: trailing whitespace.
+Q 4381 2053 4226 1822 
output/otto-symmetry-head-v1/figure-01/symmetry-comparison.svg:1064: trailing whitespace.
+Q 4072 1591 4072 1178 
output/otto-symmetry-head-v1/figure-01/symmetry-comparison.svg:1065: trailing whitespace.
+Q 4072 772 4226 539 
output/otto-symmetry-head-v1/figure-01/symmetry-comparison.svg:1066: trailing whitespace.
+Q 4381 306 4653 306 
output/otto-symmetry-head-v1/figure-01/symmetry-comparison.svg:1067: trailing whitespace.
+Q 4919 306 5073 539 
output/otto-symmetry-head-v1/figure-01/symmetry-comparison.svg:1068: trailing whitespace.
+Q 5228 772 5228 1178 
output/otto-symmetry-head-v1/figure-01/symmetry-comparison.svg:1069: trailing whitespace.
+Q 5228 1588 5073 1820 
output/otto-symmetry-head-v1/figure-01/symmetry-comparison.svg:1070: trailing whitespace.
+Q 4919 2053 4653 2053 
output/otto-symmetry-head-v1/figure-01/symmetry-comparison.svg:1072: trailing whitespace.
+M 4653 2450 
output/otto-symmetry-head-v1/figure-01/symmetry-comparison.svg:1073: trailing whitespace.
+Q 5147 2450 5437 2106 
output/otto-symmetry-head-v1/figure-01/symmetry-comparison.svg:1074: trailing whitespace.
+Q 5728 1763 5728 1178 
output/otto-symmetry-head-v1/figure-01/symmetry-comparison.svg:1075: trailing whitespace.
+Q 5728 594 5436 251 
output/otto-symmetry-head-v1/figure-01/symmetry-comparison.svg:1076: trailing whitespace.
+Q 5144 -91 4653 -91 
output/otto-symmetry-head-v1/figure-01/symmetry-comparison.svg:1077: trailing whitespace.
+Q 4153 -91 3862 251 
output/otto-symmetry-head-v1/figure-01/symmetry-comparison.svg:1078: trailing whitespace.
+Q 3572 594 3572 1178 
output/otto-symmetry-head-v1/figure-01/symmetry-comparison.svg:1079: trailing whitespace.
+Q 3572 1766 3864 2108 
output/otto-symmetry-head-v1/figure-01/symmetry-comparison.svg:1080: trailing whitespace.
+Q 4156 2450 4653 2450 
output/otto-symmetry-head-v1/figure-01/symmetry-comparison.svg:1082: trailing whitespace.
+M 1428 4353 
output/otto-symmetry-head-v1/figure-01/symmetry-comparison.svg:1083: trailing whitespace.
+Q 1159 4353 1004 4120 
output/otto-symmetry-head-v1/figure-01/symmetry-comparison.svg:1084: trailing whitespace.
+Q 850 3888 850 3481 
output/otto-symmetry-head-v1/figure-01/symmetry-comparison.svg:1085: trailing whitespace.
+Q 850 3069 1003 2837 
output/otto-symmetry-head-v1/figure-01/symmetry-comparison.svg:1086: trailing whitespace.
+Q 1156 2606 1428 2606 
output/otto-symmetry-head-v1/figure-01/symmetry-comparison.svg:1087: trailing whitespace.
+Q 1700 2606 1854 2837 
output/otto-symmetry-head-v1/figure-01/symmetry-comparison.svg:1088: trailing whitespace.
+Q 2009 3069 2009 3481 
output/otto-symmetry-head-v1/figure-01/symmetry-comparison.svg:1089: trailing whitespace.
+Q 2009 3884 1853 4118 
output/otto-symmetry-head-v1/figure-01/symmetry-comparison.svg:1090: trailing whitespace.
+Q 1697 4353 1428 4353 
output/otto-symmetry-head-v1/figure-01/symmetry-comparison.svg:1092: trailing whitespace.
+M 4250 4750 
output/otto-symmetry-head-v1/figure-01/symmetry-comparison.svg:1093: trailing whitespace.
+L 4750 4750 
output/otto-symmetry-head-v1/figure-01/symmetry-comparison.svg:1094: trailing whitespace.
+L 1831 -91 
output/otto-symmetry-head-v1/figure-01/symmetry-comparison.svg:1095: trailing whitespace.
+L 1331 -91 
output/otto-symmetry-head-v1/figure-01/symmetry-comparison.svg:1096: trailing whitespace.
+L 4250 4750 
output/otto-symmetry-head-v1/figure-01/symmetry-comparison.svg:1098: trailing whitespace.
+M 1428 4750 
output/otto-symmetry-head-v1/figure-01/symmetry-comparison.svg:1099: trailing whitespace.
+Q 1922 4750 2215 4408 
output/otto-symmetry-head-v1/figure-01/symmetry-comparison.svg:1100: trailing whitespace.
+Q 2509 4066 2509 3481 
output/otto-symmetry-head-v1/figure-01/symmetry-comparison.svg:1101: trailing whitespace.
+Q 2509 2891 2217 2550 
output/otto-symmetry-head-v1/figure-01/symmetry-comparison.svg:1102: trailing whitespace.
+Q 1925 2209 1428 2209 
output/otto-symmetry-head-v1/figure-01/symmetry-comparison.svg:1103: trailing whitespace.
+Q 931 2209 642 2551 
output/otto-symmetry-head-v1/figure-01/symmetry-comparison.svg:1104: trailing whitespace.
+Q 353 2894 353 3481 
output/otto-symmetry-head-v1/figure-01/symmetry-comparison.svg:1105: trailing whitespace.
+Q 353 4063 643 4406 
output/otto-symmetry-head-v1/figure-01/symmetry-comparison.svg:1106: trailing whitespace.
+Q 934 4750 1428 4750 
output/otto-symmetry-head-v1/figure-01/symmetry-comparison.svg:1109: trailing whitespace.
+      <path id="DejaVuSans-c" d="M 513 4856 
output/otto-symmetry-head-v1/figure-01/symmetry-comparison.svg:1110: trailing whitespace.
+L 1013 4856 
output/otto-symmetry-head-v1/figure-01/symmetry-comparison.svg:1111: trailing whitespace.
+Q 1481 4119 1714 3412 
output/otto-symmetry-head-v1/figure-01/symmetry-comparison.svg:1112: trailing whitespace.
+Q 1947 2706 1947 2009 
output/otto-symmetry-head-v1/figure-01/symmetry-comparison.svg:1113: trailing whitespace.
+Q 1947 1309 1714 600 
output/otto-symmetry-head-v1/figure-01/symmetry-comparison.svg:1114: trailing whitespace.
+Q 1481 -109 1013 -844 
output/otto-symmetry-head-v1/figure-01/symmetry-comparison.svg:1115: trailing whitespace.
+L 513 -844 
output/otto-symmetry-head-v1/figure-01/symmetry-comparison.svg:1116: trailing whitespace.
+Q 928 -128 1133 580 
output/otto-symmetry-head-v1/figure-01/symmetry-comparison.svg:1117: trailing whitespace.
+Q 1338 1288 1338 2009 
output/otto-symmetry-head-v1/figure-01/symmetry-comparison.svg:1118: trailing whitespace.
+Q 1338 2731 1133 3434 
output/otto-symmetry-head-v1/figure-01/symmetry-comparison.svg:1119: trailing whitespace.
+Q 928 4138 513 4856 
output/otto-symmetry-head-v1/figure-01/symmetry-comparison.svg:1140: trailing whitespace.
+      <path id="DejaVuSans-11" d="M 684 794 
output/otto-symmetry-head-v1/figure-01/symmetry-comparison.svg:1141: trailing whitespace.
+L 1344 794 
output/otto-symmetry-head-v1/figure-01/symmetry-comparison.svg:1142: trailing whitespace.
+L 1344 0 
output/otto-symmetry-head-v1/figure-01/symmetry-comparison.svg:1143: trailing whitespace.
+L 684 0 
output/otto-symmetry-head-v1/figure-01/symmetry-comparison.svg:1144: trailing whitespace.
+L 684 794 
output/otto-symmetry-head-v1/figure-01/symmetry-comparison.svg:1167: trailing whitespace.
+      <path id="DejaVuSans-17" d="M 2419 4116 
output/otto-symmetry-head-v1/figure-01/symmetry-comparison.svg:1168: trailing whitespace.
+L 825 1625 
output/otto-symmetry-head-v1/figure-01/symmetry-comparison.svg:1169: trailing whitespace.
+L 2419 1625 
output/otto-symmetry-head-v1/figure-01/symmetry-comparison.svg:1170: trailing whitespace.
+L 2419 4116 
output/otto-symmetry-head-v1/figure-01/symmetry-comparison.svg:1172: trailing whitespace.
+M 2253 4666 
output/otto-symmetry-head-v1/figure-01/symmetry-comparison.svg:1173: trailing whitespace.
+L 3047 4666 
output/otto-symmetry-head-v1/figure-01/symmetry-comparison.svg:1174: trailing whitespace.
+L 3047 1625 
output/otto-symmetry-head-v1/figure-01/symmetry-comparison.svg:1175: trailing whitespace.
+L 3713 1625 
output/otto-symmetry-head-v1/figure-01/symmetry-comparison.svg:1176: trailing whitespace.
+L 3713 1100 
output/otto-symmetry-head-v1/figure-01/symmetry-comparison.svg:1177: trailing whitespace.
+L 3047 1100 
output/otto-symmetry-head-v1/figure-01/symmetry-comparison.svg:1178: trailing whitespace.
+L 3047 0 
output/otto-symmetry-head-v1/figure-01/symmetry-comparison.svg:1179: trailing whitespace.
+L 2419 0 
output/otto-symmetry-head-v1/figure-01/symmetry-comparison.svg:1180: trailing whitespace.
+L 2419 1100 
output/otto-symmetry-head-v1/figure-01/symmetry-comparison.svg:1181: trailing whitespace.
+L 313 1100 
output/otto-symmetry-head-v1/figure-01/symmetry-comparison.svg:1182: trailing whitespace.
+L 313 1709 
output/otto-symmetry-head-v1/figure-01/symmetry-comparison.svg:1183: trailing whitespace.
+L 2253 4666 
output/otto-symmetry-head-v1/figure-01/symmetry-comparison.svg:1197: trailing whitespace.
+      <path id="DejaVuSans-19" d="M 2113 2584 
output/otto-symmetry-head-v1/figure-01/symmetry-comparison.svg:1198: trailing whitespace.
+Q 1688 2584 1439 2293 
output/otto-symmetry-head-v1/figure-01/symmetry-comparison.svg:1199: trailing whitespace.
+Q 1191 2003 1191 1497 
output/otto-symmetry-head-v1/figure-01/symmetry-comparison.svg:1200: trailing whitespace.
+Q 1191 994 1439 701 
output/otto-symmetry-head-v1/figure-01/symmetry-comparison.svg:1201: trailing whitespace.
+Q 1688 409 2113 409 
output/otto-symmetry-head-v1/figure-01/symmetry-comparison.svg:1202: trailing whitespace.
+Q 2538 409 2786 701 
output/otto-symmetry-head-v1/figure-01/symmetry-comparison.svg:1203: trailing whitespace.
+Q 3034 994 3034 1497 
output/otto-symmetry-head-v1/figure-01/symmetry-comparison.svg:1204: trailing whitespace.
+Q 3034 2003 2786 2293 
output/otto-symmetry-head-v1/figure-01/symmetry-comparison.svg:1205: trailing whitespace.
+Q 2538 2584 2113 2584 
output/otto-symmetry-head-v1/figure-01/symmetry-comparison.svg:1207: trailing whitespace.
+M 3366 4563 
output/otto-symmetry-head-v1/figure-01/symmetry-comparison.svg:1208: trailing whitespace.
+L 3366 3988 
output/otto-symmetry-head-v1/figure-01/symmetry-comparison.svg:1209: trailing whitespace.
+Q 3128 4100 2886 4159 
output/otto-symmetry-head-v1/figure-01/symmetry-comparison.svg:1210: trailing whitespace.
+Q 2644 4219 2406 4219 
output/otto-symmetry-head-v1/figure-01/symmetry-comparison.svg:1211: trailing whitespace.
+Q 1781 4219 1451 3797 
output/otto-symmetry-head-v1/figure-01/symmetry-comparison.svg:1212: trailing whitespace.
+Q 1122 3375 1075 2522 
output/otto-symmetry-head-v1/figure-01/symmetry-comparison.svg:1213: trailing whitespace.
+Q 1259 2794 1537 2939 
output/otto-symmetry-head-v1/figure-01/symmetry-comparison.svg:1214: trailing whitespace.
+Q 1816 3084 2150 3084 
output/otto-symmetry-head-v1/figure-01/symmetry-comparison.svg:1215: trailing whitespace.
+Q 2853 3084 3261 2657 
output/otto-symmetry-head-v1/figure-01/symmetry-comparison.svg:1216: trailing whitespace.
+Q 3669 2231 3669 1497 
output/otto-symmetry-head-v1/figure-01/symmetry-comparison.svg:1217: trailing whitespace.
+Q 3669 778 3244 343 
output/otto-symmetry-head-v1/figure-01/symmetry-comparison.svg:1218: trailing whitespace.
+Q 2819 -91 2113 -91 
output/otto-symmetry-head-v1/figure-01/symmetry-comparison.svg:1219: trailing whitespace.
+Q 1303 -91 875 529 
output/otto-symmetry-head-v1/figure-01/symmetry-comparison.svg:1220: trailing whitespace.
+Q 447 1150 447 2328 
output/otto-symmetry-head-v1/figure-01/symmetry-comparison.svg:1221: trailing whitespace.
+Q 447 3434 972 4092 
output/otto-symmetry-head-v1/figure-01/symmetry-comparison.svg:1222: trailing whitespace.
+Q 1497 4750 2381 4750 
output/otto-symmetry-head-v1/figure-01/symmetry-comparison.svg:1223: trailing whitespace.
+Q 2619 4750 2861 4703 
output/otto-symmetry-head-v1/figure-01/symmetry-comparison.svg:1224: trailing whitespace.
+Q 3103 4656 3366 4563 
output/otto-symmetry-head-v1/figure-01/symmetry-comparison.svg:1265: trailing whitespace.
+      <path id="DejaVuSans-1b" d="M 2034 2216 
output/otto-symmetry-head-v1/figure-01/symmetry-comparison.svg:1266: trailing whitespace.
+Q 1584 2216 1326 1975 
output/otto-symmetry-head-v1/figure-01/symmetry-comparison.svg:1267: trailing whitespace.
+Q 1069 1734 1069 1313 
output/otto-symmetry-head-v1/figure-01/symmetry-comparison.svg:1268: trailing whitespace.
+Q 1069 891 1326 650 
output/otto-symmetry-head-v1/figure-01/symmetry-comparison.svg:1269: trailing whitespace.
+Q 1584 409 2034 409 
output/otto-symmetry-head-v1/figure-01/symmetry-comparison.svg:1270: trailing whitespace.
+Q 2484 409 2743 651 
output/otto-symmetry-head-v1/figure-01/symmetry-comparison.svg:1271: trailing whitespace.
+Q 3003 894 3003 1313 
output/otto-symmetry-head-v1/figure-01/symmetry-comparison.svg:1272: trailing whitespace.
+Q 3003 1734 2745 1975 
output/otto-symmetry-head-v1/figure-01/symmetry-comparison.svg:1273: trailing whitespace.
+Q 2488 2216 2034 2216 
output/otto-symmetry-head-v1/figure-01/symmetry-comparison.svg:1275: trailing whitespace.
+M 1403 2484 
output/otto-symmetry-head-v1/figure-01/symmetry-comparison.svg:1276: trailing whitespace.
+Q 997 2584 770 2862 
output/otto-symmetry-head-v1/figure-01/symmetry-comparison.svg:1277: trailing whitespace.
+Q 544 3141 544 3541 
output/otto-symmetry-head-v1/figure-01/symmetry-comparison.svg:1278: trailing whitespace.
+Q 544 4100 942 4425 
output/otto-symmetry-head-v1/figure-01/symmetry-comparison.svg:1279: trailing whitespace.
+Q 1341 4750 2034 4750 
output/otto-symmetry-head-v1/figure-01/symmetry-comparison.svg:1280: trailing whitespace.
+Q 2731 4750 3128 4425 
output/otto-symmetry-head-v1/figure-01/symmetry-comparison.svg:1281: trailing whitespace.
+Q 3525 4100 3525 3541 
output/otto-symmetry-head-v1/figure-01/symmetry-comparison.svg:1282: trailing whitespace.
+Q 3525 3141 3298 2862 
output/otto-symmetry-head-v1/figure-01/symmetry-comparison.svg:1283: trailing whitespace.
+Q 3072 2584 2669 2484 
output/otto-symmetry-head-v1/figure-01/symmetry-comparison.svg:1284: trailing whitespace.
+Q 3125 2378 3379 2068 
output/otto-symmetry-head-v1/figure-01/symmetry-comparison.svg:1285: trailing whitespace.
+Q 3634 1759 3634 1313 
output/otto-symmetry-head-v1/figure-01/symmetry-comparison.svg:1286: trailing whitespace.
+Q 3634 634 3220 271 
output/otto-symmetry-head-v1/figure-01/symmetry-comparison.svg:1287: trailing whitespace.
+Q 2806 -91 2034 -91 
output/otto-symmetry-head-v1/figure-01/symmetry-comparison.svg:1288: trailing whitespace.
+Q 1263 -91 848 271 
output/otto-symmetry-head-v1/figure-01/symmetry-comparison.svg:1289: trailing whitespace.
+Q 434 634 434 1313 
output/otto-symmetry-head-v1/figure-01/symmetry-comparison.svg:1290: trailing whitespace.
+Q 434 1759 690 2068 
output/otto-symmetry-head-v1/figure-01/symmetry-comparison.svg:1291: trailing whitespace.
+Q 947 2378 1403 2484 
output/otto-symmetry-head-v1/figure-01/symmetry-comparison.svg:1293: trailing whitespace.
+M 1172 3481 
output/otto-symmetry-head-v1/figure-01/symmetry-comparison.svg:1294: trailing whitespace.
+Q 1172 3119 1398 2916 
output/otto-symmetry-head-v1/figure-01/symmetry-comparison.svg:1295: trailing whitespace.
+Q 1625 2713 2034 2713 
output/otto-symmetry-head-v1/figure-01/symmetry-comparison.svg:1296: trailing whitespace.
+Q 2441 2713 2670 2916 
output/otto-symmetry-head-v1/figure-01/symmetry-comparison.svg:1297: trailing whitespace.
+Q 2900 3119 2900 3481 
output/otto-symmetry-head-v1/figure-01/symmetry-comparison.svg:1298: trailing whitespace.
+Q 2900 3844 2670 4047 
output/otto-symmetry-head-v1/figure-01/symmetry-comparison.svg:1299: trailing whitespace.
+Q 2441 4250 2034 4250 
output/otto-symmetry-head-v1/figure-01/symmetry-comparison.svg:1300: trailing whitespace.
+Q 1625 4250 1398 4047 
output/otto-symmetry-head-v1/figure-01/symmetry-comparison.svg:1301: trailing whitespace.
+Q 1172 3844 1172 3481 
output/otto-symmetry-head-v1/figure-01/symmetry-comparison.svg:1331: trailing whitespace.
+    <path d="M 118.440731 262.149025 
output/otto-symmetry-head-v1/figure-01/symmetry-comparison.svg:1332: trailing whitespace.
+L 209.423393 262.149025 
output/otto-symmetry-head-v1/figure-01/symmetry-comparison.svg:1336: trailing whitespace.
+    <path d="M 215.922155 220.09763 
output/otto-symmetry-head-v1/figure-01/symmetry-comparison.svg:1337: trailing whitespace.
+L 306.904817 220.09763 
output/otto-symmetry-head-v1/figure-01/symmetry-comparison.svg:1341: trailing whitespace.
+    <path d="M 313.403579 217.708856 
output/otto-symmetry-head-v1/figure-01/symmetry-comparison.svg:1342: trailing whitespace.
+L 404.386241 217.708856 
output/otto-symmetry-head-v1/figure-01/symmetry-comparison.svg:1348: trailing whitespace.
+    <path d="M 552.159955 302.76 
output/otto-symmetry-head-v1/figure-01/symmetry-comparison.svg:1349: trailing whitespace.
+L 900.656045 302.76 
output/otto-symmetry-head-v1/figure-01/symmetry-comparison.svg:1350: trailing whitespace.
+L 900.656045 126.36 
output/otto-symmetry-head-v1/figure-01/symmetry-comparison.svg:1351: trailing whitespace.
+L 552.159955 126.36 
output/otto-symmetry-head-v1/figure-01/symmetry-comparison.svg:1519: trailing whitespace.
+      <path d="M 552.159955 302.76 
output/otto-symmetry-head-v1/figure-01/symmetry-comparison.svg:1520: trailing whitespace.
+L 900.656045 302.76 
output/otto-symmetry-head-v1/figure-01/symmetry-comparison.svg:1537: trailing whitespace.
+      <path d="M 552.159955 268.900278 
output/otto-symmetry-head-v1/figure-01/symmetry-comparison.svg:1538: trailing whitespace.
+L 900.656045 268.900278 
output/otto-symmetry-head-v1/figure-01/symmetry-comparison.svg:1557: trailing whitespace.
+      <path d="M 552.159955 235.040557 
output/otto-symmetry-head-v1/figure-01/symmetry-comparison.svg:1558: trailing whitespace.
+L 900.656045 235.040557 
output/otto-symmetry-head-v1/figure-01/symmetry-comparison.svg:1578: trailing whitespace.
+      <path d="M 552.159955 201.180835 
output/otto-symmetry-head-v1/figure-01/symmetry-comparison.svg:1579: trailing whitespace.
+L 900.656045 201.180835 
output/otto-symmetry-head-v1/figure-01/symmetry-comparison.svg:1599: trailing whitespace.
+      <path d="M 552.159955 167.321113 
output/otto-symmetry-head-v1/figure-01/symmetry-comparison.svg:1600: trailing whitespace.
+L 900.656045 167.321113 
output/otto-symmetry-head-v1/figure-01/symmetry-comparison.svg:1620: trailing whitespace.
+      <path d="M 552.159955 133.461392 
output/otto-symmetry-head-v1/figure-01/symmetry-comparison.svg:1621: trailing whitespace.
+L 900.656045 133.461392 
output/otto-symmetry-head-v1/figure-01/symmetry-comparison.svg:1641: trailing whitespace.
+    <path d="M 569.625377 302.76 
output/otto-symmetry-head-v1/figure-01/symmetry-comparison.svg:1642: trailing whitespace.
+L 592.371043 302.76 
output/otto-symmetry-head-v1/figure-01/symmetry-comparison.svg:1643: trailing whitespace.
+L 592.371043 174.003326 
output/otto-symmetry-head-v1/figure-01/symmetry-comparison.svg:1644: trailing whitespace.
+L 569.625377 174.003326 
output/otto-symmetry-head-v1/figure-01/symmetry-comparison.svg:1649: trailing whitespace.
+    <path d="M 602.119185 302.76 
output/otto-symmetry-head-v1/figure-01/symmetry-comparison.svg:1650: trailing whitespace.
+L 624.86485 302.76 
output/otto-symmetry-head-v1/figure-01/symmetry-comparison.svg:1651: trailing whitespace.
+L 624.86485 205.72819 
output/otto-symmetry-head-v1/figure-01/symmetry-comparison.svg:1652: trailing whitespace.
+L 602.119185 205.72819 
output/otto-symmetry-head-v1/figure-01/symmetry-comparison.svg:1657: trailing whitespace.
+    <path d="M 634.612993 302.76 
output/otto-symmetry-head-v1/figure-01/symmetry-comparison.svg:1658: trailing whitespace.
+L 657.358658 302.76 
output/otto-symmetry-head-v1/figure-01/symmetry-comparison.svg:1659: trailing whitespace.
+L 657.358658 204.23544 
output/otto-symmetry-head-v1/figure-01/symmetry-comparison.svg:1660: trailing whitespace.
+L 634.612993 204.23544 
output/otto-symmetry-head-v1/figure-01/symmetry-comparison.svg:1665: trailing whitespace.
+    <path d="M 667.106801 302.76 
output/otto-symmetry-head-v1/figure-01/symmetry-comparison.svg:1666: trailing whitespace.
+L 689.852466 302.76 
output/otto-symmetry-head-v1/figure-01/symmetry-comparison.svg:1667: trailing whitespace.
+L 689.852466 207.452088 
output/otto-symmetry-head-v1/figure-01/symmetry-comparison.svg:1668: trailing whitespace.
+L 667.106801 207.452088 
output/otto-symmetry-head-v1/figure-01/symmetry-comparison.svg:1673: trailing whitespace.
+    <path d="M 699.600609 302.76 
output/otto-symmetry-head-v1/figure-01/symmetry-comparison.svg:1674: trailing whitespace.
+L 722.346274 302.76 
output/otto-symmetry-head-v1/figure-01/symmetry-comparison.svg:1675: trailing whitespace.
+L 722.346274 250.43919 
output/otto-symmetry-head-v1/figure-01/symmetry-comparison.svg:1676: trailing whitespace.
+L 699.600609 250.43919 
output/otto-symmetry-head-v1/figure-01/symmetry-comparison.svg:1681: trailing whitespace.
+    <path d="M 732.094416 302.76 
output/otto-symmetry-head-v1/figure-01/symmetry-comparison.svg:1682: trailing whitespace.
+L 754.840082 302.76 
output/otto-symmetry-head-v1/figure-01/symmetry-comparison.svg:1683: trailing whitespace.
+L 754.840082 245.873001 
output/otto-symmetry-head-v1/figure-01/symmetry-comparison.svg:1684: trailing whitespace.
+L 732.094416 245.873001 
output/otto-symmetry-head-v1/figure-01/symmetry-comparison.svg:1689: trailing whitespace.
+    <path d="M 764.588224 302.76 
output/otto-symmetry-head-v1/figure-01/symmetry-comparison.svg:1690: trailing whitespace.
+L 787.33389 302.76 
output/otto-symmetry-head-v1/figure-01/symmetry-comparison.svg:1691: trailing whitespace.
+L 787.33389 252.153637 
output/otto-symmetry-head-v1/figure-01/symmetry-comparison.svg:1692: trailing whitespace.
+L 764.588224 252.153637 
output/otto-symmetry-head-v1/figure-01/symmetry-comparison.svg:1697: trailing whitespace.
+    <path d="M 797.082032 302.76 
output/otto-symmetry-head-v1/figure-01/symmetry-comparison.svg:1698: trailing whitespace.
+L 819.827698 302.76 
output/otto-symmetry-head-v1/figure-01/symmetry-comparison.svg:1699: trailing whitespace.
+L 819.827698 221.834531 
output/otto-symmetry-head-v1/figure-01/symmetry-comparison.svg:1700: trailing whitespace.
+L 797.082032 221.834531 
output/otto-symmetry-head-v1/figure-01/symmetry-comparison.svg:1705: trailing whitespace.
+    <path d="M 829.57584 302.76 
output/otto-symmetry-head-v1/figure-01/symmetry-comparison.svg:1706: trailing whitespace.
+L 852.321505 302.76 
output/otto-symmetry-head-v1/figure-01/symmetry-comparison.svg:1707: trailing whitespace.
+L 852.321505 235.369327 
output/otto-symmetry-head-v1/figure-01/symmetry-comparison.svg:1708: trailing whitespace.
+L 829.57584 235.369327 
output/otto-symmetry-head-v1/figure-01/symmetry-comparison.svg:1713: trailing whitespace.
+    <path d="M 862.069648 302.76 
output/otto-symmetry-head-v1/figure-01/symmetry-comparison.svg:1714: trailing whitespace.
+L 884.815313 302.76 
output/otto-symmetry-head-v1/figure-01/symmetry-comparison.svg:1715: trailing whitespace.
+L 884.815313 298.808 
output/otto-symmetry-head-v1/figure-01/symmetry-comparison.svg:1716: trailing whitespace.
+L 862.069648 298.808 
output/otto-symmetry-head-v1/figure-01/symmetry-comparison.svg:1721: trailing whitespace.
+    <path d="M 552.159955 302.76 
output/otto-symmetry-head-v1/figure-01/symmetry-comparison.svg:1722: trailing whitespace.
+L 552.159955 126.36 
output/otto-symmetry-head-v1/figure-01/symmetry-comparison.svg:1726: trailing whitespace.
+    <path d="M 552.159955 302.76 
output/otto-symmetry-head-v1/figure-01/symmetry-comparison.svg:1727: trailing whitespace.
+L 900.656045 302.76 
output/otto-symmetry-head-v1/figure-01/symmetry-comparison.svg:1732: trailing whitespace.
+     <path id="m20d1d1a528" d="M 0 1.802776 
output/otto-symmetry-head-v1/figure-01/symmetry-comparison.svg:1733: trailing whitespace.
+C 0.478102 1.802776 0.936686 1.612824 1.274755 1.274755 
output/otto-symmetry-head-v1/figure-01/symmetry-comparison.svg:1734: trailing whitespace.
+C 1.612824 0.936686 1.802776 0.478102 1.802776 0 
output/otto-symmetry-head-v1/figure-01/symmetry-comparison.svg:1735: trailing whitespace.
+C 1.802776 -0.478102 1.612824 -0.936686 1.274755 -1.274755 
output/otto-symmetry-head-v1/figure-01/symmetry-comparison.svg:1736: trailing whitespace.
+C 0.936686 -1.612824 0.478102 -1.802776 0 -1.802776 
output/otto-symmetry-head-v1/figure-01/symmetry-comparison.svg:1737: trailing whitespace.
+C -0.478102 -1.802776 -0.936686 -1.612824 -1.274755 -1.274755 
output/otto-symmetry-head-v1/figure-01/symmetry-comparison.svg:1738: trailing whitespace.
+C -1.612824 -0.936686 -1.802776 -0.478102 -1.802776 0 
output/otto-symmetry-head-v1/figure-01/symmetry-comparison.svg:1739: trailing whitespace.
+C -1.802776 0.478102 -1.612824 0.936686 -1.274755 1.274755 
output/otto-symmetry-head-v1/figure-01/symmetry-comparison.svg:1740: trailing whitespace.
+C -0.936686 1.612824 -0.478102 1.802776 0 1.802776 
output/otto-symmetry-head-v1/figure-01/symmetry-comparison.svg:2147: trailing whitespace.
+      <path id="DejaVuSans-26" d="M 4122 4306 
output/otto-symmetry-head-v1/figure-01/symmetry-comparison.svg:2148: trailing whitespace.
+L 4122 3641 
output/otto-symmetry-head-v1/figure-01/symmetry-comparison.svg:2149: trailing whitespace.
+Q 3803 3938 3442 4084 
output/otto-symmetry-head-v1/figure-01/symmetry-comparison.svg:2150: trailing whitespace.
+Q 3081 4231 2675 4231 
output/otto-symmetry-head-v1/figure-01/symmetry-comparison.svg:2151: trailing whitespace.
+Q 1875 4231 1450 3742 
output/otto-symmetry-head-v1/figure-01/symmetry-comparison.svg:2152: trailing whitespace.
+Q 1025 3253 1025 2328 
output/otto-symmetry-head-v1/figure-01/symmetry-comparison.svg:2153: trailing whitespace.
+Q 1025 1406 1450 917 
output/otto-symmetry-head-v1/figure-01/symmetry-comparison.svg:2154: trailing whitespace.
+Q 1875 428 2675 428 
output/otto-symmetry-head-v1/figure-01/symmetry-comparison.svg:2155: trailing whitespace.
+Q 3081 428 3442 575 
output/otto-symmetry-head-v1/figure-01/symmetry-comparison.svg:2156: trailing whitespace.
+Q 3803 722 4122 1019 
output/otto-symmetry-head-v1/figure-01/symmetry-comparison.svg:2157: trailing whitespace.
+L 4122 359 
output/otto-symmetry-head-v1/figure-01/symmetry-comparison.svg:2158: trailing whitespace.
+Q 3791 134 3420 21 
output/otto-symmetry-head-v1/figure-01/symmetry-comparison.svg:2159: trailing whitespace.
+Q 3050 -91 2638 -91 
output/otto-symmetry-head-v1/figure-01/symmetry-comparison.svg:2160: trailing whitespace.
+Q 1578 -91 968 557 
output/otto-symmetry-head-v1/figure-01/symmetry-comparison.svg:2161: trailing whitespace.
+Q 359 1206 359 2328 
output/otto-symmetry-head-v1/figure-01/symmetry-comparison.svg:2162: trailing whitespace.
+Q 359 3453 968 4101 
output/otto-symmetry-head-v1/figure-01/symmetry-comparison.svg:2163: trailing whitespace.
+Q 1578 4750 2638 4750 
output/otto-symmetry-head-v1/figure-01/symmetry-comparison.svg:2164: trailing whitespace.
+Q 3056 4750 3426 4639 
output/otto-symmetry-head-v1/figure-01/symmetry-comparison.svg:2165: trailing whitespace.
+Q 3797 4528 4122 4306 
output/otto-symmetry-head-v1/figure-01/symmetry-comparison.svg:2168: trailing whitespace.
+      <path id="DejaVuSans-50" d="M 3328 2828 
output/otto-symmetry-head-v1/figure-01/symmetry-comparison.svg:2169: trailing whitespace.
+Q 3544 3216 3844 3400 
output/otto-symmetry-head-v1/figure-01/symmetry-comparison.svg:2170: trailing whitespace.
+Q 4144 3584 4550 3584 
output/otto-symmetry-head-v1/figure-01/symmetry-comparison.svg:2171: trailing whitespace.
+Q 5097 3584 5394 3201 
output/otto-symmetry-head-v1/figure-01/symmetry-comparison.svg:2172: trailing whitespace.
+Q 5691 2819 5691 2113 
output/otto-symmetry-head-v1/figure-01/symmetry-comparison.svg:2173: trailing whitespace.
+L 5691 0 
output/otto-symmetry-head-v1/figure-01/symmetry-comparison.svg:2174: trailing whitespace.
+L 5113 0 
output/otto-symmetry-head-v1/figure-01/symmetry-comparison.svg:2175: trailing whitespace.
+L 5113 2094 
output/otto-symmetry-head-v1/figure-01/symmetry-comparison.svg:2176: trailing whitespace.
+Q 5113 2597 4934 2840 
output/otto-symmetry-head-v1/figure-01/symmetry-comparison.svg:2177: trailing whitespace.
+Q 4756 3084 4391 3084 
output/otto-symmetry-head-v1/figure-01/symmetry-comparison.svg:2178: trailing whitespace.
+Q 3944 3084 3684 2787 
output/otto-symmetry-head-v1/figure-01/symmetry-comparison.svg:2179: trailing whitespace.
+Q 3425 2491 3425 1978 
output/otto-symmetry-head-v1/figure-01/symmetry-comparison.svg:2180: trailing whitespace.
+L 3425 0 
output/otto-symmetry-head-v1/figure-01/symmetry-comparison.svg:2181: trailing whitespace.
+L 2847 0 
output/otto-symmetry-head-v1/figure-01/symmetry-comparison.svg:2182: trailing whitespace.
+L 2847 2094 
output/otto-symmetry-head-v1/figure-01/symmetry-comparison.svg:2183: trailing whitespace.
+Q 2847 2600 2669 2842 
output/otto-symmetry-head-v1/figure-01/symmetry-comparison.svg:2184: trailing whitespace.
+Q 2491 3084 2119 3084 
output/otto-symmetry-head-v1/figure-01/symmetry-comparison.svg:2185: trailing whitespace.
+Q 1678 3084 1418 2786 
output/otto-symmetry-head-v1/figure-01/symmetry-comparison.svg:2186: trailing whitespace.
+Q 1159 2488 1159 1978 
output/otto-symmetry-head-v1/figure-01/symmetry-comparison.svg:2187: trailing whitespace.
+L 1159 0 
output/otto-symmetry-head-v1/figure-01/symmetry-comparison.svg:2188: trailing whitespace.
+L 581 0 
output/otto-symmetry-head-v1/figure-01/symmetry-comparison.svg:2189: trailing whitespace.
+L 581 3500 
output/otto-symmetry-head-v1/figure-01/symmetry-comparison.svg:2190: trailing whitespace.
+L 1159 3500 
output/otto-symmetry-head-v1/figure-01/symmetry-comparison.svg:2191: trailing whitespace.
+L 1159 2956 
output/otto-symmetry-head-v1/figure-01/symmetry-comparison.svg:2192: trailing whitespace.
+Q 1356 3278 1631 3431 
output/otto-symmetry-head-v1/figure-01/symmetry-comparison.svg:2193: trailing whitespace.
+Q 1906 3584 2284 3584 
output/otto-symmetry-head-v1/figure-01/symmetry-comparison.svg:2194: trailing whitespace.
+Q 2666 3584 2933 3390 
output/otto-symmetry-head-v1/figure-01/symmetry-comparison.svg:2195: trailing whitespace.
+Q 3200 3197 3328 2828 
output/otto-symmetry-head-v1/figure-01/symmetry-comparison.svg:2198: trailing whitespace.
+      <path id="DejaVuSans-59" d="M 191 3500 
output/otto-symmetry-head-v1/figure-01/symmetry-comparison.svg:2199: trailing whitespace.
+L 800 3500 
output/otto-symmetry-head-v1/figure-01/symmetry-comparison.svg:2200: trailing whitespace.
+L 1894 563 
output/otto-symmetry-head-v1/figure-01/symmetry-comparison.svg:2201: trailing whitespace.
+L 2988 3500 
output/otto-symmetry-head-v1/figure-01/symmetry-comparison.svg:2202: trailing whitespace.
+L 3597 3500 
output/otto-symmetry-head-v1/figure-01/symmetry-comparison.svg:2203: trailing whitespace.
+L 2284 0 
output/otto-symmetry-head-v1/figure-01/symmetry-comparison.svg:2204: trailing whitespace.
+L 1503 0 
output/otto-symmetry-head-v1/figure-01/symmetry-comparison.svg:2205: trailing whitespace.
+L 191 3500 
output/otto-symmetry-head-v1/figure-01/symmetry-comparison.svg:2328: trailing whitespace.
+    <path d="M 568.000687 194.655652 
output/otto-symmetry-head-v1/figure-01/symmetry-comparison.svg:2329: trailing whitespace.
+L 658.983349 194.655652 
output/otto-symmetry-head-v1/figure-01/symmetry-comparison.svg:2333: trailing whitespace.
+    <path d="M 665.48211 234.588093 
output/otto-symmetry-head-v1/figure-01/symmetry-comparison.svg:2334: trailing whitespace.
+L 756.464772 234.588093 
output/otto-symmetry-head-v1/figure-01/symmetry-comparison.svg:2338: trailing whitespace.
+    <path d="M 762.963534 236.452499 
output/otto-symmetry-head-v1/figure-01/symmetry-comparison.svg:2339: trailing whitespace.
+L 853.946196 236.452499 
output/otto-symmetry-head-v1/figure-01/symmetry-comparison.svg:2345: trailing whitespace.
+    <path d="M 1001.719911 302.76 
output/otto-symmetry-head-v1/figure-01/symmetry-comparison.svg:2346: trailing whitespace.
+L 1350.216 302.76 
output/otto-symmetry-head-v1/figure-01/symmetry-comparison.svg:2347: trailing whitespace.
+L 1350.216 126.36 
output/otto-symmetry-head-v1/figure-01/symmetry-comparison.svg:2348: trailing whitespace.
+L 1001.719911 126.36 
output/otto-symmetry-head-v1/figure-01/symmetry-comparison.svg:2516: trailing whitespace.
+      <path d="M 1001.719911 285.628859 
output/otto-symmetry-head-v1/figure-01/symmetry-comparison.svg:2517: trailing whitespace.
+L 1350.216 285.628859 
output/otto-symmetry-head-v1/figure-01/symmetry-comparison.svg:2529: trailing whitespace.
+        <path id="DejaVuSans-c9c" d="M 678 2272 
output/otto-symmetry-head-v1/figure-01/symmetry-comparison.svg:2530: trailing whitespace.
+L 4684 2272 
output/otto-symmetry-head-v1/figure-01/symmetry-comparison.svg:2531: trailing whitespace.
+L 4684 1741 
output/otto-symmetry-head-v1/figure-01/symmetry-comparison.svg:2532: trailing whitespace.
+L 678 1741 
output/otto-symmetry-head-v1/figure-01/symmetry-comparison.svg:2533: trailing whitespace.
+L 678 2272 
output/otto-symmetry-head-v1/figure-01/symmetry-comparison.svg:2546: trailing whitespace.
+      <path d="M 1001.719911 202.645875 
output/otto-symmetry-head-v1/figure-01/symmetry-comparison.svg:2547: trailing whitespace.
+L 1350.216 202.645875 
output/otto-symmetry-head-v1/figure-01/symmetry-comparison.svg:2568: trailing whitespace.
+       <path id="m749b7d4799" d="M 0 0 
output/otto-symmetry-head-v1/figure-01/symmetry-comparison.svg:2569: trailing whitespace.
+L -2 0 
output/otto-symmetry-head-v1/figure-01/symmetry-comparison.svg:2698: trailing whitespace.
+    <path d="M 1019.185332 83102.646935 
output/otto-symmetry-head-v1/figure-01/symmetry-comparison.svg:2699: trailing whitespace.
+L 1041.930998 83102.646935 
output/otto-symmetry-head-v1/figure-01/symmetry-comparison.svg:2700: trailing whitespace.
+L 1041.930998 166.625217 
output/otto-symmetry-head-v1/figure-01/symmetry-comparison.svg:2701: trailing whitespace.
+L 1019.185332 166.625217 
output/otto-symmetry-head-v1/figure-01/symmetry-comparison.svg:2706: trailing whitespace.
+    <path d="M 1051.67914 83102.646935 
output/otto-symmetry-head-v1/figure-01/symmetry-comparison.svg:2707: trailing whitespace.
+L 1074.424806 83102.646935 
output/otto-symmetry-head-v1/figure-01/symmetry-comparison.svg:2708: trailing whitespace.
+L 1074.424806 176.186142 
output/otto-symmetry-head-v1/figure-01/symmetry-comparison.svg:2709: trailing whitespace.
+L 1051.67914 176.186142 
output/otto-symmetry-head-v1/figure-01/symmetry-comparison.svg:2714: trailing whitespace.
+    <path d="M 1084.172948 83102.646935 
output/otto-symmetry-head-v1/figure-01/symmetry-comparison.svg:2715: trailing whitespace.
+L 1106.918614 83102.646935 
output/otto-symmetry-head-v1/figure-01/symmetry-comparison.svg:2716: trailing whitespace.
+L 1106.918614 175.958548 
output/otto-symmetry-head-v1/figure-01/symmetry-comparison.svg:2717: trailing whitespace.
+L 1084.172948 175.958548 
output/otto-symmetry-head-v1/figure-01/symmetry-comparison.svg:2722: trailing whitespace.
+    <path d="M 1116.666756 83102.646935 
output/otto-symmetry-head-v1/figure-01/symmetry-comparison.svg:2723: trailing whitespace.
+L 1139.412421 83102.646935 
output/otto-symmetry-head-v1/figure-01/symmetry-comparison.svg:2724: trailing whitespace.
+L 1139.412421 187.739981 
output/otto-symmetry-head-v1/figure-01/symmetry-comparison.svg:2725: trailing whitespace.
+L 1116.666756 187.739981 
output/otto-symmetry-head-v1/figure-01/symmetry-comparison.svg:2730: trailing whitespace.
+    <path d="M 1149.160564 83102.646935 
output/otto-symmetry-head-v1/figure-01/symmetry-comparison.svg:2731: trailing whitespace.
+L 1171.906229 83102.646935 
output/otto-symmetry-head-v1/figure-01/symmetry-comparison.svg:2732: trailing whitespace.
+L 1171.906229 209.530762 
output/otto-symmetry-head-v1/figure-01/symmetry-comparison.svg:2733: trailing whitespace.
+L 1149.160564 209.530762 
output/otto-symmetry-head-v1/figure-01/symmetry-comparison.svg:2738: trailing whitespace.
+    <path d="M 1181.654372 83102.646935 
output/otto-symmetry-head-v1/figure-01/symmetry-comparison.svg:2739: trailing whitespace.
+L 1204.400037 83102.646935 
output/otto-symmetry-head-v1/figure-01/symmetry-comparison.svg:2740: trailing whitespace.
+L 1204.400037 206.698025 
output/otto-symmetry-head-v1/figure-01/symmetry-comparison.svg:2741: trailing whitespace.
+L 1181.654372 206.698025 
output/otto-symmetry-head-v1/figure-01/symmetry-comparison.svg:2746: trailing whitespace.
+    <path d="M 1214.14818 83102.646935 
output/otto-symmetry-head-v1/figure-01/symmetry-comparison.svg:2747: trailing whitespace.
+L 1236.893845 83102.646935 
output/otto-symmetry-head-v1/figure-01/symmetry-comparison.svg:2748: trailing whitespace.
+L 1236.893845 198.919408 
output/otto-symmetry-head-v1/figure-01/symmetry-comparison.svg:2749: trailing whitespace.
+L 1214.14818 198.919408 
output/otto-symmetry-head-v1/figure-01/symmetry-comparison.svg:2754: trailing whitespace.
+    <path d="M 1246.641987 83102.646935 
output/otto-symmetry-head-v1/figure-01/symmetry-comparison.svg:2755: trailing whitespace.
+L 1269.387653 83102.646935 
output/otto-symmetry-head-v1/figure-01/symmetry-comparison.svg:2756: trailing whitespace.
+L 1269.387653 181.974202 
output/otto-symmetry-head-v1/figure-01/symmetry-comparison.svg:2757: trailing whitespace.
+L 1246.641987 181.974202 
output/otto-symmetry-head-v1/figure-01/symmetry-comparison.svg:2762: trailing whitespace.
+    <path d="M 1279.135795 83102.646935 
output/otto-symmetry-head-v1/figure-01/symmetry-comparison.svg:2763: trailing whitespace.
+L 1301.881461 83102.646935 
output/otto-symmetry-head-v1/figure-01/symmetry-comparison.svg:2764: trailing whitespace.
+L 1301.881461 188.63907 
output/otto-symmetry-head-v1/figure-01/symmetry-comparison.svg:2765: trailing whitespace.
+L 1279.135795 188.63907 
output/otto-symmetry-head-v1/figure-01/symmetry-comparison.svg:2770: trailing whitespace.
+    <path d="M 1311.629603 83102.646935 
output/otto-symmetry-head-v1/figure-01/symmetry-comparison.svg:2771: trailing whitespace.
+L 1334.375269 83102.646935 
output/otto-symmetry-head-v1/figure-01/symmetry-comparison.svg:2772: trailing whitespace.
+L 1334.375269 262.494783 
output/otto-symmetry-head-v1/figure-01/symmetry-comparison.svg:2773: trailing whitespace.
+L 1311.629603 262.494783 
output/otto-symmetry-head-v1/figure-01/symmetry-comparison.svg:2778: trailing whitespace.
+    <path d="M 1001.719911 302.76 
output/otto-symmetry-head-v1/figure-01/symmetry-comparison.svg:2779: trailing whitespace.
+L 1001.719911 126.36 
output/otto-symmetry-head-v1/figure-01/symmetry-comparison.svg:2783: trailing whitespace.
+    <path d="M 1001.719911 302.76 
output/otto-symmetry-head-v1/figure-01/symmetry-comparison.svg:2784: trailing whitespace.
+L 1350.216 302.76 
output/otto-symmetry-head-v1/figure-01/symmetry-comparison.svg:2919: trailing whitespace.
+    <path d="M 1017.560642 172.64059 
output/otto-symmetry-head-v1/figure-01/symmetry-comparison.svg:2920: trailing whitespace.
+L 1108.543304 172.64059 
output/otto-symmetry-head-v1/figure-01/symmetry-comparison.svg:2924: trailing whitespace.
+    <path d="M 1115.042066 199.961246 
output/otto-symmetry-head-v1/figure-01/symmetry-comparison.svg:2925: trailing whitespace.
+L 1206.024728 199.961246 
output/otto-symmetry-head-v1/figure-01/symmetry-comparison.svg:2929: trailing whitespace.
+    <path d="M 1212.523489 189.184216 
output/otto-symmetry-head-v1/figure-01/symmetry-comparison.svg:2930: trailing whitespace.
+L 1303.506151 189.184216 
output/otto-symmetry-head-v1/figure-01/symmetry-comparison.svg:2936: trailing whitespace.
+    <path d="M 102.6 558.54 
output/otto-symmetry-head-v1/figure-01/symmetry-comparison.svg:2937: trailing whitespace.
+L 451.096089 558.54 
output/otto-symmetry-head-v1/figure-01/symmetry-comparison.svg:2938: trailing whitespace.
+L 451.096089 382.14 
output/otto-symmetry-head-v1/figure-01/symmetry-comparison.svg:2939: trailing whitespace.
+L 102.6 382.14 
output/otto-symmetry-head-v1/figure-01/symmetry-comparison.svg:3107: trailing whitespace.
+      <path d="M 102.6 558.54 
output/otto-symmetry-head-v1/figure-01/symmetry-comparison.svg:3108: trailing whitespace.
+L 451.096089 558.54 
output/otto-symmetry-head-v1/figure-01/symmetry-comparison.svg:3125: trailing whitespace.
+      <path d="M 102.6 521.481176 
output/otto-symmetry-head-v1/figure-01/symmetry-comparison.svg:3126: trailing whitespace.
+L 451.096089 521.481176 
output/otto-symmetry-head-v1/figure-01/symmetry-comparison.svg:3144: trailing whitespace.
+      <path d="M 102.6 484.422353 
output/otto-symmetry-head-v1/figure-01/symmetry-comparison.svg:3145: trailing whitespace.
+L 451.096089 484.422353 
output/otto-symmetry-head-v1/figure-01/symmetry-comparison.svg:3163: trailing whitespace.
+      <path d="M 102.6 447.363529 
output/otto-symmetry-head-v1/figure-01/symmetry-comparison.svg:3164: trailing whitespace.
+L 451.096089 447.363529 
output/otto-symmetry-head-v1/figure-01/symmetry-comparison.svg:3182: trailing whitespace.
+      <path d="M 102.6 410.304706 
output/otto-symmetry-head-v1/figure-01/symmetry-comparison.svg:3183: trailing whitespace.
+L 451.096089 410.304706 
output/otto-symmetry-head-v1/figure-01/symmetry-comparison.svg:3244: trailing whitespace.
+    <path d="M 120.065422 558.54 
output/otto-symmetry-head-v1/figure-01/symmetry-comparison.svg:3245: trailing whitespace.
+L 142.811087 558.54 
output/otto-symmetry-head-v1/figure-01/symmetry-comparison.svg:3246: trailing whitespace.
+L 142.811087 510.906363 
output/otto-symmetry-head-v1/figure-01/symmetry-comparison.svg:3247: trailing whitespace.
+L 120.065422 510.906363 
output/otto-symmetry-head-v1/figure-01/symmetry-comparison.svg:3252: trailing whitespace.
+    <path d="M 152.55923 558.54 
output/otto-symmetry-head-v1/figure-01/symmetry-comparison.svg:3253: trailing whitespace.
+L 175.304895 558.54 
output/otto-symmetry-head-v1/figure-01/symmetry-comparison.svg:3254: trailing whitespace.
+L 175.304895 546.677873 
output/otto-symmetry-head-v1/figure-01/symmetry-comparison.svg:3255: trailing whitespace.
+L 152.55923 546.677873 
output/otto-symmetry-head-v1/figure-01/symmetry-comparison.svg:3260: trailing whitespace.
+    <path d="M 185.053037 558.54 
output/otto-symmetry-head-v1/figure-01/symmetry-comparison.svg:3261: trailing whitespace.
+L 207.798703 558.54 
output/otto-symmetry-head-v1/figure-01/symmetry-comparison.svg:3262: trailing whitespace.
+L 207.798703 510.906363 
output/otto-symmetry-head-v1/figure-01/symmetry-comparison.svg:3263: trailing whitespace.
+L 185.053037 510.906363 
output/otto-symmetry-head-v1/figure-01/symmetry-comparison.svg:3268: trailing whitespace.
+    <path d="M 217.546845 558.54 
output/otto-symmetry-head-v1/figure-01/symmetry-comparison.svg:3269: trailing whitespace.
+L 240.292511 558.54 
output/otto-symmetry-head-v1/figure-01/symmetry-comparison.svg:3270: trailing whitespace.
+L 240.292511 524.960525 
output/otto-symmetry-head-v1/figure-01/symmetry-comparison.svg:3271: trailing whitespace.
+L 217.546845 524.960525 
output/otto-symmetry-head-v1/figure-01/symmetry-comparison.svg:3276: trailing whitespace.
+    <path d="M 250.040653 558.54 
output/otto-symmetry-head-v1/figure-01/symmetry-comparison.svg:3277: trailing whitespace.
+L 272.786319 558.54 
output/otto-symmetry-head-v1/figure-01/symmetry-comparison.svg:3278: trailing whitespace.
+L 272.786319 490.782983 
output/otto-symmetry-head-v1/figure-01/symmetry-comparison.svg:3279: trailing whitespace.
+L 250.040653 490.782983 
output/otto-symmetry-head-v1/figure-01/symmetry-comparison.svg:3284: trailing whitespace.
+    <path d="M 282.534461 558.54 
output/otto-symmetry-head-v1/figure-01/symmetry-comparison.svg:3285: trailing whitespace.
+L 305.280127 558.54 
output/otto-symmetry-head-v1/figure-01/symmetry-comparison.svg:3286: trailing whitespace.
+L 305.280127 481.847726 
output/otto-symmetry-head-v1/figure-01/symmetry-comparison.svg:3287: trailing whitespace.
+L 282.534461 481.847726 
output/otto-symmetry-head-v1/figure-01/symmetry-comparison.svg:3292: trailing whitespace.
+    <path d="M 315.028269 558.54 
output/otto-symmetry-head-v1/figure-01/symmetry-comparison.svg:3293: trailing whitespace.
+L 337.773934 558.54 
output/otto-symmetry-head-v1/figure-01/symmetry-comparison.svg:3294: trailing whitespace.
+L 337.773934 475.134852 
output/otto-symmetry-head-v1/figure-01/symmetry-comparison.svg:3295: trailing whitespace.
+L 315.028269 475.134852 
output/otto-symmetry-head-v1/figure-01/symmetry-comparison.svg:3300: trailing whitespace.
+    <path d="M 347.522077 558.54 
output/otto-symmetry-head-v1/figure-01/symmetry-comparison.svg:3301: trailing whitespace.
+L 370.267742 558.54 
output/otto-symmetry-head-v1/figure-01/symmetry-comparison.svg:3302: trailing whitespace.
+L 370.267742 506.431114 
output/otto-symmetry-head-v1/figure-01/symmetry-comparison.svg:3303: trailing whitespace.
+L 347.522077 506.431114 
output/otto-symmetry-head-v1/figure-01/symmetry-comparison.svg:3308: trailing whitespace.
+    <path d="M 380.015885 558.54 
output/otto-symmetry-head-v1/figure-01/symmetry-comparison.svg:3309: trailing whitespace.
+L 402.76155 558.54 
output/otto-symmetry-head-v1/figure-01/symmetry-comparison.svg:3310: trailing whitespace.
+L 402.76155 475.134852 
output/otto-symmetry-head-v1/figure-01/symmetry-comparison.svg:3311: trailing whitespace.
+L 380.015885 475.134852 
output/otto-symmetry-head-v1/figure-01/symmetry-comparison.svg:3316: trailing whitespace.
+    <path d="M 412.509693 558.54 
output/otto-symmetry-head-v1/figure-01/symmetry-comparison.svg:3317: trailing whitespace.
+L 435.255358 558.54 
output/otto-symmetry-head-v1/figure-01/symmetry-comparison.svg:3318: trailing whitespace.
+L 435.255358 410.304706 
output/otto-symmetry-head-v1/figure-01/symmetry-comparison.svg:3319: trailing whitespace.
+L 412.509693 410.304706 
output/otto-symmetry-head-v1/figure-01/symmetry-comparison.svg:3324: trailing whitespace.
+    <path d="M 102.6 558.54 
output/otto-symmetry-head-v1/figure-01/symmetry-comparison.svg:3325: trailing whitespace.
+L 102.6 382.14 
output/otto-symmetry-head-v1/figure-01/symmetry-comparison.svg:3329: trailing whitespace.
+    <path d="M 102.6 558.54 
output/otto-symmetry-head-v1/figure-01/symmetry-comparison.svg:3330: trailing whitespace.
+L 451.096089 558.54 
output/otto-symmetry-head-v1/figure-01/symmetry-comparison.svg:3440: trailing whitespace.
+    <path d="M 118.440731 522.830199 
output/otto-symmetry-head-v1/figure-01/symmetry-comparison.svg:3441: trailing whitespace.
+L 209.423393 522.830199 
output/otto-symmetry-head-v1/figure-01/symmetry-comparison.svg:3445: trailing whitespace.
+    <path d="M 215.922155 499.197078 
output/otto-symmetry-head-v1/figure-01/symmetry-comparison.svg:3446: trailing whitespace.
+L 306.904817 499.197078 
output/otto-symmetry-head-v1/figure-01/symmetry-comparison.svg:3450: trailing whitespace.
+    <path d="M 313.403579 485.566939 
output/otto-symmetry-head-v1/figure-01/symmetry-comparison.svg:3451: trailing whitespace.
+L 404.386241 485.566939 
output/otto-symmetry-head-v1/figure-01/symmetry-comparison.svg:3457: trailing whitespace.
+    <path d="M 552.159955 558.54 
output/otto-symmetry-head-v1/figure-01/symmetry-comparison.svg:3458: trailing whitespace.
+L 900.656045 558.54 
output/otto-symmetry-head-v1/figure-01/symmetry-comparison.svg:3459: trailing whitespace.
+L 900.656045 382.14 
output/otto-symmetry-head-v1/figure-01/symmetry-comparison.svg:3460: trailing whitespace.
+L 552.159955 382.14 
output/otto-symmetry-head-v1/figure-01/symmetry-comparison.svg:3628: trailing whitespace.
+      <path d="M 552.159955 558.54 
output/otto-symmetry-head-v1/figure-01/symmetry-comparison.svg:3629: trailing whitespace.
+L 900.656045 558.54 
output/otto-symmetry-head-v1/figure-01/symmetry-comparison.svg:3646: trailing whitespace.
+      <path d="M 552.159955 524.870821 
output/otto-symmetry-head-v1/figure-01/symmetry-comparison.svg:3647: trailing whitespace.
+L 900.656045 524.870821 
output/otto-symmetry-head-v1/figure-01/symmetry-comparison.svg:3666: trailing whitespace.
+      <path d="M 552.159955 491.201643 
output/otto-symmetry-head-v1/figure-01/symmetry-comparison.svg:3667: trailing whitespace.
+L 900.656045 491.201643 
output/otto-symmetry-head-v1/figure-01/symmetry-comparison.svg:3687: trailing whitespace.
+      <path d="M 552.159955 457.532464 
output/otto-symmetry-head-v1/figure-01/symmetry-comparison.svg:3688: trailing whitespace.
+L 900.656045 457.532464 
output/otto-symmetry-head-v1/figure-01/symmetry-comparison.svg:3708: trailing whitespace.
+      <path d="M 552.159955 423.863286 
output/otto-symmetry-head-v1/figure-01/symmetry-comparison.svg:3709: trailing whitespace.
+L 900.656045 423.863286 
output/otto-symmetry-head-v1/figure-01/symmetry-comparison.svg:3729: trailing whitespace.
+      <path d="M 552.159955 390.194107 
output/otto-symmetry-head-v1/figure-01/symmetry-comparison.svg:3730: trailing whitespace.
+L 900.656045 390.194107 
output/otto-symmetry-head-v1/figure-01/symmetry-comparison.svg:3750: trailing whitespace.
+    <path d="M 569.625377 558.54 
output/otto-symmetry-head-v1/figure-01/symmetry-comparison.svg:3751: trailing whitespace.
+L 592.371043 558.54 
output/otto-symmetry-head-v1/figure-01/symmetry-comparison.svg:3752: trailing whitespace.
+L 592.371043 457.966915 
output/otto-symmetry-head-v1/figure-01/symmetry-comparison.svg:3753: trailing whitespace.
+L 569.625377 457.966915 
output/otto-symmetry-head-v1/figure-01/symmetry-comparison.svg:3758: trailing whitespace.
+    <path d="M 602.119185 558.54 
output/otto-symmetry-head-v1/figure-01/symmetry-comparison.svg:3759: trailing whitespace.
+L 624.86485 558.54 
output/otto-symmetry-head-v1/figure-01/symmetry-comparison.svg:3760: trailing whitespace.
+L 624.86485 422.933336 
output/otto-symmetry-head-v1/figure-01/symmetry-comparison.svg:3761: trailing whitespace.
+L 602.119185 422.933336 
output/otto-symmetry-head-v1/figure-01/symmetry-comparison.svg:3766: trailing whitespace.
+    <path d="M 634.612993 558.54 
output/otto-symmetry-head-v1/figure-01/symmetry-comparison.svg:3767: trailing whitespace.
+L 657.358658 558.54 
output/otto-symmetry-head-v1/figure-01/symmetry-comparison.svg:3768: trailing whitespace.
+L 657.358658 458.031343 
output/otto-symmetry-head-v1/figure-01/symmetry-comparison.svg:3769: trailing whitespace.
+L 634.612993 458.031343 
output/otto-symmetry-head-v1/figure-01/symmetry-comparison.svg:3774: trailing whitespace.
+    <path d="M 667.106801 558.54 
output/otto-symmetry-head-v1/figure-01/symmetry-comparison.svg:3775: trailing whitespace.
+L 689.852466 558.54 
output/otto-symmetry-head-v1/figure-01/symmetry-comparison.svg:3776: trailing whitespace.
+L 689.852466 444.194095 
output/otto-symmetry-head-v1/figure-01/symmetry-comparison.svg:3777: trailing whitespace.
+L 667.106801 444.194095 
output/otto-symmetry-head-v1/figure-01/symmetry-comparison.svg:3782: trailing whitespace.
+    <path d="M 699.600609 558.54 
output/otto-symmetry-head-v1/figure-01/symmetry-comparison.svg:3783: trailing whitespace.
+L 722.346274 558.54 
output/otto-symmetry-head-v1/figure-01/symmetry-comparison.svg:3784: trailing whitespace.
+L 722.346274 477.359321 
output/otto-symmetry-head-v1/figure-01/symmetry-comparison.svg:3785: trailing whitespace.
+L 699.600609 477.359321 
output/otto-symmetry-head-v1/figure-01/symmetry-comparison.svg:3790: trailing whitespace.
+    <path d="M 732.094416 558.54 
output/otto-symmetry-head-v1/figure-01/symmetry-comparison.svg:3791: trailing whitespace.
+L 754.840082 558.54 
output/otto-symmetry-head-v1/figure-01/symmetry-comparison.svg:3792: trailing whitespace.
+L 754.840082 485.077087 
output/otto-symmetry-head-v1/figure-01/symmetry-comparison.svg:3793: trailing whitespace.
+L 732.094416 485.077087 
output/otto-symmetry-head-v1/figure-01/symmetry-comparison.svg:3798: trailing whitespace.
+    <path d="M 764.588224 558.54 
output/otto-symmetry-head-v1/figure-01/symmetry-comparison.svg:3799: trailing whitespace.
+L 787.33389 558.54 
output/otto-symmetry-head-v1/figure-01/symmetry-comparison.svg:3800: trailing whitespace.
+L 787.33389 490.542312 
output/otto-symmetry-head-v1/figure-01/symmetry-comparison.svg:3801: trailing whitespace.
+L 764.588224 490.542312 
output/otto-symmetry-head-v1/figure-01/symmetry-comparison.svg:3806: trailing whitespace.
+    <path d="M 797.082032 558.54 
output/otto-symmetry-head-v1/figure-01/symmetry-comparison.svg:3807: trailing whitespace.
+L 819.827698 558.54 
output/otto-symmetry-head-v1/figure-01/symmetry-comparison.svg:3808: trailing whitespace.
+L 819.827698 461.41689 
output/otto-symmetry-head-v1/figure-01/symmetry-comparison.svg:3809: trailing whitespace.
+L 797.082032 461.41689 
output/otto-symmetry-head-v1/figure-01/symmetry-comparison.svg:3814: trailing whitespace.
+    <path d="M 829.57584 558.54 
output/otto-symmetry-head-v1/figure-01/symmetry-comparison.svg:3815: trailing whitespace.
+L 852.321505 558.54 
output/otto-symmetry-head-v1/figure-01/symmetry-comparison.svg:3816: trailing whitespace.
+L 852.321505 491.910183 
output/otto-symmetry-head-v1/figure-01/symmetry-comparison.svg:3817: trailing whitespace.
+L 829.57584 491.910183 
output/otto-symmetry-head-v1/figure-01/symmetry-comparison.svg:3822: trailing whitespace.
+    <path d="M 862.069648 558.54 
output/otto-symmetry-head-v1/figure-01/symmetry-comparison.svg:3823: trailing whitespace.
+L 884.815313 558.54 
output/otto-symmetry-head-v1/figure-01/symmetry-comparison.svg:3824: trailing whitespace.
+L 884.815313 555.053024 
output/otto-symmetry-head-v1/figure-01/symmetry-comparison.svg:3825: trailing whitespace.
+L 862.069648 555.053024 
output/otto-symmetry-head-v1/figure-01/symmetry-comparison.svg:3830: trailing whitespace.
+    <path d="M 552.159955 558.54 
output/otto-symmetry-head-v1/figure-01/symmetry-comparison.svg:3831: trailing whitespace.
+L 552.159955 382.14 
output/otto-symmetry-head-v1/figure-01/symmetry-comparison.svg:3835: trailing whitespace.
+    <path d="M 552.159955 558.54 
output/otto-symmetry-head-v1/figure-01/symmetry-comparison.svg:3836: trailing whitespace.
+L 900.656045 558.54 
output/otto-symmetry-head-v1/figure-01/symmetry-comparison.svg:4364: trailing whitespace.
+    <path d="M 568.000687 446.310531 
output/otto-symmetry-head-v1/figure-01/symmetry-comparison.svg:4365: trailing whitespace.
+L 658.983349 446.310531 
output/otto-symmetry-head-v1/figure-01/symmetry-comparison.svg:4369: trailing whitespace.
+    <path d="M 665.48211 468.876835 
output/otto-symmetry-head-v1/figure-01/symmetry-comparison.svg:4370: trailing whitespace.
+L 756.464772 468.876835 
output/otto-symmetry-head-v1/figure-01/symmetry-comparison.svg:4374: trailing whitespace.
+    <path d="M 762.963534 481.289795 
output/otto-symmetry-head-v1/figure-01/symmetry-comparison.svg:4375: trailing whitespace.
+L 853.946196 481.289795 
output/otto-symmetry-head-v1/figure-01/symmetry-comparison.svg:4381: trailing whitespace.
+    <path d="M 1001.719911 558.54 
output/otto-symmetry-head-v1/figure-01/symmetry-comparison.svg:4382: trailing whitespace.
+L 1350.216 558.54 
output/otto-symmetry-head-v1/figure-01/symmetry-comparison.svg:4383: trailing whitespace.
+L 1350.216 382.14 
output/otto-symmetry-head-v1/figure-01/symmetry-comparison.svg:4384: trailing whitespace.
+L 1001.719911 382.14 
output/otto-symmetry-head-v1/figure-01/symmetry-comparison.svg:4552: trailing whitespace.
+      <path d="M 1001.719911 537.624376 
output/otto-symmetry-head-v1/figure-01/symmetry-comparison.svg:4553: trailing whitespace.
+L 1350.216 537.624376 
output/otto-symmetry-head-v1/figure-01/symmetry-comparison.svg:4573: trailing whitespace.
+      <path d="M 1001.719911 459.015946 
output/otto-symmetry-head-v1/figure-01/symmetry-comparison.svg:4574: trailing whitespace.
+L 1350.216 459.015946 
output/otto-symmetry-head-v1/figure-01/symmetry-comparison.svg:4734: trailing whitespace.
+    <path d="M 1019.185332 78988.837308 
output/otto-symmetry-head-v1/figure-01/symmetry-comparison.svg:4735: trailing whitespace.
+L 1041.930998 78988.837308 
output/otto-symmetry-head-v1/figure-01/symmetry-comparison.svg:4736: trailing whitespace.
+L 1041.930998 433.237068 
output/otto-symmetry-head-v1/figure-01/symmetry-comparison.svg:4737: trailing whitespace.
+L 1019.185332 433.237068 
output/otto-symmetry-head-v1/figure-01/symmetry-comparison.svg:4742: trailing whitespace.
+    <path d="M 1051.67914 78988.837308 
output/otto-symmetry-head-v1/figure-01/symmetry-comparison.svg:4743: trailing whitespace.
+L 1074.424806 78988.837308 
output/otto-symmetry-head-v1/figure-01/symmetry-comparison.svg:4744: trailing whitespace.
+L 1074.424806 422.405217 
output/otto-symmetry-head-v1/figure-01/symmetry-comparison.svg:4745: trailing whitespace.
+L 1051.67914 422.405217 
output/otto-symmetry-head-v1/figure-01/symmetry-comparison.svg:4750: trailing whitespace.
+    <path d="M 1084.172948 78988.837308 
output/otto-symmetry-head-v1/figure-01/symmetry-comparison.svg:4751: trailing whitespace.
+L 1106.918614 78988.837308 
output/otto-symmetry-head-v1/figure-01/symmetry-comparison.svg:4752: trailing whitespace.
+L 1106.918614 432.826006 
output/otto-symmetry-head-v1/figure-01/symmetry-comparison.svg:4753: trailing whitespace.
+L 1084.172948 432.826006 
output/otto-symmetry-head-v1/figure-01/symmetry-comparison.svg:4758: trailing whitespace.
+    <path d="M 1116.666756 78988.837308 
output/otto-symmetry-head-v1/figure-01/symmetry-comparison.svg:4759: trailing whitespace.
+L 1139.412421 78988.837308 
output/otto-symmetry-head-v1/figure-01/symmetry-comparison.svg:4760: trailing whitespace.
+L 1139.412421 438.778298 
output/otto-symmetry-head-v1/figure-01/symmetry-comparison.svg:4761: trailing whitespace.
+L 1116.666756 438.778298 
output/otto-symmetry-head-v1/figure-01/symmetry-comparison.svg:4766: trailing whitespace.
+    <path d="M 1149.160564 78988.837308 
output/otto-symmetry-head-v1/figure-01/symmetry-comparison.svg:4767: trailing whitespace.
+L 1171.906229 78988.837308 
output/otto-symmetry-head-v1/figure-01/symmetry-comparison.svg:4768: trailing whitespace.
+L 1171.906229 450.662043 
output/otto-symmetry-head-v1/figure-01/symmetry-comparison.svg:4769: trailing whitespace.
+L 1149.160564 450.662043 
output/otto-symmetry-head-v1/figure-01/symmetry-comparison.svg:4774: trailing whitespace.
+    <path d="M 1181.654372 78988.837308 
output/otto-symmetry-head-v1/figure-01/symmetry-comparison.svg:4775: trailing whitespace.
+L 1204.400037 78988.837308 
output/otto-symmetry-head-v1/figure-01/symmetry-comparison.svg:4776: trailing whitespace.
+L 1204.400037 453.326853 
output/otto-symmetry-head-v1/figure-01/symmetry-comparison.svg:4777: trailing whitespace.
+L 1181.654372 453.326853 
output/otto-symmetry-head-v1/figure-01/symmetry-comparison.svg:4782: trailing whitespace.
+    <path d="M 1214.14818 78988.837308 
output/otto-symmetry-head-v1/figure-01/symmetry-comparison.svg:4783: trailing whitespace.
+L 1236.893845 78988.837308 
output/otto-symmetry-head-v1/figure-01/symmetry-comparison.svg:4784: trailing whitespace.
+L 1236.893845 445.160927 
output/otto-symmetry-head-v1/figure-01/symmetry-comparison.svg:4785: trailing whitespace.
+L 1214.14818 445.160927 
output/otto-symmetry-head-v1/figure-01/symmetry-comparison.svg:4790: trailing whitespace.
+    <path d="M 1246.641987 78988.837308 
output/otto-symmetry-head-v1/figure-01/symmetry-comparison.svg:4791: trailing whitespace.
+L 1269.387653 78988.837308 
output/otto-symmetry-head-v1/figure-01/symmetry-comparison.svg:4792: trailing whitespace.
+L 1269.387653 431.997334 
output/otto-symmetry-head-v1/figure-01/symmetry-comparison.svg:4793: trailing whitespace.
+L 1246.641987 431.997334 
output/otto-symmetry-head-v1/figure-01/symmetry-comparison.svg:4798: trailing whitespace.
+    <path d="M 1279.135795 78988.837308 
output/otto-symmetry-head-v1/figure-01/symmetry-comparison.svg:4799: trailing whitespace.
+L 1301.881461 78988.837308 
output/otto-symmetry-head-v1/figure-01/symmetry-comparison.svg:4800: trailing whitespace.
+L 1301.881461 445.04011 
output/otto-symmetry-head-v1/figure-01/symmetry-comparison.svg:4801: trailing whitespace.
+L 1279.135795 445.04011 
output/otto-symmetry-head-v1/figure-01/symmetry-comparison.svg:4806: trailing whitespace.
+    <path d="M 1311.629603 78988.837308 
output/otto-symmetry-head-v1/figure-01/symmetry-comparison.svg:4807: trailing whitespace.
+L 1334.375269 78988.837308 
output/otto-symmetry-head-v1/figure-01/symmetry-comparison.svg:4808: trailing whitespace.
+L 1334.375269 518.274783 
output/otto-symmetry-head-v1/figure-01/symmetry-comparison.svg:4809: trailing whitespace.
+L 1311.629603 518.274783 
output/otto-symmetry-head-v1/figure-01/symmetry-comparison.svg:4814: trailing whitespace.
+    <path d="M 1001.719911 558.54 
output/otto-symmetry-head-v1/figure-01/symmetry-comparison.svg:4815: trailing whitespace.
+L 1001.719911 382.14 
output/otto-symmetry-head-v1/figure-01/symmetry-comparison.svg:4819: trailing whitespace.
+    <path d="M 1001.719911 558.54 
output/otto-symmetry-head-v1/figure-01/symmetry-comparison.svg:4820: trailing whitespace.
+L 1350.216 558.54 
output/otto-symmetry-head-v1/figure-01/symmetry-comparison.svg:4953: trailing whitespace.
+    <path d="M 1017.560642 429.10993 
output/otto-symmetry-head-v1/figure-01/symmetry-comparison.svg:4954: trailing whitespace.
+L 1108.543304 429.10993 
output/otto-symmetry-head-v1/figure-01/symmetry-comparison.svg:4958: trailing whitespace.
+    <path d="M 1115.042066 446.98382 
output/otto-symmetry-head-v1/figure-01/symmetry-comparison.svg:4959: trailing whitespace.
+L 1206.024728 446.98382 
output/otto-symmetry-head-v1/figure-01/symmetry-comparison.svg:4963: trailing whitespace.
+    <path d="M 1212.523489 440.152694 
output/otto-symmetry-head-v1/figure-01/symmetry-comparison.svg:4964: trailing whitespace.
+L 1303.506151 440.152694 
output/otto-symmetry-head-v1/figure-01/symmetry-comparison.svg:4970: trailing whitespace.
+    <path d="M 102.6 814.32 
output/otto-symmetry-head-v1/figure-01/symmetry-comparison.svg:4971: trailing whitespace.
+L 451.096089 814.32 
output/otto-symmetry-head-v1/figure-01/symmetry-comparison.svg:4972: trailing whitespace.
+L 451.096089 637.92 
output/otto-symmetry-head-v1/figure-01/symmetry-comparison.svg:4973: trailing whitespace.
+L 102.6 637.92 
output/otto-symmetry-head-v1/figure-01/symmetry-comparison.svg:5141: trailing whitespace.
+      <path d="M 102.6 814.32 
output/otto-symmetry-head-v1/figure-01/symmetry-comparison.svg:5142: trailing whitespace.
+L 451.096089 814.32 
output/otto-symmetry-head-v1/figure-01/symmetry-comparison.svg:5159: trailing whitespace.
+      <path d="M 102.6 777.261176 
output/otto-symmetry-head-v1/figure-01/symmetry-comparison.svg:5160: trailing whitespace.
+L 451.096089 777.261176 
output/otto-symmetry-head-v1/figure-01/symmetry-comparison.svg:5178: trailing whitespace.
+      <path d="M 102.6 740.202353 
output/otto-symmetry-head-v1/figure-01/symmetry-comparison.svg:5179: trailing whitespace.
+L 451.096089 740.202353 
output/otto-symmetry-head-v1/figure-01/symmetry-comparison.svg:5197: trailing whitespace.
+      <path d="M 102.6 703.143529 
output/otto-symmetry-head-v1/figure-01/symmetry-comparison.svg:5198: trailing whitespace.
+L 451.096089 703.143529 
output/otto-symmetry-head-v1/figure-01/symmetry-comparison.svg:5216: trailing whitespace.
+      <path d="M 102.6 666.084706 
output/otto-symmetry-head-v1/figure-01/symmetry-comparison.svg:5217: trailing whitespace.
+L 451.096089 666.084706 
output/otto-symmetry-head-v1/figure-01/symmetry-comparison.svg:5238: trailing whitespace.
+       <path id="DejaVuSans-38" d="M 556 4666 
output/otto-symmetry-head-v1/figure-01/symmetry-comparison.svg:5239: trailing whitespace.
+L 1191 4666 
output/otto-symmetry-head-v1/figure-01/symmetry-comparison.svg:5240: trailing whitespace.
+L 1191 1831 
output/otto-symmetry-head-v1/figure-01/symmetry-comparison.svg:5241: trailing whitespace.
+Q 1191 1081 1462 751 
output/otto-symmetry-head-v1/figure-01/symmetry-comparison.svg:5242: trailing whitespace.
+Q 1734 422 2344 422 
output/otto-symmetry-head-v1/figure-01/symmetry-comparison.svg:5243: trailing whitespace.
+Q 2950 422 3222 751 
output/otto-symmetry-head-v1/figure-01/symmetry-comparison.svg:5244: trailing whitespace.
+Q 3494 1081 3494 1831 
output/otto-symmetry-head-v1/figure-01/symmetry-comparison.svg:5245: trailing whitespace.
+L 3494 4666 
output/otto-symmetry-head-v1/figure-01/symmetry-comparison.svg:5246: trailing whitespace.
+L 4128 4666 
output/otto-symmetry-head-v1/figure-01/symmetry-comparison.svg:5247: trailing whitespace.
+L 4128 1753 
output/otto-symmetry-head-v1/figure-01/symmetry-comparison.svg:5248: trailing whitespace.
+Q 4128 841 3676 375 
output/otto-symmetry-head-v1/figure-01/symmetry-comparison.svg:5249: trailing whitespace.
+Q 3225 -91 2344 -91 
output/otto-symmetry-head-v1/figure-01/symmetry-comparison.svg:5250: trailing whitespace.
+Q 1459 -91 1007 375 
output/otto-symmetry-head-v1/figure-01/symmetry-comparison.svg:5251: trailing whitespace.
+Q 556 841 556 1753 
output/otto-symmetry-head-v1/figure-01/symmetry-comparison.svg:5252: trailing whitespace.
+L 556 4666 
output/otto-symmetry-head-v1/figure-01/symmetry-comparison.svg:5255: trailing whitespace.
+       <path id="DejaVuSans-4e" d="M 581 4863 
output/otto-symmetry-head-v1/figure-01/symmetry-comparison.svg:5256: trailing whitespace.
+L 1159 4863 
output/otto-symmetry-head-v1/figure-01/symmetry-comparison.svg:5257: trailing whitespace.
+L 1159 1991 
output/otto-symmetry-head-v1/figure-01/symmetry-comparison.svg:5258: trailing whitespace.
+L 2875 3500 
output/otto-symmetry-head-v1/figure-01/symmetry-comparison.svg:5259: trailing whitespace.
+L 3609 3500 
output/otto-symmetry-head-v1/figure-01/symmetry-comparison.svg:5260: trailing whitespace.
+L 1753 1863 
output/otto-symmetry-head-v1/figure-01/symmetry-comparison.svg:5261: trailing whitespace.
+L 3688 0 
output/otto-symmetry-head-v1/figure-01/symmetry-comparison.svg:5262: trailing whitespace.
+L 2938 0 
output/otto-symmetry-head-v1/figure-01/symmetry-comparison.svg:5263: trailing whitespace.
+L 1159 1709 
output/otto-symmetry-head-v1/figure-01/symmetry-comparison.svg:5264: trailing whitespace.
+L 1159 0 
output/otto-symmetry-head-v1/figure-01/symmetry-comparison.svg:5265: trailing whitespace.
+L 581 0 
output/otto-symmetry-head-v1/figure-01/symmetry-comparison.svg:5266: trailing whitespace.
+L 581 4863 
output/otto-symmetry-head-v1/figure-01/symmetry-comparison.svg:5315: trailing whitespace.
+    <path d="M 120.065422 814.32 
output/otto-symmetry-head-v1/figure-01/symmetry-comparison.svg:5316: trailing whitespace.
+L 142.811087 814.32 
output/otto-symmetry-head-v1/figure-01/symmetry-comparison.svg:5317: trailing whitespace.
+L 142.811087 798.062931 
output/otto-symmetry-head-v1/figure-01/symmetry-comparison.svg:5318: trailing whitespace.
+L 120.065422 798.062931 
output/otto-symmetry-head-v1/figure-01/symmetry-comparison.svg:5323: trailing whitespace.
+    <path d="M 152.55923 814.32 
output/otto-symmetry-head-v1/figure-01/symmetry-comparison.svg:5324: trailing whitespace.
+L 175.304895 814.32 
output/otto-symmetry-head-v1/figure-01/symmetry-comparison.svg:5325: trailing whitespace.
+L 175.304895 742.156907 
output/otto-symmetry-head-v1/figure-01/symmetry-comparison.svg:5326: trailing whitespace.
+L 152.55923 742.156907 
output/otto-symmetry-head-v1/figure-01/symmetry-comparison.svg:5331: trailing whitespace.
+    <path d="M 185.053037 814.32 
output/otto-symmetry-head-v1/figure-01/symmetry-comparison.svg:5332: trailing whitespace.
+L 207.798703 814.32 
output/otto-symmetry-head-v1/figure-01/symmetry-comparison.svg:5333: trailing whitespace.
+L 207.798703 753.712607 
output/otto-symmetry-head-v1/figure-01/symmetry-comparison.svg:5334: trailing whitespace.
+L 185.053037 753.712607 
output/otto-symmetry-head-v1/figure-01/symmetry-comparison.svg:5339: trailing whitespace.
+    <path d="M 217.546845 814.32 
output/otto-symmetry-head-v1/figure-01/symmetry-comparison.svg:5340: trailing whitespace.
+L 240.292511 814.32 
output/otto-symmetry-head-v1/figure-01/symmetry-comparison.svg:5341: trailing whitespace.
+L 240.292511 785.929819 
output/otto-symmetry-head-v1/figure-01/symmetry-comparison.svg:5342: trailing whitespace.
+L 217.546845 785.929819 
output/otto-symmetry-head-v1/figure-01/symmetry-comparison.svg:5347: trailing whitespace.
+    <path d="M 250.040653 814.32 
output/otto-symmetry-head-v1/figure-01/symmetry-comparison.svg:5348: trailing whitespace.
+L 272.786319 814.32 
output/otto-symmetry-head-v1/figure-01/symmetry-comparison.svg:5349: trailing whitespace.
+L 272.786319 767.400407 
output/otto-symmetry-head-v1/figure-01/symmetry-comparison.svg:5350: trailing whitespace.
+L 250.040653 767.400407 
output/otto-symmetry-head-v1/figure-01/symmetry-comparison.svg:5355: trailing whitespace.
+    <path d="M 282.534461 814.32 
output/otto-symmetry-head-v1/figure-01/symmetry-comparison.svg:5356: trailing whitespace.
+L 305.280127 814.32 
output/otto-symmetry-head-v1/figure-01/symmetry-comparison.svg:5357: trailing whitespace.
+L 305.280127 781.088207 
output/otto-symmetry-head-v1/figure-01/symmetry-comparison.svg:5358: trailing whitespace.
+L 282.534461 781.088207 
output/otto-symmetry-head-v1/figure-01/symmetry-comparison.svg:5363: trailing whitespace.
+    <path d="M 315.028269 814.32 
output/otto-symmetry-head-v1/figure-01/symmetry-comparison.svg:5364: trailing whitespace.
+L 337.773934 814.32 
output/otto-symmetry-head-v1/figure-01/symmetry-comparison.svg:5365: trailing whitespace.
+L 337.773934 749.448407 
output/otto-symmetry-head-v1/figure-01/symmetry-comparison.svg:5366: trailing whitespace.
+L 315.028269 749.448407 
output/otto-symmetry-head-v1/figure-01/symmetry-comparison.svg:5371: trailing whitespace.
+    <path d="M 347.522077 814.32 
output/otto-symmetry-head-v1/figure-01/symmetry-comparison.svg:5372: trailing whitespace.
+L 370.267742 814.32 
output/otto-symmetry-head-v1/figure-01/symmetry-comparison.svg:5373: trailing whitespace.
+L 370.267742 747.316307 
output/otto-symmetry-head-v1/figure-01/symmetry-comparison.svg:5374: trailing whitespace.
+L 347.522077 747.316307 
output/otto-symmetry-head-v1/figure-01/symmetry-comparison.svg:5379: trailing whitespace.
+    <path d="M 380.015885 814.32 
output/otto-symmetry-head-v1/figure-01/symmetry-comparison.svg:5380: trailing whitespace.
+L 402.76155 814.32 
output/otto-symmetry-head-v1/figure-01/symmetry-comparison.svg:5381: trailing whitespace.
+L 402.76155 749.448407 
output/otto-symmetry-head-v1/figure-01/symmetry-comparison.svg:5382: trailing whitespace.
+L 380.015885 749.448407 
output/otto-symmetry-head-v1/figure-01/symmetry-comparison.svg:5387: trailing whitespace.
+    <path d="M 412.509693 814.32 
output/otto-symmetry-head-v1/figure-01/symmetry-comparison.svg:5388: trailing whitespace.
+L 435.255358 814.32 
output/otto-symmetry-head-v1/figure-01/symmetry-comparison.svg:5389: trailing whitespace.
+L 435.255358 666.084706 
output/otto-symmetry-head-v1/figure-01/symmetry-comparison.svg:5390: trailing whitespace.
+L 412.509693 666.084706 
output/otto-symmetry-head-v1/figure-01/symmetry-comparison.svg:5395: trailing whitespace.
+    <path d="M 102.6 814.32 
output/otto-symmetry-head-v1/figure-01/symmetry-comparison.svg:5396: trailing whitespace.
+L 102.6 637.92 
output/otto-symmetry-head-v1/figure-01/symmetry-comparison.svg:5400: trailing whitespace.
+    <path d="M 102.6 814.32 
output/otto-symmetry-head-v1/figure-01/symmetry-comparison.svg:5401: trailing whitespace.
+L 451.096089 814.32 
output/otto-symmetry-head-v1/figure-01/symmetry-comparison.svg:5512: trailing whitespace.
+    <path d="M 118.440731 764.644148 
output/otto-symmetry-head-v1/figure-01/symmetry-comparison.svg:5513: trailing whitespace.
+L 209.423393 764.644148 
output/otto-symmetry-head-v1/figure-01/symmetry-comparison.svg:5517: trailing whitespace.
+    <path d="M 215.922155 778.139478 
output/otto-symmetry-head-v1/figure-01/symmetry-comparison.svg:5518: trailing whitespace.
+L 306.904817 778.139478 
output/otto-symmetry-head-v1/figure-01/symmetry-comparison.svg:5522: trailing whitespace.
+    <path d="M 313.403579 748.737707 
output/otto-symmetry-head-v1/figure-01/symmetry-comparison.svg:5523: trailing whitespace.
+L 404.386241 748.737707 
output/otto-symmetry-head-v1/figure-01/symmetry-comparison.svg:5529: trailing whitespace.
+    <path d="M 552.159955 814.32 
output/otto-symmetry-head-v1/figure-01/symmetry-comparison.svg:5530: trailing whitespace.
+L 900.656045 814.32 
output/otto-symmetry-head-v1/figure-01/symmetry-comparison.svg:5531: trailing whitespace.
+L 900.656045 637.92 
output/otto-symmetry-head-v1/figure-01/symmetry-comparison.svg:5532: trailing whitespace.
+L 552.159955 637.92 
output/otto-symmetry-head-v1/figure-01/symmetry-comparison.svg:5700: trailing whitespace.
+      <path d="M 552.159955 814.32 
output/otto-symmetry-head-v1/figure-01/symmetry-comparison.svg:5701: trailing whitespace.
+L 900.656045 814.32 
output/otto-symmetry-head-v1/figure-01/symmetry-comparison.svg:5718: trailing whitespace.
+      <path d="M 552.159955 781.811302 
output/otto-symmetry-head-v1/figure-01/symmetry-comparison.svg:5719: trailing whitespace.
+L 900.656045 781.811302 
output/otto-symmetry-head-v1/figure-01/symmetry-comparison.svg:5738: trailing whitespace.
+      <path d="M 552.159955 749.302603 
output/otto-symmetry-head-v1/figure-01/symmetry-comparison.svg:5739: trailing whitespace.
+L 900.656045 749.302603 
output/otto-symmetry-head-v1/figure-01/symmetry-comparison.svg:5759: trailing whitespace.
+      <path d="M 552.159955 716.793905 
output/otto-symmetry-head-v1/figure-01/symmetry-comparison.svg:5760: trailing whitespace.
+L 900.656045 716.793905 
output/otto-symmetry-head-v1/figure-01/symmetry-comparison.svg:5780: trailing whitespace.
+      <path d="M 552.159955 684.285206 
output/otto-symmetry-head-v1/figure-01/symmetry-comparison.svg:5781: trailing whitespace.
+L 900.656045 684.285206 
output/otto-symmetry-head-v1/figure-01/symmetry-comparison.svg:5801: trailing whitespace.
+      <path d="M 552.159955 651.776508 
output/otto-symmetry-head-v1/figure-01/symmetry-comparison.svg:5802: trailing whitespace.
+L 900.656045 651.776508 
output/otto-symmetry-head-v1/figure-01/symmetry-comparison.svg:5822: trailing whitespace.
+    <path d="M 569.625377 814.32 
output/otto-symmetry-head-v1/figure-01/symmetry-comparison.svg:5823: trailing whitespace.
+L 592.371043 814.32 
output/otto-symmetry-head-v1/figure-01/symmetry-comparison.svg:5824: trailing whitespace.
+L 592.371043 687.540213 
output/otto-symmetry-head-v1/figure-01/symmetry-comparison.svg:5825: trailing whitespace.
+L 569.625377 687.540213 
output/otto-symmetry-head-v1/figure-01/symmetry-comparison.svg:5830: trailing whitespace.
+    <path d="M 602.119185 814.32 
output/otto-symmetry-head-v1/figure-01/symmetry-comparison.svg:5831: trailing whitespace.
+L 624.86485 814.32 
output/otto-symmetry-head-v1/figure-01/symmetry-comparison.svg:5832: trailing whitespace.
+L 624.86485 740.298093 
output/otto-symmetry-head-v1/figure-01/symmetry-comparison.svg:5833: trailing whitespace.
+L 602.119185 740.298093 
output/otto-symmetry-head-v1/figure-01/symmetry-comparison.svg:5838: trailing whitespace.
+    <path d="M 634.612993 814.32 
output/otto-symmetry-head-v1/figure-01/symmetry-comparison.svg:5839: trailing whitespace.
+L 657.358658 814.32 
output/otto-symmetry-head-v1/figure-01/symmetry-comparison.svg:5840: trailing whitespace.
+L 657.358658 729.019059 
output/otto-symmetry-head-v1/figure-01/symmetry-comparison.svg:5841: trailing whitespace.
+L 634.612993 729.019059 
output/otto-symmetry-head-v1/figure-01/symmetry-comparison.svg:5846: trailing whitespace.
+    <path d="M 667.106801 814.32 
output/otto-symmetry-head-v1/figure-01/symmetry-comparison.svg:5847: trailing whitespace.
+L 689.852466 814.32 
output/otto-symmetry-head-v1/figure-01/symmetry-comparison.svg:5848: trailing whitespace.
+L 689.852466 698.906153 
output/otto-symmetry-head-v1/figure-01/symmetry-comparison.svg:5849: trailing whitespace.
+L 667.106801 698.906153 
output/otto-symmetry-head-v1/figure-01/symmetry-comparison.svg:5854: trailing whitespace.
+    <path d="M 699.600609 814.32 
output/otto-symmetry-head-v1/figure-01/symmetry-comparison.svg:5855: trailing whitespace.
+L 722.346274 814.32 
output/otto-symmetry-head-v1/figure-01/symmetry-comparison.svg:5856: trailing whitespace.
+L 722.346274 715.164843 
output/otto-symmetry-head-v1/figure-01/symmetry-comparison.svg:5857: trailing whitespace.
+L 699.600609 715.164843 
output/otto-symmetry-head-v1/figure-01/symmetry-comparison.svg:5862: trailing whitespace.
+    <path d="M 732.094416 814.32 
output/otto-symmetry-head-v1/figure-01/symmetry-comparison.svg:5863: trailing whitespace.
+L 754.840082 814.32 
output/otto-symmetry-head-v1/figure-01/symmetry-comparison.svg:5864: trailing whitespace.
+L 754.840082 703.169496 
output/otto-symmetry-head-v1/figure-01/symmetry-comparison.svg:5865: trailing whitespace.
+L 732.094416 703.169496 
output/otto-symmetry-head-v1/figure-01/symmetry-comparison.svg:5870: trailing whitespace.
+    <path d="M 764.588224 814.32 
output/otto-symmetry-head-v1/figure-01/symmetry-comparison.svg:5871: trailing whitespace.
+L 787.33389 814.32 
output/otto-symmetry-head-v1/figure-01/symmetry-comparison.svg:5872: trailing whitespace.
+L 787.33389 724.212466 
output/otto-symmetry-head-v1/figure-01/symmetry-comparison.svg:5873: trailing whitespace.
+L 764.588224 724.212466 
output/otto-symmetry-head-v1/figure-01/symmetry-comparison.svg:5878: trailing whitespace.
+    <path d="M 797.082032 814.32 
output/otto-symmetry-head-v1/figure-01/symmetry-comparison.svg:5879: trailing whitespace.
+L 819.827698 814.32 
output/otto-symmetry-head-v1/figure-01/symmetry-comparison.svg:5880: trailing whitespace.
+L 819.827698 735.01857 
output/otto-symmetry-head-v1/figure-01/symmetry-comparison.svg:5881: trailing whitespace.
+L 797.082032 735.01857 
output/otto-symmetry-head-v1/figure-01/symmetry-comparison.svg:5886: trailing whitespace.
+    <path d="M 829.57584 814.32 
output/otto-symmetry-head-v1/figure-01/symmetry-comparison.svg:5887: trailing whitespace.
+L 852.321505 814.32 
output/otto-symmetry-head-v1/figure-01/symmetry-comparison.svg:5888: trailing whitespace.
+L 852.321505 731.602868 
output/otto-symmetry-head-v1/figure-01/symmetry-comparison.svg:5889: trailing whitespace.
+L 829.57584 731.602868 
output/otto-symmetry-head-v1/figure-01/symmetry-comparison.svg:5894: trailing whitespace.
+    <path d="M 862.069648 814.32 
output/otto-symmetry-head-v1/figure-01/symmetry-comparison.svg:5895: trailing whitespace.
+L 884.815313 814.32 
output/otto-symmetry-head-v1/figure-01/symmetry-comparison.svg:5896: trailing whitespace.
+L 884.815313 809.49032 
output/otto-symmetry-head-v1/figure-01/symmetry-comparison.svg:5897: trailing whitespace.
+L 862.069648 809.49032 
output/otto-symmetry-head-v1/figure-01/symmetry-comparison.svg:5902: trailing whitespace.
+    <path d="M 552.159955 814.32 
output/otto-symmetry-head-v1/figure-01/symmetry-comparison.svg:5903: trailing whitespace.
+L 552.159955 637.92 
output/otto-symmetry-head-v1/figure-01/symmetry-comparison.svg:5907: trailing whitespace.
+    <path d="M 552.159955 814.32 
output/otto-symmetry-head-v1/figure-01/symmetry-comparison.svg:5908: trailing whitespace.
+L 900.656045 814.32 
output/otto-symmetry-head-v1/figure-01/symmetry-comparison.svg:6437: trailing whitespace.
+    <path d="M 568.000687 718.952455 
output/otto-symmetry-head-v1/figure-01/symmetry-comparison.svg:6438: trailing whitespace.
+L 658.983349 718.952455 
output/otto-symmetry-head-v1/figure-01/symmetry-comparison.svg:6442: trailing whitespace.
+    <path d="M 665.48211 705.746831 
output/otto-symmetry-head-v1/figure-01/symmetry-comparison.svg:6443: trailing whitespace.
+L 756.464772 705.746831 
output/otto-symmetry-head-v1/figure-01/symmetry-comparison.svg:6447: trailing whitespace.
+    <path d="M 762.963534 730.277968 
output/otto-symmetry-head-v1/figure-01/symmetry-comparison.svg:6448: trailing whitespace.
+L 853.946196 730.277968 
output/otto-symmetry-head-v1/figure-01/symmetry-comparison.svg:6454: trailing whitespace.
+    <path d="M 1001.719911 814.32 
output/otto-symmetry-head-v1/figure-01/symmetry-comparison.svg:6455: trailing whitespace.
+L 1350.216 814.32 
output/otto-symmetry-head-v1/figure-01/symmetry-comparison.svg:6456: trailing whitespace.
+L 1350.216 637.92 
output/otto-symmetry-head-v1/figure-01/symmetry-comparison.svg:6457: trailing whitespace.
+L 1001.719911 637.92 
output/otto-symmetry-head-v1/figure-01/symmetry-comparison.svg:6625: trailing whitespace.
+      <path d="M 1001.719911 810.316393 
output/otto-symmetry-head-v1/figure-01/symmetry-comparison.svg:6626: trailing whitespace.
+L 1350.216 810.316393 
output/otto-symmetry-head-v1/figure-01/symmetry-comparison.svg:6646: trailing whitespace.
+      <path d="M 1001.719911 718.872374 
output/otto-symmetry-head-v1/figure-01/symmetry-comparison.svg:6647: trailing whitespace.
+L 1350.216 718.872374 
output/otto-symmetry-head-v1/figure-01/symmetry-comparison.svg:6765: trailing whitespace.
+    <path d="M 1019.185332 92071.447209 
output/otto-symmetry-head-v1/figure-01/symmetry-comparison.svg:6766: trailing whitespace.
+L 1041.930998 92071.447209 
output/otto-symmetry-head-v1/figure-01/symmetry-comparison.svg:6767: trailing whitespace.
+L 1041.930998 678.185217 
output/otto-symmetry-head-v1/figure-01/symmetry-comparison.svg:6768: trailing whitespace.
+L 1019.185332 678.185217 
output/otto-symmetry-head-v1/figure-01/symmetry-comparison.svg:6773: trailing whitespace.
+    <path d="M 1051.67914 92071.447209 
output/otto-symmetry-head-v1/figure-01/symmetry-comparison.svg:6774: trailing whitespace.
+L 1074.424806 92071.447209 
output/otto-symmetry-head-v1/figure-01/symmetry-comparison.svg:6775: trailing whitespace.
+L 1074.424806 700.030582 
output/otto-symmetry-head-v1/figure-01/symmetry-comparison.svg:6776: trailing whitespace.
+L 1051.67914 700.030582 
output/otto-symmetry-head-v1/figure-01/symmetry-comparison.svg:6781: trailing whitespace.
+    <path d="M 1084.172948 92071.447209 
output/otto-symmetry-head-v1/figure-01/symmetry-comparison.svg:6782: trailing whitespace.
+L 1106.918614 92071.447209 
output/otto-symmetry-head-v1/figure-01/symmetry-comparison.svg:6783: trailing whitespace.
+L 1106.918614 693.170055 
output/otto-symmetry-head-v1/figure-01/symmetry-comparison.svg:6784: trailing whitespace.
+L 1084.172948 693.170055 
output/otto-symmetry-head-v1/figure-01/symmetry-comparison.svg:6789: trailing whitespace.
+    <path d="M 1116.666756 92071.447209 
output/otto-symmetry-head-v1/figure-01/symmetry-comparison.svg:6790: trailing whitespace.
+L 1139.412421 92071.447209 
output/otto-symmetry-head-v1/figure-01/symmetry-comparison.svg:6791: trailing whitespace.
+L 1139.412421 692.833249 
output/otto-symmetry-head-v1/figure-01/symmetry-comparison.svg:6792: trailing whitespace.
+L 1116.666756 692.833249 
output/otto-symmetry-head-v1/figure-01/symmetry-comparison.svg:6797: trailing whitespace.
+    <path d="M 1149.160564 92071.447209 
output/otto-symmetry-head-v1/figure-01/symmetry-comparison.svg:6798: trailing whitespace.
+L 1171.906229 92071.447209 
output/otto-symmetry-head-v1/figure-01/symmetry-comparison.svg:6799: trailing whitespace.
+L 1171.906229 699.180883 
output/otto-symmetry-head-v1/figure-01/symmetry-comparison.svg:6800: trailing whitespace.
+L 1149.160564 699.180883 
output/otto-symmetry-head-v1/figure-01/symmetry-comparison.svg:6805: trailing whitespace.
+    <path d="M 1181.654372 92071.447209 
output/otto-symmetry-head-v1/figure-01/symmetry-comparison.svg:6806: trailing whitespace.
+L 1204.400037 92071.447209 
output/otto-symmetry-head-v1/figure-01/symmetry-comparison.svg:6807: trailing whitespace.
+L 1204.400037 695.310618 
output/otto-symmetry-head-v1/figure-01/symmetry-comparison.svg:6808: trailing whitespace.
+L 1181.654372 695.310618 
output/otto-symmetry-head-v1/figure-01/symmetry-comparison.svg:6813: trailing whitespace.
+    <path d="M 1214.14818 92071.447209 
output/otto-symmetry-head-v1/figure-01/symmetry-comparison.svg:6814: trailing whitespace.
+L 1236.893845 92071.447209 
output/otto-symmetry-head-v1/figure-01/symmetry-comparison.svg:6815: trailing whitespace.
+L 1236.893845 689.446126 
output/otto-symmetry-head-v1/figure-01/symmetry-comparison.svg:6816: trailing whitespace.
+L 1214.14818 689.446126 
output/otto-symmetry-head-v1/figure-01/symmetry-comparison.svg:6821: trailing whitespace.
+    <path d="M 1246.641987 92071.447209 
output/otto-symmetry-head-v1/figure-01/symmetry-comparison.svg:6822: trailing whitespace.
+L 1269.387653 92071.447209 
output/otto-symmetry-head-v1/figure-01/symmetry-comparison.svg:6823: trailing whitespace.
+L 1269.387653 692.662948 
output/otto-symmetry-head-v1/figure-01/symmetry-comparison.svg:6824: trailing whitespace.
+L 1246.641987 692.662948 
output/otto-symmetry-head-v1/figure-01/symmetry-comparison.svg:6829: trailing whitespace.
+    <path d="M 1279.135795 92071.447209 
output/otto-symmetry-head-v1/figure-01/symmetry-comparison.svg:6830: trailing whitespace.
+L 1301.881461 92071.447209 
output/otto-symmetry-head-v1/figure-01/symmetry-comparison.svg:6831: trailing whitespace.
+L 1301.881461 693.353378 
output/otto-symmetry-head-v1/figure-01/symmetry-comparison.svg:6832: trailing whitespace.
+L 1279.135795 693.353378 
output/otto-symmetry-head-v1/figure-01/symmetry-comparison.svg:6837: trailing whitespace.
+    <path d="M 1311.629603 92071.447209 
output/otto-symmetry-head-v1/figure-01/symmetry-comparison.svg:6838: trailing whitespace.
+L 1334.375269 92071.447209 
output/otto-symmetry-head-v1/figure-01/symmetry-comparison.svg:6839: trailing whitespace.
+L 1334.375269 774.054783 
output/otto-symmetry-head-v1/figure-01/symmetry-comparison.svg:6840: trailing whitespace.
+L 1311.629603 774.054783 
output/otto-symmetry-head-v1/figure-01/symmetry-comparison.svg:6845: trailing whitespace.
+    <path d="M 1001.719911 814.32 
output/otto-symmetry-head-v1/figure-01/symmetry-comparison.svg:6846: trailing whitespace.
+L 1001.719911 637.92 
output/otto-symmetry-head-v1/figure-01/symmetry-comparison.svg:6850: trailing whitespace.
+    <path d="M 1001.719911 814.32 
output/otto-symmetry-head-v1/figure-01/symmetry-comparison.svg:6851: trailing whitespace.
+L 1350.216 814.32 
output/otto-symmetry-head-v1/figure-01/symmetry-comparison.svg:6984: trailing whitespace.
+    <path d="M 1017.560642 689.388285 
output/otto-symmetry-head-v1/figure-01/symmetry-comparison.svg:6985: trailing whitespace.
+L 1108.543304 689.388285 
output/otto-symmetry-head-v1/figure-01/symmetry-comparison.svg:6989: trailing whitespace.
+    <path d="M 1115.042066 695.689549 
output/otto-symmetry-head-v1/figure-01/symmetry-comparison.svg:6990: trailing whitespace.
+L 1206.024728 695.689549 
output/otto-symmetry-head-v1/figure-01/symmetry-comparison.svg:6994: trailing whitespace.
+    <path d="M 1212.523489 691.784003 
output/otto-symmetry-head-v1/figure-01/symmetry-comparison.svg:6995: trailing whitespace.
+L 1303.506151 691.784003 
output/otto-symmetry-head-v1/figure-01/symmetry-comparison.svg:7003: trailing whitespace.
+     <path id="DejaVuSans-Bold-32" d="M 2719 3878 
output/otto-symmetry-head-v1/figure-01/symmetry-comparison.svg:7004: trailing whitespace.
+Q 2169 3878 1866 3472 
output/otto-symmetry-head-v1/figure-01/symmetry-comparison.svg:7005: trailing whitespace.
+Q 1563 3066 1563 2328 
output/otto-symmetry-head-v1/figure-01/symmetry-comparison.svg:7006: trailing whitespace.
+Q 1563 1594 1866 1187 
output/otto-symmetry-head-v1/figure-01/symmetry-comparison.svg:7007: trailing whitespace.
+Q 2169 781 2719 781 
output/otto-symmetry-head-v1/figure-01/symmetry-comparison.svg:7008: trailing whitespace.
+Q 3272 781 3575 1187 
output/otto-symmetry-head-v1/figure-01/symmetry-comparison.svg:7009: trailing whitespace.
+Q 3878 1594 3878 2328 
output/otto-symmetry-head-v1/figure-01/symmetry-comparison.svg:7010: trailing whitespace.
+Q 3878 3066 3575 3472 
output/otto-symmetry-head-v1/figure-01/symmetry-comparison.svg:7011: trailing whitespace.
+Q 3272 3878 2719 3878 
output/otto-symmetry-head-v1/figure-01/symmetry-comparison.svg:7013: trailing whitespace.
+M 2719 4750 
output/otto-symmetry-head-v1/figure-01/symmetry-comparison.svg:7014: trailing whitespace.
+Q 3844 4750 4481 4106 
output/otto-symmetry-head-v1/figure-01/symmetry-comparison.svg:7015: trailing whitespace.
+Q 5119 3463 5119 2328 
output/otto-symmetry-head-v1/figure-01/symmetry-comparison.svg:7016: trailing whitespace.
+Q 5119 1197 4481 553 
output/otto-symmetry-head-v1/figure-01/symmetry-comparison.svg:7017: trailing whitespace.
+Q 3844 -91 2719 -91 
output/otto-symmetry-head-v1/figure-01/symmetry-comparison.svg:7018: trailing whitespace.
+Q 1597 -91 958 553 
output/otto-symmetry-head-v1/figure-01/symmetry-comparison.svg:7019: trailing whitespace.
+Q 319 1197 319 2328 
output/otto-symmetry-head-v1/figure-01/symmetry-comparison.svg:7020: trailing whitespace.
+Q 319 3463 958 4106 
output/otto-symmetry-head-v1/figure-01/symmetry-comparison.svg:7021: trailing whitespace.
+Q 1597 4750 2719 4750 
output/otto-symmetry-head-v1/figure-01/symmetry-comparison.svg:7024: trailing whitespace.
+     <path id="DejaVuSans-Bold-37" d="M 31 4666 
output/otto-symmetry-head-v1/figure-01/symmetry-comparison.svg:7025: trailing whitespace.
+L 4331 4666 
output/otto-symmetry-head-v1/figure-01/symmetry-comparison.svg:7026: trailing whitespace.
+L 4331 3756 
output/otto-symmetry-head-v1/figure-01/symmetry-comparison.svg:7027: trailing whitespace.
+L 2784 3756 
output/otto-symmetry-head-v1/figure-01/symmetry-comparison.svg:7028: trailing whitespace.
+L 2784 0 
output/otto-symmetry-head-v1/figure-01/symmetry-comparison.svg:7029: trailing whitespace.
+L 1581 0 
output/otto-symmetry-head-v1/figure-01/symmetry-comparison.svg:7030: trailing whitespace.
+L 1581 3756 
output/otto-symmetry-head-v1/figure-01/symmetry-comparison.svg:7031: trailing whitespace.
+L 31 3756 
output/otto-symmetry-head-v1/figure-01/symmetry-comparison.svg:7032: trailing whitespace.
+L 31 4666 
output/otto-symmetry-head-v1/figure-01/symmetry-comparison.svg:7035: trailing whitespace.
+     <path id="DejaVuSans-Bold-1d" d="M 716 3500 
output/otto-symmetry-head-v1/figure-01/symmetry-comparison.svg:7036: trailing whitespace.
+L 1844 3500 
output/otto-symmetry-head-v1/figure-01/symmetry-comparison.svg:7037: trailing whitespace.
+L 1844 2291 
output/otto-symmetry-head-v1/figure-01/symmetry-comparison.svg:7038: trailing whitespace.
+L 716 2291 
output/otto-symmetry-head-v1/figure-01/symmetry-comparison.svg:7039: trailing whitespace.
+L 716 3500 
output/otto-symmetry-head-v1/figure-01/symmetry-comparison.svg:7041: trailing whitespace.
+M 716 1209 
output/otto-symmetry-head-v1/figure-01/symmetry-comparison.svg:7042: trailing whitespace.
+L 1844 1209 
output/otto-symmetry-head-v1/figure-01/symmetry-comparison.svg:7043: trailing whitespace.
+L 1844 0 
output/otto-symmetry-head-v1/figure-01/symmetry-comparison.svg:7044: trailing whitespace.
+L 716 0 
output/otto-symmetry-head-v1/figure-01/symmetry-comparison.svg:7045: trailing whitespace.
+L 716 1209 
output/otto-symmetry-head-v1/figure-01/symmetry-comparison.svg:7049: trailing whitespace.
+     <path id="DejaVuSans-Bold-49" d="M 2841 4863 
output/otto-symmetry-head-v1/figure-01/symmetry-comparison.svg:7050: trailing whitespace.
+L 2841 4128 
output/otto-symmetry-head-v1/figure-01/symmetry-comparison.svg:7051: trailing whitespace.
+L 2222 4128 
output/otto-symmetry-head-v1/figure-01/symmetry-comparison.svg:7052: trailing whitespace.
+Q 1984 4128 1890 4042 
output/otto-symmetry-head-v1/figure-01/symmetry-comparison.svg:7053: trailing whitespace.
+Q 1797 3956 1797 3744 
output/otto-symmetry-head-v1/figure-01/symmetry-comparison.svg:7054: trailing whitespace.
+L 1797 3500 
output/otto-symmetry-head-v1/figure-01/symmetry-comparison.svg:7055: trailing whitespace.
+L 2753 3500 
output/otto-symmetry-head-v1/figure-01/symmetry-comparison.svg:7056: trailing whitespace.
+L 2753 2700 
output/otto-symmetry-head-v1/figure-01/symmetry-comparison.svg:7057: trailing whitespace.
+L 1797 2700 
output/otto-symmetry-head-v1/figure-01/symmetry-comparison.svg:7058: trailing whitespace.
+L 1797 0 
output/otto-symmetry-head-v1/figure-01/symmetry-comparison.svg:7059: trailing whitespace.
+L 678 0 
output/otto-symmetry-head-v1/figure-01/symmetry-comparison.svg:7060: trailing whitespace.
+L 678 2700 
output/otto-symmetry-head-v1/figure-01/symmetry-comparison.svg:7061: trailing whitespace.
+L 122 2700 
output/otto-symmetry-head-v1/figure-01/symmetry-comparison.svg:7062: trailing whitespace.
+L 122 3500 
output/otto-symmetry-head-v1/figure-01/symmetry-comparison.svg:7063: trailing whitespace.
+L 678 3500 
output/otto-symmetry-head-v1/figure-01/symmetry-comparison.svg:7064: trailing whitespace.
+L 678 3744 
output/otto-symmetry-head-v1/figure-01/symmetry-comparison.svg:7065: trailing whitespace.
+Q 678 4316 997 4589 
output/otto-symmetry-head-v1/figure-01/symmetry-comparison.svg:7066: trailing whitespace.
+Q 1316 4863 1984 4863 
output/otto-symmetry-head-v1/figure-01/symmetry-comparison.svg:7067: trailing whitespace.
+L 2841 4863 
output/otto-symmetry-head-v1/figure-01/symmetry-comparison.svg:7070: trailing whitespace.
+     <path id="DejaVuSans-Bold-58" d="M 500 1363 
output/otto-symmetry-head-v1/figure-01/symmetry-comparison.svg:7071: trailing whitespace.
+L 500 3500 
output/otto-symmetry-head-v1/figure-01/symmetry-comparison.svg:7072: trailing whitespace.
+L 1625 3500 
output/otto-symmetry-head-v1/figure-01/symmetry-comparison.svg:7073: trailing whitespace.
+L 1625 3150 
output/otto-symmetry-head-v1/figure-01/symmetry-comparison.svg:7074: trailing whitespace.
+Q 1625 2866 1622 2436 
output/otto-symmetry-head-v1/figure-01/symmetry-comparison.svg:7075: trailing whitespace.
+Q 1619 2006 1619 1863 
output/otto-symmetry-head-v1/figure-01/symmetry-comparison.svg:7076: trailing whitespace.
+Q 1619 1441 1641 1255 
output/otto-symmetry-head-v1/figure-01/symmetry-comparison.svg:7077: trailing whitespace.
+Q 1663 1069 1716 984 
output/otto-symmetry-head-v1/figure-01/symmetry-comparison.svg:7078: trailing whitespace.
+Q 1784 875 1895 815 
output/otto-symmetry-head-v1/figure-01/symmetry-comparison.svg:7079: trailing whitespace.
+Q 2006 756 2150 756 
output/otto-symmetry-head-v1/figure-01/symmetry-comparison.svg:7080: trailing whitespace.
+Q 2500 756 2700 1025 
output/otto-symmetry-head-v1/figure-01/symmetry-comparison.svg:7081: trailing whitespace.
+Q 2900 1294 2900 1772 
output/otto-symmetry-head-v1/figure-01/symmetry-comparison.svg:7082: trailing whitespace.
+L 2900 3500 
output/otto-symmetry-head-v1/figure-01/symmetry-comparison.svg:7083: trailing whitespace.
+L 4019 3500 
output/otto-symmetry-head-v1/figure-01/symmetry-comparison.svg:7084: trailing whitespace.
+L 4019 0 
output/otto-symmetry-head-v1/figure-01/symmetry-comparison.svg:7085: trailing whitespace.
+L 2900 0 
output/otto-symmetry-head-v1/figure-01/symmetry-comparison.svg:7086: trailing whitespace.
+L 2900 506 
output/otto-symmetry-head-v1/figure-01/symmetry-comparison.svg:7087: trailing whitespace.
+Q 2647 200 2364 54 
output/otto-symmetry-head-v1/figure-01/symmetry-comparison.svg:7088: trailing whitespace.
+Q 2081 -91 1741 -91 
output/otto-symmetry-head-v1/figure-01/symmetry-comparison.svg:7089: trailing whitespace.
+Q 1134 -91 817 281 
output/otto-symmetry-head-v1/figure-01/symmetry-comparison.svg:7090: trailing whitespace.
+Q 500 653 500 1363 
output/otto-symmetry-head-v1/figure-01/symmetry-comparison.svg:7093: trailing whitespace.
+     <path id="DejaVuSans-Bold-4f" d="M 538 4863 
output/otto-symmetry-head-v1/figure-01/symmetry-comparison.svg:7094: trailing whitespace.
+L 1656 4863 
output/otto-symmetry-head-v1/figure-01/symmetry-comparison.svg:7095: trailing whitespace.
+L 1656 0 
output/otto-symmetry-head-v1/figure-01/symmetry-comparison.svg:7096: trailing whitespace.
+L 538 0 
output/otto-symmetry-head-v1/figure-01/symmetry-comparison.svg:7097: trailing whitespace.
+L 538 4863 
output/otto-symmetry-head-v1/figure-01/symmetry-comparison.svg:7100: trailing whitespace.
+     <path id="DejaVuSans-Bold-10" d="M 347 2297 
output/otto-symmetry-head-v1/figure-01/symmetry-comparison.svg:7101: trailing whitespace.
+L 2309 2297 
output/otto-symmetry-head-v1/figure-01/symmetry-comparison.svg:7102: trailing whitespace.
+L 2309 1388 
output/otto-symmetry-head-v1/figure-01/symmetry-comparison.svg:7103: trailing whitespace.
+L 347 1388 
output/otto-symmetry-head-v1/figure-01/symmetry-comparison.svg:7104: trailing whitespace.
+L 347 2297 
output/otto-symmetry-head-v1/figure-01/symmetry-comparison.svg:7107: trailing whitespace.
+     <path id="DejaVuSans-Bold-45" d="M 2400 722 
output/otto-symmetry-head-v1/figure-01/symmetry-comparison.svg:7108: trailing whitespace.
+Q 2759 722 2948 984 
output/otto-symmetry-head-v1/figure-01/symmetry-comparison.svg:7109: trailing whitespace.
+Q 3138 1247 3138 1747 
output/otto-symmetry-head-v1/figure-01/symmetry-comparison.svg:7110: trailing whitespace.
+Q 3138 2247 2948 2509 
output/otto-symmetry-head-v1/figure-01/symmetry-comparison.svg:7111: trailing whitespace.
+Q 2759 2772 2400 2772 
output/otto-symmetry-head-v1/figure-01/symmetry-comparison.svg:7112: trailing whitespace.
+Q 2041 2772 1848 2508 
output/otto-symmetry-head-v1/figure-01/symmetry-comparison.svg:7113: trailing whitespace.
+Q 1656 2244 1656 1747 
output/otto-symmetry-head-v1/figure-01/symmetry-comparison.svg:7114: trailing whitespace.
+Q 1656 1250 1848 986 
output/otto-symmetry-head-v1/figure-01/symmetry-comparison.svg:7115: trailing whitespace.
+Q 2041 722 2400 722 
output/otto-symmetry-head-v1/figure-01/symmetry-comparison.svg:7117: trailing whitespace.
+M 1656 2988 
output/otto-symmetry-head-v1/figure-01/symmetry-comparison.svg:7118: trailing whitespace.
+Q 1888 3294 2169 3439 
output/otto-symmetry-head-v1/figure-01/symmetry-comparison.svg:7119: trailing whitespace.
+Q 2450 3584 2816 3584 
output/otto-symmetry-head-v1/figure-01/symmetry-comparison.svg:7120: trailing whitespace.
+Q 3463 3584 3878 3070 
output/otto-symmetry-head-v1/figure-01/symmetry-comparison.svg:7121: trailing whitespace.
+Q 4294 2556 4294 1747 
output/otto-symmetry-head-v1/figure-01/symmetry-comparison.svg:7122: trailing whitespace.
+Q 4294 938 3878 423 
output/otto-symmetry-head-v1/figure-01/symmetry-comparison.svg:7123: trailing whitespace.
+Q 3463 -91 2816 -91 
output/otto-symmetry-head-v1/figure-01/symmetry-comparison.svg:7124: trailing whitespace.
+Q 2450 -91 2169 54 
output/otto-symmetry-head-v1/figure-01/symmetry-comparison.svg:7125: trailing whitespace.
+Q 1888 200 1656 506 
output/otto-symmetry-head-v1/figure-01/symmetry-comparison.svg:7126: trailing whitespace.
+L 1656 0 
output/otto-symmetry-head-v1/figure-01/symmetry-comparison.svg:7127: trailing whitespace.
+L 538 0 
output/otto-symmetry-head-v1/figure-01/symmetry-comparison.svg:7128: trailing whitespace.
+L 538 4863 
output/otto-symmetry-head-v1/figure-01/symmetry-comparison.svg:7129: trailing whitespace.
+L 1656 4863 
output/otto-symmetry-head-v1/figure-01/symmetry-comparison.svg:7130: trailing whitespace.
+L 1656 2988 
output/otto-symmetry-head-v1/figure-01/symmetry-comparison.svg:7133: trailing whitespace.
+     <path id="DejaVuSans-Bold-48" d="M 4031 1759 
output/otto-symmetry-head-v1/figure-01/symmetry-comparison.svg:7134: trailing whitespace.
+L 4031 1441 
output/otto-symmetry-head-v1/figure-01/symmetry-comparison.svg:7135: trailing whitespace.
+L 1416 1441 
output/otto-symmetry-head-v1/figure-01/symmetry-comparison.svg:7136: trailing whitespace.
+Q 1456 1047 1700 850 
output/otto-symmetry-head-v1/figure-01/symmetry-comparison.svg:7137: trailing whitespace.
+Q 1944 653 2381 653 
output/otto-symmetry-head-v1/figure-01/symmetry-comparison.svg:7138: trailing whitespace.
+Q 2734 653 3104 758 
output/otto-symmetry-head-v1/figure-01/symmetry-comparison.svg:7139: trailing whitespace.
+Q 3475 863 3866 1075 
output/otto-symmetry-head-v1/figure-01/symmetry-comparison.svg:7140: trailing whitespace.
+L 3866 213 
output/otto-symmetry-head-v1/figure-01/symmetry-comparison.svg:7141: trailing whitespace.
+Q 3469 63 3072 -14 
output/otto-symmetry-head-v1/figure-01/symmetry-comparison.svg:7142: trailing whitespace.
+Q 2675 -91 2278 -91 
output/otto-symmetry-head-v1/figure-01/symmetry-comparison.svg:7143: trailing whitespace.
+Q 1328 -91 801 392 
output/otto-symmetry-head-v1/figure-01/symmetry-comparison.svg:7144: trailing whitespace.
+Q 275 875 275 1747 
output/otto-symmetry-head-v1/figure-01/symmetry-comparison.svg:7145: trailing whitespace.
+Q 275 2603 792 3093 
output/otto-symmetry-head-v1/figure-01/symmetry-comparison.svg:7146: trailing whitespace.
+Q 1309 3584 2216 3584 
output/otto-symmetry-head-v1/figure-01/symmetry-comparison.svg:7147: trailing whitespace.
+Q 3041 3584 3536 3087 
output/otto-symmetry-head-v1/figure-01/symmetry-comparison.svg:7148: trailing whitespace.
+Q 4031 2591 4031 1759 
output/otto-symmetry-head-v1/figure-01/symmetry-comparison.svg:7150: trailing whitespace.
+M 2881 2131 
output/otto-symmetry-head-v1/figure-01/symmetry-comparison.svg:7151: trailing whitespace.
+Q 2881 2450 2695 2645 
output/otto-symmetry-head-v1/figure-01/symmetry-comparison.svg:7152: trailing whitespace.
+Q 2509 2841 2209 2841 
output/otto-symmetry-head-v1/figure-01/symmetry-comparison.svg:7153: trailing whitespace.
+Q 1884 2841 1681 2658 
output/otto-symmetry-head-v1/figure-01/symmetry-comparison.svg:7154: trailing whitespace.
+Q 1478 2475 1428 2131 
output/otto-symmetry-head-v1/figure-01/symmetry-comparison.svg:7155: trailing whitespace.
+L 2881 2131 
output/otto-symmetry-head-v1/figure-01/symmetry-comparison.svg:7158: trailing whitespace.
+     <path id="DejaVuSans-Bold-4c" d="M 538 3500 
output/otto-symmetry-head-v1/figure-01/symmetry-comparison.svg:7159: trailing whitespace.
+L 1656 3500 
output/otto-symmetry-head-v1/figure-01/symmetry-comparison.svg:7160: trailing whitespace.
+L 1656 0 
output/otto-symmetry-head-v1/figure-01/symmetry-comparison.svg:7161: trailing whitespace.
+L 538 0 
output/otto-symmetry-head-v1/figure-01/symmetry-comparison.svg:7162: trailing whitespace.
+L 538 3500 
output/otto-symmetry-head-v1/figure-01/symmetry-comparison.svg:7164: trailing whitespace.
+M 538 4863 
output/otto-symmetry-head-v1/figure-01/symmetry-comparison.svg:7165: trailing whitespace.
+L 1656 4863 
output/otto-symmetry-head-v1/figure-01/symmetry-comparison.svg:7166: trailing whitespace.
+L 1656 3950 
output/otto-symmetry-head-v1/figure-01/symmetry-comparison.svg:7167: trailing whitespace.
+L 538 3950 
output/otto-symmetry-head-v1/figure-01/symmetry-comparison.svg:7168: trailing whitespace.
+L 538 4863 
output/otto-symmetry-head-v1/figure-01/symmetry-comparison.svg:7171: trailing whitespace.
+     <path id="DejaVuSans-Bold-44" d="M 2106 1575 
output/otto-symmetry-head-v1/figure-01/symmetry-comparison.svg:7172: trailing whitespace.
+Q 1756 1575 1579 1456 
output/otto-symmetry-head-v1/figure-01/symmetry-comparison.svg:7173: trailing whitespace.
+Q 1403 1338 1403 1106 
output/otto-symmetry-head-v1/figure-01/symmetry-comparison.svg:7174: trailing whitespace.
+Q 1403 894 1545 773 
output/otto-symmetry-head-v1/figure-01/symmetry-comparison.svg:7175: trailing whitespace.
+Q 1688 653 1941 653 
output/otto-symmetry-head-v1/figure-01/symmetry-comparison.svg:7176: trailing whitespace.
+Q 2256 653 2472 879 
output/otto-symmetry-head-v1/figure-01/symmetry-comparison.svg:7177: trailing whitespace.
+Q 2688 1106 2688 1447 
output/otto-symmetry-head-v1/figure-01/symmetry-comparison.svg:7178: trailing whitespace.
+L 2688 1575 
output/otto-symmetry-head-v1/figure-01/symmetry-comparison.svg:7179: trailing whitespace.
+L 2106 1575 
output/otto-symmetry-head-v1/figure-01/symmetry-comparison.svg:7181: trailing whitespace.
+M 3816 1997 
output/otto-symmetry-head-v1/figure-01/symmetry-comparison.svg:7182: trailing whitespace.
+L 3816 0 
output/otto-symmetry-head-v1/figure-01/symmetry-comparison.svg:7183: trailing whitespace.
+L 2688 0 
output/otto-symmetry-head-v1/figure-01/symmetry-comparison.svg:7184: trailing whitespace.
+L 2688 519 
output/otto-symmetry-head-v1/figure-01/symmetry-comparison.svg:7185: trailing whitespace.
+Q 2463 200 2181 54 
output/otto-symmetry-head-v1/figure-01/symmetry-comparison.svg:7186: trailing whitespace.
+Q 1900 -91 1497 -91 
output/otto-symmetry-head-v1/figure-01/symmetry-comparison.svg:7187: trailing whitespace.
+Q 953 -91 614 226 
output/otto-symmetry-head-v1/figure-01/symmetry-comparison.svg:7188: trailing whitespace.
+Q 275 544 275 1050 
output/otto-symmetry-head-v1/figure-01/symmetry-comparison.svg:7189: trailing whitespace.
+Q 275 1666 698 1953 
output/otto-symmetry-head-v1/figure-01/symmetry-comparison.svg:7190: trailing whitespace.
+Q 1122 2241 2028 2241 
output/otto-symmetry-head-v1/figure-01/symmetry-comparison.svg:7191: trailing whitespace.
+L 2688 2241 
output/otto-symmetry-head-v1/figure-01/symmetry-comparison.svg:7192: trailing whitespace.
+L 2688 2328 
output/otto-symmetry-head-v1/figure-01/symmetry-comparison.svg:7193: trailing whitespace.
+Q 2688 2594 2478 2717 
output/otto-symmetry-head-v1/figure-01/symmetry-comparison.svg:7194: trailing whitespace.
+Q 2269 2841 1825 2841 
output/otto-symmetry-head-v1/figure-01/symmetry-comparison.svg:7195: trailing whitespace.
+Q 1466 2841 1156 2769 
output/otto-symmetry-head-v1/figure-01/symmetry-comparison.svg:7196: trailing whitespace.
+Q 847 2697 581 2553 
output/otto-symmetry-head-v1/figure-01/symmetry-comparison.svg:7197: trailing whitespace.
+L 581 3406 
output/otto-symmetry-head-v1/figure-01/symmetry-comparison.svg:7198: trailing whitespace.
+Q 941 3494 1303 3539 
output/otto-symmetry-head-v1/figure-01/symmetry-comparison.svg:7199: trailing whitespace.
+Q 1666 3584 2028 3584 
output/otto-symmetry-head-v1/figure-01/symmetry-comparison.svg:7200: trailing whitespace.
+Q 2975 3584 3395 3211 
output/otto-symmetry-head-v1/figure-01/symmetry-comparison.svg:7201: trailing whitespace.
+Q 3816 2838 3816 1997 
output/otto-symmetry-head-v1/figure-01/symmetry-comparison.svg:7204: trailing whitespace.
+     <path id="DejaVuSans-Bold-55" d="M 3138 2547 
output/otto-symmetry-head-v1/figure-01/symmetry-comparison.svg:7205: trailing whitespace.
+Q 2991 2616 2845 2648 
output/otto-symmetry-head-v1/figure-01/symmetry-comparison.svg:7206: trailing whitespace.
+Q 2700 2681 2553 2681 
output/otto-symmetry-head-v1/figure-01/symmetry-comparison.svg:7207: trailing whitespace.
+Q 2122 2681 1889 2404 
output/otto-symmetry-head-v1/figure-01/symmetry-comparison.svg:7208: trailing whitespace.
+Q 1656 2128 1656 1613 
output/otto-symmetry-head-v1/figure-01/symmetry-comparison.svg:7209: trailing whitespace.
+L 1656 0 
output/otto-symmetry-head-v1/figure-01/symmetry-comparison.svg:7210: trailing whitespace.
+L 538 0 
output/otto-symmetry-head-v1/figure-01/symmetry-comparison.svg:7211: trailing whitespace.
+L 538 3500 
output/otto-symmetry-head-v1/figure-01/symmetry-comparison.svg:7212: trailing whitespace.
+L 1656 3500 
output/otto-symmetry-head-v1/figure-01/symmetry-comparison.svg:7213: trailing whitespace.
+L 1656 2925 
output/otto-symmetry-head-v1/figure-01/symmetry-comparison.svg:7214: trailing whitespace.
+Q 1872 3269 2151 3426 
output/otto-symmetry-head-v1/figure-01/symmetry-comparison.svg:7215: trailing whitespace.
+Q 2431 3584 2822 3584 
output/otto-symmetry-head-v1/figure-01/symmetry-comparison.svg:7216: trailing whitespace.
+Q 2878 3584 2943 3579 
output/otto-symmetry-head-v1/figure-01/symmetry-comparison.svg:7217: trailing whitespace.
+Q 3009 3575 3134 3559 
output/otto-symmetry-head-v1/figure-01/symmetry-comparison.svg:7218: trailing whitespace.
+L 3138 2547 
output/otto-symmetry-head-v1/figure-01/symmetry-comparison.svg:7221: trailing whitespace.
+     <path id="DejaVuSans-Bold-51" d="M 4056 2131 
output/otto-symmetry-head-v1/figure-01/symmetry-comparison.svg:7222: trailing whitespace.
+L 4056 0 
output/otto-symmetry-head-v1/figure-01/symmetry-comparison.svg:7223: trailing whitespace.
+L 2931 0 
output/otto-symmetry-head-v1/figure-01/symmetry-comparison.svg:7224: trailing whitespace.
+L 2931 347 
output/otto-symmetry-head-v1/figure-01/symmetry-comparison.svg:7225: trailing whitespace.
+L 2931 1631 
output/otto-symmetry-head-v1/figure-01/symmetry-comparison.svg:7226: trailing whitespace.
+Q 2931 2084 2911 2256 
output/otto-symmetry-head-v1/figure-01/symmetry-comparison.svg:7227: trailing whitespace.
+Q 2891 2428 2841 2509 
output/otto-symmetry-head-v1/figure-01/symmetry-comparison.svg:7228: trailing whitespace.
+Q 2775 2619 2662 2680 
output/otto-symmetry-head-v1/figure-01/symmetry-comparison.svg:7229: trailing whitespace.
+Q 2550 2741 2406 2741 
output/otto-symmetry-head-v1/figure-01/symmetry-comparison.svg:7230: trailing whitespace.
+Q 2056 2741 1856 2470 
output/otto-symmetry-head-v1/figure-01/symmetry-comparison.svg:7231: trailing whitespace.
+Q 1656 2200 1656 1722 
output/otto-symmetry-head-v1/figure-01/symmetry-comparison.svg:7232: trailing whitespace.
+L 1656 0 
output/otto-symmetry-head-v1/figure-01/symmetry-comparison.svg:7233: trailing whitespace.
+L 538 0 
output/otto-symmetry-head-v1/figure-01/symmetry-comparison.svg:7234: trailing whitespace.
+L 538 3500 
output/otto-symmetry-head-v1/figure-01/symmetry-comparison.svg:7235: trailing whitespace.
+L 1656 3500 
output/otto-symmetry-head-v1/figure-01/symmetry-comparison.svg:7236: trailing whitespace.
+L 1656 2988 
output/otto-symmetry-head-v1/figure-01/symmetry-comparison.svg:7237: trailing whitespace.
+Q 1909 3294 2193 3439 
output/otto-symmetry-head-v1/figure-01/symmetry-comparison.svg:7238: trailing whitespace.
+Q 2478 3584 2822 3584 
output/otto-symmetry-head-v1/figure-01/symmetry-comparison.svg:7239: trailing whitespace.
+Q 3428 3584 3742 3212 
output/otto-symmetry-head-v1/figure-01/symmetry-comparison.svg:7240: trailing whitespace.
+Q 4056 2841 4056 2131 
output/otto-symmetry-head-v1/figure-01/symmetry-comparison.svg:7243: trailing whitespace.
+     <path id="DejaVuSans-Bold-47" d="M 2919 2988 
output/otto-symmetry-head-v1/figure-01/symmetry-comparison.svg:7244: trailing whitespace.
+L 2919 4863 
output/otto-symmetry-head-v1/figure-01/symmetry-comparison.svg:7245: trailing whitespace.
+L 4044 4863 
output/otto-symmetry-head-v1/figure-01/symmetry-comparison.svg:7246: trailing whitespace.
+L 4044 0 
output/otto-symmetry-head-v1/figure-01/symmetry-comparison.svg:7247: trailing whitespace.
+L 2919 0 
output/otto-symmetry-head-v1/figure-01/symmetry-comparison.svg:7248: trailing whitespace.
+L 2919 506 
output/otto-symmetry-head-v1/figure-01/symmetry-comparison.svg:7249: trailing whitespace.
+Q 2688 197 2409 53 
output/otto-symmetry-head-v1/figure-01/symmetry-comparison.svg:7250: trailing whitespace.
+Q 2131 -91 1766 -91 
output/otto-symmetry-head-v1/figure-01/symmetry-comparison.svg:7251: trailing whitespace.
+Q 1119 -91 703 423 
output/otto-symmetry-head-v1/figure-01/symmetry-comparison.svg:7252: trailing whitespace.
+Q 288 938 288 1747 
output/otto-symmetry-head-v1/figure-01/symmetry-comparison.svg:7253: trailing whitespace.
+Q 288 2556 703 3070 
output/otto-symmetry-head-v1/figure-01/symmetry-comparison.svg:7254: trailing whitespace.
+Q 1119 3584 1766 3584 
output/otto-symmetry-head-v1/figure-01/symmetry-comparison.svg:7255: trailing whitespace.
+Q 2128 3584 2408 3439 
output/otto-symmetry-head-v1/figure-01/symmetry-comparison.svg:7256: trailing whitespace.
+Q 2688 3294 2919 2988 
output/otto-symmetry-head-v1/figure-01/symmetry-comparison.svg:7258: trailing whitespace.
+M 2181 722 
output/otto-symmetry-head-v1/figure-01/symmetry-comparison.svg:7259: trailing whitespace.
+Q 2541 722 2730 984 
output/otto-symmetry-head-v1/figure-01/symmetry-comparison.svg:7260: trailing whitespace.
+Q 2919 1247 2919 1747 
output/otto-symmetry-head-v1/figure-01/symmetry-comparison.svg:7261: trailing whitespace.
+Q 2919 2247 2730 2509 
output/otto-symmetry-head-v1/figure-01/symmetry-comparison.svg:7262: trailing whitespace.
+Q 2541 2772 2181 2772 
output/otto-symmetry-head-v1/figure-01/symmetry-comparison.svg:7263: trailing whitespace.
+Q 1825 2772 1636 2509 
output/otto-symmetry-head-v1/figure-01/symmetry-comparison.svg:7264: trailing whitespace.
+Q 1447 2247 1447 1747 
output/otto-symmetry-head-v1/figure-01/symmetry-comparison.svg:7265: trailing whitespace.
+Q 1447 1247 1636 984 
output/otto-symmetry-head-v1/figure-01/symmetry-comparison.svg:7266: trailing whitespace.
+Q 1825 722 2181 722 
output/otto-symmetry-head-v1/figure-01/symmetry-comparison.svg:7269: trailing whitespace.
+     <path id="DejaVuSans-Bold-52" d="M 2203 2784 
output/otto-symmetry-head-v1/figure-01/symmetry-comparison.svg:7270: trailing whitespace.
+Q 1831 2784 1636 2517 
output/otto-symmetry-head-v1/figure-01/symmetry-comparison.svg:7271: trailing whitespace.
+Q 1441 2250 1441 1747 
output/otto-symmetry-head-v1/figure-01/symmetry-comparison.svg:7272: trailing whitespace.
+Q 1441 1244 1636 976 
output/otto-symmetry-head-v1/figure-01/symmetry-comparison.svg:7273: trailing whitespace.
+Q 1831 709 2203 709 
output/otto-symmetry-head-v1/figure-01/symmetry-comparison.svg:7274: trailing whitespace.
+Q 2569 709 2762 976 
output/otto-symmetry-head-v1/figure-01/symmetry-comparison.svg:7275: trailing whitespace.
+Q 2956 1244 2956 1747 
output/otto-symmetry-head-v1/figure-01/symmetry-comparison.svg:7276: trailing whitespace.
+Q 2956 2250 2762 2517 
output/otto-symmetry-head-v1/figure-01/symmetry-comparison.svg:7277: trailing whitespace.
+Q 2569 2784 2203 2784 
output/otto-symmetry-head-v1/figure-01/symmetry-comparison.svg:7279: trailing whitespace.
+M 2203 3584 
output/otto-symmetry-head-v1/figure-01/symmetry-comparison.svg:7280: trailing whitespace.
+Q 3106 3584 3614 3096 
output/otto-symmetry-head-v1/figure-01/symmetry-comparison.svg:7281: trailing whitespace.
+Q 4122 2609 4122 1747 
output/otto-symmetry-head-v1/figure-01/symmetry-comparison.svg:7282: trailing whitespace.
+Q 4122 884 3614 396 
output/otto-symmetry-head-v1/figure-01/symmetry-comparison.svg:7283: trailing whitespace.
+Q 3106 -91 2203 -91 
output/otto-symmetry-head-v1/figure-01/symmetry-comparison.svg:7284: trailing whitespace.
+Q 1297 -91 786 396 
output/otto-symmetry-head-v1/figure-01/symmetry-comparison.svg:7285: trailing whitespace.
+Q 275 884 275 1747 
output/otto-symmetry-head-v1/figure-01/symmetry-comparison.svg:7286: trailing whitespace.
+Q 275 2609 786 3096 
output/otto-symmetry-head-v1/figure-01/symmetry-comparison.svg:7287: trailing whitespace.
+Q 1297 3584 2203 3584 
output/otto-symmetry-head-v1/figure-01/symmetry-comparison.svg:7290: trailing whitespace.
+     <path id="DejaVuSans-Bold-57" d="M 1759 4494 
output/otto-symmetry-head-v1/figure-01/symmetry-comparison.svg:7291: trailing whitespace.
+L 1759 3500 
output/otto-symmetry-head-v1/figure-01/symmetry-comparison.svg:7292: trailing whitespace.
+L 2913 3500 
output/otto-symmetry-head-v1/figure-01/symmetry-comparison.svg:7293: trailing whitespace.
+L 2913 2700 
output/otto-symmetry-head-v1/figure-01/symmetry-comparison.svg:7294: trailing whitespace.
+L 1759 2700 
output/otto-symmetry-head-v1/figure-01/symmetry-comparison.svg:7295: trailing whitespace.
+L 1759 1216 
output/otto-symmetry-head-v1/figure-01/symmetry-comparison.svg:7296: trailing whitespace.
+Q 1759 972 1856 886 
output/otto-symmetry-head-v1/figure-01/symmetry-comparison.svg:7297: trailing whitespace.
+Q 1953 800 2241 800 
output/otto-symmetry-head-v1/figure-01/symmetry-comparison.svg:7298: trailing whitespace.
+L 2816 800 
output/otto-symmetry-head-v1/figure-01/symmetry-comparison.svg:7299: trailing whitespace.
+L 2816 0 
output/otto-symmetry-head-v1/figure-01/symmetry-comparison.svg:7300: trailing whitespace.
+L 1856 0 
output/otto-symmetry-head-v1/figure-01/symmetry-comparison.svg:7301: trailing whitespace.
+Q 1194 0 917 276 
output/otto-symmetry-head-v1/figure-01/symmetry-comparison.svg:7302: trailing whitespace.
+Q 641 553 641 1216 
output/otto-symmetry-head-v1/figure-01/symmetry-comparison.svg:7303: trailing whitespace.
+L 641 2700 
output/otto-symmetry-head-v1/figure-01/symmetry-comparison.svg:7304: trailing whitespace.
+L 84 2700 
output/otto-symmetry-head-v1/figure-01/symmetry-comparison.svg:7305: trailing whitespace.
+L 84 3500 
output/otto-symmetry-head-v1/figure-01/symmetry-comparison.svg:7306: trailing whitespace.
+L 641 3500 
output/otto-symmetry-head-v1/figure-01/symmetry-comparison.svg:7307: trailing whitespace.
+L 641 4494 
output/otto-symmetry-head-v1/figure-01/symmetry-comparison.svg:7308: trailing whitespace.
+L 1759 4494 
output/otto-symmetry-head-v1/figure-01/symmetry-comparison.svg:7311: trailing whitespace.
+     <path id="DejaVuSans-Bold-56" d="M 3272 3391 
output/otto-symmetry-head-v1/figure-01/symmetry-comparison.svg:7312: trailing whitespace.
+L 3272 2541 
output/otto-symmetry-head-v1/figure-01/symmetry-comparison.svg:7313: trailing whitespace.
+Q 2913 2691 2578 2766 
output/otto-symmetry-head-v1/figure-01/symmetry-comparison.svg:7314: trailing whitespace.
+Q 2244 2841 1947 2841 
output/otto-symmetry-head-v1/figure-01/symmetry-comparison.svg:7315: trailing whitespace.
+Q 1628 2841 1473 2761 
output/otto-symmetry-head-v1/figure-01/symmetry-comparison.svg:7316: trailing whitespace.
+Q 1319 2681 1319 2516 
output/otto-symmetry-head-v1/figure-01/symmetry-comparison.svg:7317: trailing whitespace.
+Q 1319 2381 1436 2309 
output/otto-symmetry-head-v1/figure-01/symmetry-comparison.svg:7318: trailing whitespace.
+Q 1553 2238 1856 2203 
output/otto-symmetry-head-v1/figure-01/symmetry-comparison.svg:7319: trailing whitespace.
+L 2053 2175 
output/otto-symmetry-head-v1/figure-01/symmetry-comparison.svg:7320: trailing whitespace.
+Q 2913 2066 3209 1816 
output/otto-symmetry-head-v1/figure-01/symmetry-comparison.svg:7321: trailing whitespace.
+Q 3506 1566 3506 1031 
output/otto-symmetry-head-v1/figure-01/symmetry-comparison.svg:7322: trailing whitespace.
+Q 3506 472 3093 190 
output/otto-symmetry-head-v1/figure-01/symmetry-comparison.svg:7323: trailing whitespace.
+Q 2681 -91 1863 -91 
output/otto-symmetry-head-v1/figure-01/symmetry-comparison.svg:7324: trailing whitespace.
+Q 1516 -91 1145 -36 
output/otto-symmetry-head-v1/figure-01/symmetry-comparison.svg:7325: trailing whitespace.
+Q 775 19 384 128 
output/otto-symmetry-head-v1/figure-01/symmetry-comparison.svg:7326: trailing whitespace.
+L 384 978 
output/otto-symmetry-head-v1/figure-01/symmetry-comparison.svg:7327: trailing whitespace.
+Q 719 816 1070 734 
output/otto-symmetry-head-v1/figure-01/symmetry-comparison.svg:7328: trailing whitespace.
+Q 1422 653 1784 653 
output/otto-symmetry-head-v1/figure-01/symmetry-comparison.svg:7329: trailing whitespace.
+Q 2113 653 2278 743 
output/otto-symmetry-head-v1/figure-01/symmetry-comparison.svg:7330: trailing whitespace.
+Q 2444 834 2444 1013 
output/otto-symmetry-head-v1/figure-01/symmetry-comparison.svg:7331: trailing whitespace.
+Q 2444 1163 2330 1236 
output/otto-symmetry-head-v1/figure-01/symmetry-comparison.svg:7332: trailing whitespace.
+Q 2216 1309 1875 1350 
output/otto-symmetry-head-v1/figure-01/symmetry-comparison.svg:7333: trailing whitespace.
+L 1678 1375 
output/otto-symmetry-head-v1/figure-01/symmetry-comparison.svg:7334: trailing whitespace.
+Q 931 1469 631 1722 
output/otto-symmetry-head-v1/figure-01/symmetry-comparison.svg:7335: trailing whitespace.
+Q 331 1975 331 2491 
output/otto-symmetry-head-v1/figure-01/symmetry-comparison.svg:7336: trailing whitespace.
+Q 331 3047 712 3315 
output/otto-symmetry-head-v1/figure-01/symmetry-comparison.svg:7337: trailing whitespace.
+Q 1094 3584 1881 3584 
output/otto-symmetry-head-v1/figure-01/symmetry-comparison.svg:7338: trailing whitespace.
+Q 2191 3584 2531 3537 
output/otto-symmetry-head-v1/figure-01/symmetry-comparison.svg:7339: trailing whitespace.
+Q 2872 3491 3272 3391 
output/otto-symmetry-head-v1/figure-01/symmetry-comparison.svg:7342: trailing whitespace.
+     <path id="DejaVuSans-Bold-5a" d="M 225 3500 
output/otto-symmetry-head-v1/figure-01/symmetry-comparison.svg:7343: trailing whitespace.
+L 1313 3500 
output/otto-symmetry-head-v1/figure-01/symmetry-comparison.svg:7344: trailing whitespace.
+L 1900 1088 
output/otto-symmetry-head-v1/figure-01/symmetry-comparison.svg:7345: trailing whitespace.
+L 2491 3500 
output/otto-symmetry-head-v1/figure-01/symmetry-comparison.svg:7346: trailing whitespace.
+L 3425 3500 
output/otto-symmetry-head-v1/figure-01/symmetry-comparison.svg:7347: trailing whitespace.
+L 4013 1113 
output/otto-symmetry-head-v1/figure-01/symmetry-comparison.svg:7348: trailing whitespace.
+L 4603 3500 
output/otto-symmetry-head-v1/figure-01/symmetry-comparison.svg:7349: trailing whitespace.
+L 5691 3500 
output/otto-symmetry-head-v1/figure-01/symmetry-comparison.svg:7350: trailing whitespace.
+L 4769 0 
output/otto-symmetry-head-v1/figure-01/symmetry-comparison.svg:7351: trailing whitespace.
+L 3547 0 
output/otto-symmetry-head-v1/figure-01/symmetry-comparison.svg:7352: trailing whitespace.
+L 2956 2406 
output/otto-symmetry-head-v1/figure-01/symmetry-comparison.svg:7353: trailing whitespace.
+L 2369 0 
output/otto-symmetry-head-v1/figure-01/symmetry-comparison.svg:7354: trailing whitespace.
+L 1147 0 
output/otto-symmetry-head-v1/figure-01/symmetry-comparison.svg:7355: trailing whitespace.
+L 225 3500 
output/otto-symmetry-head-v1/figure-01/symmetry-comparison.svg:7358: trailing whitespace.
+     <path id="DejaVuSans-Bold-4b" d="M 4056 2131 
output/otto-symmetry-head-v1/figure-01/symmetry-comparison.svg:7359: trailing whitespace.
+L 4056 0 
output/otto-symmetry-head-v1/figure-01/symmetry-comparison.svg:7360: trailing whitespace.
+L 2931 0 
output/otto-symmetry-head-v1/figure-01/symmetry-comparison.svg:7361: trailing whitespace.
+L 2931 347 
output/otto-symmetry-head-v1/figure-01/symmetry-comparison.svg:7362: trailing whitespace.
+L 2931 1625 
output/otto-symmetry-head-v1/figure-01/symmetry-comparison.svg:7363: trailing whitespace.
+Q 2931 2084 2911 2256 
output/otto-symmetry-head-v1/figure-01/symmetry-comparison.svg:7364: trailing whitespace.
+Q 2891 2428 2841 2509 
output/otto-symmetry-head-v1/figure-01/symmetry-comparison.svg:7365: trailing whitespace.
+Q 2775 2619 2662 2680 
output/otto-symmetry-head-v1/figure-01/symmetry-comparison.svg:7366: trailing whitespace.
+Q 2550 2741 2406 2741 
output/otto-symmetry-head-v1/figure-01/symmetry-comparison.svg:7367: trailing whitespace.
+Q 2056 2741 1856 2470 
output/otto-symmetry-head-v1/figure-01/symmetry-comparison.svg:7368: trailing whitespace.
+Q 1656 2200 1656 1722 
output/otto-symmetry-head-v1/figure-01/symmetry-comparison.svg:7369: trailing whitespace.
+L 1656 0 
output/otto-symmetry-head-v1/figure-01/symmetry-comparison.svg:7370: trailing whitespace.
+L 538 0 
output/otto-symmetry-head-v1/figure-01/symmetry-comparison.svg:7371: trailing whitespace.
+L 538 4863 
output/otto-symmetry-head-v1/figure-01/symmetry-comparison.svg:7372: trailing whitespace.
+L 1656 4863 
output/otto-symmetry-head-v1/figure-01/symmetry-comparison.svg:7373: trailing whitespace.
+L 1656 2988 
output/otto-symmetry-head-v1/figure-01/symmetry-comparison.svg:7374: trailing whitespace.
+Q 1909 3294 2193 3439 
output/otto-symmetry-head-v1/figure-01/symmetry-comparison.svg:7375: trailing whitespace.
+Q 2478 3584 2822 3584 
output/otto-symmetry-head-v1/figure-01/symmetry-comparison.svg:7376: trailing whitespace.
+Q 3428 3584 3742 3212 
output/otto-symmetry-head-v1/figure-01/symmetry-comparison.svg:7377: trailing whitespace.
+Q 4056 2841 4056 2131 
output/otto-symmetry-head-v1/figure-01/symmetry-comparison.svg:7380: trailing whitespace.
+     <path id="DejaVuSans-Bold-5c" d="M 78 3500 
output/otto-symmetry-head-v1/figure-01/symmetry-comparison.svg:7381: trailing whitespace.
+L 1197 3500 
output/otto-symmetry-head-v1/figure-01/symmetry-comparison.svg:7382: trailing whitespace.
+L 2138 1125 
output/otto-symmetry-head-v1/figure-01/symmetry-comparison.svg:7383: trailing whitespace.
+L 2938 3500 
output/otto-symmetry-head-v1/figure-01/symmetry-comparison.svg:7384: trailing whitespace.
+L 4056 3500 
output/otto-symmetry-head-v1/figure-01/symmetry-comparison.svg:7385: trailing whitespace.
+L 2584 -331 
output/otto-symmetry-head-v1/figure-01/symmetry-comparison.svg:7386: trailing whitespace.
+Q 2363 -916 2067 -1148 
output/otto-symmetry-head-v1/figure-01/symmetry-comparison.svg:7387: trailing whitespace.
+Q 1772 -1381 1288 -1381 
output/otto-symmetry-head-v1/figure-01/symmetry-comparison.svg:7388: trailing whitespace.
+L 641 -1381 
output/otto-symmetry-head-v1/figure-01/symmetry-comparison.svg:7389: trailing whitespace.
+L 641 -647 
output/otto-symmetry-head-v1/figure-01/symmetry-comparison.svg:7390: trailing whitespace.
+L 991 -647 
output/otto-symmetry-head-v1/figure-01/symmetry-comparison.svg:7391: trailing whitespace.
+Q 1275 -647 1404 -556 
output/otto-symmetry-head-v1/figure-01/symmetry-comparison.svg:7392: trailing whitespace.
+Q 1534 -466 1606 -231 
output/otto-symmetry-head-v1/figure-01/symmetry-comparison.svg:7393: trailing whitespace.
+L 1638 -134 
output/otto-symmetry-head-v1/figure-01/symmetry-comparison.svg:7394: trailing whitespace.
+L 78 3500 
output/otto-symmetry-head-v1/figure-01/symmetry-comparison.svg:7397: trailing whitespace.
+     <path id="DejaVuSans-Bold-50" d="M 3781 2919 
output/otto-symmetry-head-v1/figure-01/symmetry-comparison.svg:7398: trailing whitespace.
+Q 3994 3244 4286 3414 
output/otto-symmetry-head-v1/figure-01/symmetry-comparison.svg:7399: trailing whitespace.
+Q 4578 3584 4928 3584 
output/otto-symmetry-head-v1/figure-01/symmetry-comparison.svg:7400: trailing whitespace.
+Q 5531 3584 5847 3212 
output/otto-symmetry-head-v1/figure-01/symmetry-comparison.svg:7401: trailing whitespace.
+Q 6163 2841 6163 2131 
output/otto-symmetry-head-v1/figure-01/symmetry-comparison.svg:7402: trailing whitespace.
+L 6163 0 
output/otto-symmetry-head-v1/figure-01/symmetry-comparison.svg:7403: trailing whitespace.
+L 5038 0 
output/otto-symmetry-head-v1/figure-01/symmetry-comparison.svg:7404: trailing whitespace.
+L 5038 1825 
output/otto-symmetry-head-v1/figure-01/symmetry-comparison.svg:7405: trailing whitespace.
+Q 5041 1866 5042 1909 
output/otto-symmetry-head-v1/figure-01/symmetry-comparison.svg:7406: trailing whitespace.
+Q 5044 1953 5044 2034 
output/otto-symmetry-head-v1/figure-01/symmetry-comparison.svg:7407: trailing whitespace.
+Q 5044 2406 4934 2573 
output/otto-symmetry-head-v1/figure-01/symmetry-comparison.svg:7408: trailing whitespace.
+Q 4825 2741 4581 2741 
output/otto-symmetry-head-v1/figure-01/symmetry-comparison.svg:7409: trailing whitespace.
+Q 4263 2741 4089 2478 
output/otto-symmetry-head-v1/figure-01/symmetry-comparison.svg:7410: trailing whitespace.
+Q 3916 2216 3909 1719 
output/otto-symmetry-head-v1/figure-01/symmetry-comparison.svg:7411: trailing whitespace.
+L 3909 0 
output/otto-symmetry-head-v1/figure-01/symmetry-comparison.svg:7412: trailing whitespace.
+L 2784 0 
output/otto-symmetry-head-v1/figure-01/symmetry-comparison.svg:7413: trailing whitespace.
+L 2784 1825 
output/otto-symmetry-head-v1/figure-01/symmetry-comparison.svg:7414: trailing whitespace.
+Q 2784 2406 2684 2573 
output/otto-symmetry-head-v1/figure-01/symmetry-comparison.svg:7415: trailing whitespace.
+Q 2584 2741 2328 2741 
output/otto-symmetry-head-v1/figure-01/symmetry-comparison.svg:7416: trailing whitespace.
+Q 2006 2741 1831 2477 
output/otto-symmetry-head-v1/figure-01/symmetry-comparison.svg:7417: trailing whitespace.
+Q 1656 2213 1656 1722 
output/otto-symmetry-head-v1/figure-01/symmetry-comparison.svg:7418: trailing whitespace.
+L 1656 0 
output/otto-symmetry-head-v1/figure-01/symmetry-comparison.svg:7419: trailing whitespace.
+L 531 0 
output/otto-symmetry-head-v1/figure-01/symmetry-comparison.svg:7420: trailing whitespace.
+L 531 3500 
output/otto-symmetry-head-v1/figure-01/symmetry-comparison.svg:7421: trailing whitespace.
+L 1656 3500 
output/otto-symmetry-head-v1/figure-01/symmetry-comparison.svg:7422: trailing whitespace.
+L 1656 2988 
output/otto-symmetry-head-v1/figure-01/symmetry-comparison.svg:7423: trailing whitespace.
+Q 1863 3284 2130 3434 
output/otto-symmetry-head-v1/figure-01/symmetry-comparison.svg:7424: trailing whitespace.
+Q 2397 3584 2719 3584 
output/otto-symmetry-head-v1/figure-01/symmetry-comparison.svg:7425: trailing whitespace.
+Q 3081 3584 3359 3409 
output/otto-symmetry-head-v1/figure-01/symmetry-comparison.svg:7426: trailing whitespace.
+Q 3638 3234 3781 2919 
output/otto-symmetry-head-v1/figure-01/symmetry-comparison.svg:7484: trailing whitespace.
+     <path id="DejaVuSans-24" d="M 2188 4044 
output/otto-symmetry-head-v1/figure-01/symmetry-comparison.svg:7485: trailing whitespace.
+L 1331 1722 
output/otto-symmetry-head-v1/figure-01/symmetry-comparison.svg:7486: trailing whitespace.
+L 3047 1722 
output/otto-symmetry-head-v1/figure-01/symmetry-comparison.svg:7487: trailing whitespace.
+L 2188 4044 
output/otto-symmetry-head-v1/figure-01/symmetry-comparison.svg:7489: trailing whitespace.
+M 1831 4666 
output/otto-symmetry-head-v1/figure-01/symmetry-comparison.svg:7490: trailing whitespace.
+L 2547 4666 
output/otto-symmetry-head-v1/figure-01/symmetry-comparison.svg:7491: trailing whitespace.
+L 4325 0 
output/otto-symmetry-head-v1/figure-01/symmetry-comparison.svg:7492: trailing whitespace.
+L 3669 0 
output/otto-symmetry-head-v1/figure-01/symmetry-comparison.svg:7493: trailing whitespace.
+L 3244 1197 
output/otto-symmetry-head-v1/figure-01/symmetry-comparison.svg:7494: trailing whitespace.
+L 1141 1197 
output/otto-symmetry-head-v1/figure-01/symmetry-comparison.svg:7495: trailing whitespace.
+L 716 0 
output/otto-symmetry-head-v1/figure-01/symmetry-comparison.svg:7496: trailing whitespace.
+L 50 0 
output/otto-symmetry-head-v1/figure-01/symmetry-comparison.svg:7497: trailing whitespace.
+L 1831 4666 
output/otto-symmetry-head-v1/figure-01/symmetry-comparison.svg:7500: trailing whitespace.
+     <path id="DejaVuSans-f" d="M 750 794 
output/otto-symmetry-head-v1/figure-01/symmetry-comparison.svg:7501: trailing whitespace.
+L 1409 794 
output/otto-symmetry-head-v1/figure-01/symmetry-comparison.svg:7502: trailing whitespace.
+L 1409 256 
output/otto-symmetry-head-v1/figure-01/symmetry-comparison.svg:7503: trailing whitespace.
+L 897 -744 
output/otto-symmetry-head-v1/figure-01/symmetry-comparison.svg:7504: trailing whitespace.
+L 494 -744 
output/otto-symmetry-head-v1/figure-01/symmetry-comparison.svg:7505: trailing whitespace.
+L 750 256 
output/otto-symmetry-head-v1/figure-01/symmetry-comparison.svg:7506: trailing whitespace.
+L 750 794 
output/otto-symmetry-head-v1/figure-01/symmetry-comparison.svg:7509: trailing whitespace.
+     <path id="DejaVuSans-45" d="M 3116 1747 
output/otto-symmetry-head-v1/figure-01/symmetry-comparison.svg:7510: trailing whitespace.
+Q 3116 2381 2855 2742 
output/otto-symmetry-head-v1/figure-01/symmetry-comparison.svg:7511: trailing whitespace.
+Q 2594 3103 2138 3103 
output/otto-symmetry-head-v1/figure-01/symmetry-comparison.svg:7512: trailing whitespace.
+Q 1681 3103 1420 2742 
output/otto-symmetry-head-v1/figure-01/symmetry-comparison.svg:7513: trailing whitespace.
+Q 1159 2381 1159 1747 
output/otto-symmetry-head-v1/figure-01/symmetry-comparison.svg:7514: trailing whitespace.
+Q 1159 1113 1420 752 
output/otto-symmetry-head-v1/figure-01/symmetry-comparison.svg:7515: trailing whitespace.
+Q 1681 391 2138 391 
output/otto-symmetry-head-v1/figure-01/symmetry-comparison.svg:7516: trailing whitespace.
+Q 2594 391 2855 752 
output/otto-symmetry-head-v1/figure-01/symmetry-comparison.svg:7517: trailing whitespace.
+Q 3116 1113 3116 1747 
output/otto-symmetry-head-v1/figure-01/symmetry-comparison.svg:7519: trailing whitespace.
+M 1159 2969 
output/otto-symmetry-head-v1/figure-01/symmetry-comparison.svg:7520: trailing whitespace.
+Q 1341 3281 1617 3432 
output/otto-symmetry-head-v1/figure-01/symmetry-comparison.svg:7521: trailing whitespace.
+Q 1894 3584 2278 3584 
output/otto-symmetry-head-v1/figure-01/symmetry-comparison.svg:7522: trailing whitespace.
+Q 2916 3584 3314 3078 
output/otto-symmetry-head-v1/figure-01/symmetry-comparison.svg:7523: trailing whitespace.
+Q 3713 2572 3713 1747 
output/otto-symmetry-head-v1/figure-01/symmetry-comparison.svg:7524: trailing whitespace.
+Q 3713 922 3314 415 
output/otto-symmetry-head-v1/figure-01/symmetry-comparison.svg:7525: trailing whitespace.
+Q 2916 -91 2278 -91 
output/otto-symmetry-head-v1/figure-01/symmetry-comparison.svg:7526: trailing whitespace.
+Q 1894 -91 1617 61 
output/otto-symmetry-head-v1/figure-01/symmetry-comparison.svg:7527: trailing whitespace.
+Q 1341 213 1159 525 
output/otto-symmetry-head-v1/figure-01/symmetry-comparison.svg:7528: trailing whitespace.
+L 1159 0 
output/otto-symmetry-head-v1/figure-01/symmetry-comparison.svg:7529: trailing whitespace.
+L 581 0 
output/otto-symmetry-head-v1/figure-01/symmetry-comparison.svg:7530: trailing whitespace.
+L 581 4863 
output/otto-symmetry-head-v1/figure-01/symmetry-comparison.svg:7531: trailing whitespace.
+L 1159 4863 
output/otto-symmetry-head-v1/figure-01/symmetry-comparison.svg:7532: trailing whitespace.
+L 1159 2969 
output/otto-symmetry-head-v1/figure-01/symmetry-comparison.svg:7535: trailing whitespace.
+     <path id="DejaVuSans-5c" d="M 2059 -325 
output/otto-symmetry-head-v1/figure-01/symmetry-comparison.svg:7536: trailing whitespace.
+Q 1816 -950 1584 -1140 
output/otto-symmetry-head-v1/figure-01/symmetry-comparison.svg:7537: trailing whitespace.
+Q 1353 -1331 966 -1331 
output/otto-symmetry-head-v1/figure-01/symmetry-comparison.svg:7538: trailing whitespace.
+L 506 -1331 
output/otto-symmetry-head-v1/figure-01/symmetry-comparison.svg:7539: trailing whitespace.
+L 506 -850 
output/otto-symmetry-head-v1/figure-01/symmetry-comparison.svg:7540: trailing whitespace.
+L 844 -850 
output/otto-symmetry-head-v1/figure-01/symmetry-comparison.svg:7541: trailing whitespace.
+Q 1081 -850 1212 -737 
output/otto-symmetry-head-v1/figure-01/symmetry-comparison.svg:7542: trailing whitespace.
+Q 1344 -625 1503 -206 
output/otto-symmetry-head-v1/figure-01/symmetry-comparison.svg:7543: trailing whitespace.
+L 1606 56 
output/otto-symmetry-head-v1/figure-01/symmetry-comparison.svg:7544: trailing whitespace.
+L 191 3500 
output/otto-symmetry-head-v1/figure-01/symmetry-comparison.svg:7545: trailing whitespace.
+L 800 3500 
output/otto-symmetry-head-v1/figure-01/symmetry-comparison.svg:7546: trailing whitespace.
+L 1894 763 
output/otto-symmetry-head-v1/figure-01/symmetry-comparison.svg:7547: trailing whitespace.
+L 2988 3500 
output/otto-symmetry-head-v1/figure-01/symmetry-comparison.svg:7548: trailing whitespace.
+L 3597 3500 
output/otto-symmetry-head-v1/figure-01/symmetry-comparison.svg:7549: trailing whitespace.
+L 2059 -325 
output/otto-symmetry-head-v1/figure-01/symmetry-comparison.svg:7669: trailing whitespace.
+     <path id="DejaVuSans-1d" d="M 750 794 
output/otto-symmetry-head-v1/figure-01/symmetry-comparison.svg:7670: trailing whitespace.
+L 1409 794 
output/otto-symmetry-head-v1/figure-01/symmetry-comparison.svg:7671: trailing whitespace.
+L 1409 0 
output/otto-symmetry-head-v1/figure-01/symmetry-comparison.svg:7672: trailing whitespace.
+L 750 0 
output/otto-symmetry-head-v1/figure-01/symmetry-comparison.svg:7673: trailing whitespace.
+L 750 794 
output/otto-symmetry-head-v1/figure-01/symmetry-comparison.svg:7675: trailing whitespace.
+M 750 3309 
output/otto-symmetry-head-v1/figure-01/symmetry-comparison.svg:7676: trailing whitespace.
+L 1409 3309 
output/otto-symmetry-head-v1/figure-01/symmetry-comparison.svg:7677: trailing whitespace.
+L 1409 2516 
output/otto-symmetry-head-v1/figure-01/symmetry-comparison.svg:7678: trailing whitespace.
+L 750 2516 
output/otto-symmetry-head-v1/figure-01/symmetry-comparison.svg:7679: trailing whitespace.
+L 750 3309 
output/otto-symmetry-head-v1/figure-01/symmetry-comparison.svg:7682: trailing whitespace.
+     <path id="DejaVuSans-29" d="M 628 4666 
output/otto-symmetry-head-v1/figure-01/symmetry-comparison.svg:7683: trailing whitespace.
+L 3309 4666 
output/otto-symmetry-head-v1/figure-01/symmetry-comparison.svg:7684: trailing whitespace.
+L 3309 4134 
output/otto-symmetry-head-v1/figure-01/symmetry-comparison.svg:7685: trailing whitespace.
+L 1259 4134 
output/otto-symmetry-head-v1/figure-01/symmetry-comparison.svg:7686: trailing whitespace.
+L 1259 2759 
output/otto-symmetry-head-v1/figure-01/symmetry-comparison.svg:7687: trailing whitespace.
+L 3109 2759 
output/otto-symmetry-head-v1/figure-01/symmetry-comparison.svg:7688: trailing whitespace.
+L 3109 2228 
output/otto-symmetry-head-v1/figure-01/symmetry-comparison.svg:7689: trailing whitespace.
+L 1259 2228 
output/otto-symmetry-head-v1/figure-01/symmetry-comparison.svg:7690: trailing whitespace.
+L 1259 0 
output/otto-symmetry-head-v1/figure-01/symmetry-comparison.svg:7691: trailing whitespace.
+L 628 0 
output/otto-symmetry-head-v1/figure-01/symmetry-comparison.svg:7692: trailing whitespace.
+L 628 4666 
output/otto-symmetry-head-v1/figure-01/symmetry-comparison.svg:7695: trailing whitespace.
+     <path id="DejaVuSans-2c" d="M 628 4666 
output/otto-symmetry-head-v1/figure-01/symmetry-comparison.svg:7696: trailing whitespace.
+L 1259 4666 
output/otto-symmetry-head-v1/figure-01/symmetry-comparison.svg:7697: trailing whitespace.
+L 1259 0 
output/otto-symmetry-head-v1/figure-01/symmetry-comparison.svg:7698: trailing whitespace.
+L 628 0 
output/otto-symmetry-head-v1/figure-01/symmetry-comparison.svg:7699: trailing whitespace.
+L 628 4666 
output/otto-symmetry-head-v1/figure-01/symmetry-comparison.svg:7702: trailing whitespace.
+     <path id="DejaVuSans-2f" d="M 628 4666 
output/otto-symmetry-head-v1/figure-01/symmetry-comparison.svg:7703: trailing whitespace.
+L 1259 4666 
output/otto-symmetry-head-v1/figure-01/symmetry-comparison.svg:7704: trailing whitespace.
+L 1259 531 
output/otto-symmetry-head-v1/figure-01/symmetry-comparison.svg:7705: trailing whitespace.
+L 3531 531 
output/otto-symmetry-head-v1/figure-01/symmetry-comparison.svg:7706: trailing whitespace.
+L 3531 0 
output/otto-symmetry-head-v1/figure-01/symmetry-comparison.svg:7707: trailing whitespace.
+L 628 0 
output/otto-symmetry-head-v1/figure-01/symmetry-comparison.svg:7708: trailing whitespace.
+L 628 4666 
output/otto-symmetry-head-v1/figure-01/symmetry-comparison.svg:7711: trailing whitespace.
+     <path id="DejaVuSans-12" d="M 1625 4666 
output/otto-symmetry-head-v1/figure-01/symmetry-comparison.svg:7712: trailing whitespace.
+L 2156 4666 
output/otto-symmetry-head-v1/figure-01/symmetry-comparison.svg:7713: trailing whitespace.
+L 531 -594 
output/otto-symmetry-head-v1/figure-01/symmetry-comparison.svg:7714: trailing whitespace.
+L 0 -594 
output/otto-symmetry-head-v1/figure-01/symmetry-comparison.svg:7715: trailing whitespace.
+L 1625 4666 
output/otto-symmetry-head-v1/figure-01/symmetry-comparison.svg:7718: trailing whitespace.
+     <path id="DejaVuSans-5f" d="M 1344 4891 
output/otto-symmetry-head-v1/figure-01/symmetry-comparison.svg:7719: trailing whitespace.
+L 1344 -1509 
output/otto-symmetry-head-v1/figure-01/symmetry-comparison.svg:7720: trailing whitespace.
+L 813 -1509 
output/otto-symmetry-head-v1/figure-01/symmetry-comparison.svg:7721: trailing whitespace.
+L 813 4891 
output/otto-symmetry-head-v1/figure-01/symmetry-comparison.svg:7722: trailing whitespace.
+L 1344 4891 
output/otto-symmetry-head-v1/figure-01/symmetry-comparison.svg:7725: trailing whitespace.
+     <path id="DejaVuSans-32" d="M 2522 4238 
output/otto-symmetry-head-v1/figure-01/symmetry-comparison.svg:7726: trailing whitespace.
+Q 1834 4238 1429 3725 
output/otto-symmetry-head-v1/figure-01/symmetry-comparison.svg:7727: trailing whitespace.
+Q 1025 3213 1025 2328 
output/otto-symmetry-head-v1/figure-01/symmetry-comparison.svg:7728: trailing whitespace.
+Q 1025 1447 1429 934 
output/otto-symmetry-head-v1/figure-01/symmetry-comparison.svg:7729: trailing whitespace.
+Q 1834 422 2522 422 
output/otto-symmetry-head-v1/figure-01/symmetry-comparison.svg:7730: trailing whitespace.
+Q 3209 422 3611 934 
output/otto-symmetry-head-v1/figure-01/symmetry-comparison.svg:7731: trailing whitespace.
+Q 4013 1447 4013 2328 
output/otto-symmetry-head-v1/figure-01/symmetry-comparison.svg:7732: trailing whitespace.
+Q 4013 3213 3611 3725 
output/otto-symmetry-head-v1/figure-01/symmetry-comparison.svg:7733: trailing whitespace.
+Q 3209 4238 2522 4238 
output/otto-symmetry-head-v1/figure-01/symmetry-comparison.svg:7735: trailing whitespace.
+M 2522 4750 
output/otto-symmetry-head-v1/figure-01/symmetry-comparison.svg:7736: trailing whitespace.
+Q 3503 4750 4090 4092 
output/otto-symmetry-head-v1/figure-01/symmetry-comparison.svg:7737: trailing whitespace.
+Q 4678 3434 4678 2328 
output/otto-symmetry-head-v1/figure-01/symmetry-comparison.svg:7738: trailing whitespace.
+Q 4678 1225 4090 567 
output/otto-symmetry-head-v1/figure-01/symmetry-comparison.svg:7739: trailing whitespace.
+Q 3503 -91 2522 -91 
output/otto-symmetry-head-v1/figure-01/symmetry-comparison.svg:7740: trailing whitespace.
+Q 1538 -91 948 565 
output/otto-symmetry-head-v1/figure-01/symmetry-comparison.svg:7741: trailing whitespace.
+Q 359 1222 359 2328 
output/otto-symmetry-head-v1/figure-01/symmetry-comparison.svg:7742: trailing whitespace.
+Q 359 3434 948 4092 
output/otto-symmetry-head-v1/figure-01/symmetry-comparison.svg:7743: trailing whitespace.
+Q 1538 4750 2522 4750 
output/otto-symmetry-head-v1/figure-01/symmetry-comparison.svg:7846: trailing whitespace.
+     <path id="DejaVuSans-25" d="M 1259 2228 
output/otto-symmetry-head-v1/figure-01/symmetry-comparison.svg:7847: trailing whitespace.
+L 1259 519 
output/otto-symmetry-head-v1/figure-01/symmetry-comparison.svg:7848: trailing whitespace.
+L 2272 519 
output/otto-symmetry-head-v1/figure-01/symmetry-comparison.svg:7849: trailing whitespace.
+Q 2781 519 3026 730 
output/otto-symmetry-head-v1/figure-01/symmetry-comparison.svg:7850: trailing whitespace.
+Q 3272 941 3272 1375 
output/otto-symmetry-head-v1/figure-01/symmetry-comparison.svg:7851: trailing whitespace.
+Q 3272 1813 3026 2020 
output/otto-symmetry-head-v1/figure-01/symmetry-comparison.svg:7852: trailing whitespace.
+Q 2781 2228 2272 2228 
output/otto-symmetry-head-v1/figure-01/symmetry-comparison.svg:7853: trailing whitespace.
+L 1259 2228 
output/otto-symmetry-head-v1/figure-01/symmetry-comparison.svg:7855: trailing whitespace.
+M 1259 4147 
output/otto-symmetry-head-v1/figure-01/symmetry-comparison.svg:7856: trailing whitespace.
+L 1259 2741 
output/otto-symmetry-head-v1/figure-01/symmetry-comparison.svg:7857: trailing whitespace.
+L 2194 2741 
output/otto-symmetry-head-v1/figure-01/symmetry-comparison.svg:7858: trailing whitespace.
+Q 2656 2741 2882 2914 
output/otto-symmetry-head-v1/figure-01/symmetry-comparison.svg:7859: trailing whitespace.
+Q 3109 3088 3109 3444 
output/otto-symmetry-head-v1/figure-01/symmetry-comparison.svg:7860: trailing whitespace.
+Q 3109 3797 2882 3972 
output/otto-symmetry-head-v1/figure-01/symmetry-comparison.svg:7861: trailing whitespace.
+Q 2656 4147 2194 4147 
output/otto-symmetry-head-v1/figure-01/symmetry-comparison.svg:7862: trailing whitespace.
+L 1259 4147 
output/otto-symmetry-head-v1/figure-01/symmetry-comparison.svg:7864: trailing whitespace.
+M 628 4666 
output/otto-symmetry-head-v1/figure-01/symmetry-comparison.svg:7865: trailing whitespace.
+L 2241 4666 
output/otto-symmetry-head-v1/figure-01/symmetry-comparison.svg:7866: trailing whitespace.
+Q 2963 4666 3353 4366 
output/otto-symmetry-head-v1/figure-01/symmetry-comparison.svg:7867: trailing whitespace.
+Q 3744 4066 3744 3513 
output/otto-symmetry-head-v1/figure-01/symmetry-comparison.svg:7868: trailing whitespace.
+Q 3744 3084 3544 2831 
output/otto-symmetry-head-v1/figure-01/symmetry-comparison.svg:7869: trailing whitespace.
+Q 3344 2578 2956 2516 
output/otto-symmetry-head-v1/figure-01/symmetry-comparison.svg:7870: trailing whitespace.
+Q 3422 2416 3680 2098 
output/otto-symmetry-head-v1/figure-01/symmetry-comparison.svg:7871: trailing whitespace.
+Q 3938 1781 3938 1306 
output/otto-symmetry-head-v1/figure-01/symmetry-comparison.svg:7872: trailing whitespace.
+Q 3938 681 3513 340 
output/otto-symmetry-head-v1/figure-01/symmetry-comparison.svg:7873: trailing whitespace.
+Q 3088 0 2303 0 
output/otto-symmetry-head-v1/figure-01/symmetry-comparison.svg:7874: trailing whitespace.
+L 628 0 
output/otto-symmetry-head-v1/figure-01/symmetry-comparison.svg:7875: trailing whitespace.
+L 628 4666 
output/otto-symmetry-head-v1/figure-01/symmetry-comparison.svg:7878: trailing whitespace.
+     <path id="DejaVuSans-13af" d="M 3431 3500 
output/otto-symmetry-head-v1/figure-01/symmetry-comparison.svg:7879: trailing whitespace.
+L 3431 0 
output/otto-symmetry-head-v1/figure-01/symmetry-comparison.svg:7880: trailing whitespace.
+L 2853 0 
output/otto-symmetry-head-v1/figure-01/symmetry-comparison.svg:7881: trailing whitespace.
+L 2853 3053 
output/otto-symmetry-head-v1/figure-01/symmetry-comparison.svg:7882: trailing whitespace.
+L 1275 3053 
output/otto-symmetry-head-v1/figure-01/symmetry-comparison.svg:7883: trailing whitespace.
+L 1275 0 
output/otto-symmetry-head-v1/figure-01/symmetry-comparison.svg:7884: trailing whitespace.
+L 697 0 
output/otto-symmetry-head-v1/figure-01/symmetry-comparison.svg:7885: trailing whitespace.
+L 697 3053 
output/otto-symmetry-head-v1/figure-01/symmetry-comparison.svg:7886: trailing whitespace.
+L 147 3053 
output/otto-symmetry-head-v1/figure-01/symmetry-comparison.svg:7887: trailing whitespace.
+L 147 3500 
output/otto-symmetry-head-v1/figure-01/symmetry-comparison.svg:7888: trailing whitespace.
+L 697 3500 
output/otto-symmetry-head-v1/figure-01/symmetry-comparison.svg:7889: trailing whitespace.
+L 697 3744 
output/otto-symmetry-head-v1/figure-01/symmetry-comparison.svg:7890: trailing whitespace.
+Q 697 4316 967 4589 
output/otto-symmetry-head-v1/figure-01/symmetry-comparison.svg:7891: trailing whitespace.
+Q 1238 4863 1797 4863 
output/otto-symmetry-head-v1/figure-01/symmetry-comparison.svg:7892: trailing whitespace.
+L 2375 4863 
output/otto-symmetry-head-v1/figure-01/symmetry-comparison.svg:7893: trailing whitespace.
+L 2375 4384 
output/otto-symmetry-head-v1/figure-01/symmetry-comparison.svg:7894: trailing whitespace.
+L 1825 4384 
output/otto-symmetry-head-v1/figure-01/symmetry-comparison.svg:7895: trailing whitespace.
+Q 1516 4384 1395 4259 
output/otto-symmetry-head-v1/figure-01/symmetry-comparison.svg:7896: trailing whitespace.
+Q 1275 4134 1275 3809 
output/otto-symmetry-head-v1/figure-01/symmetry-comparison.svg:7897: trailing whitespace.
+L 1275 3500 
output/otto-symmetry-head-v1/figure-01/symmetry-comparison.svg:7898: trailing whitespace.
+L 3431 3500 
output/otto-symmetry-head-v1/figure-01/symmetry-comparison.svg:7900: trailing whitespace.
+M 2853 4856 
output/otto-symmetry-head-v1/figure-01/symmetry-comparison.svg:7901: trailing whitespace.
+L 3431 4856 
output/otto-symmetry-head-v1/figure-01/symmetry-comparison.svg:7902: trailing whitespace.
+L 3431 4128 
output/otto-symmetry-head-v1/figure-01/symmetry-comparison.svg:7903: trailing whitespace.
+L 2853 4128 
output/otto-symmetry-head-v1/figure-01/symmetry-comparison.svg:7904: trailing whitespace.
+L 2853 4856 
output/otto-symmetry-head-v1/figure-01/symmetry-comparison.svg:7907: trailing whitespace.
+     <path id="DejaVuSans-5b" d="M 3513 3500 
output/otto-symmetry-head-v1/figure-01/symmetry-comparison.svg:7908: trailing whitespace.
+L 2247 1797 
output/otto-symmetry-head-v1/figure-01/symmetry-comparison.svg:7909: trailing whitespace.
+L 3578 0 
output/otto-symmetry-head-v1/figure-01/symmetry-comparison.svg:7910: trailing whitespace.
+L 2900 0 
output/otto-symmetry-head-v1/figure-01/symmetry-comparison.svg:7911: trailing whitespace.
+L 1881 1375 
output/otto-symmetry-head-v1/figure-01/symmetry-comparison.svg:7912: trailing whitespace.
+L 863 0 
output/otto-symmetry-head-v1/figure-01/symmetry-comparison.svg:7913: trailing whitespace.
+L 184 0 
output/otto-symmetry-head-v1/figure-01/symmetry-comparison.svg:7914: trailing whitespace.
+L 1544 1831 
output/otto-symmetry-head-v1/figure-01/symmetry-comparison.svg:7915: trailing whitespace.
+L 300 3500 
output/otto-symmetry-head-v1/figure-01/symmetry-comparison.svg:7916: trailing whitespace.
+L 978 3500 
output/otto-symmetry-head-v1/figure-01/symmetry-comparison.svg:7917: trailing whitespace.
+L 1906 2253 
output/otto-symmetry-head-v1/figure-01/symmetry-comparison.svg:7918: trailing whitespace.
+L 2834 3500 
output/otto-symmetry-head-v1/figure-01/symmetry-comparison.svg:7919: trailing whitespace.
+L 3513 3500 
output/otto-symmetry-head-v1/figure-01/symmetry-comparison.svg:7922: trailing whitespace.
+     <path id="DejaVuSans-5a" d="M 269 3500 
output/otto-symmetry-head-v1/figure-01/symmetry-comparison.svg:7923: trailing whitespace.
+L 844 3500 
output/otto-symmetry-head-v1/figure-01/symmetry-comparison.svg:7924: trailing whitespace.
+L 1563 769 
output/otto-symmetry-head-v1/figure-01/symmetry-comparison.svg:7925: trailing whitespace.
+L 2278 3500 
output/otto-symmetry-head-v1/figure-01/symmetry-comparison.svg:7926: trailing whitespace.
+L 2956 3500 
output/otto-symmetry-head-v1/figure-01/symmetry-comparison.svg:7927: trailing whitespace.
+L 3675 769 
output/otto-symmetry-head-v1/figure-01/symmetry-comparison.svg:7928: trailing whitespace.
+L 4391 3500 
output/otto-symmetry-head-v1/figure-01/symmetry-comparison.svg:7929: trailing whitespace.
+L 4966 3500 
output/otto-symmetry-head-v1/figure-01/symmetry-comparison.svg:7930: trailing whitespace.
+L 4050 0 
output/otto-symmetry-head-v1/figure-01/symmetry-comparison.svg:7931: trailing whitespace.
+L 3372 0 
output/otto-symmetry-head-v1/figure-01/symmetry-comparison.svg:7932: trailing whitespace.
+L 2619 2869 
output/otto-symmetry-head-v1/figure-01/symmetry-comparison.svg:7933: trailing whitespace.
+L 1863 0 
output/otto-symmetry-head-v1/figure-01/symmetry-comparison.svg:7934: trailing whitespace.
+L 1184 0 
output/otto-symmetry-head-v1/figure-01/symmetry-comparison.svg:7935: trailing whitespace.
+L 269 3500 
output/otto-symmetry-head-v1/figure-01/symmetry-comparison.svg:8055: trailing whitespace.
+     <path id="DejaVuSans-30" d="M 628 4666 
output/otto-symmetry-head-v1/figure-01/symmetry-comparison.svg:8056: trailing whitespace.
+L 1569 4666 
output/otto-symmetry-head-v1/figure-01/symmetry-comparison.svg:8057: trailing whitespace.
+L 2759 1491 
output/otto-symmetry-head-v1/figure-01/symmetry-comparison.svg:8058: trailing whitespace.
+L 3956 4666 
output/otto-symmetry-head-v1/figure-01/symmetry-comparison.svg:8059: trailing whitespace.
+L 4897 4666 
output/otto-symmetry-head-v1/figure-01/symmetry-comparison.svg:8060: trailing whitespace.
+L 4897 0 
output/otto-symmetry-head-v1/figure-01/symmetry-comparison.svg:8061: trailing whitespace.
+L 4281 0 
output/otto-symmetry-head-v1/figure-01/symmetry-comparison.svg:8062: trailing whitespace.
+L 4281 4097 
output/otto-symmetry-head-v1/figure-01/symmetry-comparison.svg:8063: trailing whitespace.
+L 3078 897 
output/otto-symmetry-head-v1/figure-01/symmetry-comparison.svg:8064: trailing whitespace.
+L 2444 897 
output/otto-symmetry-head-v1/figure-01/symmetry-comparison.svg:8065: trailing whitespace.
+L 1241 4097 
output/otto-symmetry-head-v1/figure-01/symmetry-comparison.svg:8066: trailing whitespace.
+L 1241 0 
output/otto-symmetry-head-v1/figure-01/symmetry-comparison.svg:8067: trailing whitespace.
+L 628 0 
output/otto-symmetry-head-v1/figure-01/symmetry-comparison.svg:8068: trailing whitespace.
+L 628 4666 
output/otto-symmetry-head-v1/figure-01/symmetry-comparison.svg:8071: trailing whitespace.
+     <path id="DejaVuSans-33" d="M 1259 4147 
output/otto-symmetry-head-v1/figure-01/symmetry-comparison.svg:8072: trailing whitespace.
+L 1259 2394 
output/otto-symmetry-head-v1/figure-01/symmetry-comparison.svg:8073: trailing whitespace.
+L 2053 2394 
output/otto-symmetry-head-v1/figure-01/symmetry-comparison.svg:8074: trailing whitespace.
+Q 2494 2394 2734 2622 
output/otto-symmetry-head-v1/figure-01/symmetry-comparison.svg:8075: trailing whitespace.
+Q 2975 2850 2975 3272 
output/otto-symmetry-head-v1/figure-01/symmetry-comparison.svg:8076: trailing whitespace.
+Q 2975 3691 2734 3919 
output/otto-symmetry-head-v1/figure-01/symmetry-comparison.svg:8077: trailing whitespace.
+Q 2494 4147 2053 4147 
output/otto-symmetry-head-v1/figure-01/symmetry-comparison.svg:8078: trailing whitespace.
+L 1259 4147 
output/otto-symmetry-head-v1/figure-01/symmetry-comparison.svg:8080: trailing whitespace.
+M 628 4666 
output/otto-symmetry-head-v1/figure-01/symmetry-comparison.svg:8081: trailing whitespace.
+L 2053 4666 
output/otto-symmetry-head-v1/figure-01/symmetry-comparison.svg:8082: trailing whitespace.
+Q 2838 4666 3239 4311 
output/otto-symmetry-head-v1/figure-01/symmetry-comparison.svg:8083: trailing whitespace.
+Q 3641 3956 3641 3272 
output/otto-symmetry-head-v1/figure-01/symmetry-comparison.svg:8084: trailing whitespace.
+Q 3641 2581 3239 2228 
output/otto-symmetry-head-v1/figure-01/symmetry-comparison.svg:8085: trailing whitespace.
+Q 2838 1875 2053 1875 
output/otto-symmetry-head-v1/figure-01/symmetry-comparison.svg:8086: trailing whitespace.
+L 1259 1875 
output/otto-symmetry-head-v1/figure-01/symmetry-comparison.svg:8087: trailing whitespace.
+L 1259 0 
output/otto-symmetry-head-v1/figure-01/symmetry-comparison.svg:8088: trailing whitespace.
+L 628 0 
output/otto-symmetry-head-v1/figure-01/symmetry-comparison.svg:8089: trailing whitespace.
+L 628 4666 
output/otto-symmetry-head-v1/figure-01/symmetry-comparison.svg:8092: trailing whitespace.
+     <path id="DejaVuSans-1e" d="M 750 3309 
output/otto-symmetry-head-v1/figure-01/symmetry-comparison.svg:8093: trailing whitespace.
+L 1409 3309 
output/otto-symmetry-head-v1/figure-01/symmetry-comparison.svg:8094: trailing whitespace.
+L 1409 2516 
output/otto-symmetry-head-v1/figure-01/symmetry-comparison.svg:8095: trailing whitespace.
+L 750 2516 
output/otto-symmetry-head-v1/figure-01/symmetry-comparison.svg:8096: trailing whitespace.
+L 750 3309 
output/otto-symmetry-head-v1/figure-01/symmetry-comparison.svg:8098: trailing whitespace.
+M 750 794 
output/otto-symmetry-head-v1/figure-01/symmetry-comparison.svg:8099: trailing whitespace.
+L 1409 794 
output/otto-symmetry-head-v1/figure-01/symmetry-comparison.svg:8100: trailing whitespace.
+L 1409 256 
output/otto-symmetry-head-v1/figure-01/symmetry-comparison.svg:8101: trailing whitespace.
+L 897 -744 
output/otto-symmetry-head-v1/figure-01/symmetry-comparison.svg:8102: trailing whitespace.
+L 494 -744 
output/otto-symmetry-head-v1/figure-01/symmetry-comparison.svg:8103: trailing whitespace.
+L 750 256 
output/otto-symmetry-head-v1/figure-01/symmetry-comparison.svg:8104: trailing whitespace.
+L 750 794 
output/otto-symmetry-head-v1/figure-01/symmetry-comparison.svg:8261: trailing whitespace.
+    <path d="M 466.461563 875.517187 
output/otto-symmetry-head-v1/figure-01/symmetry-comparison.svg:8262: trailing whitespace.
+L 490.461563 875.517187 
output/otto-symmetry-head-v1/figure-01/symmetry-comparison.svg:8263: trailing whitespace.
+L 490.461563 867.117188 
output/otto-symmetry-head-v1/figure-01/symmetry-comparison.svg:8264: trailing whitespace.
+L 466.461563 867.117188 
output/otto-symmetry-head-v1/figure-01/symmetry-comparison.svg:8280: trailing whitespace.
+    <path d="M 566.309062 875.517187 
output/otto-symmetry-head-v1/figure-01/symmetry-comparison.svg:8281: trailing whitespace.
+L 590.309062 875.517187 
output/otto-symmetry-head-v1/figure-01/symmetry-comparison.svg:8282: trailing whitespace.
+L 590.309062 867.117188 
output/otto-symmetry-head-v1/figure-01/symmetry-comparison.svg:8283: trailing whitespace.
+L 566.309062 867.117188 
output/otto-symmetry-head-v1/figure-01/symmetry-comparison.svg:8291: trailing whitespace.
+      <path id="DejaVuSans-27" d="M 1259 4147 
output/otto-symmetry-head-v1/figure-01/symmetry-comparison.svg:8292: trailing whitespace.
+L 1259 519 
output/otto-symmetry-head-v1/figure-01/symmetry-comparison.svg:8293: trailing whitespace.
+L 2022 519 
output/otto-symmetry-head-v1/figure-01/symmetry-comparison.svg:8294: trailing whitespace.
+Q 2988 519 3436 956 
output/otto-symmetry-head-v1/figure-01/symmetry-comparison.svg:8295: trailing whitespace.
+Q 3884 1394 3884 2338 
output/otto-symmetry-head-v1/figure-01/symmetry-comparison.svg:8296: trailing whitespace.
+Q 3884 3275 3436 3711 
output/otto-symmetry-head-v1/figure-01/symmetry-comparison.svg:8297: trailing whitespace.
+Q 2988 4147 2022 4147 
output/otto-symmetry-head-v1/figure-01/symmetry-comparison.svg:8298: trailing whitespace.
+L 1259 4147 
output/otto-symmetry-head-v1/figure-01/symmetry-comparison.svg:8300: trailing whitespace.
+M 628 4666 
output/otto-symmetry-head-v1/figure-01/symmetry-comparison.svg:8301: trailing whitespace.
+L 1925 4666 
output/otto-symmetry-head-v1/figure-01/symmetry-comparison.svg:8302: trailing whitespace.
+Q 3281 4666 3915 4102 
output/otto-symmetry-head-v1/figure-01/symmetry-comparison.svg:8303: trailing whitespace.
+Q 4550 3538 4550 2338 
output/otto-symmetry-head-v1/figure-01/symmetry-comparison.svg:8304: trailing whitespace.
+Q 4550 1131 3912 565 
output/otto-symmetry-head-v1/figure-01/symmetry-comparison.svg:8305: trailing whitespace.
+Q 3275 0 1925 0 
output/otto-symmetry-head-v1/figure-01/symmetry-comparison.svg:8306: trailing whitespace.
+L 628 0 
output/otto-symmetry-head-v1/figure-01/symmetry-comparison.svg:8307: trailing whitespace.
+L 628 4666 
output/otto-symmetry-head-v1/figure-01/symmetry-comparison.svg:8319: trailing whitespace.
+    <path d="M 661.772812 875.517187 
output/otto-symmetry-head-v1/figure-01/symmetry-comparison.svg:8320: trailing whitespace.
+L 685.772812 875.517187 
output/otto-symmetry-head-v1/figure-01/symmetry-comparison.svg:8321: trailing whitespace.
+L 685.772812 867.117188 
output/otto-symmetry-head-v1/figure-01/symmetry-comparison.svg:8322: trailing whitespace.
+L 661.772812 867.117188 
output/otto-symmetry-head-v1/figure-01/symmetry-comparison.svg:8346: trailing whitespace.
+    <path d="M 819.698437 875.517187 
output/otto-symmetry-head-v1/figure-01/symmetry-comparison.svg:8347: trailing whitespace.
+L 843.698437 875.517187 
output/otto-symmetry-head-v1/figure-01/symmetry-comparison.svg:8348: trailing whitespace.
+L 843.698437 867.117188 
output/otto-symmetry-head-v1/figure-01/symmetry-comparison.svg:8349: trailing whitespace.
+L 819.698437 867.117188 
