{"fit": "fold-0-meta-1101", "epoch": 1, "train_loss": 0.6752402663230896}
{"fit": "fold-0-meta-1101", "epoch": 2, "train_loss": 0.4225577513376872}
{"fit": "fold-0-meta-1101", "epoch": 3, "train_loss": 0.3330253044764201}
{"fit": "fold-0-meta-1101", "epoch": 4, "train_loss": 0.28624362746874493}
{"fit": "fold-0-meta-1101", "epoch": 5, "train_loss": 0.2573449303706487}
{"fit": "fold-0-meta-1101", "epoch": 6, "train_loss": 0.2357440322637558}
{"fit": "fold-0-meta-1101", "epoch": 7, "train_loss": 0.2181390325228373}
{"fit": "fold-0-meta-1101", "epoch": 8, "train_loss": 0.20507712165514627}
{"fit": "fold-0-meta-1101", "epoch": 9, "train_loss": 0.19249026278654735}
{"fit": "fold-0-meta-1101", "epoch": 10, "train_loss": 0.18212788105010985}
{"fit": "fold-0-meta-1101", "epoch": 11, "train_loss": 0.17282337347666424}
{"fit": "fold-0-meta-1101", "epoch": 12, "train_loss": 0.164710196852684}
{"fit": "fold-0-meta-1101", "epoch": 13, "train_loss": 0.15637756486733753}
{"fit": "fold-0-meta-1101", "epoch": 14, "train_loss": 0.14891988188028335}
{"fit": "fold-0-meta-1101", "epoch": 15, "train_loss": 0.1426802342136701}
{"fit": "fold-0-meta-1101", "epoch": 16, "train_loss": 0.1359720269838969}
{"fit": "fold-0-meta-1101", "epoch": 17, "train_loss": 0.13042767643928527}
{"fit": "fold-0-meta-1101", "epoch": 18, "train_loss": 0.12717511802911757}
{"fit": "fold-0-meta-1101", "epoch": 19, "train_loss": 0.12244270841280619}
{"fit": "fold-0-meta-1101", "epoch": 20, "train_loss": 0.11671816830833753}
{"fit": "fold-0-meta-1101", "epoch": 21, "train_loss": 0.11285055900613467}
{"fit": "fold-0-meta-1101", "epoch": 22, "train_loss": 0.10823706636826197}
{"fit": "fold-0-meta-1101", "epoch": 23, "train_loss": 0.10465161750713985}
{"fit": "fold-0-meta-1101", "epoch": 24, "train_loss": 0.10200991034507752}
{"fit": "fold-0-meta-1101", "epoch": 25, "train_loss": 0.09892656604448954}
{"fit": "fold-0-meta-1101", "epoch": 26, "train_loss": 0.09450055857499441}
{"fit": "fold-0-meta-1101", "epoch": 27, "train_loss": 0.09127519975105922}
{"fit": "fold-0-meta-1101", "epoch": 28, "train_loss": 0.08788798252741496}
{"fit": "fold-0-meta-1101", "epoch": 29, "train_loss": 0.08570366700490316}
{"fit": "fold-0-meta-1101", "epoch": 30, "train_loss": 0.08355598722894987}
{"fit": "fold-0-meta-1101", "epoch": 31, "train_loss": 0.08041338150699934}
{"fit": "fold-0-meta-1101", "epoch": 32, "train_loss": 0.07847333773970604}
{"fit": "fold-0-meta-1101", "epoch": 33, "train_loss": 0.07609929417570432}
{"fit": "fold-0-meta-1101", "epoch": 34, "train_loss": 0.07451064586639404}
{"fit": "fold-0-meta-1101", "epoch": 35, "train_loss": 0.07288876126209895}
{"fit": "fold-0-meta-1101", "epoch": 36, "train_loss": 0.07039760028322538}
{"fit": "fold-0-meta-1101", "epoch": 37, "train_loss": 0.06737087145447732}
{"fit": "fold-0-meta-1101", "epoch": 38, "train_loss": 0.06688567648331324}
{"fit": "fold-0-meta-1101", "epoch": 39, "train_loss": 0.06275966217120489}
{"fit": "fold-0-meta-1101", "epoch": 40, "train_loss": 0.061146413286527}
{"fit": "fold-0-meta-1101", "epoch": 41, "train_loss": 0.059160852680603664}
{"fit": "fold-0-meta-1101", "epoch": 42, "train_loss": 0.0580651876827081}
{"fit": "fold-0-meta-1101", "epoch": 43, "train_loss": 0.056161572535832725}
{"fit": "fold-0-meta-1101", "epoch": 44, "train_loss": 0.053874291976292926}
{"fit": "fold-0-meta-1101", "epoch": 45, "train_loss": 0.0532765785853068}
{"fit": "fold-0-meta-1101", "epoch": 46, "train_loss": 0.051227467507123946}
{"fit": "fold-0-gru-1101", "epoch": 1, "train_loss": 1.2221747914950052}
{"fit": "fold-0-gru-1101", "epoch": 2, "train_loss": 0.46220396359761556}
{"fit": "fold-0-gru-1101", "epoch": 3, "train_loss": 0.3237440188725789}
{"fit": "fold-0-gru-1101", "epoch": 4, "train_loss": 0.2210010677576065}
{"fit": "fold-0-gru-1101", "epoch": 5, "train_loss": 0.10147206286589304}
{"fit": "fold-0-gru-1101", "epoch": 6, "train_loss": 0.06968005547920862}
{"fit": "fold-0-gru-1101", "epoch": 7, "train_loss": 0.06243889828523}
{"fit": "fold-0-gru-1101", "epoch": 8, "train_loss": 0.060335248708724976}
{"fit": "fold-0-gru-1101", "epoch": 9, "train_loss": 0.057955742627382276}
{"fit": "fold-0-gru-1101", "epoch": 10, "train_loss": 0.05740311021606127}
{"fit": "fold-0-gru-1101", "epoch": 11, "train_loss": 0.05434176375468572}
{"fit": "fold-0-gru-1101", "epoch": 12, "train_loss": 0.05098315378030141}
{"fit": "fold-0-gru-1101", "epoch": 13, "train_loss": 0.048898906509081526}
{"fit": "fold-0-gru-1101", "epoch": 14, "train_loss": 0.04620626643300056}
{"fit": "fold-0-gru-1101", "epoch": 15, "train_loss": 0.043633970369895296}
{"fit": "fold-0-gru-1101", "epoch": 16, "train_loss": 0.04236288977166017}
{"fit": "fold-0-gru-1101", "epoch": 17, "train_loss": 0.039626084019740423}
{"fit": "fold-0-gru-1101", "epoch": 18, "train_loss": 0.03906099870800972}
{"fit": "fold-0-gru-1101", "epoch": 19, "train_loss": 0.03623487961788972}
{"fit": "fold-0-gru-1101", "epoch": 20, "train_loss": 0.0347656869639953}
{"fit": "fold-0-gru-1101", "epoch": 21, "train_loss": 0.03321598519881566}
{"fit": "fold-0-gru-1101", "epoch": 22, "train_loss": 0.02981294902662436}
{"fit": "fold-0-gru-1101", "epoch": 23, "train_loss": 0.028877529377738635}
{"fit": "fold-0-gru-1101", "epoch": 24, "train_loss": 0.027191232641537985}
{"fit": "fold-0-gru-1101", "epoch": 25, "train_loss": 0.025706943000356357}
{"fit": "fold-0-gru-1101", "epoch": 26, "train_loss": 0.02421309972802798}
{"fit": "fold-0-gru-1101", "epoch": 27, "train_loss": 0.023320944669346016}
{"fit": "fold-0-gru-1101", "epoch": 28, "train_loss": 0.022157365332047145}
{"fit": "fold-0-gru-1101", "epoch": 29, "train_loss": 0.021310254062215487}
{"fit": "fold-0-gru-1101", "epoch": 30, "train_loss": 0.019651756808161735}
{"fit": "fold-0-gru-1101", "epoch": 31, "train_loss": 0.02042876041183869}
{"fit": "fold-0-gru-1101", "epoch": 32, "train_loss": 0.01850279203305642}
{"fit": "fold-0-gru-1101", "epoch": 33, "train_loss": 0.017257956912120183}
{"fit": "fold-0-gru-1101", "epoch": 34, "train_loss": 0.01672610683987538}
{"fit": "fold-0-gru-1101", "epoch": 35, "train_loss": 0.01689590166012446}
{"fit": "fold-0-gru-1101", "epoch": 36, "train_loss": 0.015432429562012354}
{"fit": "fold-0-gru-1101", "epoch": 37, "train_loss": 0.014268293355902037}
{"fit": "fold-0-gru-1101", "epoch": 38, "train_loss": 0.013695604105790456}
{"fit": "fold-0-gru-1101", "epoch": 39, "train_loss": 0.012922760720054308}
{"fit": "fold-0-gru-1101", "epoch": 40, "train_loss": 0.011993501521646976}
{"fit": "fold-0-gru-1101", "epoch": 41, "train_loss": 0.011647031580408414}
{"fit": "fold-0-gru-1101", "epoch": 42, "train_loss": 0.01204692063232263}
{"fit": "fold-0-gru-1101", "epoch": 43, "train_loss": 0.011876659467816353}
{"fit": "fold-0-gru-1101", "epoch": 44, "train_loss": 0.010925140542288622}
{"fit": "fold-0-gru-1101", "epoch": 45, "train_loss": 0.010272476294388374}
{"fit": "fold-0-gru-1101", "epoch": 46, "train_loss": 0.00987833005686601}
{"fit": "fold-1-meta-1101", "epoch": 1, "train_loss": 0.7397811710834503}
{"fit": "fold-1-meta-1101", "epoch": 2, "train_loss": 0.4527603248755137}
{"fit": "fold-1-meta-1101", "epoch": 3, "train_loss": 0.3524562219778697}
{"fit": "fold-1-meta-1101", "epoch": 4, "train_loss": 0.30745366017023723}
{"fit": "fold-1-meta-1101", "epoch": 5, "train_loss": 0.27676159838835396}
{"fit": "fold-1-meta-1101", "epoch": 6, "train_loss": 0.25423841973145805}
{"fit": "fold-1-meta-1101", "epoch": 7, "train_loss": 0.236668598651886}
{"fit": "fold-1-meta-1101", "epoch": 8, "train_loss": 0.2209650953610738}
{"fit": "fold-1-meta-1101", "epoch": 9, "train_loss": 0.20581605434417724}
{"fit": "fold-1-meta-1101", "epoch": 10, "train_loss": 0.19455930789311726}
{"fit": "fold-1-meta-1101", "epoch": 11, "train_loss": 0.18565772970517477}
{"fit": "fold-1-meta-1101", "epoch": 12, "train_loss": 0.17458124160766603}
{"fit": "fold-1-meta-1101", "epoch": 13, "train_loss": 0.16736950079600016}
{"fit": "fold-1-meta-1101", "epoch": 14, "train_loss": 0.1588845133781433}
{"fit": "fold-1-meta-1101", "epoch": 15, "train_loss": 0.15282206783692043}
{"fit": "fold-1-meta-1101", "epoch": 16, "train_loss": 0.14540850172440212}
{"fit": "fold-1-meta-1101", "epoch": 17, "train_loss": 0.13870212584733962}
{"fit": "fold-1-meta-1101", "epoch": 18, "train_loss": 0.13495795528093973}
{"fit": "fold-1-meta-1101", "epoch": 19, "train_loss": 0.12888862242301305}
{"fit": "fold-1-meta-1101", "epoch": 20, "train_loss": 0.12498778452475866}
{"fit": "fold-1-meta-1101", "epoch": 21, "train_loss": 0.12048922628164291}
{"fit": "fold-1-meta-1101", "epoch": 22, "train_loss": 0.11672915120919546}
{"fit": "fold-1-meta-1101", "epoch": 23, "train_loss": 0.11268574198087057}
{"fit": "fold-1-meta-1101", "epoch": 24, "train_loss": 0.10941419651110967}
{"fit": "fold-1-meta-1101", "epoch": 25, "train_loss": 0.1060248464345932}
{"fit": "fold-1-meta-1101", "epoch": 26, "train_loss": 0.10363378822803497}
{"fit": "fold-1-meta-1101", "epoch": 27, "train_loss": 0.10081687619288762}
{"fit": "fold-1-meta-1101", "epoch": 28, "train_loss": 0.09784146050612132}
{"fit": "fold-1-meta-1101", "epoch": 29, "train_loss": 0.0966250295440356}
{"fit": "fold-1-meta-1101", "epoch": 30, "train_loss": 0.09389070222775141}
{"fit": "fold-1-meta-1101", "epoch": 31, "train_loss": 0.08994394615292549}
{"fit": "fold-1-meta-1101", "epoch": 32, "train_loss": 0.08578765938679377}
{"fit": "fold-1-meta-1101", "epoch": 33, "train_loss": 0.08367058038711547}
{"fit": "fold-1-meta-1101", "epoch": 34, "train_loss": 0.08037881702184677}
{"fit": "fold-1-meta-1101", "epoch": 35, "train_loss": 0.07843526353438696}
{"fit": "fold-1-meta-1101", "epoch": 36, "train_loss": 0.08050065139929453}
{"fit": "fold-1-meta-1101", "epoch": 37, "train_loss": 0.07618225092689196}
{"fit": "fold-1-meta-1101", "epoch": 38, "train_loss": 0.07230360309282939}
{"fit": "fold-1-meta-1101", "epoch": 39, "train_loss": 0.06996630380551021}
{"fit": "fold-1-meta-1101", "epoch": 40, "train_loss": 0.0673459822932879}
{"fit": "fold-1-meta-1101", "epoch": 41, "train_loss": 0.0662784829735756}
{"fit": "fold-1-meta-1101", "epoch": 42, "train_loss": 0.06397887269655864}
{"fit": "fold-1-meta-1101", "epoch": 43, "train_loss": 0.06118408590555191}
{"fit": "fold-1-meta-1101", "epoch": 44, "train_loss": 0.059635570148626964}
{"fit": "fold-1-meta-1101", "epoch": 45, "train_loss": 0.060559492806593576}
{"fit": "fold-1-meta-1101", "epoch": 46, "train_loss": 0.05814482693870862}
{"fit": "fold-1-gru-1101", "epoch": 1, "train_loss": 1.3900728265444438}
{"fit": "fold-1-gru-1101", "epoch": 2, "train_loss": 0.5453563074270884}
{"fit": "fold-1-gru-1101", "epoch": 3, "train_loss": 0.3792802194754283}
{"fit": "fold-1-gru-1101", "epoch": 4, "train_loss": 0.26333919664223987}
{"fit": "fold-1-gru-1101", "epoch": 5, "train_loss": 0.12216785997152328}
{"fit": "fold-1-gru-1101", "epoch": 6, "train_loss": 0.0799324984351794}
{"fit": "fold-1-gru-1101", "epoch": 7, "train_loss": 0.07108983347813289}
{"fit": "fold-1-gru-1101", "epoch": 8, "train_loss": 0.06715637097756068}
{"fit": "fold-1-gru-1101", "epoch": 9, "train_loss": 0.06365368068218231}
{"fit": "fold-1-gru-1101", "epoch": 10, "train_loss": 0.06175133089224497}
{"fit": "fold-1-gru-1101", "epoch": 11, "train_loss": 0.05899953072269758}
{"fit": "fold-1-gru-1101", "epoch": 12, "train_loss": 0.05630536377429962}
{"fit": "fold-1-gru-1101", "epoch": 13, "train_loss": 0.05250442425409953}
{"fit": "fold-1-gru-1101", "epoch": 14, "train_loss": 0.04944084460536639}
{"fit": "fold-1-gru-1101", "epoch": 15, "train_loss": 0.046176119397083916}
{"fit": "fold-1-gru-1101", "epoch": 16, "train_loss": 0.04305689036846161}
{"fit": "fold-1-gru-1101", "epoch": 17, "train_loss": 0.0408479409913222}
{"fit": "fold-1-gru-1101", "epoch": 18, "train_loss": 0.04034618077178796}
{"fit": "fold-1-gru-1101", "epoch": 19, "train_loss": 0.03746268923083941}
{"fit": "fold-1-gru-1101", "epoch": 20, "train_loss": 0.03491580275197824}
{"fit": "fold-1-gru-1101", "epoch": 21, "train_loss": 0.03321831884483496}
{"fit": "fold-1-gru-1101", "epoch": 22, "train_loss": 0.030934256936113038}
{"fit": "fold-1-gru-1101", "epoch": 23, "train_loss": 0.028294900059700014}
{"fit": "fold-1-gru-1101", "epoch": 24, "train_loss": 0.029716327041387557}
{"fit": "fold-1-gru-1101", "epoch": 25, "train_loss": 0.026030366122722626}
{"fit": "fold-1-gru-1101", "epoch": 26, "train_loss": 0.02436738635102908}
{"fit": "fold-1-gru-1101", "epoch": 27, "train_loss": 0.02342540839066108}
{"fit": "fold-1-gru-1101", "epoch": 28, "train_loss": 0.022221213206648827}
{"fit": "fold-1-gru-1101", "epoch": 29, "train_loss": 0.021963187182943027}
{"fit": "fold-1-gru-1101", "epoch": 30, "train_loss": 0.019515137001872063}
{"fit": "fold-1-gru-1101", "epoch": 31, "train_loss": 0.019235249360402426}
{"fit": "fold-1-gru-1101", "epoch": 32, "train_loss": 0.018040223109225432}
{"fit": "fold-1-gru-1101", "epoch": 33, "train_loss": 0.017758795370658238}
{"fit": "fold-1-gru-1101", "epoch": 34, "train_loss": 0.016656116085747876}
{"fit": "fold-1-gru-1101", "epoch": 35, "train_loss": 0.0155336103712519}
{"fit": "fold-1-gru-1101", "epoch": 36, "train_loss": 0.015574957306186358}
{"fit": "fold-1-gru-1101", "epoch": 37, "train_loss": 0.014600684555868307}
{"fit": "fold-1-gru-1101", "epoch": 38, "train_loss": 0.013910264521837235}
{"fit": "fold-1-gru-1101", "epoch": 39, "train_loss": 0.014249296175936859}
{"fit": "fold-1-gru-1101", "epoch": 40, "train_loss": 0.013387000188231468}
{"fit": "fold-1-gru-1101", "epoch": 41, "train_loss": 0.012478110504647096}
{"fit": "fold-1-gru-1101", "epoch": 42, "train_loss": 0.012877342104911805}
{"fit": "fold-1-gru-1101", "epoch": 43, "train_loss": 0.012910985387861729}
{"fit": "fold-1-gru-1101", "epoch": 44, "train_loss": 0.011702723739047845}
{"fit": "fold-1-gru-1101", "epoch": 45, "train_loss": 0.010779741406440734}
{"fit": "fold-1-gru-1101", "epoch": 46, "train_loss": 0.010352651029825211}
{"fit": "fold-2-meta-1101", "epoch": 1, "train_loss": 0.7493728637695313}
{"fit": "fold-2-meta-1101", "epoch": 2, "train_loss": 0.46701420148213707}
{"fit": "fold-2-meta-1101", "epoch": 3, "train_loss": 0.36929358045260113}
{"fit": "fold-2-meta-1101", "epoch": 4, "train_loss": 0.31994762221972145}
{"fit": "fold-2-meta-1101", "epoch": 5, "train_loss": 0.28532168169816335}
{"fit": "fold-2-meta-1101", "epoch": 6, "train_loss": 0.26332428157329557}
{"fit": "fold-2-meta-1101", "epoch": 7, "train_loss": 0.24474772016207377}
{"fit": "fold-2-meta-1101", "epoch": 8, "train_loss": 0.2299732396999995}
{"fit": "fold-2-meta-1101", "epoch": 9, "train_loss": 0.2148860643307368}
{"fit": "fold-2-meta-1101", "epoch": 10, "train_loss": 0.20358677605787914}
{"fit": "fold-2-meta-1101", "epoch": 11, "train_loss": 0.1932808111111323}
{"fit": "fold-2-meta-1101", "epoch": 12, "train_loss": 0.18306639989217122}
{"fit": "fold-2-meta-1101", "epoch": 13, "train_loss": 0.17497184077898661}
{"fit": "fold-2-meta-1101", "epoch": 14, "train_loss": 0.16791375478108725}
{"fit": "fold-2-meta-1101", "epoch": 15, "train_loss": 0.16194989979267121}
{"fit": "fold-2-meta-1101", "epoch": 16, "train_loss": 0.1532095049818357}
{"fit": "fold-2-meta-1101", "epoch": 17, "train_loss": 0.14501205037037532}
{"fit": "fold-2-meta-1101", "epoch": 18, "train_loss": 0.1393629029393196}
{"fit": "fold-2-meta-1101", "epoch": 19, "train_loss": 0.13296540826559067}
{"fit": "fold-2-meta-1101", "epoch": 20, "train_loss": 0.12776879866917928}
{"fit": "fold-2-meta-1101", "epoch": 21, "train_loss": 0.12317412098248799}
{"fit": "fold-2-meta-1101", "epoch": 22, "train_loss": 0.11890603353579839}
{"fit": "fold-2-meta-1101", "epoch": 23, "train_loss": 0.11532156119743983}
{"fit": "fold-2-meta-1101", "epoch": 24, "train_loss": 0.11090279271205267}
{"fit": "fold-2-meta-1101", "epoch": 25, "train_loss": 0.10664906948804856}
{"fit": "fold-2-meta-1101", "epoch": 26, "train_loss": 0.10373175491889318}
{"fit": "fold-2-meta-1101", "epoch": 27, "train_loss": 0.0996540442109108}
{"fit": "fold-2-meta-1101", "epoch": 28, "train_loss": 0.09636861632267633}
{"fit": "fold-2-meta-1101", "epoch": 29, "train_loss": 0.09428163642684619}
{"fit": "fold-2-meta-1101", "epoch": 30, "train_loss": 0.09075294733047486}
{"fit": "fold-2-meta-1101", "epoch": 31, "train_loss": 0.08770100871721903}
{"fit": "fold-2-meta-1101", "epoch": 32, "train_loss": 0.08517245451609294}
{"fit": "fold-2-meta-1101", "epoch": 33, "train_loss": 0.08292672087748845}
{"fit": "fold-2-meta-1101", "epoch": 34, "train_loss": 0.08248593583703041}
{"fit": "fold-2-meta-1101", "epoch": 35, "train_loss": 0.07845307836929957}
{"fit": "fold-2-meta-1101", "epoch": 36, "train_loss": 0.07832142810026804}
{"fit": "fold-2-meta-1101", "epoch": 37, "train_loss": 0.07437802702188492}
{"fit": "fold-2-meta-1101", "epoch": 38, "train_loss": 0.07197629188497862}
{"fit": "fold-2-meta-1101", "epoch": 39, "train_loss": 0.07047051737705866}
{"fit": "fold-2-meta-1101", "epoch": 40, "train_loss": 0.0693688948949178}
{"fit": "fold-2-meta-1101", "epoch": 41, "train_loss": 0.06703272014856339}
{"fit": "fold-2-meta-1101", "epoch": 42, "train_loss": 0.06794878890117009}
{"fit": "fold-2-meta-1101", "epoch": 43, "train_loss": 0.06964075043797494}
{"fit": "fold-2-meta-1101", "epoch": 44, "train_loss": 0.06628991464773813}
{"fit": "fold-2-meta-1101", "epoch": 45, "train_loss": 0.06329294070601463}
{"fit": "fold-2-meta-1101", "epoch": 46, "train_loss": 0.060650623341401415}
{"fit": "fold-2-gru-1101", "epoch": 1, "train_loss": 1.3358845313390095}
{"fit": "fold-2-gru-1101", "epoch": 2, "train_loss": 0.5269766589005788}
{"fit": "fold-2-gru-1101", "epoch": 3, "train_loss": 0.3774615228176117}
{"fit": "fold-2-gru-1101", "epoch": 4, "train_loss": 0.2581791877746582}
{"fit": "fold-2-gru-1101", "epoch": 5, "train_loss": 0.1252651959657669}
{"fit": "fold-2-gru-1101", "epoch": 6, "train_loss": 0.09014108628034592}
{"fit": "fold-2-gru-1101", "epoch": 7, "train_loss": 0.0809789980451266}
{"fit": "fold-2-gru-1101", "epoch": 8, "train_loss": 0.07661858797073365}
{"fit": "fold-2-gru-1101", "epoch": 9, "train_loss": 0.073193871229887}
{"fit": "fold-2-gru-1101", "epoch": 10, "train_loss": 0.06977002123991648}
{"fit": "fold-2-gru-1101", "epoch": 11, "train_loss": 0.06591052661339442}
{"fit": "fold-2-gru-1101", "epoch": 12, "train_loss": 0.0638134258488814}
{"fit": "fold-2-gru-1101", "epoch": 13, "train_loss": 0.059646585832039516}
{"fit": "fold-2-gru-1101", "epoch": 14, "train_loss": 0.05579745322465897}
{"fit": "fold-2-gru-1101", "epoch": 15, "train_loss": 0.05403559803962708}
{"fit": "fold-2-gru-1101", "epoch": 16, "train_loss": 0.04914592057466507}
{"fit": "fold-2-gru-1101", "epoch": 17, "train_loss": 0.044394500305255255}
{"fit": "fold-2-gru-1101", "epoch": 18, "train_loss": 0.042683938642342885}
{"fit": "fold-2-gru-1101", "epoch": 19, "train_loss": 0.040282828360795976}
{"fit": "fold-2-gru-1101", "epoch": 20, "train_loss": 0.036306598285834}
{"fit": "fold-2-gru-1101", "epoch": 21, "train_loss": 0.03361505977809429}
{"fit": "fold-2-gru-1101", "epoch": 22, "train_loss": 0.031181053072214127}
{"fit": "fold-2-gru-1101", "epoch": 23, "train_loss": 0.029022840907176335}
{"fit": "fold-2-gru-1101", "epoch": 24, "train_loss": 0.027703525995214782}
{"fit": "fold-2-gru-1101", "epoch": 25, "train_loss": 0.024748708680272104}
{"fit": "fold-2-gru-1101", "epoch": 26, "train_loss": 0.024144160250822704}
{"fit": "fold-2-gru-1101", "epoch": 27, "train_loss": 0.022561670715610185}
{"fit": "fold-2-gru-1101", "epoch": 28, "train_loss": 0.021452268585562706}
{"fit": "fold-2-gru-1101", "epoch": 29, "train_loss": 0.020283588394522666}
{"fit": "fold-2-gru-1101", "epoch": 30, "train_loss": 0.019852785269419353}
{"fit": "fold-2-gru-1101", "epoch": 31, "train_loss": 0.019829145881036916}
{"fit": "fold-2-gru-1101", "epoch": 32, "train_loss": 0.01823908562461535}
{"fit": "fold-2-gru-1101", "epoch": 33, "train_loss": 0.01749101604024569}
{"fit": "fold-2-gru-1101", "epoch": 34, "train_loss": 0.016276508880158264}
{"fit": "fold-2-gru-1101", "epoch": 35, "train_loss": 0.015292804315686226}
{"fit": "fold-2-gru-1101", "epoch": 36, "train_loss": 0.014754677067200343}
{"fit": "fold-2-gru-1101", "epoch": 37, "train_loss": 0.014393900086482366}
{"fit": "fold-2-gru-1101", "epoch": 38, "train_loss": 0.013587884604930878}
{"fit": "fold-2-gru-1101", "epoch": 39, "train_loss": 0.013074481921891371}
{"fit": "fold-2-gru-1101", "epoch": 40, "train_loss": 0.012607052053014437}
{"fit": "fold-2-gru-1101", "epoch": 41, "train_loss": 0.011689638222257296}
{"fit": "fold-2-gru-1101", "epoch": 42, "train_loss": 0.01116519837329785}
{"fit": "fold-2-gru-1101", "epoch": 43, "train_loss": 0.010732965792218845}
{"fit": "fold-2-gru-1101", "epoch": 44, "train_loss": 0.010410926087448995}
{"fit": "fold-2-gru-1101", "epoch": 45, "train_loss": 0.009993764199316501}
{"fit": "fold-2-gru-1101", "epoch": 46, "train_loss": 0.010270637708405654}
{"fit": "is_summary-1101", "epoch": 1, "train_loss": 0.04525274775094456}
{"fit": "is_summary-1101", "epoch": 2, "train_loss": 0.04098916169669893}
{"fit": "is_summary-1101", "epoch": 3, "train_loss": 0.03273015382389228}
{"fit": "is_summary-1101", "epoch": 4, "train_loss": 0.023358694194919535}
{"fit": "is_summary-1101", "epoch": 5, "train_loss": 0.017190801062517694}
{"fit": "is_summary-1101", "epoch": 6, "train_loss": 0.014067466536329853}
{"fit": "is_summary-1101", "epoch": 7, "train_loss": 0.012605594305528534}
{"fit": "is_summary-1101", "epoch": 8, "train_loss": 0.011820212772323025}
{"fit": "is_summary-1101", "epoch": 9, "train_loss": 0.011341984859771198}
{"fit": "is_summary-1101", "epoch": 10, "train_loss": 0.011027810929550064}
{"fit": "is_summary-1101", "epoch": 11, "train_loss": 0.010810697244273292}
{"fit": "is_summary-1101", "epoch": 12, "train_loss": 0.010645492643945747}
{"fit": "is_summary-1101", "epoch": 13, "train_loss": 0.010518929755522145}
{"fit": "is_summary-1101", "epoch": 14, "train_loss": 0.010423103161156178}
{"fit": "is_summary-1101", "epoch": 15, "train_loss": 0.010339236197372278}
{"fit": "is_summary-1101", "epoch": 16, "train_loss": 0.0102747717872262}
{"fit": "is_summary-1101", "epoch": 17, "train_loss": 0.010218545370217826}
{"fit": "is_summary-1101", "epoch": 18, "train_loss": 0.010172353891862763}
{"fit": "is_summary-1101", "epoch": 19, "train_loss": 0.010132192364997334}
{"fit": "is_summary-1101", "epoch": 20, "train_loss": 0.010098446967701118}
{"fit": "is_summary-1101", "epoch": 21, "train_loss": 0.010066922174559699}
{"fit": "is_summary-1101", "epoch": 22, "train_loss": 0.010041220817301008}
{"fit": "is_summary-1101", "epoch": 23, "train_loss": 0.01001701992419031}
{"fit": "is_summary-1101", "epoch": 24, "train_loss": 0.009995074363218413}
{"fit": "is_summary-1101", "epoch": 25, "train_loss": 0.0099761465150449}
{"fit": "is_summary-1101", "epoch": 26, "train_loss": 0.009959614814983473}
{"fit": "is_summary-1101", "epoch": 27, "train_loss": 0.009943485342793995}
{"fit": "is_summary-1101", "epoch": 28, "train_loss": 0.009929937082860205}
{"fit": "is_summary-1101", "epoch": 29, "train_loss": 0.009916885921524631}
{"fit": "is_summary-1101", "epoch": 30, "train_loss": 0.009905373719003465}
{"fit": "is_recurrent-1101", "epoch": 1, "train_loss": 0.044111508462164134}
{"fit": "is_recurrent-1101", "epoch": 2, "train_loss": 0.03716304223570559}
{"fit": "is_recurrent-1101", "epoch": 3, "train_loss": 0.02665451243519783}
{"fit": "is_recurrent-1101", "epoch": 4, "train_loss": 0.019011864107516076}
{"fit": "is_recurrent-1101", "epoch": 5, "train_loss": 0.015442092758085993}
{"fit": "is_recurrent-1101", "epoch": 6, "train_loss": 0.013698463328182697}
{"fit": "is_recurrent-1101", "epoch": 7, "train_loss": 0.012747942821847068}
{"fit": "is_recurrent-1101", "epoch": 8, "train_loss": 0.012133813028534253}
{"fit": "is_recurrent-1101", "epoch": 9, "train_loss": 0.011724040905634562}
{"fit": "is_recurrent-1101", "epoch": 10, "train_loss": 0.011421398321787516}
{"fit": "is_recurrent-1101", "epoch": 11, "train_loss": 0.01119619131916099}
{"fit": "is_recurrent-1101", "epoch": 12, "train_loss": 0.011014327758716212}
{"fit": "is_recurrent-1101", "epoch": 13, "train_loss": 0.010871163652175003}
{"fit": "is_recurrent-1101", "epoch": 14, "train_loss": 0.010754374869995647}
{"fit": "is_recurrent-1101", "epoch": 15, "train_loss": 0.010653378607498275}
{"fit": "is_recurrent-1101", "epoch": 16, "train_loss": 0.01057029039495521}
{"fit": "is_recurrent-1101", "epoch": 17, "train_loss": 0.010498116982893812}
{"fit": "is_recurrent-1101", "epoch": 18, "train_loss": 0.01043666522536013}
{"fit": "is_recurrent-1101", "epoch": 19, "train_loss": 0.010382029455569056}
{"fit": "is_recurrent-1101", "epoch": 20, "train_loss": 0.010335118758181732}
{"fit": "is_recurrent-1101", "epoch": 21, "train_loss": 0.010291726970010334}
{"fit": "is_recurrent-1101", "epoch": 22, "train_loss": 0.010255728144612578}
{"fit": "is_recurrent-1101", "epoch": 23, "train_loss": 0.010220584790739748}
{"fit": "is_recurrent-1101", "epoch": 24, "train_loss": 0.010189682079686058}
{"fit": "is_recurrent-1101", "epoch": 25, "train_loss": 0.010162074522425731}
{"fit": "is_recurrent-1101", "epoch": 26, "train_loss": 0.010137214408152634}
{"fit": "is_recurrent-1101", "epoch": 27, "train_loss": 0.010113942374785741}
{"fit": "is_recurrent-1101", "epoch": 28, "train_loss": 0.010093520291977458}
{"fit": "is_recurrent-1101", "epoch": 29, "train_loss": 0.010073683390186893}
{"fit": "is_recurrent-1101", "epoch": 30, "train_loss": 0.010056439725061258}
{"fit": "oof_summary-1101", "epoch": 1, "train_loss": 0.07794245547718472}
{"fit": "oof_summary-1101", "epoch": 2, "train_loss": 0.07242946508857939}
{"fit": "oof_summary-1101", "epoch": 3, "train_loss": 0.06278303066889444}
{"fit": "oof_summary-1101", "epoch": 4, "train_loss": 0.051115629408094616}
{"fit": "oof_summary-1101", "epoch": 5, "train_loss": 0.04260493599706226}
{"fit": "oof_summary-1101", "epoch": 6, "train_loss": 0.03792723673913214}
{"fit": "oof_summary-1101", "epoch": 7, "train_loss": 0.03566448539495468}
{"fit": "oof_summary-1101", "epoch": 8, "train_loss": 0.034486482044061025}
{"fit": "oof_summary-1101", "epoch": 9, "train_loss": 0.03372377898130152}
{"fit": "oof_summary-1101", "epoch": 10, "train_loss": 0.03325811425844828}
{"fit": "oof_summary-1101", "epoch": 11, "train_loss": 0.03293081699974007}
{"fit": "oof_summary-1101", "epoch": 12, "train_loss": 0.032672503176662655}
{"fit": "oof_summary-1101", "epoch": 13, "train_loss": 0.03249774914648798}
{"fit": "oof_summary-1101", "epoch": 14, "train_loss": 0.03236595309442944}
{"fit": "oof_summary-1101", "epoch": 15, "train_loss": 0.03211689127816094}
{"fit": "oof_summary-1101", "epoch": 16, "train_loss": 0.032047003010908764}
{"fit": "oof_summary-1101", "epoch": 17, "train_loss": 0.03190332671834363}
{"fit": "oof_summary-1101", "epoch": 18, "train_loss": 0.03179450498686896}
{"fit": "oof_summary-1101", "epoch": 19, "train_loss": 0.031693364100323786}
{"fit": "oof_summary-1101", "epoch": 20, "train_loss": 0.031626824703481465}
{"fit": "oof_summary-1101", "epoch": 21, "train_loss": 0.031513110217120915}
{"fit": "oof_summary-1101", "epoch": 22, "train_loss": 0.031414350618918736}
{"fit": "oof_summary-1101", "epoch": 23, "train_loss": 0.03135233322779338}
{"fit": "oof_summary-1101", "epoch": 24, "train_loss": 0.03128484297129843}
{"fit": "oof_summary-1101", "epoch": 25, "train_loss": 0.031192230764362547}
{"fit": "oof_summary-1101", "epoch": 26, "train_loss": 0.031152137286133235}
{"fit": "oof_summary-1101", "epoch": 27, "train_loss": 0.031174965989258556}
{"fit": "oof_summary-1101", "epoch": 28, "train_loss": 0.03098721578717232}
{"fit": "oof_summary-1101", "epoch": 29, "train_loss": 0.030929958696166673}
{"fit": "oof_summary-1101", "epoch": 30, "train_loss": 0.03083793061474959}
{"fit": "oof_recurrent-1101", "epoch": 1, "train_loss": 0.0764613989326689}
{"fit": "oof_recurrent-1101", "epoch": 2, "train_loss": 0.06761837874849637}
{"fit": "oof_recurrent-1101", "epoch": 3, "train_loss": 0.05434173312452104}
{"fit": "oof_recurrent-1101", "epoch": 4, "train_loss": 0.04421106510692173}
{"fit": "oof_recurrent-1101", "epoch": 5, "train_loss": 0.03948250354992019}
{"fit": "oof_recurrent-1101", "epoch": 6, "train_loss": 0.03708798661828041}
{"fit": "oof_recurrent-1101", "epoch": 7, "train_loss": 0.03576174717810419}
{"fit": "oof_recurrent-1101", "epoch": 8, "train_loss": 0.03493557009432051}
{"fit": "oof_recurrent-1101", "epoch": 9, "train_loss": 0.03436973446773158}
{"fit": "oof_recurrent-1101", "epoch": 10, "train_loss": 0.033994121932321125}
{"fit": "oof_recurrent-1101", "epoch": 11, "train_loss": 0.03369998323420684}
{"fit": "oof_recurrent-1101", "epoch": 12, "train_loss": 0.03346695606079367}
{"fit": "oof_recurrent-1101", "epoch": 13, "train_loss": 0.03327937010261747}
{"fit": "oof_recurrent-1101", "epoch": 14, "train_loss": 0.033120710361335015}
{"fit": "oof_recurrent-1101", "epoch": 15, "train_loss": 0.03297991111046738}
{"fit": "oof_recurrent-1101", "epoch": 16, "train_loss": 0.03286416812075509}
{"fit": "oof_recurrent-1101", "epoch": 17, "train_loss": 0.032763583461443584}
{"fit": "oof_recurrent-1101", "epoch": 18, "train_loss": 0.03267484034101168}
{"fit": "oof_recurrent-1101", "epoch": 19, "train_loss": 0.03259674352076319}
{"fit": "oof_recurrent-1101", "epoch": 20, "train_loss": 0.032516361938582525}
{"fit": "oof_recurrent-1101", "epoch": 21, "train_loss": 0.03240813902682728}
{"fit": "oof_recurrent-1101", "epoch": 22, "train_loss": 0.03228254814942678}
{"fit": "oof_recurrent-1101", "epoch": 23, "train_loss": 0.032572409510612486}
{"fit": "oof_recurrent-1101", "epoch": 24, "train_loss": 0.032418011294470896}
{"fit": "oof_recurrent-1101", "epoch": 25, "train_loss": 0.03222941118809912}
{"fit": "oof_recurrent-1101", "epoch": 26, "train_loss": 0.03217036782039536}
{"fit": "oof_recurrent-1101", "epoch": 27, "train_loss": 0.03211653091841274}
{"fit": "oof_recurrent-1101", "epoch": 28, "train_loss": 0.032060770980185935}
{"fit": "oof_recurrent-1101", "epoch": 29, "train_loss": 0.0320113273544444}
{"fit": "oof_recurrent-1101", "epoch": 30, "train_loss": 0.031948915289507974}
{"constant_fit": "is_constant-1101", "seconds": 0.15170475002378225}
{"constant_fit": "oof_constant-1101", "seconds": 0.1943654171191156}
{"constant_fit": "full_constant-1101", "seconds": 0.16237425012513995}
{"fit": "fold-0-meta-1202", "epoch": 1, "train_loss": 0.7571066637833913}
{"fit": "fold-0-meta-1202", "epoch": 2, "train_loss": 0.4149363080660502}
{"fit": "fold-0-meta-1202", "epoch": 3, "train_loss": 0.32677491108576456}
{"fit": "fold-0-meta-1202", "epoch": 4, "train_loss": 0.2818610280752182}
{"fit": "fold-0-meta-1202", "epoch": 5, "train_loss": 0.2559603641430537}
{"fit": "fold-0-meta-1202", "epoch": 6, "train_loss": 0.23695967197418213}
{"fit": "fold-0-meta-1202", "epoch": 7, "train_loss": 0.221478666861852}
{"fit": "fold-0-meta-1202", "epoch": 8, "train_loss": 0.20588881373405457}
{"fit": "fold-0-meta-1202", "epoch": 9, "train_loss": 0.19550578395525614}
{"fit": "fold-0-meta-1202", "epoch": 10, "train_loss": 0.18477397461732228}
{"fit": "fold-0-meta-1202", "epoch": 11, "train_loss": 0.17511215607325237}
{"fit": "fold-0-meta-1202", "epoch": 12, "train_loss": 0.16701019605000814}
{"fit": "fold-0-meta-1202", "epoch": 13, "train_loss": 0.15855484157800676}
{"fit": "fold-0-meta-1202", "epoch": 14, "train_loss": 0.15029261857271195}
{"fit": "fold-0-meta-1202", "epoch": 15, "train_loss": 0.14460858156283696}
{"fit": "fold-0-meta-1202", "epoch": 16, "train_loss": 0.14006680051485698}
{"fit": "fold-0-meta-1202", "epoch": 17, "train_loss": 0.1340636024872462}
{"fit": "fold-0-meta-1202", "epoch": 18, "train_loss": 0.130227958659331}
{"fit": "fold-0-meta-1202", "epoch": 19, "train_loss": 0.12578743000825246}
{"fit": "fold-0-meta-1202", "epoch": 20, "train_loss": 0.12112717926502228}
{"fit": "fold-0-meta-1202", "epoch": 21, "train_loss": 0.11652038842439652}
{"fit": "fold-0-meta-1202", "epoch": 22, "train_loss": 0.11357328196366628}
{"fit": "fold-0-meta-1202", "epoch": 23, "train_loss": 0.10982434451580048}
{"fit": "fold-0-meta-1202", "epoch": 24, "train_loss": 0.10606670727332433}
{"fit": "fold-0-meta-1202", "epoch": 25, "train_loss": 0.1037057583530744}
{"fit": "fold-0-meta-1202", "epoch": 26, "train_loss": 0.10030136158068975}
{"fit": "fold-0-meta-1202", "epoch": 27, "train_loss": 0.10117460042238235}
{"fit": "fold-0-meta-1202", "epoch": 28, "train_loss": 0.0960586021343867}
{"fit": "fold-0-meta-1202", "epoch": 29, "train_loss": 0.09192753185828527}
{"fit": "fold-0-meta-1202", "epoch": 30, "train_loss": 0.08940283929308256}
{"fit": "fold-0-meta-1202", "epoch": 31, "train_loss": 0.08654797921578089}
{"fit": "fold-0-meta-1202", "epoch": 32, "train_loss": 0.08365467389424643}
{"fit": "fold-0-meta-1202", "epoch": 33, "train_loss": 0.08339494814475377}
{"fit": "fold-0-meta-1202", "epoch": 34, "train_loss": 0.08205341671903928}
{"fit": "fold-0-meta-1202", "epoch": 35, "train_loss": 0.07827895085016887}
{"fit": "fold-0-meta-1202", "epoch": 36, "train_loss": 0.07632141088445982}
{"fit": "fold-0-meta-1202", "epoch": 37, "train_loss": 0.0758062851925691}
{"fit": "fold-0-meta-1202", "epoch": 38, "train_loss": 0.0727139783402284}
{"fit": "fold-0-meta-1202", "epoch": 39, "train_loss": 0.07267787083983421}
{"fit": "fold-0-meta-1202", "epoch": 40, "train_loss": 0.06996606464187304}
{"fit": "fold-0-meta-1202", "epoch": 41, "train_loss": 0.06777105033397675}
{"fit": "fold-0-meta-1202", "epoch": 42, "train_loss": 0.0660634217162927}
{"fit": "fold-0-meta-1202", "epoch": 43, "train_loss": 0.06351987943053246}
{"fit": "fold-0-meta-1202", "epoch": 44, "train_loss": 0.06355225170652072}
{"fit": "fold-0-meta-1202", "epoch": 45, "train_loss": 0.06039044161637624}
{"fit": "fold-0-meta-1202", "epoch": 46, "train_loss": 0.05952067896723747}
{"fit": "fold-0-gru-1202", "epoch": 1, "train_loss": 1.234534776210785}
{"fit": "fold-0-gru-1202", "epoch": 2, "train_loss": 0.4663218359152476}
{"fit": "fold-0-gru-1202", "epoch": 3, "train_loss": 0.3085749437411626}
{"fit": "fold-0-gru-1202", "epoch": 4, "train_loss": 0.20311285058657327}
{"fit": "fold-0-gru-1202", "epoch": 5, "train_loss": 0.09596010620395343}
{"fit": "fold-0-gru-1202", "epoch": 6, "train_loss": 0.06997006883223851}
{"fit": "fold-0-gru-1202", "epoch": 7, "train_loss": 0.064249121149381}
{"fit": "fold-0-gru-1202", "epoch": 8, "train_loss": 0.06116617346803347}
{"fit": "fold-0-gru-1202", "epoch": 9, "train_loss": 0.057191788653532666}
{"fit": "fold-0-gru-1202", "epoch": 10, "train_loss": 0.05409366860985756}
{"fit": "fold-0-gru-1202", "epoch": 11, "train_loss": 0.05295763264099757}
{"fit": "fold-0-gru-1202", "epoch": 12, "train_loss": 0.04817251165707906}
{"fit": "fold-0-gru-1202", "epoch": 13, "train_loss": 0.04571153049667676}
{"fit": "fold-0-gru-1202", "epoch": 14, "train_loss": 0.04565212627251943}
{"fit": "fold-0-gru-1202", "epoch": 15, "train_loss": 0.04230076173941295}
{"fit": "fold-0-gru-1202", "epoch": 16, "train_loss": 0.039882906277974445}
{"fit": "fold-0-gru-1202", "epoch": 17, "train_loss": 0.038469382127126056}
{"fit": "fold-0-gru-1202", "epoch": 18, "train_loss": 0.036665203794836995}
{"fit": "fold-0-gru-1202", "epoch": 19, "train_loss": 0.03514893054962158}
{"fit": "fold-0-gru-1202", "epoch": 20, "train_loss": 0.033342737207810086}
{"fit": "fold-0-gru-1202", "epoch": 21, "train_loss": 0.03217994011938572}
{"fit": "fold-0-gru-1202", "epoch": 22, "train_loss": 0.02979585975408554}
{"fit": "fold-0-gru-1202", "epoch": 23, "train_loss": 0.029834613079826038}
{"fit": "fold-0-gru-1202", "epoch": 24, "train_loss": 0.02712166669468085}
{"fit": "fold-0-gru-1202", "epoch": 25, "train_loss": 0.02551363843182723}
{"fit": "fold-0-gru-1202", "epoch": 26, "train_loss": 0.025101038937767346}
{"fit": "fold-0-gru-1202", "epoch": 27, "train_loss": 0.022373772164185842}
{"fit": "fold-0-gru-1202", "epoch": 28, "train_loss": 0.020746023456255595}
{"fit": "fold-0-gru-1202", "epoch": 29, "train_loss": 0.019776818715035914}
{"fit": "fold-0-gru-1202", "epoch": 30, "train_loss": 0.018896526843309402}
{"fit": "fold-0-gru-1202", "epoch": 31, "train_loss": 0.017798142693936824}
{"fit": "fold-0-gru-1202", "epoch": 32, "train_loss": 0.01639729707191388}
{"fit": "fold-0-gru-1202", "epoch": 33, "train_loss": 0.015772441464165846}
{"fit": "fold-0-gru-1202", "epoch": 34, "train_loss": 0.014747883255283038}
{"fit": "fold-0-gru-1202", "epoch": 35, "train_loss": 0.014433871830503146}
{"fit": "fold-0-gru-1202", "epoch": 36, "train_loss": 0.013337032000223795}
{"fit": "fold-0-gru-1202", "epoch": 37, "train_loss": 0.013247177377343178}
{"fit": "fold-0-gru-1202", "epoch": 38, "train_loss": 0.01262370366603136}
{"fit": "fold-0-gru-1202", "epoch": 39, "train_loss": 0.01181176636988918}
{"fit": "fold-0-gru-1202", "epoch": 40, "train_loss": 0.011339686873058478}
{"fit": "fold-0-gru-1202", "epoch": 41, "train_loss": 0.011010245916744073}
{"fit": "fold-0-gru-1202", "epoch": 42, "train_loss": 0.010685182238618533}
{"fit": "fold-0-gru-1202", "epoch": 43, "train_loss": 0.010540920744339625}
{"fit": "fold-0-gru-1202", "epoch": 44, "train_loss": 0.00977420127019286}
{"fit": "fold-0-gru-1202", "epoch": 45, "train_loss": 0.009218079255272944}
{"fit": "fold-0-gru-1202", "epoch": 46, "train_loss": 0.009146428760141134}
{"fit": "fold-1-meta-1202", "epoch": 1, "train_loss": 0.8425428410371144}
{"fit": "fold-1-meta-1202", "epoch": 2, "train_loss": 0.45295426845550535}
{"fit": "fold-1-meta-1202", "epoch": 3, "train_loss": 0.35978530248006185}
{"fit": "fold-1-meta-1202", "epoch": 4, "train_loss": 0.3072913924853007}
{"fit": "fold-1-meta-1202", "epoch": 5, "train_loss": 0.27590216398239137}
{"fit": "fold-1-meta-1202", "epoch": 6, "train_loss": 0.25420145491758983}
{"fit": "fold-1-meta-1202", "epoch": 7, "train_loss": 0.23500390946865082}
{"fit": "fold-1-meta-1202", "epoch": 8, "train_loss": 0.21869876980781555}
{"fit": "fold-1-meta-1202", "epoch": 9, "train_loss": 0.20494488775730133}
{"fit": "fold-1-meta-1202", "epoch": 10, "train_loss": 0.19392199516296388}
{"fit": "fold-1-meta-1202", "epoch": 11, "train_loss": 0.18355805277824402}
{"fit": "fold-1-meta-1202", "epoch": 12, "train_loss": 0.17351734538873037}
{"fit": "fold-1-meta-1202", "epoch": 13, "train_loss": 0.16513740470012028}
{"fit": "fold-1-meta-1202", "epoch": 14, "train_loss": 0.15756198068459829}
{"fit": "fold-1-meta-1202", "epoch": 15, "train_loss": 0.1518067166209221}
{"fit": "fold-1-meta-1202", "epoch": 16, "train_loss": 0.14376033743222555}
{"fit": "fold-1-meta-1202", "epoch": 17, "train_loss": 0.13728381097316741}
{"fit": "fold-1-meta-1202", "epoch": 18, "train_loss": 0.13300858438014984}
{"fit": "fold-1-meta-1202", "epoch": 19, "train_loss": 0.12698861360549926}
{"fit": "fold-1-meta-1202", "epoch": 20, "train_loss": 0.1219187726577123}
{"fit": "fold-1-meta-1202", "epoch": 21, "train_loss": 0.11749653369188309}
{"fit": "fold-1-meta-1202", "epoch": 22, "train_loss": 0.1134806806842486}
{"fit": "fold-1-meta-1202", "epoch": 23, "train_loss": 0.10964230497678121}
{"fit": "fold-1-meta-1202", "epoch": 24, "train_loss": 0.10758829563856125}
{"fit": "fold-1-meta-1202", "epoch": 25, "train_loss": 0.10774337997039159}
{"fit": "fold-1-meta-1202", "epoch": 26, "train_loss": 0.10113925238450368}
{"fit": "fold-1-meta-1202", "epoch": 27, "train_loss": 0.10228254348039627}
{"fit": "fold-1-meta-1202", "epoch": 28, "train_loss": 0.09694877862930298}
{"fit": "fold-1-meta-1202", "epoch": 29, "train_loss": 0.0938926175236702}
{"fit": "fold-1-meta-1202", "epoch": 30, "train_loss": 0.0920330951611201}
{"fit": "fold-1-meta-1202", "epoch": 31, "train_loss": 0.08938844228784243}
{"fit": "fold-1-meta-1202", "epoch": 32, "train_loss": 0.08683064207434654}
{"fit": "fold-1-meta-1202", "epoch": 33, "train_loss": 0.0857464869817098}
{"fit": "fold-1-meta-1202", "epoch": 34, "train_loss": 0.08416087006529173}
{"fit": "fold-1-meta-1202", "epoch": 35, "train_loss": 0.08058787683645884}
{"fit": "fold-1-meta-1202", "epoch": 36, "train_loss": 0.07768300672372182}
{"fit": "fold-1-meta-1202", "epoch": 37, "train_loss": 0.07586066350340843}
{"fit": "fold-1-meta-1202", "epoch": 38, "train_loss": 0.0728822390238444}
{"fit": "fold-1-meta-1202", "epoch": 39, "train_loss": 0.07111940334240595}
{"fit": "fold-1-meta-1202", "epoch": 40, "train_loss": 0.0681744841237863}
{"fit": "fold-1-meta-1202", "epoch": 41, "train_loss": 0.06840442741910617}
{"fit": "fold-1-meta-1202", "epoch": 42, "train_loss": 0.06747703279058138}
{"fit": "fold-1-meta-1202", "epoch": 43, "train_loss": 0.0663647507627805}
{"fit": "fold-1-meta-1202", "epoch": 44, "train_loss": 0.06873095333576203}
{"fit": "fold-1-meta-1202", "epoch": 45, "train_loss": 0.06288159514466922}
{"fit": "fold-1-meta-1202", "epoch": 46, "train_loss": 0.06256341114640236}
{"fit": "fold-1-gru-1202", "epoch": 1, "train_loss": 1.4048922936121622}
{"fit": "fold-1-gru-1202", "epoch": 2, "train_loss": 0.548972096045812}
{"fit": "fold-1-gru-1202", "epoch": 3, "train_loss": 0.3516963760058085}
{"fit": "fold-1-gru-1202", "epoch": 4, "train_loss": 0.23049444158871968}
{"fit": "fold-1-gru-1202", "epoch": 5, "train_loss": 0.10842193067073821}
{"fit": "fold-1-gru-1202", "epoch": 6, "train_loss": 0.08151739587386449}
{"fit": "fold-1-gru-1202", "epoch": 7, "train_loss": 0.07268597607811292}
{"fit": "fold-1-gru-1202", "epoch": 8, "train_loss": 0.06778810421625774}
{"fit": "fold-1-gru-1202", "epoch": 9, "train_loss": 0.06387185504039129}
{"fit": "fold-1-gru-1202", "epoch": 10, "train_loss": 0.060938988874355955}
{"fit": "fold-1-gru-1202", "epoch": 11, "train_loss": 0.058802777777115504}
{"fit": "fold-1-gru-1202", "epoch": 12, "train_loss": 0.05368955532709758}
{"fit": "fold-1-gru-1202", "epoch": 13, "train_loss": 0.05035338674982389}
{"fit": "fold-1-gru-1202", "epoch": 14, "train_loss": 0.049803465604782104}
{"fit": "fold-1-gru-1202", "epoch": 15, "train_loss": 0.04760884133478006}
{"fit": "fold-1-gru-1202", "epoch": 16, "train_loss": 0.04349312459429105}
{"fit": "fold-1-gru-1202", "epoch": 17, "train_loss": 0.04204232580959797}
{"fit": "fold-1-gru-1202", "epoch": 18, "train_loss": 0.04058612858255704}
{"fit": "fold-1-gru-1202", "epoch": 19, "train_loss": 0.0381312203903993}
{"fit": "fold-1-gru-1202", "epoch": 20, "train_loss": 0.03504390666882197}
{"fit": "fold-1-gru-1202", "epoch": 21, "train_loss": 0.033156775683164594}
{"fit": "fold-1-gru-1202", "epoch": 22, "train_loss": 0.03152701407670975}
{"fit": "fold-1-gru-1202", "epoch": 23, "train_loss": 0.02899555265903473}
{"fit": "fold-1-gru-1202", "epoch": 24, "train_loss": 0.026898758858442305}
{"fit": "fold-1-gru-1202", "epoch": 25, "train_loss": 0.025210378194848695}
{"fit": "fold-1-gru-1202", "epoch": 26, "train_loss": 0.0245469673226277}
{"fit": "fold-1-gru-1202", "epoch": 27, "train_loss": 0.023314703007539114}
{"fit": "fold-1-gru-1202", "epoch": 28, "train_loss": 0.021167704090476035}
{"fit": "fold-1-gru-1202", "epoch": 29, "train_loss": 0.02020868342369795}
{"fit": "fold-1-gru-1202", "epoch": 30, "train_loss": 0.019005809165537357}
{"fit": "fold-1-gru-1202", "epoch": 31, "train_loss": 0.01877840297917525}
{"fit": "fold-1-gru-1202", "epoch": 32, "train_loss": 0.018071788425246874}
{"fit": "fold-1-gru-1202", "epoch": 33, "train_loss": 0.018241325703759987}
{"fit": "fold-1-gru-1202", "epoch": 34, "train_loss": 0.016933601163327695}
{"fit": "fold-1-gru-1202", "epoch": 35, "train_loss": 0.015870028672118983}
{"fit": "fold-1-gru-1202", "epoch": 36, "train_loss": 0.014592730750640234}
{"fit": "fold-1-gru-1202", "epoch": 37, "train_loss": 0.013722939851383368}
{"fit": "fold-1-gru-1202", "epoch": 38, "train_loss": 0.013891178679962953}
{"fit": "fold-1-gru-1202", "epoch": 39, "train_loss": 0.012769813897709053}
{"fit": "fold-1-gru-1202", "epoch": 40, "train_loss": 0.01235657228777806}
{"fit": "fold-1-gru-1202", "epoch": 41, "train_loss": 0.012163838185369969}
{"fit": "fold-1-gru-1202", "epoch": 42, "train_loss": 0.01184504684060812}
{"fit": "fold-1-gru-1202", "epoch": 43, "train_loss": 0.011255769804120064}
{"fit": "fold-1-gru-1202", "epoch": 44, "train_loss": 0.010561393698056538}
{"fit": "fold-1-gru-1202", "epoch": 45, "train_loss": 0.010569077512870232}
{"fit": "fold-1-gru-1202", "epoch": 46, "train_loss": 0.01059417234112819}
{"fit": "fold-2-meta-1202", "epoch": 1, "train_loss": 0.8209054152170817}
{"fit": "fold-2-meta-1202", "epoch": 2, "train_loss": 0.4573146859804789}
{"fit": "fold-2-meta-1202", "epoch": 3, "train_loss": 0.3574781755606333}
{"fit": "fold-2-meta-1202", "epoch": 4, "train_loss": 0.30916813015937805}
{"fit": "fold-2-meta-1202", "epoch": 5, "train_loss": 0.28050806721051535}
{"fit": "fold-2-meta-1202", "epoch": 6, "train_loss": 0.25944616198539733}
{"fit": "fold-2-meta-1202", "epoch": 7, "train_loss": 0.24251991311709087}
{"fit": "fold-2-meta-1202", "epoch": 8, "train_loss": 0.2294413814942042}
{"fit": "fold-2-meta-1202", "epoch": 9, "train_loss": 0.21678428550561268}
{"fit": "fold-2-meta-1202", "epoch": 10, "train_loss": 0.20559660891691844}
{"fit": "fold-2-meta-1202", "epoch": 11, "train_loss": 0.19613531827926636}
{"fit": "fold-2-meta-1202", "epoch": 12, "train_loss": 0.18615320920944214}
{"fit": "fold-2-meta-1202", "epoch": 13, "train_loss": 0.17772696614265443}
{"fit": "fold-2-meta-1202", "epoch": 14, "train_loss": 0.17022008796532948}
{"fit": "fold-2-meta-1202", "epoch": 15, "train_loss": 0.16274291078249614}
{"fit": "fold-2-meta-1202", "epoch": 16, "train_loss": 0.15628119707107543}
{"fit": "fold-2-meta-1202", "epoch": 17, "train_loss": 0.15023369193077088}
{"fit": "fold-2-meta-1202", "epoch": 18, "train_loss": 0.14496160099903743}
{"fit": "fold-2-meta-1202", "epoch": 19, "train_loss": 0.14113349119822186}
{"fit": "fold-2-meta-1202", "epoch": 20, "train_loss": 0.13528245091438293}
{"fit": "fold-2-meta-1202", "epoch": 21, "train_loss": 0.1283939664562543}
{"fit": "fold-2-meta-1202", "epoch": 22, "train_loss": 0.12560081233580908}
{"fit": "fold-2-meta-1202", "epoch": 23, "train_loss": 0.12230468094348908}
{"fit": "fold-2-meta-1202", "epoch": 24, "train_loss": 0.1178651491800944}
{"fit": "fold-2-meta-1202", "epoch": 25, "train_loss": 0.11427385161320368}
{"fit": "fold-2-meta-1202", "epoch": 26, "train_loss": 0.10926112333933512}
{"fit": "fold-2-meta-1202", "epoch": 27, "train_loss": 0.10598272929588953}
{"fit": "fold-2-meta-1202", "epoch": 28, "train_loss": 0.10297689735889434}
{"fit": "fold-2-meta-1202", "epoch": 29, "train_loss": 0.100513822833697}
{"fit": "fold-2-meta-1202", "epoch": 30, "train_loss": 0.0964091956615448}
{"fit": "fold-2-meta-1202", "epoch": 31, "train_loss": 0.09321712255477906}
{"fit": "fold-2-meta-1202", "epoch": 32, "train_loss": 0.09091772412260374}
{"fit": "fold-2-meta-1202", "epoch": 33, "train_loss": 0.08794815987348556}
{"fit": "fold-2-meta-1202", "epoch": 34, "train_loss": 0.08712630321582158}
{"fit": "fold-2-meta-1202", "epoch": 35, "train_loss": 0.08379429777463278}
{"fit": "fold-2-meta-1202", "epoch": 36, "train_loss": 0.08136424596110979}
{"fit": "fold-2-meta-1202", "epoch": 37, "train_loss": 0.08004961361487707}
{"fit": "fold-2-meta-1202", "epoch": 38, "train_loss": 0.07668211758136749}
{"fit": "fold-2-meta-1202", "epoch": 39, "train_loss": 0.07595862249533335}
{"fit": "fold-2-meta-1202", "epoch": 40, "train_loss": 0.07489511519670486}
{"fit": "fold-2-meta-1202", "epoch": 41, "train_loss": 0.07189141189058622}
{"fit": "fold-2-meta-1202", "epoch": 42, "train_loss": 0.06970395098129908}
{"fit": "fold-2-meta-1202", "epoch": 43, "train_loss": 0.06991826891899108}
{"fit": "fold-2-meta-1202", "epoch": 44, "train_loss": 0.06636893525719642}
{"fit": "fold-2-meta-1202", "epoch": 45, "train_loss": 0.06484799832105637}
{"fit": "fold-2-meta-1202", "epoch": 46, "train_loss": 0.06357221131523451}
{"fit": "fold-2-gru-1202", "epoch": 1, "train_loss": 1.3515519738197326}
{"fit": "fold-2-gru-1202", "epoch": 2, "train_loss": 0.5312016328175863}
{"fit": "fold-2-gru-1202", "epoch": 3, "train_loss": 0.3505033373832703}
{"fit": "fold-2-gru-1202", "epoch": 4, "train_loss": 0.23564578394095104}
{"fit": "fold-2-gru-1202", "epoch": 5, "train_loss": 0.1193701480825742}
{"fit": "fold-2-gru-1202", "epoch": 6, "train_loss": 0.09283837229013443}
{"fit": "fold-2-gru-1202", "epoch": 7, "train_loss": 0.08346586177746455}
{"fit": "fold-2-gru-1202", "epoch": 8, "train_loss": 0.07723752458890279}
{"fit": "fold-2-gru-1202", "epoch": 9, "train_loss": 0.07254904409249624}
{"fit": "fold-2-gru-1202", "epoch": 10, "train_loss": 0.0685891720155875}
{"fit": "fold-2-gru-1202", "epoch": 11, "train_loss": 0.0640543095767498}
{"fit": "fold-2-gru-1202", "epoch": 12, "train_loss": 0.05900586595137914}
{"fit": "fold-2-gru-1202", "epoch": 13, "train_loss": 0.05661324113607406}
{"fit": "fold-2-gru-1202", "epoch": 14, "train_loss": 0.05289069960514704}
{"fit": "fold-2-gru-1202", "epoch": 15, "train_loss": 0.0494328868885835}
{"fit": "fold-2-gru-1202", "epoch": 16, "train_loss": 0.04612070893247922}
{"fit": "fold-2-gru-1202", "epoch": 17, "train_loss": 0.044626717021067935}
{"fit": "fold-2-gru-1202", "epoch": 18, "train_loss": 0.042051086823145546}
{"fit": "fold-2-gru-1202", "epoch": 19, "train_loss": 0.03851742955545585}
{"fit": "fold-2-gru-1202", "epoch": 20, "train_loss": 0.03512238673865795}
{"fit": "fold-2-gru-1202", "epoch": 21, "train_loss": 0.032589192812641464}
{"fit": "fold-2-gru-1202", "epoch": 22, "train_loss": 0.03010721765458584}
{"fit": "fold-2-gru-1202", "epoch": 23, "train_loss": 0.02802907327810923}
{"fit": "fold-2-gru-1202", "epoch": 24, "train_loss": 0.02614952599008878}
{"fit": "fold-2-gru-1202", "epoch": 25, "train_loss": 0.02428595833480358}
{"fit": "fold-2-gru-1202", "epoch": 26, "train_loss": 0.023505143448710443}
{"fit": "fold-2-gru-1202", "epoch": 27, "train_loss": 0.022511636714140575}
{"fit": "fold-2-gru-1202", "epoch": 28, "train_loss": 0.020296895503997804}
{"fit": "fold-2-gru-1202", "epoch": 29, "train_loss": 0.019652496712903183}
{"fit": "fold-2-gru-1202", "epoch": 30, "train_loss": 0.018453683455785116}
{"fit": "fold-2-gru-1202", "epoch": 31, "train_loss": 0.017462929772833983}
{"fit": "fold-2-gru-1202", "epoch": 32, "train_loss": 0.01898526561756929}
{"fit": "fold-2-gru-1202", "epoch": 33, "train_loss": 0.01831637155264616}
{"fit": "fold-2-gru-1202", "epoch": 34, "train_loss": 0.015392404235899448}
{"fit": "fold-2-gru-1202", "epoch": 35, "train_loss": 0.015160526148974895}
{"fit": "fold-2-gru-1202", "epoch": 36, "train_loss": 0.013931747774283092}
{"fit": "fold-2-gru-1202", "epoch": 37, "train_loss": 0.013460498116910458}
{"fit": "fold-2-gru-1202", "epoch": 38, "train_loss": 0.012953976665933927}
{"fit": "fold-2-gru-1202", "epoch": 39, "train_loss": 0.012466706956426302}
{"fit": "fold-2-gru-1202", "epoch": 40, "train_loss": 0.011584028353293736}
{"fit": "fold-2-gru-1202", "epoch": 41, "train_loss": 0.01207751575857401}
{"fit": "fold-2-gru-1202", "epoch": 42, "train_loss": 0.011544987559318542}
{"fit": "fold-2-gru-1202", "epoch": 43, "train_loss": 0.010760971655448278}
{"fit": "fold-2-gru-1202", "epoch": 44, "train_loss": 0.010670601824919383}
{"fit": "fold-2-gru-1202", "epoch": 45, "train_loss": 0.010581424273550511}
{"fit": "fold-2-gru-1202", "epoch": 46, "train_loss": 0.010208472733696301}
{"fit": "is_summary-1202", "epoch": 1, "train_loss": 0.047486887789434856}
{"fit": "is_summary-1202", "epoch": 2, "train_loss": 0.042981299426820545}
{"fit": "is_summary-1202", "epoch": 3, "train_loss": 0.03513871886663967}
{"fit": "is_summary-1202", "epoch": 4, "train_loss": 0.025927661483486495}
{"fit": "is_summary-1202", "epoch": 5, "train_loss": 0.01898226286802027}
{"fit": "is_summary-1202", "epoch": 6, "train_loss": 0.015073557467096382}
{"fit": "is_summary-1202", "epoch": 7, "train_loss": 0.01313717406657007}
{"fit": "is_summary-1202", "epoch": 8, "train_loss": 0.012103539870844946}
{"fit": "is_summary-1202", "epoch": 9, "train_loss": 0.011449778990613089}
{"fit": "is_summary-1202", "epoch": 10, "train_loss": 0.01103359700904952}
{"fit": "is_summary-1202", "epoch": 11, "train_loss": 0.010729361760119597}
{"fit": "is_summary-1202", "epoch": 12, "train_loss": 0.010505739992691412}
{"fit": "is_summary-1202", "epoch": 13, "train_loss": 0.010339274898999266}
{"fit": "is_summary-1202", "epoch": 14, "train_loss": 0.010212749760184024}
{"fit": "is_summary-1202", "epoch": 15, "train_loss": 0.01011272935817639}
{"fit": "is_summary-1202", "epoch": 16, "train_loss": 0.010032572659353416}
{"fit": "is_summary-1202", "epoch": 17, "train_loss": 0.009963905728525586}
{"fit": "is_summary-1202", "epoch": 18, "train_loss": 0.009906806134515339}
{"fit": "is_summary-1202", "epoch": 19, "train_loss": 0.00985972649521298}
{"fit": "is_summary-1202", "epoch": 20, "train_loss": 0.009816747758951453}
{"fit": "is_summary-1202", "epoch": 21, "train_loss": 0.009781130196319685}
{"fit": "is_summary-1202", "epoch": 22, "train_loss": 0.009748529539340071}
{"fit": "is_summary-1202", "epoch": 23, "train_loss": 0.009719916640056505}
{"fit": "is_summary-1202", "epoch": 24, "train_loss": 0.009694669457773367}
{"fit": "is_summary-1202", "epoch": 25, "train_loss": 0.009672569493866629}
{"fit": "is_summary-1202", "epoch": 26, "train_loss": 0.009651392087754276}
{"fit": "is_summary-1202", "epoch": 27, "train_loss": 0.009633329179551866}
{"fit": "is_summary-1202", "epoch": 28, "train_loss": 0.009616129514243867}
{"fit": "is_summary-1202", "epoch": 29, "train_loss": 0.009600620385673312}
{"fit": "is_summary-1202", "epoch": 30, "train_loss": 0.009586561077998743}
{"fit": "is_recurrent-1202", "epoch": 1, "train_loss": 0.04683157652616501}
{"fit": "is_recurrent-1202", "epoch": 2, "train_loss": 0.04081074889335368}
{"fit": "is_recurrent-1202", "epoch": 3, "train_loss": 0.030122692634661993}
{"fit": "is_recurrent-1202", "epoch": 4, "train_loss": 0.01994784339848492}
{"fit": "is_recurrent-1202", "epoch": 5, "train_loss": 0.015370199870732095}
{"fit": "is_recurrent-1202", "epoch": 6, "train_loss": 0.0134769344702363}
{"fit": "is_recurrent-1202", "epoch": 7, "train_loss": 0.012475350250800451}
{"fit": "is_recurrent-1202", "epoch": 8, "train_loss": 0.01187641303986311}
{"fit": "is_recurrent-1202", "epoch": 9, "train_loss": 0.011439410783350468}
{"fit": "is_recurrent-1202", "epoch": 10, "train_loss": 0.011133014721175035}
{"fit": "is_recurrent-1202", "epoch": 11, "train_loss": 0.010896149381167359}
{"fit": "is_recurrent-1202", "epoch": 12, "train_loss": 0.01071039858377642}
{"fit": "is_recurrent-1202", "epoch": 13, "train_loss": 0.010561038595106867}
{"fit": "is_recurrent-1202", "epoch": 14, "train_loss": 0.010438346221215195}
{"fit": "is_recurrent-1202", "epoch": 15, "train_loss": 0.010336533851093717}
{"fit": "is_recurrent-1202", "epoch": 16, "train_loss": 0.01025086719956663}
{"fit": "is_recurrent-1202", "epoch": 17, "train_loss": 0.010175345362060599}
{"fit": "is_recurrent-1202", "epoch": 18, "train_loss": 0.010111009101900789}
{"fit": "is_recurrent-1202", "epoch": 19, "train_loss": 0.010055542675157387}
{"fit": "is_recurrent-1202", "epoch": 20, "train_loss": 0.010005312433673277}
{"fit": "is_recurrent-1202", "epoch": 21, "train_loss": 0.0099620812262098}
{"fit": "is_recurrent-1202", "epoch": 22, "train_loss": 0.00992227222563492}
{"fit": "is_recurrent-1202", "epoch": 23, "train_loss": 0.009886788142224153}
{"fit": "is_recurrent-1202", "epoch": 24, "train_loss": 0.009855230131910907}
{"fit": "is_recurrent-1202", "epoch": 25, "train_loss": 0.009826814993802044}
{"fit": "is_recurrent-1202", "epoch": 26, "train_loss": 0.009800122988720735}
{"fit": "is_recurrent-1202", "epoch": 27, "train_loss": 0.009776759209732215}
{"fit": "is_recurrent-1202", "epoch": 28, "train_loss": 0.009754624880022473}
{"fit": "is_recurrent-1202", "epoch": 29, "train_loss": 0.009734257972902722}
{"fit": "is_recurrent-1202", "epoch": 30, "train_loss": 0.009715611197882229}
{"fit": "oof_summary-1202", "epoch": 1, "train_loss": 0.08096236553457048}
{"fit": "oof_summary-1202", "epoch": 2, "train_loss": 0.07528618549307188}
{"fit": "oof_summary-1202", "epoch": 3, "train_loss": 0.0659250061545107}
{"fit": "oof_summary-1202", "epoch": 4, "train_loss": 0.054683936056163576}
{"fit": "oof_summary-1202", "epoch": 5, "train_loss": 0.04567204871111446}
{"fit": "oof_summary-1202", "epoch": 6, "train_loss": 0.04037132014830907}
{"fit": "oof_summary-1202", "epoch": 7, "train_loss": 0.03774024123946826}
{"fit": "oof_summary-1202", "epoch": 8, "train_loss": 0.036322780946890516}
{"fit": "oof_summary-1202", "epoch": 9, "train_loss": 0.03548208624124527}
{"fit": "oof_summary-1202", "epoch": 10, "train_loss": 0.03493728968832228}
{"fit": "oof_summary-1202", "epoch": 11, "train_loss": 0.03453212020297845}
{"fit": "oof_summary-1202", "epoch": 12, "train_loss": 0.03425376878844367}
{"fit": "oof_summary-1202", "epoch": 13, "train_loss": 0.034028704630004035}
{"fit": "oof_summary-1202", "epoch": 14, "train_loss": 0.03384723034169939}
{"fit": "oof_summary-1202", "epoch": 15, "train_loss": 0.03363197313414679}
{"fit": "oof_summary-1202", "epoch": 16, "train_loss": 0.0334668956283066}
{"fit": "oof_summary-1202", "epoch": 17, "train_loss": 0.033326111319992274}
{"fit": "oof_summary-1202", "epoch": 18, "train_loss": 0.03321970473561022}
{"fit": "oof_summary-1202", "epoch": 19, "train_loss": 0.033131067785951825}
{"fit": "oof_summary-1202", "epoch": 20, "train_loss": 0.03301237250367801}
{"fit": "oof_summary-1202", "epoch": 21, "train_loss": 0.032903524405426446}
{"fit": "oof_summary-1202", "epoch": 22, "train_loss": 0.032735033995575376}
{"fit": "oof_summary-1202", "epoch": 23, "train_loss": 0.03264823365542624}
{"fit": "oof_summary-1202", "epoch": 24, "train_loss": 0.03263962935242388}
{"fit": "oof_summary-1202", "epoch": 25, "train_loss": 0.03247805395060115}
{"fit": "oof_summary-1202", "epoch": 26, "train_loss": 0.03239982972542445}
{"fit": "oof_summary-1202", "epoch": 27, "train_loss": 0.03228376847174433}
{"fit": "oof_summary-1202", "epoch": 28, "train_loss": 0.03220996898081568}
{"fit": "oof_summary-1202", "epoch": 29, "train_loss": 0.032094435476594504}
{"fit": "oof_summary-1202", "epoch": 30, "train_loss": 0.032049680832359526}
{"fit": "oof_recurrent-1202", "epoch": 1, "train_loss": 0.08003184646368026}
{"fit": "oof_recurrent-1202", "epoch": 2, "train_loss": 0.07253443242775069}
{"fit": "oof_recurrent-1202", "epoch": 3, "train_loss": 0.05964289787742827}
{"fit": "oof_recurrent-1202", "epoch": 4, "train_loss": 0.04682358321216371}
{"fit": "oof_recurrent-1202", "epoch": 5, "train_loss": 0.04087825698984994}
{"fit": "oof_recurrent-1202", "epoch": 6, "train_loss": 0.03837922679053413}
{"fit": "oof_recurrent-1202", "epoch": 7, "train_loss": 0.03717359022961723}
{"fit": "oof_recurrent-1202", "epoch": 8, "train_loss": 0.0364447516699632}
{"fit": "oof_recurrent-1202", "epoch": 9, "train_loss": 0.03593024346563551}
{"fit": "oof_recurrent-1202", "epoch": 10, "train_loss": 0.035555257151524224}
{"fit": "oof_recurrent-1202", "epoch": 11, "train_loss": 0.03525523493687312}
{"fit": "oof_recurrent-1202", "epoch": 12, "train_loss": 0.034967925399541855}
{"fit": "oof_recurrent-1202", "epoch": 13, "train_loss": 0.034700965964131886}
{"fit": "oof_recurrent-1202", "epoch": 14, "train_loss": 0.034436064627435474}
{"fit": "oof_recurrent-1202", "epoch": 15, "train_loss": 0.03423829832010799}
{"fit": "oof_recurrent-1202", "epoch": 16, "train_loss": 0.034010848196016415}
{"fit": "oof_recurrent-1202", "epoch": 17, "train_loss": 0.03386056911614206}
{"fit": "oof_recurrent-1202", "epoch": 18, "train_loss": 0.03378085253967179}
{"fit": "oof_recurrent-1202", "epoch": 19, "train_loss": 0.03365269386106067}
{"fit": "oof_recurrent-1202", "epoch": 20, "train_loss": 0.033503184301985636}
{"fit": "oof_recurrent-1202", "epoch": 21, "train_loss": 0.03338201004597876}
{"fit": "oof_recurrent-1202", "epoch": 22, "train_loss": 0.03325983691546652}
{"fit": "oof_recurrent-1202", "epoch": 23, "train_loss": 0.03312227928804027}
{"fit": "oof_recurrent-1202", "epoch": 24, "train_loss": 0.03328376987742053}
{"fit": "oof_recurrent-1202", "epoch": 25, "train_loss": 0.033189659317334495}
{"fit": "oof_recurrent-1202", "epoch": 26, "train_loss": 0.033047185755438274}
{"fit": "oof_recurrent-1202", "epoch": 27, "train_loss": 0.03290923552380668}
{"fit": "oof_recurrent-1202", "epoch": 28, "train_loss": 0.03283288122879134}
{"fit": "oof_recurrent-1202", "epoch": 29, "train_loss": 0.03272621966898441}
{"fit": "oof_recurrent-1202", "epoch": 30, "train_loss": 0.03265723743372494}
{"constant_fit": "is_constant-1202", "seconds": 0.14869091706350446}
{"constant_fit": "oof_constant-1202", "seconds": 0.2086606251541525}
{"constant_fit": "full_constant-1202", "seconds": 0.15854237508028746}
{"fit": "fold-0-meta-1303", "epoch": 1, "train_loss": 0.7947021683057149}
{"fit": "fold-0-meta-1303", "epoch": 2, "train_loss": 0.4306208590666453}
{"fit": "fold-0-meta-1303", "epoch": 3, "train_loss": 0.34023537635803225}
{"fit": "fold-0-meta-1303", "epoch": 4, "train_loss": 0.29386404156684875}
{"fit": "fold-0-meta-1303", "epoch": 5, "train_loss": 0.266071280837059}
{"fit": "fold-0-meta-1303", "epoch": 6, "train_loss": 0.24812697867552438}
{"fit": "fold-0-meta-1303", "epoch": 7, "train_loss": 0.22960182229677836}
{"fit": "fold-0-meta-1303", "epoch": 8, "train_loss": 0.21408122678597769}
{"fit": "fold-0-meta-1303", "epoch": 9, "train_loss": 0.20090777277946473}
{"fit": "fold-0-meta-1303", "epoch": 10, "train_loss": 0.18915498455365498}
{"fit": "fold-0-meta-1303", "epoch": 11, "train_loss": 0.1775388201077779}
{"fit": "fold-0-meta-1303", "epoch": 12, "train_loss": 0.16813032229741415}
{"fit": "fold-0-meta-1303", "epoch": 13, "train_loss": 0.1583419720331828}
{"fit": "fold-0-meta-1303", "epoch": 14, "train_loss": 0.14984404196341833}
{"fit": "fold-0-meta-1303", "epoch": 15, "train_loss": 0.14175711770852406}
{"fit": "fold-0-meta-1303", "epoch": 16, "train_loss": 0.13501540025075276}
{"fit": "fold-0-meta-1303", "epoch": 17, "train_loss": 0.13014260282119114}
{"fit": "fold-0-meta-1303", "epoch": 18, "train_loss": 0.12425286521514257}
{"fit": "fold-0-meta-1303", "epoch": 19, "train_loss": 0.1185215950012207}
{"fit": "fold-0-meta-1303", "epoch": 20, "train_loss": 0.11352093021074931}
{"fit": "fold-0-meta-1303", "epoch": 21, "train_loss": 0.11015642484029134}
{"fit": "fold-0-meta-1303", "epoch": 22, "train_loss": 0.10707224905490875}
{"fit": "fold-0-meta-1303", "epoch": 23, "train_loss": 0.10144001444180807}
{"fit": "fold-0-meta-1303", "epoch": 24, "train_loss": 0.09762405703465143}
{"fit": "fold-0-meta-1303", "epoch": 25, "train_loss": 0.09430836687485376}
{"fit": "fold-0-meta-1303", "epoch": 26, "train_loss": 0.09059564024209976}
{"fit": "fold-0-meta-1303", "epoch": 27, "train_loss": 0.08881974021593729}
{"fit": "fold-0-meta-1303", "epoch": 28, "train_loss": 0.0848060650130113}
{"fit": "fold-0-meta-1303", "epoch": 29, "train_loss": 0.08230546911557515}
{"fit": "fold-0-meta-1303", "epoch": 30, "train_loss": 0.08101910973588626}
{"fit": "fold-0-meta-1303", "epoch": 31, "train_loss": 0.07702417199810346}
{"fit": "fold-0-meta-1303", "epoch": 32, "train_loss": 0.07548160726825397}
{"fit": "fold-0-meta-1303", "epoch": 33, "train_loss": 0.07380012546976407}
{"fit": "fold-0-meta-1303", "epoch": 34, "train_loss": 0.0713770439227422}
{"fit": "fold-0-meta-1303", "epoch": 35, "train_loss": 0.06960917537411054}
{"fit": "fold-0-meta-1303", "epoch": 36, "train_loss": 0.0669598326086998}
{"fit": "fold-0-meta-1303", "epoch": 37, "train_loss": 0.06547437186042468}
{"fit": "fold-0-meta-1303", "epoch": 38, "train_loss": 0.06306666259964307}
{"fit": "fold-0-meta-1303", "epoch": 39, "train_loss": 0.061189491550127664}
{"fit": "fold-0-meta-1303", "epoch": 40, "train_loss": 0.06019313434759776}
{"fit": "fold-0-meta-1303", "epoch": 41, "train_loss": 0.06033815070986748}
{"fit": "fold-0-meta-1303", "epoch": 42, "train_loss": 0.058733876297871274}
{"fit": "fold-0-meta-1303", "epoch": 43, "train_loss": 0.057986670980850856}
{"fit": "fold-0-meta-1303", "epoch": 44, "train_loss": 0.05451643814643224}
{"fit": "fold-0-meta-1303", "epoch": 45, "train_loss": 0.05202452093362808}
{"fit": "fold-0-meta-1303", "epoch": 46, "train_loss": 0.049292026956876116}
{"fit": "fold-0-gru-1303", "epoch": 1, "train_loss": 1.2278478066126506}
{"fit": "fold-0-gru-1303", "epoch": 2, "train_loss": 0.45464954773585003}
{"fit": "fold-0-gru-1303", "epoch": 3, "train_loss": 0.2767193814118703}
{"fit": "fold-0-gru-1303", "epoch": 4, "train_loss": 0.16078148732582728}
{"fit": "fold-0-gru-1303", "epoch": 5, "train_loss": 0.07742104182640712}
{"fit": "fold-0-gru-1303", "epoch": 6, "train_loss": 0.06802377005418142}
{"fit": "fold-0-gru-1303", "epoch": 7, "train_loss": 0.06161498551567395}
{"fit": "fold-0-gru-1303", "epoch": 8, "train_loss": 0.057847763101259865}
{"fit": "fold-0-gru-1303", "epoch": 9, "train_loss": 0.055808783322572705}
{"fit": "fold-0-gru-1303", "epoch": 10, "train_loss": 0.054094323764244716}
{"fit": "fold-0-gru-1303", "epoch": 11, "train_loss": 0.05031984746456146}
{"fit": "fold-0-gru-1303", "epoch": 12, "train_loss": 0.048242204387982685}
{"fit": "fold-0-gru-1303", "epoch": 13, "train_loss": 0.045575226595004396}
{"fit": "fold-0-gru-1303", "epoch": 14, "train_loss": 0.043462156256039934}
{"fit": "fold-0-gru-1303", "epoch": 15, "train_loss": 0.04119569137692451}
{"fit": "fold-0-gru-1303", "epoch": 16, "train_loss": 0.03928118149439494}
{"fit": "fold-0-gru-1303", "epoch": 17, "train_loss": 0.03718058690428734}
{"fit": "fold-0-gru-1303", "epoch": 18, "train_loss": 0.03582863360643387}
{"fit": "fold-0-gru-1303", "epoch": 19, "train_loss": 0.03383987148602804}
{"fit": "fold-0-gru-1303", "epoch": 20, "train_loss": 0.031517084191242856}
{"fit": "fold-0-gru-1303", "epoch": 21, "train_loss": 0.030025193840265273}
{"fit": "fold-0-gru-1303", "epoch": 22, "train_loss": 0.027887355908751486}
{"fit": "fold-0-gru-1303", "epoch": 23, "train_loss": 0.02692916306356589}
{"fit": "fold-0-gru-1303", "epoch": 24, "train_loss": 0.02495339003702005}
{"fit": "fold-0-gru-1303", "epoch": 25, "train_loss": 0.02394493396083514}
{"fit": "fold-0-gru-1303", "epoch": 26, "train_loss": 0.022688818536698817}
{"fit": "fold-0-gru-1303", "epoch": 27, "train_loss": 0.021451326087117195}
{"fit": "fold-0-gru-1303", "epoch": 28, "train_loss": 0.020067173180480798}
{"fit": "fold-0-gru-1303", "epoch": 29, "train_loss": 0.01863361510137717}
{"fit": "fold-0-gru-1303", "epoch": 30, "train_loss": 0.017841346623996893}
{"fit": "fold-0-gru-1303", "epoch": 31, "train_loss": 0.016527057873706022}
{"fit": "fold-0-gru-1303", "epoch": 32, "train_loss": 0.015708384476602076}
{"fit": "fold-0-gru-1303", "epoch": 33, "train_loss": 0.014844066773851713}
{"fit": "fold-0-gru-1303", "epoch": 34, "train_loss": 0.01458666796485583}
{"fit": "fold-0-gru-1303", "epoch": 35, "train_loss": 0.013612298108637334}
{"fit": "fold-0-gru-1303", "epoch": 36, "train_loss": 0.01269481610506773}
{"fit": "fold-0-gru-1303", "epoch": 37, "train_loss": 0.01204656958580017}
{"fit": "fold-0-gru-1303", "epoch": 38, "train_loss": 0.011442355904728174}
{"fit": "fold-0-gru-1303", "epoch": 39, "train_loss": 0.011721657340725262}
{"fit": "fold-0-gru-1303", "epoch": 40, "train_loss": 0.011719416578610737}
{"fit": "fold-0-gru-1303", "epoch": 41, "train_loss": 0.012084381096065045}
{"fit": "fold-0-gru-1303", "epoch": 42, "train_loss": 0.010113026884694894}
{"fit": "fold-0-gru-1303", "epoch": 43, "train_loss": 0.009509423064688842}
{"fit": "fold-0-gru-1303", "epoch": 44, "train_loss": 0.009273567547400793}
{"fit": "fold-0-gru-1303", "epoch": 45, "train_loss": 0.008598210041721661}
{"fit": "fold-0-gru-1303", "epoch": 46, "train_loss": 0.008602597719679276}
{"fit": "fold-1-meta-1303", "epoch": 1, "train_loss": 0.8585737506548564}
{"fit": "fold-1-meta-1303", "epoch": 2, "train_loss": 0.45775306820869444}
{"fit": "fold-1-meta-1303", "epoch": 3, "train_loss": 0.3570221980412801}
{"fit": "fold-1-meta-1303", "epoch": 4, "train_loss": 0.3089748024940491}
{"fit": "fold-1-meta-1303", "epoch": 5, "train_loss": 0.28205182949701946}
{"fit": "fold-1-meta-1303", "epoch": 6, "train_loss": 0.2623428950707118}
{"fit": "fold-1-meta-1303", "epoch": 7, "train_loss": 0.24750227928161622}
{"fit": "fold-1-meta-1303", "epoch": 8, "train_loss": 0.23275980552037556}
{"fit": "fold-1-meta-1303", "epoch": 9, "train_loss": 0.21850939492384594}
{"fit": "fold-1-meta-1303", "epoch": 10, "train_loss": 0.207395472129186}
{"fit": "fold-1-meta-1303", "epoch": 11, "train_loss": 0.19578259587287902}
{"fit": "fold-1-meta-1303", "epoch": 12, "train_loss": 0.18474748333295185}
{"fit": "fold-1-meta-1303", "epoch": 13, "train_loss": 0.1755483587582906}
{"fit": "fold-1-meta-1303", "epoch": 14, "train_loss": 0.16616677741209665}
{"fit": "fold-1-meta-1303", "epoch": 15, "train_loss": 0.15802715420722963}
{"fit": "fold-1-meta-1303", "epoch": 16, "train_loss": 0.149797389904658}
{"fit": "fold-1-meta-1303", "epoch": 17, "train_loss": 0.14294912020365397}
{"fit": "fold-1-meta-1303", "epoch": 18, "train_loss": 0.13568125565846761}
{"fit": "fold-1-meta-1303", "epoch": 19, "train_loss": 0.12983861764272053}
{"fit": "fold-1-meta-1303", "epoch": 20, "train_loss": 0.12439239273468654}
{"fit": "fold-1-meta-1303", "epoch": 21, "train_loss": 0.12037459959586462}
{"fit": "fold-1-meta-1303", "epoch": 22, "train_loss": 0.11526297529538472}
{"fit": "fold-1-meta-1303", "epoch": 23, "train_loss": 0.11140059133370718}
{"fit": "fold-1-meta-1303", "epoch": 24, "train_loss": 0.10703675349553426}
{"fit": "fold-1-meta-1303", "epoch": 25, "train_loss": 0.1060425008336703}
{"fit": "fold-1-meta-1303", "epoch": 26, "train_loss": 0.10104461510976155}
{"fit": "fold-1-meta-1303", "epoch": 27, "train_loss": 0.09760280350844065}
{"fit": "fold-1-meta-1303", "epoch": 28, "train_loss": 0.09593575845162074}
{"fit": "fold-1-meta-1303", "epoch": 29, "train_loss": 0.09347304850816726}
{"fit": "fold-1-meta-1303", "epoch": 30, "train_loss": 0.08993591715892156}
{"fit": "fold-1-meta-1303", "epoch": 31, "train_loss": 0.08740864793459574}
{"fit": "fold-1-meta-1303", "epoch": 32, "train_loss": 0.08428107524911563}
{"fit": "fold-1-meta-1303", "epoch": 33, "train_loss": 0.0823734442392985}
{"fit": "fold-1-meta-1303", "epoch": 34, "train_loss": 0.08250539874037106}
{"fit": "fold-1-meta-1303", "epoch": 35, "train_loss": 0.07959652369221051}
{"fit": "fold-1-meta-1303", "epoch": 36, "train_loss": 0.0750071865816911}
{"fit": "fold-1-meta-1303", "epoch": 37, "train_loss": 0.07339704061547915}
{"fit": "fold-1-meta-1303", "epoch": 38, "train_loss": 0.07317512854933739}
{"fit": "fold-1-meta-1303", "epoch": 39, "train_loss": 0.06997952610254288}
{"fit": "fold-1-meta-1303", "epoch": 40, "train_loss": 0.06900028362870217}
{"fit": "fold-1-meta-1303", "epoch": 41, "train_loss": 0.0668539268275102}
{"fit": "fold-1-meta-1303", "epoch": 42, "train_loss": 0.06303631067276001}
{"fit": "fold-1-meta-1303", "epoch": 43, "train_loss": 0.06103537405530612}
{"fit": "fold-1-meta-1303", "epoch": 44, "train_loss": 0.06017996792991956}
{"fit": "fold-1-meta-1303", "epoch": 45, "train_loss": 0.058217785755793255}
{"fit": "fold-1-meta-1303", "epoch": 46, "train_loss": 0.05527041628956795}
{"fit": "fold-1-gru-1303", "epoch": 1, "train_loss": 1.392029837767283}
{"fit": "fold-1-gru-1303", "epoch": 2, "train_loss": 0.5470849017302195}
{"fit": "fold-1-gru-1303", "epoch": 3, "train_loss": 0.3404649595419566}
{"fit": "fold-1-gru-1303", "epoch": 4, "train_loss": 0.21819362739721934}
{"fit": "fold-1-gru-1303", "epoch": 5, "train_loss": 0.09995550612608592}
{"fit": "fold-1-gru-1303", "epoch": 6, "train_loss": 0.0794599602619807}
{"fit": "fold-1-gru-1303", "epoch": 7, "train_loss": 0.07015886157751083}
{"fit": "fold-1-gru-1303", "epoch": 8, "train_loss": 0.06663811355829238}
{"fit": "fold-1-gru-1303", "epoch": 9, "train_loss": 0.06285342251261075}
{"fit": "fold-1-gru-1303", "epoch": 10, "train_loss": 0.060766093184550604}
{"fit": "fold-1-gru-1303", "epoch": 11, "train_loss": 0.05646806632479032}
{"fit": "fold-1-gru-1303", "epoch": 12, "train_loss": 0.0536574291686217}
{"fit": "fold-1-gru-1303", "epoch": 13, "train_loss": 0.052308458586533865}
{"fit": "fold-1-gru-1303", "epoch": 14, "train_loss": 0.046943458666404085}
{"fit": "fold-1-gru-1303", "epoch": 15, "train_loss": 0.04462110921740532}
{"fit": "fold-1-gru-1303", "epoch": 16, "train_loss": 0.041551601514220236}
{"fit": "fold-1-gru-1303", "epoch": 17, "train_loss": 0.0394857266296943}
{"fit": "fold-1-gru-1303", "epoch": 18, "train_loss": 0.03827001340687275}
{"fit": "fold-1-gru-1303", "epoch": 19, "train_loss": 0.035462267324328424}
{"fit": "fold-1-gru-1303", "epoch": 20, "train_loss": 0.03297315252323945}
{"fit": "fold-1-gru-1303", "epoch": 21, "train_loss": 0.03091345988214016}
{"fit": "fold-1-gru-1303", "epoch": 22, "train_loss": 0.028656125565369926}
{"fit": "fold-1-gru-1303", "epoch": 23, "train_loss": 0.026933521156509717}
{"fit": "fold-1-gru-1303", "epoch": 24, "train_loss": 0.02541307285428047}
{"fit": "fold-1-gru-1303", "epoch": 25, "train_loss": 0.02367386668920517}
{"fit": "fold-1-gru-1303", "epoch": 26, "train_loss": 0.023856832335392635}
{"fit": "fold-1-gru-1303", "epoch": 27, "train_loss": 0.022057234247525533}
{"fit": "fold-1-gru-1303", "epoch": 28, "train_loss": 0.020060476288199423}
{"fit": "fold-1-gru-1303", "epoch": 29, "train_loss": 0.018892382209499677}
{"fit": "fold-1-gru-1303", "epoch": 30, "train_loss": 0.018157449923455714}
{"fit": "fold-1-gru-1303", "epoch": 31, "train_loss": 0.017155498949189982}
{"fit": "fold-1-gru-1303", "epoch": 32, "train_loss": 0.01652088835835457}
{"fit": "fold-1-gru-1303", "epoch": 33, "train_loss": 0.015595159803827604}
{"fit": "fold-1-gru-1303", "epoch": 34, "train_loss": 0.01526183554281791}
{"fit": "fold-1-gru-1303", "epoch": 35, "train_loss": 0.014556713836888472}
{"fit": "fold-1-gru-1303", "epoch": 36, "train_loss": 0.013636891047159832}
{"fit": "fold-1-gru-1303", "epoch": 37, "train_loss": 0.013206262576083342}
{"fit": "fold-1-gru-1303", "epoch": 38, "train_loss": 0.012395860689381758}
{"fit": "fold-1-gru-1303", "epoch": 39, "train_loss": 0.012221737454334894}
{"fit": "fold-1-gru-1303", "epoch": 40, "train_loss": 0.012077610070506731}
{"fit": "fold-1-gru-1303", "epoch": 41, "train_loss": 0.010846511833369732}
{"fit": "fold-1-gru-1303", "epoch": 42, "train_loss": 0.010842862476905187}
{"fit": "fold-1-gru-1303", "epoch": 43, "train_loss": 0.010647666330138842}
{"fit": "fold-1-gru-1303", "epoch": 44, "train_loss": 0.010595029033720494}
{"fit": "fold-1-gru-1303", "epoch": 45, "train_loss": 0.009844674666722616}
{"fit": "fold-1-gru-1303", "epoch": 46, "train_loss": 0.009788397637506326}
{"fit": "fold-2-meta-1303", "epoch": 1, "train_loss": 0.8007674137751262}
{"fit": "fold-2-meta-1303", "epoch": 2, "train_loss": 0.4433136284351349}
{"fit": "fold-2-meta-1303", "epoch": 3, "train_loss": 0.34949629902839663}
{"fit": "fold-2-meta-1303", "epoch": 4, "train_loss": 0.30745926102002463}
{"fit": "fold-2-meta-1303", "epoch": 5, "train_loss": 0.2833532214164734}
{"fit": "fold-2-meta-1303", "epoch": 6, "train_loss": 0.2651547253131866}
{"fit": "fold-2-meta-1303", "epoch": 7, "train_loss": 0.2500262220700582}
{"fit": "fold-2-meta-1303", "epoch": 8, "train_loss": 0.2356971671183904}
{"fit": "fold-2-meta-1303", "epoch": 9, "train_loss": 0.22337321639060975}
{"fit": "fold-2-meta-1303", "epoch": 10, "train_loss": 0.21224384407202404}
{"fit": "fold-2-meta-1303", "epoch": 11, "train_loss": 0.19966888030370075}
{"fit": "fold-2-meta-1303", "epoch": 12, "train_loss": 0.1897111068169276}
{"fit": "fold-2-meta-1303", "epoch": 13, "train_loss": 0.1808882822593053}
{"fit": "fold-2-meta-1303", "epoch": 14, "train_loss": 0.17027581830819447}
{"fit": "fold-2-meta-1303", "epoch": 15, "train_loss": 0.16169778009255728}
{"fit": "fold-2-meta-1303", "epoch": 16, "train_loss": 0.15436728248993556}
{"fit": "fold-2-meta-1303", "epoch": 17, "train_loss": 0.14806236177682877}
{"fit": "fold-2-meta-1303", "epoch": 18, "train_loss": 0.14126531779766083}
{"fit": "fold-2-meta-1303", "epoch": 19, "train_loss": 0.13774187515179317}
{"fit": "fold-2-meta-1303", "epoch": 20, "train_loss": 0.13177525550127028}
{"fit": "fold-2-meta-1303", "epoch": 21, "train_loss": 0.12541097352902095}
{"fit": "fold-2-meta-1303", "epoch": 22, "train_loss": 0.12017687857151031}
{"fit": "fold-2-meta-1303", "epoch": 23, "train_loss": 0.11619079808394114}
{"fit": "fold-2-meta-1303", "epoch": 24, "train_loss": 0.11296420494715373}
{"fit": "fold-2-meta-1303", "epoch": 25, "train_loss": 0.11017659455537795}
{"fit": "fold-2-meta-1303", "epoch": 26, "train_loss": 0.10633838921785355}
{"fit": "fold-2-meta-1303", "epoch": 27, "train_loss": 0.1027960812052091}
{"fit": "fold-2-meta-1303", "epoch": 28, "train_loss": 0.10058593998352687}
{"fit": "fold-2-meta-1303", "epoch": 29, "train_loss": 0.0977977638443311}
{"fit": "fold-2-meta-1303", "epoch": 30, "train_loss": 0.09690253684918086}
{"fit": "fold-2-meta-1303", "epoch": 31, "train_loss": 0.09172026912371317}
{"fit": "fold-2-meta-1303", "epoch": 32, "train_loss": 0.09098298450311025}
{"fit": "fold-2-meta-1303", "epoch": 33, "train_loss": 0.08605874727169673}
{"fit": "fold-2-meta-1303", "epoch": 34, "train_loss": 0.08491694206992785}
{"fit": "fold-2-meta-1303", "epoch": 35, "train_loss": 0.08130576908588409}
{"fit": "fold-2-meta-1303", "epoch": 36, "train_loss": 0.07743944774071375}
{"fit": "fold-2-meta-1303", "epoch": 37, "train_loss": 0.07583652560909589}
{"fit": "fold-2-meta-1303", "epoch": 38, "train_loss": 0.0741316499809424}
{"fit": "fold-2-meta-1303", "epoch": 39, "train_loss": 0.07287051180998484}
{"fit": "fold-2-meta-1303", "epoch": 40, "train_loss": 0.07108106662829718}
{"fit": "fold-2-meta-1303", "epoch": 41, "train_loss": 0.0688690796494484}
{"fit": "fold-2-meta-1303", "epoch": 42, "train_loss": 0.06699256077408791}
{"fit": "fold-2-meta-1303", "epoch": 43, "train_loss": 0.06673052882154783}
{"fit": "fold-2-meta-1303", "epoch": 44, "train_loss": 0.0659846601386865}
{"fit": "fold-2-meta-1303", "epoch": 45, "train_loss": 0.06543888573845227}
{"fit": "fold-2-meta-1303", "epoch": 46, "train_loss": 0.06343590791026751}
{"fit": "fold-2-gru-1303", "epoch": 1, "train_loss": 1.3426348487536113}
{"fit": "fold-2-gru-1303", "epoch": 2, "train_loss": 0.5435054858525594}
{"fit": "fold-2-gru-1303", "epoch": 3, "train_loss": 0.3281102955341339}
{"fit": "fold-2-gru-1303", "epoch": 4, "train_loss": 0.20336807668209075}
{"fit": "fold-2-gru-1303", "epoch": 5, "train_loss": 0.10211452692747117}
{"fit": "fold-2-gru-1303", "epoch": 6, "train_loss": 0.08701144258181254}
{"fit": "fold-2-gru-1303", "epoch": 7, "train_loss": 0.07874129911263784}
{"fit": "fold-2-gru-1303", "epoch": 8, "train_loss": 0.07468252008159955}
{"fit": "fold-2-gru-1303", "epoch": 9, "train_loss": 0.0724894419312477}
{"fit": "fold-2-gru-1303", "epoch": 10, "train_loss": 0.06720884740352631}
{"fit": "fold-2-gru-1303", "epoch": 11, "train_loss": 0.06288375655810038}
{"fit": "fold-2-gru-1303", "epoch": 12, "train_loss": 0.058953679352998736}
{"fit": "fold-2-gru-1303", "epoch": 13, "train_loss": 0.05678053746620814}
{"fit": "fold-2-gru-1303", "epoch": 14, "train_loss": 0.05133472879727682}
{"fit": "fold-2-gru-1303", "epoch": 15, "train_loss": 0.04765046611428261}
{"fit": "fold-2-gru-1303", "epoch": 16, "train_loss": 0.042128946135441464}
{"fit": "fold-2-gru-1303", "epoch": 17, "train_loss": 0.03820335691173871}
{"fit": "fold-2-gru-1303", "epoch": 18, "train_loss": 0.03503868244588375}
{"fit": "fold-2-gru-1303", "epoch": 19, "train_loss": 0.03251368949810664}
{"fit": "fold-2-gru-1303", "epoch": 20, "train_loss": 0.030680876721938453}
{"fit": "fold-2-gru-1303", "epoch": 21, "train_loss": 0.029983452210823696}
{"fit": "fold-2-gru-1303", "epoch": 22, "train_loss": 0.028764931485056877}
{"fit": "fold-2-gru-1303", "epoch": 23, "train_loss": 0.025797708705067635}
{"fit": "fold-2-gru-1303", "epoch": 24, "train_loss": 0.02347348282734553}
{"fit": "fold-2-gru-1303", "epoch": 25, "train_loss": 0.022285385305682817}
{"fit": "fold-2-gru-1303", "epoch": 26, "train_loss": 0.02103239657978217}
{"fit": "fold-2-gru-1303", "epoch": 27, "train_loss": 0.019743362131218117}
{"fit": "fold-2-gru-1303", "epoch": 28, "train_loss": 0.018534155810872713}
{"fit": "fold-2-gru-1303", "epoch": 29, "train_loss": 0.01804151087999344}
{"fit": "fold-2-gru-1303", "epoch": 30, "train_loss": 0.016754673483471077}
{"fit": "fold-2-gru-1303", "epoch": 31, "train_loss": 0.01623093690723181}
{"fit": "fold-2-gru-1303", "epoch": 32, "train_loss": 0.015001290912429492}
{"fit": "fold-2-gru-1303", "epoch": 33, "train_loss": 0.014486022541920345}
{"fit": "fold-2-gru-1303", "epoch": 34, "train_loss": 0.014088487314681212}
{"fit": "fold-2-gru-1303", "epoch": 35, "train_loss": 0.01364938033123811}
{"fit": "fold-2-gru-1303", "epoch": 36, "train_loss": 0.013563429688413937}
{"fit": "fold-2-gru-1303", "epoch": 37, "train_loss": 0.012326770772536596}
{"fit": "fold-2-gru-1303", "epoch": 38, "train_loss": 0.011489675131936867}
{"fit": "fold-2-gru-1303", "epoch": 39, "train_loss": 0.011404975845168034}
{"fit": "fold-2-gru-1303", "epoch": 40, "train_loss": 0.011569437260429064}
{"fit": "fold-2-gru-1303", "epoch": 41, "train_loss": 0.010882963084926207}
{"fit": "fold-2-gru-1303", "epoch": 42, "train_loss": 0.01003381007661422}
{"fit": "fold-2-gru-1303", "epoch": 43, "train_loss": 0.009551845801373323}
{"fit": "fold-2-gru-1303", "epoch": 44, "train_loss": 0.01005909995486339}
{"fit": "fold-2-gru-1303", "epoch": 45, "train_loss": 0.009490185137838125}
{"fit": "fold-2-gru-1303", "epoch": 46, "train_loss": 0.009002916763226192}
{"fit": "is_summary-1303", "epoch": 1, "train_loss": 0.043059746507141325}
{"fit": "is_summary-1303", "epoch": 2, "train_loss": 0.03773596961465147}
{"fit": "is_summary-1303", "epoch": 3, "train_loss": 0.02930724819501241}
{"fit": "is_summary-1303", "epoch": 4, "train_loss": 0.020560199146469435}
{"fit": "is_summary-1303", "epoch": 5, "train_loss": 0.014817876782682206}
{"fit": "is_summary-1303", "epoch": 6, "train_loss": 0.012089572246703836}
{"fit": "is_summary-1303", "epoch": 7, "train_loss": 0.010795791178113884}
{"fit": "is_summary-1303", "epoch": 8, "train_loss": 0.010124906690584289}
{"fit": "is_summary-1303", "epoch": 9, "train_loss": 0.009725947740177314}
{"fit": "is_summary-1303", "epoch": 10, "train_loss": 0.009458340311215983}
{"fit": "is_summary-1303", "epoch": 11, "train_loss": 0.009276599612914854}
{"fit": "is_summary-1303", "epoch": 12, "train_loss": 0.009144173334870073}
{"fit": "is_summary-1303", "epoch": 13, "train_loss": 0.009041249545084106}
{"fit": "is_summary-1303", "epoch": 14, "train_loss": 0.008960687410500314}
{"fit": "is_summary-1303", "epoch": 15, "train_loss": 0.00889876222030984}
{"fit": "is_summary-1303", "epoch": 16, "train_loss": 0.008846776508208778}
{"fit": "is_summary-1303", "epoch": 17, "train_loss": 0.008804125400880972}
{"fit": "is_summary-1303", "epoch": 18, "train_loss": 0.008767546195950772}
{"fit": "is_summary-1303", "epoch": 19, "train_loss": 0.00873846487245626}
{"fit": "is_summary-1303", "epoch": 20, "train_loss": 0.008712476957589388}
{"fit": "is_summary-1303", "epoch": 21, "train_loss": 0.008689102426999145}
{"fit": "is_summary-1303", "epoch": 22, "train_loss": 0.008668562542233202}
{"fit": "is_summary-1303", "epoch": 23, "train_loss": 0.008651265119098955}
{"fit": "is_summary-1303", "epoch": 24, "train_loss": 0.008635604712698195}
{"fit": "is_summary-1303", "epoch": 25, "train_loss": 0.008621674693293042}
{"fit": "is_summary-1303", "epoch": 26, "train_loss": 0.008609396788395113}
{"fit": "is_summary-1303", "epoch": 27, "train_loss": 0.008597783164845572}
{"fit": "is_summary-1303", "epoch": 28, "train_loss": 0.008588134725060727}
{"fit": "is_summary-1303", "epoch": 29, "train_loss": 0.008578408219748073}
{"fit": "is_summary-1303", "epoch": 30, "train_loss": 0.008570412825793027}
{"fit": "is_recurrent-1303", "epoch": 1, "train_loss": 0.04283757739596897}
{"fit": "is_recurrent-1303", "epoch": 2, "train_loss": 0.036870851864417395}
{"fit": "is_recurrent-1303", "epoch": 3, "train_loss": 0.025770842159787814}
{"fit": "is_recurrent-1303", "epoch": 4, "train_loss": 0.01646562015844716}
{"fit": "is_recurrent-1303", "epoch": 5, "train_loss": 0.012938142878313859}
{"fit": "is_recurrent-1303", "epoch": 6, "train_loss": 0.011458307152820958}
{"fit": "is_recurrent-1303", "epoch": 7, "train_loss": 0.01068084920859999}
{"fit": "is_recurrent-1303", "epoch": 8, "train_loss": 0.010200704592797491}
{"fit": "is_recurrent-1303", "epoch": 9, "train_loss": 0.009884204963843029}
{"fit": "is_recurrent-1303", "epoch": 10, "train_loss": 0.009650076449745231}
{"fit": "is_recurrent-1303", "epoch": 11, "train_loss": 0.009476873216529687}
{"fit": "is_recurrent-1303", "epoch": 12, "train_loss": 0.009343941571811835}
{"fit": "is_recurrent-1303", "epoch": 13, "train_loss": 0.009236728337903817}
{"fit": "is_recurrent-1303", "epoch": 14, "train_loss": 0.009148378380470806}
{"fit": "is_recurrent-1303", "epoch": 15, "train_loss": 0.009077456924650404}
{"fit": "is_recurrent-1303", "epoch": 16, "train_loss": 0.009015869887338743}
{"fit": "is_recurrent-1303", "epoch": 17, "train_loss": 0.008965356234047149}
{"fit": "is_recurrent-1303", "epoch": 18, "train_loss": 0.00891998414364126}
{"fit": "is_recurrent-1303", "epoch": 19, "train_loss": 0.008882611006912258}
{"fit": "is_recurrent-1303", "epoch": 20, "train_loss": 0.008849259217580159}
{"fit": "is_recurrent-1303", "epoch": 21, "train_loss": 0.008820306633909543}
{"fit": "is_recurrent-1303", "epoch": 22, "train_loss": 0.008793723293476635}
{"fit": "is_recurrent-1303", "epoch": 23, "train_loss": 0.008770198385334677}
{"fit": "is_recurrent-1303", "epoch": 24, "train_loss": 0.00874980984048711}
{"fit": "is_recurrent-1303", "epoch": 25, "train_loss": 0.008730838696161905}
{"fit": "is_recurrent-1303", "epoch": 26, "train_loss": 0.008713872399595049}
{"fit": "is_recurrent-1303", "epoch": 27, "train_loss": 0.00869828537106514}
{"fit": "is_recurrent-1303", "epoch": 28, "train_loss": 0.008684602421191004}
{"fit": "is_recurrent-1303", "epoch": 29, "train_loss": 0.00867141888787349}
{"fit": "is_recurrent-1303", "epoch": 30, "train_loss": 0.008659460540446971}
{"fit": "oof_summary-1303", "epoch": 1, "train_loss": 0.07467256453302172}
{"fit": "oof_summary-1303", "epoch": 2, "train_loss": 0.06767604218588935}
{"fit": "oof_summary-1303", "epoch": 3, "train_loss": 0.05718971292177836}
{"fit": "oof_summary-1303", "epoch": 4, "train_loss": 0.046006413963105945}
{"fit": "oof_summary-1303", "epoch": 5, "train_loss": 0.03830885945094956}
{"fit": "oof_summary-1303", "epoch": 6, "train_loss": 0.03453974231249756}
{"fit": "oof_summary-1303", "epoch": 7, "train_loss": 0.03266215254035261}
{"fit": "oof_summary-1303", "epoch": 8, "train_loss": 0.03176446598437097}
{"fit": "oof_summary-1303", "epoch": 9, "train_loss": 0.031180227796236675}
{"fit": "oof_summary-1303", "epoch": 10, "train_loss": 0.030812170439296297}
{"fit": "oof_summary-1303", "epoch": 11, "train_loss": 0.03056577468911807}
{"fit": "oof_summary-1303", "epoch": 12, "train_loss": 0.03035697845949067}
{"fit": "oof_summary-1303", "epoch": 13, "train_loss": 0.0301887609064579}
{"fit": "oof_summary-1303", "epoch": 14, "train_loss": 0.030050876405504016}
{"fit": "oof_summary-1303", "epoch": 15, "train_loss": 0.029939008007446925}
{"fit": "oof_summary-1303", "epoch": 16, "train_loss": 0.029852316652735075}
{"fit": "oof_summary-1303", "epoch": 17, "train_loss": 0.02973785110645824}
{"fit": "oof_summary-1303", "epoch": 18, "train_loss": 0.02967041118277444}
{"fit": "oof_summary-1303", "epoch": 19, "train_loss": 0.029587342176172468}
{"fit": "oof_summary-1303", "epoch": 20, "train_loss": 0.02950806754330794}
{"fit": "oof_summary-1303", "epoch": 21, "train_loss": 0.029436908413966498}
{"fit": "oof_summary-1303", "epoch": 22, "train_loss": 0.029356052664419017}
{"fit": "oof_summary-1303", "epoch": 23, "train_loss": 0.029304219740960334}
{"fit": "oof_summary-1303", "epoch": 24, "train_loss": 0.029225787272055943}
{"fit": "oof_summary-1303", "epoch": 25, "train_loss": 0.029199817693895763}
{"fit": "oof_summary-1303", "epoch": 26, "train_loss": 0.029177225339743824}
{"fit": "oof_summary-1303", "epoch": 27, "train_loss": 0.029063511308696534}
{"fit": "oof_summary-1303", "epoch": 28, "train_loss": 0.028993230188886325}
{"fit": "oof_summary-1303", "epoch": 29, "train_loss": 0.029048598433534304}
{"fit": "oof_summary-1303", "epoch": 30, "train_loss": 0.02897254005074501}
{"fit": "oof_recurrent-1303", "epoch": 1, "train_loss": 0.07432019909222921}
{"fit": "oof_recurrent-1303", "epoch": 2, "train_loss": 0.06647364149490992}
{"fit": "oof_recurrent-1303", "epoch": 3, "train_loss": 0.05219090034564336}
{"fit": "oof_recurrent-1303", "epoch": 4, "train_loss": 0.03992943267027537}
{"fit": "oof_recurrent-1303", "epoch": 5, "train_loss": 0.035353111889627246}
{"fit": "oof_recurrent-1303", "epoch": 6, "train_loss": 0.03348227938016256}
{"fit": "oof_recurrent-1303", "epoch": 7, "train_loss": 0.03248787824478414}
{"fit": "oof_recurrent-1303", "epoch": 8, "train_loss": 0.03190899367133777}
{"fit": "oof_recurrent-1303", "epoch": 9, "train_loss": 0.03150837351050642}
{"fit": "oof_recurrent-1303", "epoch": 10, "train_loss": 0.031230972872840032}
{"fit": "oof_recurrent-1303", "epoch": 11, "train_loss": 0.03102615090707938}
{"fit": "oof_recurrent-1303", "epoch": 12, "train_loss": 0.03086434437168969}
{"fit": "oof_recurrent-1303", "epoch": 13, "train_loss": 0.03074197106891208}
{"fit": "oof_recurrent-1303", "epoch": 14, "train_loss": 0.030639241014917693}
{"fit": "oof_recurrent-1303", "epoch": 15, "train_loss": 0.030557334423065186}
{"fit": "oof_recurrent-1303", "epoch": 16, "train_loss": 0.03048390961355633}
{"fit": "oof_recurrent-1303", "epoch": 17, "train_loss": 0.03042575211988555}
{"fit": "oof_recurrent-1303", "epoch": 18, "train_loss": 0.030370308169060282}
{"fit": "oof_recurrent-1303", "epoch": 19, "train_loss": 0.030326216709282663}
{"fit": "oof_recurrent-1303", "epoch": 20, "train_loss": 0.030280893461571798}
{"fit": "oof_recurrent-1303", "epoch": 21, "train_loss": 0.030229274597432878}
{"fit": "oof_recurrent-1303", "epoch": 22, "train_loss": 0.030151802342798975}
{"fit": "oof_recurrent-1303", "epoch": 23, "train_loss": 0.030026195322473845}
{"fit": "oof_recurrent-1303", "epoch": 24, "train_loss": 0.02992547700802485}
{"fit": "oof_recurrent-1303", "epoch": 25, "train_loss": 0.029939703146616616}
{"fit": "oof_recurrent-1303", "epoch": 26, "train_loss": 0.02997158049709267}
{"fit": "oof_recurrent-1303", "epoch": 27, "train_loss": 0.029879065934154722}
{"fit": "oof_recurrent-1303", "epoch": 28, "train_loss": 0.02976223702232043}
{"fit": "oof_recurrent-1303", "epoch": 29, "train_loss": 0.02979103939400779}
{"fit": "oof_recurrent-1303", "epoch": 30, "train_loss": 0.029721763150559532}
{"constant_fit": "is_constant-1303", "seconds": 0.16386883286759257}
{"constant_fit": "oof_constant-1303", "seconds": 0.3290211658459157}
{"constant_fit": "full_constant-1303", "seconds": 0.15294712502509356}
{"row": "test_sin-fast-1101", "metrics": {"position_rmse_m": 0.0209429867554254, "rotation_rmse_rad": 0.028513436191881337, "composite": 0.12516247377064119, "rotation_orthogonality_max": 9.5367431640625e-07, "rotation_determinant_max_error": 8.344650268554688e-07}}
{"row": "test_sin-fast-1202", "metrics": {"position_rmse_m": 0.020780525298072516, "rotation_rmse_rad": 0.027335123150354967, "composite": 0.11790391893089036, "rotation_orthogonality_max": 8.940696716308594e-07, "rotation_determinant_max_error": 8.940696716308594e-07}}
{"row": "test_sin-fast-1303", "metrics": {"position_rmse_m": 0.02086304804792016, "rotation_rmse_rad": 0.029185258059249517, "composite": 0.12870460618348137, "rotation_orthogonality_max": 1.1920928955078125e-06, "rotation_determinant_max_error": 7.748603820800781e-07}}
{"row": "test_sin-slow-1101", "metrics": {"position_rmse_m": 0.035886765930002146, "rotation_rmse_rad": 0.10583898361066807, "composite": 1.2489750420654024, "rotation_orthogonality_max": 1.0728836059570312e-06, "rotation_determinant_max_error": 8.344650268554688e-07}}
{"row": "test_sin-slow-1202", "metrics": {"position_rmse_m": 0.03799334680426228, "rotation_rmse_rad": 0.10782721680339688, "composite": 1.30702030849557, "rotation_orthogonality_max": 1.0728836059570312e-06, "rotation_determinant_max_error": 7.152557373046875e-07}}
{"row": "test_sin-slow-1303", "metrics": {"position_rmse_m": 0.03365266486883406, "rotation_rmse_rad": 0.10642947895669772, "composite": 1.2459735843768218, "rotation_orthogonality_max": 1.0132789611816406e-06, "rotation_determinant_max_error": 8.344650268554688e-07}}
{"row": "test_sin-is_constant-1101", "metrics": {"position_rmse_m": 0.035886765930002146, "rotation_rmse_rad": 0.10583898361066807, "composite": 1.2489750420654024, "rotation_orthogonality_max": 1.0728836059570312e-06, "rotation_determinant_max_error": 8.344650268554688e-07}}
{"row": "test_sin-is_constant-1202", "metrics": {"position_rmse_m": 0.03799334680426228, "rotation_rmse_rad": 0.10782721680339688, "composite": 1.30702030849557, "rotation_orthogonality_max": 1.0728836059570312e-06, "rotation_determinant_max_error": 7.152557373046875e-07}}
{"row": "test_sin-is_constant-1303", "metrics": {"position_rmse_m": 0.03365266486883406, "rotation_rmse_rad": 0.10642947895669772, "composite": 1.2459735843768218, "rotation_orthogonality_max": 1.0132789611816406e-06, "rotation_determinant_max_error": 8.344650268554688e-07}}
{"row": "test_sin-is_summary-1101", "metrics": {"position_rmse_m": 0.035040170752870005, "rotation_rmse_rad": 0.10336144731882976, "composite": 1.1911402358233505, "rotation_orthogonality_max": 1.1920928955078125e-06, "rotation_determinant_max_error": 8.344650268554688e-07}}
{"row": "test_sin-is_summary-1202", "metrics": {"position_rmse_m": 0.03732099237887679, "rotation_rmse_rad": 0.1055876978695989, "composite": 1.2541618413545879, "rotation_orthogonality_max": 1.0728836059570312e-06, "rotation_determinant_max_error": 8.344650268554688e-07}}
{"row": "test_sin-is_summary-1303", "metrics": {"position_rmse_m": 0.03265793066008008, "rotation_rmse_rad": 0.10340718995222335, "composite": 1.1759587368813804, "rotation_orthogonality_max": 1.0132789611816406e-06, "rotation_determinant_max_error": 8.344650268554688e-07}}
{"row": "test_sin-is_recurrent-1101", "metrics": {"position_rmse_m": 0.03499983802869551, "rotation_rmse_rad": 0.1033480589114128, "composite": 1.190580994279177, "rotation_orthogonality_max": 1.1920928955078125e-06, "rotation_determinant_max_error": 9.5367431640625e-07}}
{"row": "test_sin-is_recurrent-1202", "metrics": {"position_rmse_m": 0.03726361094535801, "rotation_rmse_rad": 0.10542665544411575, "composite": 1.2503356378819304, "rotation_orthogonality_max": 1.0728836059570312e-06, "rotation_determinant_max_error": 8.344650268554688e-07}}
{"row": "test_sin-is_recurrent-1303", "metrics": {"position_rmse_m": 0.03277350324403572, "rotation_rmse_rad": 0.10359949654549973, "composite": 1.1806958199367827, "rotation_orthogonality_max": 1.0728836059570312e-06, "rotation_determinant_max_error": 1.0728836059570312e-06}}
{"row": "test_sin-oof_constant-1101", "metrics": {"position_rmse_m": 0.035886765930002146, "rotation_rmse_rad": 0.10583898361066807, "composite": 1.2489750420654024, "rotation_orthogonality_max": 1.0728836059570312e-06, "rotation_determinant_max_error": 8.344650268554688e-07}}
{"row": "test_sin-oof_constant-1202", "metrics": {"position_rmse_m": 0.03787202338151123, "rotation_rmse_rad": 0.10782721680339688, "composite": 1.3060998838576487, "rotation_orthogonality_max": 1.0728836059570312e-06, "rotation_determinant_max_error": 7.152557373046875e-07}}
{"row": "test_sin-oof_constant-1303", "metrics": {"position_rmse_m": 0.03318527767073906, "rotation_rmse_rad": 0.10642947895669772, "composite": 1.2428496645078213, "rotation_orthogonality_max": 1.0132789611816406e-06, "rotation_determinant_max_error": 8.344650268554688e-07}}
{"row": "test_sin-oof_summary-1101", "metrics": {"position_rmse_m": 0.0339268170616651, "rotation_rmse_rad": 0.10116229455808776, "composite": 1.1384838756192999, "rotation_orthogonality_max": 1.1920928955078125e-06, "rotation_determinant_max_error": 9.5367431640625e-07}}
{"row": "test_sin-oof_summary-1202", "metrics": {"position_rmse_m": 0.03546447904689927, "rotation_rmse_rad": 0.1023450590160175, "composite": 1.173224037906006, "rotation_orthogonality_max": 1.0728836059570312e-06, "rotation_determinant_max_error": 8.344650268554688e-07}}
{"row": "test_sin-oof_summary-1303", "metrics": {"position_rmse_m": 0.032224901255958095, "rotation_rmse_rad": 0.10146950592612944, "composite": 1.1334504893849067, "rotation_orthogonality_max": 9.5367431640625e-07, "rotation_determinant_max_error": 8.344650268554688e-07}}
{"row": "test_sin-oof_recurrent-1101", "metrics": {"position_rmse_m": 0.03400002575524655, "rotation_rmse_rad": 0.10036597991576895, "composite": 1.1229331675809964, "rotation_orthogonality_max": 1.1920928955078125e-06, "rotation_determinant_max_error": 9.5367431640625e-07}}
{"row": "test_sin-oof_recurrent-1202", "metrics": {"position_rmse_m": 0.03474575921211585, "rotation_rmse_rad": 0.09684450517888941, "composite": 1.058612596657027, "rotation_orthogonality_max": 1.0728836059570312e-06, "rotation_determinant_max_error": 8.344650268554688e-07}}
{"row": "test_sin-oof_recurrent-1303", "metrics": {"position_rmse_m": 0.03195168322430446, "rotation_rmse_rad": 0.09931248045554503, "composite": 1.0883878835099308, "rotation_orthogonality_max": 1.0728836059570312e-06, "rotation_determinant_max_error": 1.0728836059570312e-06}}
{"row": "test_sin-full_constant-1101", "metrics": {"position_rmse_m": 0.0350698689939267, "rotation_rmse_rad": 0.10583898361066807, "composite": 1.2431786162990444, "rotation_orthogonality_max": 1.0728836059570312e-06, "rotation_determinant_max_error": 8.344650268554688e-07}}
{"row": "test_sin-full_constant-1202", "metrics": {"position_rmse_m": 0.03799334680426228, "rotation_rmse_rad": 0.10782721680339688, "composite": 1.30702030849557, "rotation_orthogonality_max": 1.0728836059570312e-06, "rotation_determinant_max_error": 7.152557373046875e-07}}
{"row": "test_sin-full_constant-1303", "metrics": {"position_rmse_m": 0.03365266486883406, "rotation_rmse_rad": 0.10642947895669772, "composite": 1.2459735843768218, "rotation_orthogonality_max": 1.0132789611816406e-06, "rotation_determinant_max_error": 8.344650268554688e-07}}
{"row": "test_zigzag-fast-1101", "metrics": {"position_rmse_m": 0.06109795905101082, "rotation_rmse_rad": 0.1371027874532321, "composite": 2.253013492764512, "rotation_orthogonality_max": 9.5367431640625e-07, "rotation_determinant_max_error": 7.152557373046875e-07}}
{"row": "test_zigzag-fast-1202", "metrics": {"position_rmse_m": 0.061129468681929526, "rotation_rmse_rad": 0.13769376442036943, "composite": 2.269638470158719, "rotation_orthogonality_max": 9.5367431640625e-07, "rotation_determinant_max_error": 7.152557373046875e-07}}
{"row": "test_zigzag-fast-1303", "metrics": {"position_rmse_m": 0.061645961526155396, "rotation_rmse_rad": 0.13359392990615962, "composite": 2.1647562680256116, "rotation_orthogonality_max": 8.940696716308594e-07, "rotation_determinant_max_error": 7.152557373046875e-07}}
{"row": "test_zigzag-slow-1101", "metrics": {"position_rmse_m": 0.06787754611535261, "rotation_rmse_rad": 0.08978564157277286, "composite": 1.2668822699276254, "rotation_orthogonality_max": 8.344650268554688e-07, "rotation_determinant_max_error": 6.556510925292969e-07}}
{"row": "test_zigzag-slow-1202", "metrics": {"position_rmse_m": 0.06849353769478662, "rotation_rmse_rad": 0.09245252023576743, "composite": 1.323883320389214, "rotation_orthogonality_max": 1.0728836059570312e-06, "rotation_determinant_max_error": 8.344650268554688e-07}}
{"row": "test_zigzag-slow-1303", "metrics": {"position_rmse_m": 0.06761850328461538, "rotation_rmse_rad": 0.09032257903326557, "composite": 1.2730430269672042, "rotation_orthogonality_max": 9.5367431640625e-07, "rotation_determinant_max_error": 7.152557373046875e-07}}
{"row": "test_zigzag-is_constant-1101", "metrics": {"position_rmse_m": 0.06787754611535261, "rotation_rmse_rad": 0.08978564157277286, "composite": 1.2668822699276254, "rotation_orthogonality_max": 8.344650268554688e-07, "rotation_determinant_max_error": 6.556510925292969e-07}}
{"row": "test_zigzag-is_constant-1202", "metrics": {"position_rmse_m": 0.06849353769478662, "rotation_rmse_rad": 0.09245252023576743, "composite": 1.323883320389214, "rotation_orthogonality_max": 1.0728836059570312e-06, "rotation_determinant_max_error": 8.344650268554688e-07}}
{"row": "test_zigzag-is_constant-1303", "metrics": {"position_rmse_m": 0.06761850328461538, "rotation_rmse_rad": 0.09032257903326557, "composite": 1.2730430269672042, "rotation_orthogonality_max": 9.5367431640625e-07, "rotation_determinant_max_error": 7.152557373046875e-07}}
{"row": "test_zigzag-is_summary-1101", "metrics": {"position_rmse_m": 0.06699059091442032, "rotation_rmse_rad": 0.09001863052875296, "composite": 1.2591093113335345, "rotation_orthogonality_max": 9.5367431640625e-07, "rotation_determinant_max_error": 7.152557373046875e-07}}
{"row": "test_zigzag-is_summary-1202", "metrics": {"position_rmse_m": 0.0674943496354056, "rotation_rmse_rad": 0.09264829536164798, "composite": 1.3139193866125536, "rotation_orthogonality_max": 1.0728836059570312e-06, "rotation_determinant_max_error": 8.940696716308594e-07}}
{"row": "test_zigzag-is_summary-1303", "metrics": {"position_rmse_m": 0.06643895723245105, "rotation_rmse_rad": 0.09037562521975512, "composite": 1.2581888671997095, "rotation_orthogonality_max": 9.5367431640625e-07, "rotation_determinant_max_error": 8.344650268554688e-07}}
{"row": "test_zigzag-is_recurrent-1101", "metrics": {"position_rmse_m": 0.06688373604863738, "rotation_rmse_rad": 0.08989578346778157, "composite": 1.2554686033110065, "rotation_orthogonality_max": 9.5367431640625e-07, "rotation_determinant_max_error": 6.556510925292969e-07}}
{"row": "test_zigzag-is_recurrent-1202", "metrics": {"position_rmse_m": 0.06770516583261707, "rotation_rmse_rad": 0.09250450093858885, "composite": 1.3141072174319561, "rotation_orthogonality_max": 1.0728836059570312e-06, "rotation_determinant_max_error": 8.940696716308594e-07}}
{"row": "test_zigzag-is_recurrent-1303", "metrics": {"position_rmse_m": 0.06651775114178024, "rotation_rmse_rad": 0.09039734963020309, "composite": 1.259629203712498, "rotation_orthogonality_max": 9.5367431640625e-07, "rotation_determinant_max_error": 7.152557373046875e-07}}
{"row": "test_zigzag-oof_constant-1101", "metrics": {"position_rmse_m": 0.06787754611535261, "rotation_rmse_rad": 0.08978564157277286, "composite": 1.2668822699276254, "rotation_orthogonality_max": 8.344650268554688e-07, "rotation_determinant_max_error": 6.556510925292969e-07}}
{"row": "test_zigzag-oof_constant-1202", "metrics": {"position_rmse_m": 0.06836190112224691, "rotation_rmse_rad": 0.09245252023576743, "composite": 1.3220818022992848, "rotation_orthogonality_max": 1.0728836059570312e-06, "rotation_determinant_max_error": 8.344650268554688e-07}}
{"row": "test_zigzag-oof_constant-1303", "metrics": {"position_rmse_m": 0.06703103512619116, "rotation_rmse_rad": 0.09032257903326557, "composite": 1.2651327953309175, "rotation_orthogonality_max": 9.5367431640625e-07, "rotation_determinant_max_error": 7.152557373046875e-07}}
{"row": "test_zigzag-oof_summary-1101", "metrics": {"position_rmse_m": 0.06379177304520317, "rotation_rmse_rad": 0.09675933673385463, "composite": 1.3431759553426177, "rotation_orthogonality_max": 8.940696716308594e-07, "rotation_determinant_max_error": 6.556510925292969e-07}}
{"row": "test_zigzag-oof_summary-1202", "metrics": {"position_rmse_m": 0.06392172503412506, "rotation_rmse_rad": 0.09629668653381027, "composite": 1.3359038768729206, "rotation_orthogonality_max": 1.0728836059570312e-06, "rotation_determinant_max_error": 7.748603820800781e-07}}
{"row": "test_zigzag-oof_summary-1303", "metrics": {"position_rmse_m": 0.06354781443272751, "rotation_rmse_rad": 0.09328072855995284, "composite": 1.273961903985197, "rotation_orthogonality_max": 9.5367431640625e-07, "rotation_determinant_max_error": 7.748603820800781e-07}}
{"row": "test_zigzag-oof_recurrent-1101", "metrics": {"position_rmse_m": 0.06620585818385945, "rotation_rmse_rad": 0.08981933340220973, "composite": 1.2450728310678614, "rotation_orthogonality_max": 9.5367431640625e-07, "rotation_determinant_max_error": 7.748603820800781e-07}}
{"row": "test_zigzag-oof_recurrent-1202", "metrics": {"position_rmse_m": 0.06696670695672874, "rotation_rmse_rad": 0.09124488092139336, "composite": 1.2810168134987634, "rotation_orthogonality_max": 1.0728836059570312e-06, "rotation_determinant_max_error": 8.940696716308594e-07}}
{"row": "test_zigzag-oof_recurrent-1303", "metrics": {"position_rmse_m": 0.06605200553734958, "rotation_rmse_rad": 0.09015046432091973, "composite": 1.248997365278348, "rotation_orthogonality_max": 9.5367431640625e-07, "rotation_determinant_max_error": 7.152557373046875e-07}}
{"row": "test_zigzag-full_constant-1101", "metrics": {"position_rmse_m": 0.06696290752348076, "rotation_rmse_rad": 0.08978564157277286, "composite": 1.254549241663267, "rotation_orthogonality_max": 8.344650268554688e-07, "rotation_determinant_max_error": 6.556510925292969e-07}}
{"row": "test_zigzag-full_constant-1202", "metrics": {"position_rmse_m": 0.06849353769478662, "rotation_rmse_rad": 0.09245252023576743, "composite": 1.323883320389214, "rotation_orthogonality_max": 1.0728836059570312e-06, "rotation_determinant_max_error": 8.344650268554688e-07}}
{"row": "test_zigzag-full_constant-1303", "metrics": {"position_rmse_m": 0.06761850328461538, "rotation_rmse_rad": 0.09032257903326557, "composite": 1.2730430269672042, "rotation_orthogonality_max": 9.5367431640625e-07, "rotation_determinant_max_error": 7.152557373046875e-07}}
{"completed": "output/pose-crossfit-v1/experiment-01/run-01", "wall_seconds": 176.17638500011526}
